title,avg_price_eur,format,avg_shipping_eur,free_shipping_pct,total_sold,total_sales_eur,last_sold,bids,removed,source_file
ROLEX Winkelhebel Damen Kaliber caliber 2230 2235 part 220 setting lever,65.1,Festpreis,10.91,0,3,195.28,7. Aug 2025,-,FALSE,terapeak_rolex_caliber_p1.html
Rolex 3135-600 Seating for Date Indicator Movement Caliber 3135 Genuine  (R325),79.64,Festpreis,11.24,0,2,159.28,17. Nov 2023,-,FALSE,terapeak_rolex_caliber_p1.html
1 x Original Rolex Caliber 1210 1220 7631 balance staff  (R166),40.56,Festpreis,10.63,0,2,81.11,24. Feb 2026,-,FALSE,terapeak_rolex_caliber_p1.html
ROLEX Daytona Friktion Chrono Zentrumrad chronograph wheel caliber 4130 part 822,51.71,Festpreis,25.96,0,2,103.41,4. Sep 2025,-,FALSE,terapeak_rolex_caliber_p1.html
Rolex Genuine 1600 Caliber Mainspring - Part 1600-1803-307      (RO-34),41.04,Festpreis,10.94,0,1,41.04,1. Okt 2023,-,FALSE,terapeak_rolex_caliber_p1.html
Genuine Rolex Champagne Beige Date Wheel Disc Calendar Caliber 2035 4520-1,80.89,Festpreis,25.28,0,1,80.89,28. Apr 2026,-,FALSE,terapeak_rolex_caliber_p1.html
Genuine Rolex Gold Day Wheel Disc Calendar Watch Caliber 3155 18238 Day-Date,251.75,Festpreis,18.31,0,1,251.75,5. Mrz 2025,-,FALSE,terapeak_rolex_caliber_p1.html
Genuine Rolex Golden Day Wheel Disc Calendar Watch Caliber 3055 18038 Day-Date,144.61,Festpreis,28.92,0,1,144.61,20. Jul 2023,-,FALSE,terapeak_rolex_caliber_p1.html
Genuine Rolex Day-Date Gold Day Wheel Disc GERMAN Calendar Caliber 3155 18238,251.75,Festpreis,20.14,0,1,251.75,5. Mrz 2025,-,FALSE,terapeak_rolex_caliber_p1.html
Genuine Rolex Balance Complete B5019-G1 5019 Movement Caliber 3030 3035 New,397.87,Festpreis,28.09,0,1,397.87,7. Jun 2024,-,FALSE,terapeak_rolex_caliber_p1.html
Genuine Rolex Champagne Mid-Size Date Wheel Disc Calendar Caliber 2135-6800-1,189.84,Festpreis,23.73,0,1,189.84,12. Sep 2024,-,FALSE,terapeak_rolex_caliber_p1.html
Rolex Green Numerals Date Disc Wheel Calendar Caliber 3135 3175 3185 3186 GMT,236.05,Festpreis,28.33,0,1,236.05,12. Mrz 2024,-,FALSE,terapeak_rolex_caliber_p1.html
1 x Original Rolex Caliber 1555 1556  126 case clamp  (Z758),14.03,Festpreis,4.68,0,2,28.05,26. Jul 2024,-,FALSE,terapeak_rolex_caliber_p1.html
1 x Original Rolex Caliber 1210  131 case clamp  (R165),13.93,Festpreis,4.64,0,2,27.86,24. Okt 2024,-,FALSE,terapeak_rolex_caliber_p1.html
NEW GENUINE ROLEX CALIBER 1530 1560 1570 1580. 310  BARREL COMPLETE (O108),84.05,Festpreis,13.08,0,1,84.05,25. Aug 2023,-,FALSE,terapeak_rolex_caliber_p1.html
1 x Original Rolex Caliber 3135 550 Pinion For Oscillating Weight Genuin (R165D),28.04,Festpreis,4.68,0,4,112.17,21. Mrz 2025,-,FALSE,terapeak_rolex_caliber_p1.html
#889 ORIGINAL ROLEX BREGUET SPIRALE 1530 CALIBER BALANCE HAIRSPRING FOR REPAIR,93.3,Festpreis,0,100,1,93.3,16. Aug 2023,-,FALSE,terapeak_rolex_caliber_p1.html
#889 NOS ORIGINAL ROLEX BREGUET SPIRALE 1530 CALIBER BALANCE HAIRSPRING,187.55,Festpreis,61.26,0,1,187.55,16. Aug 2023,-,FALSE,terapeak_rolex_caliber_p1.html
#889 VINTAGE ORIGINAL ROLEX BALANCE WHEEL UNRUH 1530 CALIBER FOR REPAIR,70.69,Festpreis,0,100,2,141.37,16. Aug 2023,-,FALSE,terapeak_rolex_caliber_p1.html
#889 VINTAGE ORIGINAL ROLEX BALANCE WHEEL UNRUH 1530 CALIBER BROKEN PINION,278.86,Festpreis,58.66,0,1,278.86,4. Okt 2023,-,FALSE,terapeak_rolex_caliber_p1.html
ROLEX Ersatzteil Hemmungsrad Ankerrad cal 2130 2135 part 410 escape wheel,53.16,Festpreis,10.62,0,17,903.69,2. Dez 2025,-,FALSE,terapeak_rolex_ersatzteil_p1.html
Federstege Armband Ersatzteil Armbanduhr passend für ROLEX spezial 90 Stück,32.86,Festpreis,7.85,82,11,361.41,15. Nov 2025,-,FALSE,terapeak_rolex_ersatzteil_p1.html
ROLEX Ersatzteil Hemmungsrad Ankerrad cal 1530 1570 1575 7842 8051 escape wheel,54.7,Festpreis,11.28,0,8,437.55,18. Jun 2025,-,FALSE,terapeak_rolex_ersatzteil_p1.html
ROLEX Ersatzteil Datumraste cal 3035 5035 movement part 5095 date jumper,51.04,Festpreis,11.85,0,8,408.38,23. Jan 2026,-,FALSE,terapeak_rolex_ersatzteil_p1.html
ROLEX Umkehrrad Ersatzteil cal 2230 2235 part 540 2 Stück reversing wheels,106.65,Festpreis,13.1,0,6,639.86,12. Feb 2026,-,FALSE,terapeak_rolex_ersatzteil_p1.html
ROLEX Ersatzteil Winkelhebel Uhrwerk cal 2135 part 220 setting lever original,45.22,Festpreis,13.82,0,5,226.09,25. Aug 2025,-,FALSE,terapeak_rolex_ersatzteil_p1.html
ROLEX Ersatzteil Winkelhebel setting lever cal 3035 3055 3075 movement part 5036,47.68,Festpreis,13.17,0,4,190.71,28. Jan 2026,-,FALSE,terapeak_rolex_ersatzteil_p1.html
ROLEX Ersatzteil Steinfutter Schwungmasse cal 3035 95063 upper jewel for rotor,33.43,Festpreis,9.96,0,4,133.69,22. Jan 2026,-,FALSE,terapeak_rolex_ersatzteil_p1.html
ROLEX Ersatzteil Hemmungsrad Ankerrad cal 2030 2035 part 4429 escape wheel,62.03,Festpreis,6.69,0,4,248.1,12. Nov 2025,-,FALSE,terapeak_rolex_ersatzteil_p1.html
ROLEX Ersatzteil Stundenrad cal 2135 movement part 280 Hour wheel original,41.36,Festpreis,9.87,0,4,165.45,2. Feb 2026,-,FALSE,terapeak_rolex_ersatzteil_p1.html
ROLEX Ersatzteil Stundenrad Uhrwerk cal 3035 part 5046 Hour wheel original,40.47,Festpreis,9.89,0,4,161.84,17. Feb 2026,-,FALSE,terapeak_rolex_ersatzteil_p1.html
ROLEX Ersatzteil Korrektorrad cal 3185 GMT part 662 Corrector Wheel original,85.21,Festpreis,18.12,0,3,255.65,16. Jul 2024,-,FALSE,terapeak_rolex_ersatzteil_p1.html
ROLEX Ersatzteil Tagesperre Raste Day Jumper cal 1555 1556 8013 movement part,70.49,Festpreis,11.26,0,3,211.48,6. Feb 2026,-,FALSE,terapeak_rolex_ersatzteil_p1.html
ROLEX Ersatzteil Kronrad cal 3035 3055 3075 3085 part 5028 Crown Wheel original,52.59,Festpreis,9.33,0,3,157.75,28. Mai 2024,-,FALSE,terapeak_rolex_ersatzteil_p1.html
ROLEX Ersatzteil Wippe für Nocken cal 3035 3055 3085 part 5090 yoke for cam,56.73,Festpreis,6.73,0,3,170.19,20. Mrz 2026,-,FALSE,terapeak_rolex_ersatzteil_p1.html
ROLEX Ersatzteil Minutentrieb Minutenrohr cal 3035 5011 Minute pinion cannon,42.27,Festpreis,25.04,0,4,169.05,1. Sep 2025,-,FALSE,terapeak_rolex_ersatzteil_p1.html
ROLEX Ersatzteil Unruh Scheibe Plateau cal 1210 part 7545 balance wheel roller,58.77,Festpreis,23.86,0,3,176.31,7. Mrz 2026,-,FALSE,terapeak_rolex_ersatzteil_p1.html
ROLEX 3135-540 REVERSE WHEEL WECHSELRAD PART TEIL ERSATZTEIL SPARE REPAIR OYSTER,24.03,Festpreis,46.89,33,6,144.17,22. Mrz 2026,-,FALSE,terapeak_rolex_ersatzteil_p1.html
Rolex 4130 Original Ersatzteile Zubehör Original Teile Von Ersatzteile Daytona,39.42,Festpreis,9.36,33,3,118.26,11. Okt 2024,-,FALSE,terapeak_rolex_ersatzteil_p1.html
ROLEX 3135-540 REVERSE SET WHEEL WECHSELRAD TEIL ERSATZTEIL SPARE REPAIR OYSTER,41.09,Festpreis,13.08,0,5,205.44,14. Jan 2025,-,FALSE,terapeak_rolex_ersatzteil_p1.html
Rolex 3135 Teile Von Ersatzteile Original 3155 3156 3175 3185 3186 Ersatzteile,49.02,Festpreis,9.47,33,5,245.08,17. Jul 2025,-,FALSE,terapeak_rolex_ersatzteil_p1.html
Original ROLEX Unruhe vintage Balance 3135 3130 5019 Ersatzteil,389.44,Festpreis,16.92,0,2,778.87,18. Jan 2026,-,FALSE,terapeak_rolex_ersatzteil_p1.html
ROLEX Ersatzteile Räder Set cal 2130 2135 parts 330 340 360 Movement Wheels,118,Festpreis,10.71,0,2,236,2. Dez 2025,-,FALSE,terapeak_rolex_ersatzteil_p1.html
ROLEX Ersatzteil Umstelltrieb cal 3035 3055 3075 3085 part 5032 Wig-Wag Pinion,41.11,Festpreis,12.27,0,2,82.21,17. Feb 2025,-,FALSE,terapeak_rolex_ersatzteil_p1.html
ROLEX Ersatzteil Sekundenrad cal 3035 3075 3055 - 5014 SECOND WHEEL original,42.07,Festpreis,24.67,0,2,84.13,31. Aug 2024,-,FALSE,terapeak_rolex_ersatzteil_p1.html
ROLEX Ersatzteil Sperrad für Uhrwerk cal 3035 part 5033 ratchet wheel original,41.11,Festpreis,6.47,0,2,82.21,5. Nov 2023,-,FALSE,terapeak_rolex_ersatzteil_p1.html
ROLEX Ersatzteil Datumrad montiert cal 3035 5035 part 5094 date wheel original,68.15,Festpreis,6.56,0,2,136.31,24. Sep 2024,-,FALSE,terapeak_rolex_ersatzteil_p1.html
ROLEX Ersatzteil Winkelhebel setting lever cal 2030 2035 part 4448 original,75.24,Festpreis,6.67,0,2,150.46,10. Sep 2024,-,FALSE,terapeak_rolex_ersatzteil_p1.html
ROLEX Ersatzteil Minutenrohr cal 1215  1225 part 7591 Cannon pinion original,60.5,Festpreis,13.66,0,2,120.98,20. Apr 2026,-,FALSE,terapeak_rolex_ersatzteil_p1.html
ROLEX Daytona Ersatzteil Sekundenrad second wheel cal 4130 part 360 old version,68.25,Festpreis,6.67,0,2,136.49,18. Apr 2025,-,FALSE,terapeak_rolex_ersatzteil_p1.html
ROLEX Daytona Ersatzteil Chrono Zentrumsrad cal 4130 820 chronograph wheel,105.16,Festpreis,18.47,0,2,210.31,18. Apr 2024,-,FALSE,terapeak_rolex_ersatzteil_p1.html
ROLEX Ersatzteil Mitnehmerrad cal 1530 1560 1570 part 7917 driving wheel origina,52.4,Festpreis,12.3,0,2,104.79,30. Okt 2023,-,FALSE,terapeak_rolex_ersatzteil_p1.html
ROLEX Ersatzteil Trieb Zentrumsekunde cal 1530 1570 1575 7838 second pinion,45.81,Festpreis,6.55,0,2,91.6,6. Aug 2024,-,FALSE,terapeak_rolex_ersatzteil_p1.html
ROLEX Ersatzteil Wechselrad Minute wheel 24h cal 3175 3185 part 260 original,86.84,Festpreis,23.85,0,2,173.68,29. Sep 2023,-,FALSE,terapeak_rolex_ersatzteil_p1.html
ROLEX Ersatzteil Minutentrieb Minutenrohr cal 3035 5011 Minute pinion & cannon,57.02,Festpreis,18.82,0,2,114.05,4. Okt 2024,-,FALSE,terapeak_rolex_ersatzteil_p1.html
ROLEX Ersatzteil Minutenrohr Cannon pinion cal 1535 1570 1575 part 7951 2.75 mm,57.81,Festpreis,19.34,0,2,115.61,5. Jan 2026,-,FALSE,terapeak_rolex_ersatzteil_p1.html
ROLEX Ersatzteil Minutentrieb cal 2030 part 4423 Minute pinion original,91.79,Festpreis,30.64,0,2,183.57,17. Mrz 2024,-,FALSE,terapeak_rolex_ersatzteil_p1.html
ROLEX Ersatzteil Minutentrieb cal 2235 part 335 Minute pinion original,53.48,Festpreis,6.97,0,3,160.46,25. Mrz 2026,-,FALSE,terapeak_rolex_ersatzteil_p1.html
Original Rolex Ersatzteil Cal. 3055 Kalenderrad 5127,54.78,Festpreis,5.5,50,2,109.57,12. Mrz 2024,-,FALSE,terapeak_rolex_ersatzteil_p1.html
Original Rolex Ersatzteil Lagerstein Stein für Schwungmasse Cal. 2130 - 9570,23.58,Festpreis,5.69,0,2,47.15,10. Okt 2025,-,FALSE,terapeak_rolex_ersatzteil_p1.html
Original Rolex Ersatzteil Klinke Cal. 2135 -2130 Ref. 425,31.41,Festpreis,6,50,2,62.81,17. Nov 2025,-,FALSE,terapeak_rolex_ersatzteil_p1.html
Original Rolex Ersatzteil Klötzchen für Stoppfeder Cal. 2130 -246,32.7,Festpreis,6.09,0,3,98.11,22. Jan 2024,-,FALSE,terapeak_rolex_ersatzteil_p1.html
ROLEX 3135-540 REVERSE WHEEL WECHSELRAD PART TEIL ERSATZTEIL SPARE REPAIR OYSTER,23.23,Festpreis,6.43,0,3,69.7,10. Jan 2024,-,FALSE,terapeak_rolex_ersatzteil_p1.html
Kronen Ersatzteile Konvolut Rolex Omega Union Mühle Gold Sinn,30.89,Auktion,6.27,0,1,30.89,23. Jan 2026,4,FALSE,terapeak_rolex_ersatzteil_p1.html
4 Rolex Ersatzteil Box / Alu Box,20.07,Auktion,7.01,0,1,20.07,29. Mai 2026,1,FALSE,terapeak_rolex_ersatzteil_p1.html
Original ROLEX Unruhe vintage Balance 3035 3030 5019 Ersatzteil,358.8,Festpreis,15.96,0,1,358.8,12. Mrz 2024,-,FALSE,terapeak_rolex_ersatzteil_p1.html
Original ROLEX Unruhe vintage Balance 3135 3130 5019 Ersatzteil,345.8,Festpreis,5.37,0,1,345.8,29. Sep 2023,-,FALSE,terapeak_rolex_ersatzteil_p1.html
Original ROLEX Unruhe vintage Balance 3235 3230 432 Parachrome blue Ersatzteil,384.57,Festpreis,15.85,0,1,384.57,19. Nov 2023,-,FALSE,terapeak_rolex_ersatzteil_p1.html
Original ROLEX Unruhe vintage Balance 3135 3130 5019 Ersatzteil,374.9,Festpreis,5.98,0,1,374.9,16. Sep 2025,-,FALSE,terapeak_rolex_ersatzteil_p1.html
Rolex Cal. 1600 Handaufzug Werk mit 19 Rubies Mit Rolex Krone Ersatzteil,250.23,Auktion,14.74,0,1,250.23,5. Feb 2026,39,FALSE,terapeak_rolex_ersatzteil_p1.html
ROLEX Ersatzteil Unruh Scheibe Plateau cal 1210 part 7545 balance wheel roller,60.5,Festpreis,17.14,0,1,60.5,27. Sep 2025,-,FALSE,terapeak_rolex_ersatzteil_p2.html
3 Rolex Armband-Glieder Edelstahl Ersatzteil für Rolex Jubilee GMT Master II,101.24,Auktion,6.26,0,1,101.24,22. Apr 2026,1,FALSE,terapeak_rolex_ersatzteil_p2.html
"Rolex Damenuhr Krone aus Gold + Glas + Dichtung , Ersatzteile",17.06,Auktion,6.59,0,1,17.06,3. Dez 2023,5,FALSE,terapeak_rolex_ersatzteil_p2.html
"5x Rolex Krone - Gebraucht / defekt an Bastler - Ersatzteile, Super Oyster",140.72,Auktion,13.28,0,1,140.72,19. Jan 2025,8,FALSE,terapeak_rolex_ersatzteil_p2.html
ROLEX Ersatzteil Anker Pallet Fork cal 3030 3035 part 5016 Ancora NOS original,159.75,Festpreis,18.9,0,1,159.75,13. Aug 2023,-,FALSE,terapeak_rolex_ersatzteil_p2.html
ROLEX Ersatzteil cal 3135 part 268 Deckplatte Cover Mechanism original,33.75,Festpreis,6.75,0,2,67.49,21. Jul 2023,-,FALSE,terapeak_rolex_ersatzteil_p2.html
Rolex 2135 Parts Spareparts Ersatzteile,36.29,Festpreis,9.52,0,1,36.29,10. Okt 2023,-,FALSE,terapeak_rolex_ersatzteil_p2.html
Rolex Submariner Bubble Back Datejust Daytona Krone Ersatzteil Sammlerstück,125.01,Auktion,16.92,0,1,125.01,2. Jul 2023,10,FALSE,terapeak_rolex_ersatzteil_p2.html
Rolex Uhrwerk 3035 Diverse Teile Ersatzteile,408.41,Auktion,6.19,0,1,408.41,12. Okt 2025,14,FALSE,terapeak_rolex_ersatzteil_p2.html
Konvolut von original Rolex Ersatzteilen für Uhrenwerke. Vintage. Selten.,62.77,Auktion,3.38,0,1,62.77,2. Aug 2025,7,FALSE,terapeak_rolex_ersatzteil_p2.html
ROLEX Ersatzteil Großbodenrad Great Wheel cal 2130 2135 part 330 NOS original,62.92,Festpreis,6.78,0,1,62.92,19. Jul 2023,-,FALSE,terapeak_rolex_ersatzteil_p2.html
ROLEX Ersatzteil Stundenrad cal 3135 movement part 280 Hour wheel original,41.91,Festpreis,6.52,0,1,41.91,23. Feb 2024,-,FALSE,terapeak_rolex_ersatzteil_p2.html
ROLEX Ersatzteil Datum Zwischenrad cal 3185 part 670 Intermadiate Date Wheel,109.11,Festpreis,18.19,0,1,109.11,10. Dez 2024,-,FALSE,terapeak_rolex_ersatzteil_p2.html
ROLEX Daytona Ersatzteil Minutenrad centre wheel cal 4130 movement part 335 2,99.42,Festpreis,18.25,0,1,99.42,2. Okt 2023,-,FALSE,terapeak_rolex_ersatzteil_p2.html
ROLEX Ersatzteil cal 1530 1570 1575 part 7885 Wippe für Kupplung Yoke Bascula,35.81,Festpreis,18.37,0,1,35.81,23. Sep 2023,-,FALSE,terapeak_rolex_ersatzteil_p2.html
ROLEX Ersatzteil Minutenrohr cal 3155 3185 part 270 Cannon pinion original,52.96,Festpreis,6.18,0,1,52.96,14. Jan 2025,-,FALSE,terapeak_rolex_ersatzteil_p2.html
ROLEX Ersatzteil Bügel cal 2030 2035  movement part 123 bridle bride original,29.21,Festpreis,7.06,0,2,58.43,22. Jul 2025,-,FALSE,terapeak_rolex_ersatzteil_p2.html
ROLEX Ersatzteil Mitnehmerrad für Sperrad cal 2130 2135 part 510 Driving Wheel,47,Festpreis,42.3,0,1,47,4. Jul 2023,-,FALSE,terapeak_rolex_ersatzteil_p2.html
ROLEX Daytona Zenith Ersatzteil Minutenrohr Cannon pinion cal 4030 part 270,71.89,Festpreis,43.14,0,1,71.89,22. Aug 2024,-,FALSE,terapeak_rolex_ersatzteil_p2.html
ROLEX Ersatzteil Stundenrad cal 2030 2035 movement part 4513 Hour wheel original,44.26,Festpreis,6.32,0,1,44.26,18. Feb 2025,-,FALSE,terapeak_rolex_ersatzteil_p2.html
ROLEX Daytona cal 4130 Ersatzteile Umkehrrad Mitnehmerrad Parts 510 540 520,260.17,Festpreis,6.5,0,1,260.17,5. Sep 2023,-,FALSE,terapeak_rolex_ersatzteil_p2.html
ROLEX Ersatzteil Wechselrad Minute wheel cal 2235 movement part 260 original,64.84,Festpreis,6.98,0,1,64.84,25. Mrz 2026,-,FALSE,terapeak_rolex_ersatzteil_p2.html
ROLEX Ersatzteile für cal 3186 GMT parts 260 655 657 Minute Wheel original,232.78,Festpreis,18.63,0,1,232.78,5. Jul 2024,-,FALSE,terapeak_rolex_ersatzteil_p2.html
Rolex Krone Stahl Org. 4 Stück24-603-0 Ersatzteil,76.13,Festpreis,5.22,0,1,76.13,31. Dez 2023,-,FALSE,terapeak_rolex_ersatzteil_p2.html
ROLEX Ersatzteil Nocken Anlösehebel Yoke for cam cal 2130 2135 part 630 original,59.1,Festpreis,18.19,0,1,59.1,10. Dez 2024,-,FALSE,terapeak_rolex_ersatzteil_p2.html
ROLEX Ersatzteil Winkelhebel Uhrwerk cal 1600 movement part 1849 setting lever,49.62,Festpreis,19.85,0,1,49.62,25. Nov 2025,-,FALSE,terapeak_rolex_ersatzteil_p2.html
ROLEX Ersatzteil Stundenrad Uhrwerk cal 2030 2035 part 4458 Hour wheel original,45.16,Festpreis,6.32,0,1,45.16,18. Feb 2025,-,FALSE,terapeak_rolex_ersatzteil_p2.html
ROLEX Ersatzteil Minutentrieb cal 3135 3155 3185 part 335 Minute pinion original,50.21,Festpreis,18.26,0,1,50.21,20. Nov 2024,-,FALSE,terapeak_rolex_ersatzteil_p2.html
ROLEX Ersatzteil Stundenrad cal 1210 movement part 7572 hour wheel original,55.83,Festpreis,18.61,0,1,55.83,29. Mrz 2024,-,FALSE,terapeak_rolex_ersatzteil_p2.html
ROLEX Ersatzteil Unruhwelle cal 1210 1215 part 7544 balance wheel axle staff,33.1,Festpreis,6.6,0,2,66.2,9. Aug 2023,-,FALSE,terapeak_rolex_ersatzteil_p2.html
ROLEX Ersatzteil Aufzugtrieb cal 3035 5026 winding pinion original,60.81,Festpreis,3.27,0,1,60.81,28. Mai 2024,-,FALSE,terapeak_rolex_ersatzteil_p2.html
ROLEX Ersatzteil Sekundenrad second wheel cal 3135 part 360 original,60.63,Festpreis,18.66,0,1,60.63,25. Okt 2024,-,FALSE,terapeak_rolex_ersatzteil_p2.html
ROLEX Ersatzteile Set für Uhrwerk cal 3135 movement parts 217 210 original,106.16,Festpreis,6.46,0,1,106.16,10. Nov 2023,-,FALSE,terapeak_rolex_ersatzteil_p2.html
ROLEX Milgauss 116400 cal 3131 Brücke 130 Ersatzteile Bridge Parts Lot original,163.3,Festpreis,18.14,0,1,163.3,9. Okt 2023,-,FALSE,terapeak_rolex_ersatzteil_p2.html
ROLEX Ersatzteil Klinke für cal 3035 3055 3075 movement part 5034 click original,51.88,Festpreis,42.45,0,1,51.88,10. Apr 2025,-,FALSE,terapeak_rolex_ersatzteil_p2.html
ROLEX Ersatzteil Minutenrohr cal 3135 part 270 Cannon pinion original,42.04,Festpreis,6.26,0,1,42.04,13. Feb 2025,-,FALSE,terapeak_rolex_ersatzteil_p2.html
ROLEX Ersatzteil Kronrad cal 1120 1130 1160 movement part 6639 crown wheel,75.74,Festpreis,6.71,0,1,75.74,20. Sep 2024,-,FALSE,terapeak_rolex_ersatzteil_p2.html
Rolex Ersatzteile Bastler Ziffernblatt Sekundenrad,10.72,Auktion,4.61,0,1,10.72,24. Mrz 2024,3,FALSE,terapeak_rolex_ersatzteil_p2.html
"rolex Ersatzteile Kronen, Räder, Konvolut",40.7,Auktion,5.6,0,1,40.7,27. Jan 2025,1,FALSE,terapeak_rolex_ersatzteil_p2.html
Original Rolex Ersatzteil Stundenrad für Cal. 3085 B-5223 neu,49.47,Festpreis,6.06,0,1,49.47,30. Jun 2025,-,FALSE,terapeak_rolex_ersatzteil_p2.html
Original Rolex Ersatzteil Neu Cal. 4030 Gleitritzel B-240 Daytona,83.08,Festpreis,15.87,0,1,83.08,3. Dez 2023,-,FALSE,terapeak_rolex_ersatzteil_p2.html
Original Rolex Ersatzteil Minutenrohr für Cal. 2035 B-4511-G1 neu,64.73,Festpreis,0,100,1,64.73,17. Mrz 2024,-,FALSE,terapeak_rolex_ersatzteil_p2.html
Rolex original swiss made 241 24-530-8 S-02 Krone gold Ersatzteil selten,26.66,Auktion,4.14,0,1,26.66,13. Nov 2023,2,FALSE,terapeak_rolex_ersatzteil_p2.html
Konvolut Uhrmacher Ersatzteile aus Werkstatt Auflösung Longines Rolex Omega Ham.,13.09,Auktion,4.2,0,1,13.09,28. Feb 2024,2,FALSE,terapeak_rolex_ersatzteil_p2.html
"Original Rolex Ersatzteil Tubus Tube für  242,  24-7000 neu",72.6,Festpreis,6.44,0,1,72.6,19. Sep 2023,-,FALSE,terapeak_rolex_ersatzteil_p2.html
"Original Rolex Ersatzteil Cal. 3000, 3035, 3055 Zwischen Kronrad B 5031",53.64,Festpreis,0,100,1,53.64,29. Nov 2024,-,FALSE,terapeak_rolex_ersatzteil_p2.html
Original Rolex Ersatzteil Cal. 3055 Stundenradsitz 5123-2,20.12,Festpreis,6.07,0,1,20.12,15. Sep 2025,-,FALSE,terapeak_rolex_ersatzteil_p2.html
Original Rolex Ersatzteil Cal. 3035 Plateau B-5021,43.41,Festpreis,0,100,1,43.41,6. Jul 2024,-,FALSE,terapeak_rolex_ersatzteil_p2.html
Original Rolex Ersatzteil Cal. 4030 Kleinbodenrad B-340-G1 Daytona,94.34,Festpreis,0,100,1,94.34,15. Nov 2024,-,FALSE,terapeak_rolex_ersatzteil_p2.html
Original Rolex Ersatzteil Neu Drücker Schraube Pusher Daytona 24-P404-0,84.18,Festpreis,0,100,1,84.18,7. Jan 2024,-,FALSE,terapeak_rolex_ersatzteil_p2.html
Original Rolex Ersatzteil Minutenrohr für Cal. 2035 B-4512-Y1 neu,69.86,Festpreis,6.07,0,1,69.86,22. Apr 2026,-,FALSE,terapeak_rolex_ersatzteil_p3.html
Original Rolex Ersatzteil Minutenrohr für Cal. 2030 - 4423,54.15,Festpreis,5.42,0,1,54.15,4. Okt 2023,-,FALSE,terapeak_rolex_ersatzteil_p3.html
Original Rolex Ersatzteil Kanonenritzel  für Cal. 2135 -270,55.77,Festpreis,0,100,1,55.77,9. Jan 2024,-,FALSE,terapeak_rolex_ersatzteil_p3.html
Original Rolex Ersatzteil Raste für Winkelhebel Cal. 2135 -230,31.81,Festpreis,5.47,0,1,31.81,30. Okt 2023,-,FALSE,terapeak_rolex_ersatzteil_p3.html
✅ Rolex | Platine | Kaliber 3055 | Day-Date | Uhrwerk | Rubine | Ersatzteil ✅,139.44,Festpreis,0,100,1,139.44,29. Jan 2024,-,FALSE,terapeak_rolex_ersatzteil_p3.html
ROLEX & ETERNA Blechdosen für Armbanduhren Ersatzteile vintage Zubehör,10.08,Auktion,6.04,0,1,10.08,28. Sep 2025,3,FALSE,terapeak_rolex_ersatzteil_p3.html
Rolex Krone Edelstahl Original Ersatzteil Z.B. Datejust 36,27.13,Festpreis,4.96,0,1,27.13,27. Jan 2025,-,FALSE,terapeak_rolex_ersatzteil_p3.html
ROLEX 2130-360 SEKUNDENRAD OYSTER PERPETUAL PART ERSATZTEIL RESTORE SPARE REPAIR,21.56,Festpreis,27.18,0,1,21.56,5. Jun 2024,-,FALSE,terapeak_rolex_ersatzteil_p3.html
ROLEX 2130-421 ANKER OYSTER PERPETUAL PART ERSATZTEIL RESTORE SPARE REPAIR,33.09,Festpreis,6.57,0,1,33.09,21. Dez 2023,-,FALSE,terapeak_rolex_ersatzteil_p3.html
ROLEX 2130-246 KLÖTZCHEN OYSTER PERPETUAL PART ERSATZTEIL RESTORE SPARE REPAIR,22.7,Festpreis,6.31,0,1,22.7,16. Nov 2024,-,FALSE,terapeak_rolex_ersatzteil_p3.html
ROLEX 2130-205 KUPPLUNGSTRIEB OYSTER PERPETUAL PART ERSATZTEIL RESTORE REPAIR,15.09,Festpreis,27.35,0,1,15.09,8. Jul 2023,-,FALSE,terapeak_rolex_ersatzteil_p3.html
ROLEX 3185-540 REVERSE WHEEL WECHSELRAD PART TEIL ERSATZTEIL SPARE REPAIR OYSTER,23.88,Festpreis,6.64,0,1,23.88,16. Sep 2024,-,FALSE,terapeak_rolex_ersatzteil_p3.html
ROLEX 2230 4474 ROTOR WEIGHT ACHSLE LADY TEIL ERSATZTEIL SPARE OYSTER 2235,117.17,Festpreis,26.97,0,1,117.17,2. Aug 2024,-,FALSE,terapeak_rolex_ersatzteil_p3.html
3x ROLEX ALUMINIUM STORAGE BOX CONTAINER KISTE ERSATZTEILE TEIL PART SPARE,56.63,Festpreis,6.56,0,1,56.63,5. Jan 2024,-,FALSE,terapeak_rolex_ersatzteil_p3.html
ROLEX 3055- 5131 DAYDATE  PART ERSATZTEIL SPARE REPAIR TEIL OYSTER PERPETUAL,27.24,Festpreis,46.96,0,1,27.24,5. Jul 2023,-,FALSE,terapeak_rolex_ersatzteil_p3.html
ROLEX 1570-8106 UNRUH OYSTER PERPETUAL PART ERSATZTEIL RESTORE SPARE REPAIR,194.84,Festpreis,6.37,0,1,194.84,16. Apr 2024,-,FALSE,terapeak_rolex_ersatzteil_p3.html
ROLEX 1570-8106 UNRUH OYSTER PERPETUAL PART ERSATZTEIL RESTORE SPARE REPAIR,247.5,Festpreis,6.37,0,1,247.5,15. Apr 2024,-,FALSE,terapeak_rolex_ersatzteil_p3.html
ROLEX 1570-7912 REVERSE WHEEL WECHSELRAD TEIL ERSATZTEIL SPARE REPAIR OYSTER,30.19,Festpreis,26.53,0,1,30.19,31. Okt 2023,-,FALSE,terapeak_rolex_ersatzteil_p3.html
ROLEX ALUMINIUM STORAGE BOX CONTAINER KISTE ERSATZTEILE TEIL PART SPARE REPAIR,26.3,Festpreis,29.33,0,1,26.3,6. Okt 2025,-,FALSE,terapeak_rolex_ersatzteil_p3.html
ROLEX ALUMINIUM STORAGE BOX CONTAINER KISTE ERSATZTEILE TEIL PART SPARE REPAIR,24.11,Festpreis,26.89,0,1,24.11,17. Feb 2024,-,FALSE,terapeak_rolex_ersatzteil_p3.html
ROLEX ZEIGER HANDS ERSATZTEIL LOT SAMMLUNG KONVOLUT BUBBLEBACK DATEJUST OVETTONE,209.02,Festpreis,24.24,0,1,209.02,14. Jun 2025,-,FALSE,terapeak_rolex_ersatzteil_p3.html
ROLEX 2130-432 UNRUH OYSTER PERPETUAL PART ERSATZTEIL RESTORE SPARE REPAIR,208.62,Festpreis,6.44,0,1,208.62,9. Feb 2024,-,FALSE,terapeak_rolex_ersatzteil_p3.html
#935 ROLEX 3135 ROTOR OSCILLATING WEIGHT PART ERSATZTEIL RESTORE SPARE REPAIR,61.68,Festpreis,26.7,0,1,61.68,8. Nov 2023,-,FALSE,terapeak_rolex_ersatzteil_p3.html
#935 USED ROLEX 3130 3135-125-Y1 MINUTENBRÜCKE ERSATZTEIL RESTORE SPARE REPAIR,30.76,Festpreis,26.56,0,1,30.76,24. Okt 2023,-,FALSE,terapeak_rolex_ersatzteil_p3.html
#935 USED ROLEX 2230 432 UNRUHE BALANCE WHEEL ERSATZTEIL RESTORE SPARE REPAIR,183.37,Festpreis,27.21,0,1,183.37,13. Mrz 2025,-,FALSE,terapeak_rolex_ersatzteil_p3.html
#935 USED ROLEX 3135 315-G1 UNRUHE BLAU BALANCE WHEEL ERSATZTEIL SPARE REPAIR,444.41,Festpreis,60.81,0,1,444.41,22. Mai 2024,-,FALSE,terapeak_rolex_ersatzteil_p3.html
#1066 ROLEX ALUMINIUM STORAGE BOX CONTAINER KISTE ERSATZTEILE TEIL PART ALU,26.59,Festpreis,7.11,0,1,26.59,15. Feb 2026,-,FALSE,terapeak_rolex_ersatzteil_p3.html
#1122 ROLEX 4130-310 FEDERHAUS BARREL ERSATZTEIL SPARE PART,65.44,Festpreis,6.98,0,1,65.44,6. Sep 2025,-,FALSE,terapeak_rolex_ersatzteil_p3.html
#1122 ROLEX 4130-305 RACHET WHEEL RAD ERSATZTEIL SPARE PART,32.31,Festpreis,6.42,0,1,32.31,29. Jun 2024,-,FALSE,terapeak_rolex_ersatzteil_p3.html
#935 USED ROLEX 3135 432-G1 UNRUHE SILBER BALANCE WHEEL ERSATZTEIL SPARE PART,366.43,Festpreis,29.52,0,1,366.43,24. Sep 2025,-,FALSE,terapeak_rolex_ersatzteil_p3.html
Rolex 4130 Original Ersatzteile Zubehör Original Teile Von Ersatzteile Daytona,79.95,Festpreis,12.49,0,1,79.95,22. Okt 2025,-,FALSE,terapeak_rolex_ersatzteil_p3.html
#1691 ROLEX ALUMINIUM STORAGE BOX CONTAINER KISTE ERSATZTEILE TEIL PART ALU,26.78,Festpreis,7.16,0,1,26.78,29. Jan 2026,-,FALSE,terapeak_rolex_ersatzteil_p3.html
#1691 ORIGINAL ROLEX 1030 6902 FEDERHAUS BARREL ZUGFEDER MAINSPRING ERSATZTEIL,204.37,Festpreis,6.94,0,1,204.37,27. Nov 2025,-,FALSE,terapeak_rolex_ersatzteil_p3.html
#1691 ORIGINAL ROLEX 1030 6958 FEDER KLINKE SPERRAD SPRING CLICK PART ERSATZTEIL,71.92,Festpreis,28.97,0,1,71.92,28. Nov 2025,-,FALSE,terapeak_rolex_ersatzteil_p3.html
#1691 ORIGINAL ROLEX 1030 6922 ANKER PALLET FORK HEMMUNG  TEIL ERSATZTEIL,360.7,Festpreis,64.95,0,1,360.7,30. Nov 2025,-,FALSE,terapeak_rolex_ersatzteil_p3.html
#1854 ORIGINAL ROLEX 1030 6922 ANKER PALLET FORK HEMMUNG  TEIL ERSATZTEIL,407.04,Festpreis,7.07,0,1,407.04,2. Mrz 2026,-,FALSE,terapeak_rolex_ersatzteil_p3.html
#1876 NEU NOS  ROLEX 3155 - 360 ERSATZTEIL SEALED BLISTERED PART TEIL MOVEMENT,100.15,Festpreis,6.96,0,1,100.15,28. Mai 2026,-,FALSE,terapeak_rolex_ersatzteil_p3.html
#1876 ORIGINAL ROLEX 1530 - 7846 ANKER PALLET FORK HEMMUNG ERSATZTEIL PART USED,119.52,Festpreis,28.89,0,1,119.52,10. Jun 2026,-,FALSE,terapeak_rolex_ersatzteil_p3.html
#1876 ORIGINAL ROLEX 2030 - 4432 UNRUH BROKEN PINION ERSATZTEIL PART USED,252.38,Festpreis,7.01,0,1,252.38,23. Apr 2026,-,FALSE,terapeak_rolex_ersatzteil_p3.html
Rolex 3135-140 Auto Device Upper Bridge Genuine parts Original Teile,82.01,Festpreis,11.94,0,17,1394.14,13. Mai 2026,-,FALSE,terapeak_rolex_genuine_p1.html
Rolex  3135 - 510 Mitnehmerrad für Sperrad Driving Wheel Genuine Parts (RO-31),36.61,Festpreis,9.2,0,7,256.21,4. Feb 2025,-,FALSE,terapeak_rolex_genuine_p1.html
Genuine Rolex 2230 2235 315 Mainspring Barrel Complete & Arbor  (R153#),45.17,Festpreis,7.15,0,5,225.86,11. Apr 2025,-,FALSE,terapeak_rolex_genuine_p1.html
"Genuine Omega PZ5243 Watch Crystal With Tension Ring NOS 32,5mm symbol Ω (G20)",27.97,Festpreis,5.71,0,5,139.88,9. Mai 2026,-,FALSE,terapeak_rolex_genuine_p1.html
"Genuine Omega 5249 PZ Watch Crystal With Tension Ring NOS 31,1mm symbol Ω (Z811)",30.56,Festpreis,14.27,0,4,122.23,14. Feb 2026,-,FALSE,terapeak_rolex_genuine_p1.html
Rolex 3135-105 Barrel Bridge Genuine Parts Original Teile,87.29,Festpreis,9.98,0,4,349.15,21. Nov 2025,-,FALSE,terapeak_rolex_genuine_p1.html
Rolex cal. 3135 - 510 Mitnehmerrad für Sperrad Driving Wheel Genuine Parts NOS,37.3,Festpreis,8.16,0,4,149.21,23. Mrz 2024,-,FALSE,terapeak_rolex_genuine_p1.html
"Genuine Omega 5233 PZ Watch Crystal With Tension Ring NOS 31,6mm symbol Ω (Z868)",33.24,Festpreis,5.69,0,3,99.72,8. Sep 2024,-,FALSE,terapeak_rolex_genuine_p1.html
Rolex 2130 part 421 Pallet Fork Genuine Open Package 2135-421   (RO3),69.1,Festpreis,11.06,0,2,138.2,27. Okt 2023,-,FALSE,terapeak_rolex_genuine_p1.html
Rolex  3135 - 510 Mitnehmerrad für Sperrad Driving Wheel Genuine Parts (RO-31),37.2,Festpreis,10.09,0,4,148.78,22. Apr 2026,-,FALSE,terapeak_rolex_genuine_p1.html
"Rolex 3135-135 Lower Bridge, Movement Genuine Watch Parts new . (R310)",46.79,Festpreis,5.62,50,2,93.57,28. Mai 2024,-,FALSE,terapeak_rolex_genuine_p1.html
Omega Watch Glass/Crystal PX 5014 Gilt gold Ring Genuine Symbol (Z867),32.93,Festpreis,12.84,0,7,230.51,22. Okt 2023,-,FALSE,terapeak_rolex_genuine_p1.html
"Rolex 3135-135 Lower Bridge, Movement Genuine Watch Parts new (R310)",48.44,Festpreis,10.6,0,2,96.89,2. Jun 2026,-,FALSE,terapeak_rolex_genuine_p1.html
"Genuine Rolex Mainspring, 1600-1803, for calibre 1600, Sealed Package    (RO-14)",40.65,Festpreis,13.55,0,1,40.65,4. Mrz 2025,-,FALSE,terapeak_rolex_genuine_p1.html
Genuine Rolex Part 1530-7871 Sliding Pinion Factory Sealed   (RO-15),41.78,Festpreis,13.93,0,1,41.78,8. Mai 2024,-,FALSE,terapeak_rolex_genuine_p1.html
Genuine Rolex Champagne Ladies Date Wheel Disc Calendar 69173 2135-6900-1,113.48,Festpreis,23.64,0,1,113.48,11. Jul 2023,-,FALSE,terapeak_rolex_genuine_p1.html
Genuine Rolex White Ladies Date Wheel Disc Calendar 69173 69178 2135-6900-2,112.84,Festpreis,23.51,0,1,112.84,19. Jul 2024,-,FALSE,terapeak_rolex_genuine_p1.html
Genuine Rolex Champagne Ladies Date Wheel Disc Calendar 69173 2135-6900-1,132.33,Festpreis,22.98,0,1,132.33,18. Sep 2023,-,FALSE,terapeak_rolex_genuine_p1.html
Genuine Rolex Submariner Crown Triplock 24-703-0-G1,8.99,Auktion,7.19,0,1,8.99,21. Dez 2024,1,FALSE,terapeak_rolex_genuine_p1.html
Genuine Factory Rolex 3135- 625 Date Wheel   (RO 625),40.22,Festpreis,5.02,0,1,40.22,2. Jun 2026,-,FALSE,terapeak_rolex_genuine_p1.html
"Rolex 1600 1844 Ratchet Wheel, Genuine Rolex Part, Sealed Package        (RO-20)",55.97,Festpreis,15.27,0,1,55.97,2. Mrz 2026,-,FALSE,terapeak_rolex_genuine_p1.html
Rolex  Ring Ref. Ref. 2235 - 975 old modell Genuine (R296),65.02,Festpreis,13,0,1,65.02,13. Dez 2023,-,FALSE,terapeak_rolex_genuine_p1.html
2135-570 Original/Echt/Genuine Rotor/ Oscillating weight mit neue Axe/ New Axle,116.7,Festpreis,15.4,0,1,116.7,1. Feb 2024,-,FALSE,terapeak_rolex_genuine_p1.html
2135-668 GENUINE/ECHT ROLEX CORRECTOR MECHANISM,82.37,Festpreis,20.12,0,1,82.37,21. Mai 2024,-,FALSE,terapeak_rolex_genuine_p1.html
13 mm GENUINE/ECHT ROLEX PAIR OF SPRINGBARS/FEDERSTEGE,14.91,Festpreis,5.12,0,1,14.91,1. Apr 2025,-,FALSE,terapeak_rolex_genuine_p1.html
Rolex cal 3135-550 Ritzel Pinion for Oscillating Weight Genuine Spare Parts NOS,34.72,Festpreis,9.92,0,1,34.72,20. Mrz 2026,-,FALSE,terapeak_rolex_genuine_p1.html
Rolex 3135 120 Balance Bridge ( No Jewel) Genuine Watch Movement Part,419.89,Festpreis,32.66,0,1,419.89,18. Okt 2024,-,FALSE,terapeak_rolex_genuine_p1.html
Original Rolex Daytona 4130 120 Balance Bridge Movement 4130 Genuine Parts,497.93,Festpreis,5.11,0,1,497.93,2. Apr 2025,-,FALSE,terapeak_rolex_genuine_p1.html
ROLEX 3030 3035 ROTOR Balance Weight Oscillating Movement MINT 5063,123.51,Festpreis,12.28,0,6,741.08,22. Apr 2024,-,FALSE,terapeak_rolex_movement_p1.html
ROLEX Sperrad cal 2030 2035 movement part 4445 ratchet wheel original,34.25,Festpreis,6.41,0,5,171.27,20. Jan 2025,-,FALSE,terapeak_rolex_movement_p1.html
ROLEX Anker cal 3135 3155 3175 3185 movement part 421 Pallet fork original,82.86,Festpreis,9.75,0,4,331.45,1. Aug 2025,-,FALSE,terapeak_rolex_movement_p1.html
ROLEX Klinke für Uhrwerk cal 2030 2035 Teil 4446 movement part CLICK original,43.08,Festpreis,21.56,0,5,215.43,10. Dez 2025,-,FALSE,terapeak_rolex_movement_p1.html
ROLEX Kleinbodenrad Third Wheel Uhrwerk cal 1530 1570 1575 movement part 7831,51.99,Festpreis,6.41,0,4,207.96,18. Jun 2025,-,FALSE,terapeak_rolex_movement_p1.html
ROLEX Hemmungsrad cal 1210 1215 movement part 7521 Escape Wheel original vintage,52.93,Festpreis,24.51,0,4,211.71,16. Jun 2024,-,FALSE,terapeak_rolex_movement_p1.html
ROLEX Schrauben für cal 3135 5100 2 Stück Herren case screws for movement,27.15,Festpreis,10,0,4,108.57,22. Nov 2025,-,FALSE,terapeak_rolex_movement_p1.html
ROLEX Räder Umkehrrad Mitnehmerrad cal 2130 2135 parts 510 540 Wheels movement,137.25,Festpreis,12.91,0,4,548.97,30. Sep 2024,-,FALSE,terapeak_rolex_movement_p1.html
ROLEX Daytona Anker cal 4130 movement part 421 Pallet Fork original,99.96,Festpreis,19.04,0,3,299.89,6. Aug 2025,-,FALSE,terapeak_rolex_movement_p1.html
ROLEX Day-Date Tagesraste Day Jumper Uhrwerk cal 3055 5055 movement part 5136,80,Festpreis,19,0,3,240.01,11. Sep 2024,-,FALSE,terapeak_rolex_movement_p1.html
ROLEX Minutenrad Centre Wheel cal 1530 1570 movement part 7829 original,62.45,Festpreis,17.96,0,3,187.36,15. Jan 2025,-,FALSE,terapeak_rolex_movement_p1.html
ORIGINAL NOS ROLEX new Movement 4130 P502-8 GOLD Pusher Drücker 116508 116528,565.14,Festpreis,15.8,0,2,1130.29,11. Jan 2025,-,FALSE,terapeak_rolex_movement_p1.html
ORIGINAL NOS ROLEX new Movement 4130 P502 Pusher Drücker 116520 16520 116500,446.4,Festpreis,36.35,0,2,892.8,12. Apr 2025,-,FALSE,terapeak_rolex_movement_p1.html
ORIGINAL ROLEX Movement 3135 Winding Bridge Brücke 3155 130,130.72,Festpreis,11.23,0,2,261.43,15. Okt 2025,-,FALSE,terapeak_rolex_movement_p1.html
1 x ORIGINAL ROLEX Movement 2130 2135 NEW 410 Escape  (R165B),52.48,Festpreis,9.56,0,2,104.97,19. Apr 2025,-,FALSE,terapeak_rolex_movement_p1.html
ROLEX Raste für Winkelhebel cal 3035 movement part 5038 jumper for setting lever,51.98,Festpreis,19.04,50,2,103.96,4. Apr 2025,-,FALSE,terapeak_rolex_movement_p1.html
ROLEX Sekundenrad Second Wheel Uhrwerk cal 1530 1570 1575 movement part 7834,54.9,Festpreis,6.4,0,2,109.78,14. Feb 2024,-,FALSE,terapeak_rolex_movement_p1.html
ROLEX Aufzugwelle für Krone cal 3135 movement part 201 Winding Stem original,36.36,Festpreis,12.96,0,3,109.1,21. Jul 2025,-,FALSE,terapeak_rolex_movement_p1.html
ROLEX Day Date cal 3155 626 Finger für Datum date finger movement part original,92.4,Festpreis,18.67,0,2,184.79,3. Jun 2024,-,FALSE,terapeak_rolex_movement_p1.html
ROLEX Federwelle cal 2030 2035 movement part 4421 BARREL ARBOR original,42.15,Festpreis,6.56,0,2,84.28,11. Sep 2023,-,FALSE,terapeak_rolex_movement_p1.html
ROLEX Aufzugtrieb cal 2130 2135 movement part 204 winding pinion original,40.87,Festpreis,6.5,0,2,81.73,30. Apr 2024,-,FALSE,terapeak_rolex_movement_p1.html
ROLEX Umstelltrieb Wig Wag Pinion cal 2030 2035 movement part 4444 original,43.43,Festpreis,13.06,0,2,86.85,6. Jun 2026,-,FALSE,terapeak_rolex_movement_p1.html
ROLEX Datumraste cal 3035 5035 regulierbar movement part 5095 date jumper,63.15,Festpreis,6.84,0,2,126.3,24. Apr 2026,-,FALSE,terapeak_rolex_movement_p1.html
ROLEX Wippe für Umsteller cal 2130 2135 movement part 217 yoke for sliding gear,61.06,Festpreis,13.3,0,2,122.12,15. Okt 2025,-,FALSE,terapeak_rolex_movement_p1.html
ROLEX Daytona Zenith Anker cal 4030 movement part 421 Pallet Fork original,114.76,Festpreis,19.95,0,2,229.52,30. Mrz 2026,-,FALSE,terapeak_rolex_movement_p1.html
ROLEX Aufzugwelle für Krone cal 3135 movement part 201 Winding Stem original,33.17,Festpreis,12.9,0,2,66.34,26. Aug 2024,-,FALSE,terapeak_rolex_movement_p1.html
ROLEX Anker Ladies Kaliber 2130 2135 movement part 421 Pallet fork original,56.98,Festpreis,12.86,0,2,113.96,21. Apr 2026,-,FALSE,terapeak_rolex_movement_p1.html
ROLEX Aufzugwelle für Krone cal 3035 5035 movement part 5025 Winding Stem,36.84,Festpreis,13.45,0,2,73.68,21. Mrz 2026,-,FALSE,terapeak_rolex_movement_p1.html
ROLEX Wechselrad 24h Uhwerk cal 3075 GMT movement part 5156 minute wheel,88.97,Festpreis,17.97,0,2,177.94,21. Feb 2025,-,FALSE,terapeak_rolex_movement_p1.html
ROLEX Federhaus Kern Barrel Arbor cal 2130 2135 307 movement part original,60.11,Festpreis,13.39,0,2,120.22,27. Apr 2026,-,FALSE,terapeak_rolex_movement_p1.html
Original Rolex Sekundenrad Second Wheel Movement Part 1530 1570 1575 7834,55.76,Festpreis,4.64,0,2,111.51,20. Okt 2023,-,FALSE,terapeak_rolex_movement_p1.html
ORIGINAL NOS ROLEX new Movement 1520 7906 Achsle Achse Rotor Weight,61.09,Festpreis,3.66,0,1,61.09,3. Jul 2023,-,FALSE,terapeak_rolex_movement_p1.html
ROLEX 3130 3135 ROTOR Balance Weight Oscillating Movement MINT 570,130.32,Festpreis,15.84,0,1,130.32,26. Jun 2023,-,FALSE,terapeak_rolex_movement_p1.html
ORIGINAL ROLEX Movement 3135 Winding Bridge Brücke 3155 130,99,Festpreis,15.93,0,1,99,14. Mrz 2024,-,FALSE,terapeak_rolex_movement_p1.html
ROLEX 3130 3135 ROTOR Balance Weight Oscillating Movement MINT 570,95.1,Festpreis,5.44,0,1,95.1,14. Feb 2024,-,FALSE,terapeak_rolex_movement_p1.html
ORIGINAL NOS ROLEX new Movement 4130 815 Kupplung Clutch Module Modul,149.72,Festpreis,5.56,0,1,149.72,6. Nov 2024,-,FALSE,terapeak_rolex_movement_p1.html
Original ROLEX 3135 3130 NOS ROTOR Balance Weight Oscillating Movement 570,218.18,Festpreis,5.37,0,1,218.18,29. Nov 2024,-,FALSE,terapeak_rolex_movement_p1.html
ROLEX 4130 ROTOR 570 Balance Weight Oscillating Movement Daytona,180.55,Festpreis,17.05,0,1,180.55,10. Sep 2025,-,FALSE,terapeak_rolex_movement_p1.html
ROLEX 2130 2135 ROTOR Balance Weight Oscillating Movement Lady 4474,113.09,Festpreis,16.06,0,1,113.09,4. Okt 2024,-,FALSE,terapeak_rolex_movement_p1.html
ORIGINAL VINTAGE ROLEX KRONE   6 mm. MOVEMENT OROLOGIO RELOJ WATCH MONTRE,19.02,Festpreis,13.01,0,1,19.02,2. Apr 2026,-,FALSE,terapeak_rolex_movement_p1.html
Vintage original Rolex movement 1300 - 7700/390 mainspring      (RO-35),21.17,Festpreis,14.43,0,1,21.17,27. Sep 2024,-,FALSE,terapeak_rolex_movement_p1.html
New Rolex 2030 -4479   watch movement part reversing wheel  (RO 2),66.18,Festpreis,4.73,0,3,198.54,7. Okt 2024,-,FALSE,terapeak_rolex_movement_p1.html
Vintage original Rolex movement 1300 - 7700/390 mainspring      (RO-35),29.25,Festpreis,14.62,0,1,29.25,24. Apr 2025,-,FALSE,terapeak_rolex_movement_p2.html
High grade pocket watch movement r zenith working 40mm balance is good (Z151),93.97,Festpreis,13.99,0,1,93.97,18. Jan 2026,-,FALSE,terapeak_rolex_movement_p2.html
High grade pocket watch movement eterna working 40mm balance is good (Z152),99.66,Festpreis,7.05,0,1,99.66,10. Apr 2026,-,FALSE,terapeak_rolex_movement_p2.html
Rolex Datumsscheibe Date Disk for Movement 1570 Gold,90.79,Festpreis,8.99,0,1,90.79,19. Okt 2023,-,FALSE,terapeak_rolex_movement_p2.html
"ROLEX Swiss Setting Wheel 3130-250, For Rolex Movement 3130, Part No 250.",24.15,Festpreis,26.08,0,1,24.15,21. Okt 2025,-,FALSE,terapeak_rolex_movement_p2.html
43mm sapphire glass green ceramic bezel Watch Case fit ETA 2824 2836 MOVEMENT 64,28.4,Festpreis,5.19,0,1,28.4,17. Aug 2024,-,FALSE,terapeak_rolex_movement_p2.html
43mm sapphire glass black ceramic bezel Watch Case fit ETA 2824 2836 MOVEMENT 64,46.85,Festpreis,5.14,0,1,46.85,17. Jul 2024,-,FALSE,terapeak_rolex_movement_p2.html
ROLEX Schrauben für Uhrwerk cal 1530 1570 1575 7896 2 Stück screws for movement,28.88,Festpreis,6.97,0,1,28.88,8. Jun 2026,-,FALSE,terapeak_rolex_movement_p2.html
ROLEX Datumraste cal 3135 3155 3185 movement part 614 DATE JUMPER original,49.25,Festpreis,20.1,0,1,49.25,13. Jan 2026,-,FALSE,terapeak_rolex_movement_p2.html
ROLEX Anker cal 650 movement part 813 Pallet Fork Ancora original vintage,67.01,Festpreis,45.01,0,1,67.01,16. Jan 2026,-,FALSE,terapeak_rolex_movement_p2.html
ROLEX Federhaus cal 650 movement part 807 barrel with arbor original vintage,75.65,Festpreis,6.62,0,1,75.65,11. Jul 2023,-,FALSE,terapeak_rolex_movement_p2.html
ROLEX Schrauben Set cal 650 651 screw lot for movement original vintage,46.33,Festpreis,6.62,0,1,46.33,11. Jul 2023,-,FALSE,terapeak_rolex_movement_p2.html
ROLEX Stundenrad cal 1210 1215 movement part 7592 Hour Wheel original vintage,71.42,Festpreis,6.25,0,1,71.42,3. Feb 2025,-,FALSE,terapeak_rolex_movement_p2.html
ROLEX Minutenrad Centre Wheel cal 1565 1575 GMT movement part 8030 original,101.72,Festpreis,41.61,0,1,101.72,7. Nov 2023,-,FALSE,terapeak_rolex_movement_p2.html
ROLEX Aufzugtrieb cal 1210 1215 1220 movement part 7550 winding pinion,50.48,Festpreis,18.36,0,1,50.48,13. Nov 2024,-,FALSE,terapeak_rolex_movement_p2.html
ROLEX Anker Ladies Kaliber 2030 2035 movement part 4430 Pallet fork original,74,Festpreis,18.74,0,1,74,19. Aug 2023,-,FALSE,terapeak_rolex_movement_p2.html
ROLEX Federwelle Federhauskern cal 2030 2035 4421 barrel arbor movement part,55.82,Festpreis,7.11,0,1,55.82,11. Mai 2026,-,FALSE,terapeak_rolex_movement_p2.html
ROLEX Wechselrad cal 3035 movement part 5043 MINUTE WHEEL original,39.35,Festpreis,7.06,0,1,39.35,24. Apr 2026,-,FALSE,terapeak_rolex_movement_p2.html
ROLEX Mitnehmerrad Uhrwerk cal 3035 Teil 5069 movement part driving wheel,73.84,Festpreis,6.54,0,1,73.84,18. Jan 2024,-,FALSE,terapeak_rolex_movement_p2.html
ROLEX Spiralfeder Träger cal 2030 2035 movement part 4435 Hairspring Support,70.51,Festpreis,6.52,0,1,70.51,8. Apr 2024,-,FALSE,terapeak_rolex_movement_p2.html
ROLEX Winkelhebel cal 650 movement part 836 Setting Lever Tirette vintage,49.1,Festpreis,17.85,0,1,49.1,2. Feb 2025,-,FALSE,terapeak_rolex_movement_p2.html
ROLEX Feder für Wippe cal 650 movement part 839 Spring for yoke original vintage,16.04,Festpreis,18.87,0,1,16.04,16. Jan 2024,-,FALSE,terapeak_rolex_movement_p2.html
ROLEX Spiralklötzchen Träger cal 1210 1220 1225 movement part 7633 stud pinion,79.14,Festpreis,20.29,0,1,79.14,6. Feb 2026,-,FALSE,terapeak_rolex_movement_p2.html
ROLEX Ankerbrücke cal 1210 1215 movement part 7522 pallet fork bridge original,60.67,Festpreis,18.67,0,1,60.67,23. Mai 2024,-,FALSE,terapeak_rolex_movement_p2.html
ROLEX Datumraste Date Jumper cal 1575 GMT 8036 Movement part original,135.56,Festpreis,18.96,0,1,135.56,8. Aug 2023,-,FALSE,terapeak_rolex_movement_p2.html
ROLEX Werkplatte Main Plate cal 1220 1225 Platine Movement part 7619 original,269.28,Festpreis,6.55,0,1,269.28,3. Apr 2025,-,FALSE,terapeak_rolex_movement_p2.html
ROLEX Oysterquartz Quarz Motor Movement cal 5035 5055 part 6011 Ref 17000,1067.19,Festpreis,45.61,0,1,1067.19,2. Okt 2023,-,FALSE,terapeak_rolex_movement_p2.html
ROLEX Datumraste cal 3055 5055 movement part 5128 date jumper original,50.89,Festpreis,20.36,0,1,50.89,24. Sep 2025,-,FALSE,terapeak_rolex_movement_p2.html
rolex 1570 movement spares Uhrwerk,473.56,Auktion,9.78,0,1,473.56,28. Mrz 2024,22,FALSE,terapeak_rolex_movement_p2.html
#1037 ORIGINAL ROLEX CAL 1210 UHRWERK MOVEMENT MECHANISM DEFEKT SPARE REPAIR,471.51,Festpreis,6.56,0,1,471.51,12. Jan 2024,-,FALSE,terapeak_rolex_movement_p2.html
"Spule mit Träger für ROLEX 5035, spool with carrier, coil, NOS",112.94,Festpreis,11.34,0,14,1581.21,2. Jun 2025,-,FALSE,terapeak_rolex_nos_p1.html
"ROLEX Bubbleback NOS 241 24-5-1 18k GOLD Original KRONE CROWN 5,2mm",262.43,Festpreis,22.86,0,3,787.31,13. Mrz 2024,-,FALSE,terapeak_rolex_nos_p1.html
TUDOR NEW NOS STEEL Original PUSHER CROWN Edelstahl B24-T7500-2H-G1 Seal 7750,128.18,Festpreis,27.33,0,2,256.34,28. Okt 2025,-,FALSE,terapeak_rolex_nos_p1.html
ROLEX Submariner GMT 24-704-0 Sub NOS NEW Original KRONE CROWN Steel Stahl 703,166.89,Festpreis,20.19,0,2,333.78,6. Feb 2025,-,FALSE,terapeak_rolex_nos_p1.html
"Click spring für Rolex 1030, part 6958, NOS",26.75,Festpreis,11.35,0,2,53.49,12. Aug 2025,-,FALSE,terapeak_rolex_nos_p1.html
Glas Original Rolex 25-21 Plexi Vintage 6263 6265 Daytona Paul Newman 6240 NOS,177.15,Festpreis,11.51,0,2,354.31,24. Jun 2024,-,FALSE,terapeak_rolex_nos_p1.html
ROLEX Unruh cal 2130 2135 part 432 Balance Wheel complete original NOS NEW,396.4,Festpreis,23.31,0,2,792.8,28. Feb 2024,-,FALSE,terapeak_rolex_nos_p1.html
Unruhwellen Konvolut Sammlung Uhrersatzteile Uhrmacher NOS Rolex IWC Jaeger,5.15,Auktion,4.63,0,1,5.15,19. Mai 2024,4,FALSE,terapeak_rolex_nos_p1.html
TUDOR NEW NOS 79620 B24-79620-1-G1 STEEL Original KRONE CROWN ADVISOR,167.05,Festpreis,7.97,0,1,167.05,24. Jan 2024,-,FALSE,terapeak_rolex_nos_p1.html
TUDOR NEW NOS 79620 B24-79620-2-G1 STEEL Original KRONE CROWN ADVISOR,163.32,Festpreis,7.81,0,1,163.32,24. Jan 2024,-,FALSE,terapeak_rolex_nos_p1.html
ROLEX Submariner GMT 24-704-0 Sub NOS NEW Original KRONE CROWN Steel Stahl 703,155.69,Festpreis,5.4,0,1,155.69,13. Apr 2024,-,FALSE,terapeak_rolex_nos_p1.html
ROLEX RARE NOS 18k Yellow GOLD Original KRONE CROWN KING MIDAS 9630,405.55,Festpreis,37.2,0,1,405.55,1. Mrz 2024,-,FALSE,terapeak_rolex_nos_p1.html
ORIGINAL NOS ROLEX 4130 834 Jumper for Counter Chronograph Raste Zählräder,146.78,Festpreis,5.44,0,1,146.78,10. Nov 2023,-,FALSE,terapeak_rolex_nos_p1.html
"ROLEX Bubbleback NEW NOS 241 24-5-0 STEEL Original KRONE CROWN 5,2mm",263.34,Festpreis,37.66,0,1,263.34,6. Apr 2025,-,FALSE,terapeak_rolex_nos_p1.html
ROLEX B 24-5330-0 TUBUS Tube 18k GOLD 750 NOS NEW Original KRONE CROWN,147.51,Festpreis,5.8,0,1,147.51,1. Aug 2025,-,FALSE,terapeak_rolex_nos_p1.html
"ROLEX RARE 40s 50s 60s NOS 18k Yellow GOLD Original KRONE CROWN 4,4mm flat",231.23,Festpreis,16.99,0,1,231.23,1. Jun 2026,-,FALSE,terapeak_rolex_nos_p1.html
"ROLEX RARE 40s 50s 60s NOS 18k Yellow GOLD Original KRONE CROWN 4,4mm flat",212.28,Festpreis,36.05,0,1,212.28,27. Feb 2025,-,FALSE,terapeak_rolex_nos_p1.html
ROLEX 24-604-8 G1 24-6330-2 GMT NOS NEW Original TUBE KRONE CROWN  SET 750 Gold,386.77,Festpreis,6.86,0,1,386.77,27. Mrz 2026,-,FALSE,terapeak_rolex_nos_p1.html
"Schiebetrieb für Rolex 1030, clutch wheel, part 6949, NOS",78.68,Festpreis,12.95,0,1,78.68,17. Jun 2025,-,FALSE,terapeak_rolex_nos_p1.html
"Lower cap jewel with end-piece für Rolex 1030, part 6944, NOS",52.19,Festpreis,11.18,0,1,52.19,22. Mrz 2025,-,FALSE,terapeak_rolex_nos_p1.html
ROLEX 25-3 Plexi Glas Acrylic Crystal Lady Tropic Ref 6717 6718 6617 NOS Ø 20 mm,102.84,Festpreis,6.55,0,1,102.84,19. Jan 2024,-,FALSE,terapeak_rolex_nos_p1.html
ROLEX Day-Date Dichtungen B29-302-86-C10 cal 3055 NOS Gaskets Set original NOS,101.52,Festpreis,18.8,0,1,101.52,1. Dez 2023,-,FALSE,terapeak_rolex_nos_p1.html
ROLEX Aufzugwelle Zugwelle Winding Stem cal 2030 2035 4438 NOS original 4 Stück,102.87,Festpreis,6.61,0,1,102.87,5. Jan 2024,-,FALSE,terapeak_rolex_nos_p1.html
ROLEX Day-Date Dichtungen für Saphirglas 29-295-1 Saphire Crystal Gaskets NOS,58.12,Festpreis,6.78,0,1,58.12,17. Jul 2023,-,FALSE,terapeak_rolex_nos_p1.html
Rolex Brevet Crown Krone Big Crown 800/0 NOS Dif AVS18437 AE4,408.13,Festpreis,0,100,1,408.13,10. Sep 2024,-,FALSE,terapeak_rolex_nos_p1.html
ROLEX Untere Brücke für Automatik cal 1520 1530 1570 - 7901 Lower Bridge NOS,165.93,Festpreis,19.07,0,1,165.93,31. Aug 2024,-,FALSE,terapeak_rolex_nos_p1.html
Rolex Seadweller Sea Dweller 1665 Valve NOS 24-V50 Sealed (Eu Shop),223.29,Festpreis,31.63,0,1,223.29,23. Okt 2024,-,FALSE,terapeak_rolex_nos_p1.html
"Rolex NOS Oyster stahl Glied 15,5 mm mit matten Seiten und Mittelteil für 16610",103.05,Festpreis,0,100,1,103.05,19. Aug 2023,-,FALSE,terapeak_rolex_nos_p1.html
Artikelnr. 266466063707,1215.04,Festpreis,0,100,1,1215.04,29. Nov 2023,-,FALSE,terapeak_rolex_nos_p1.html
Artikelnr. 266466063712,160.38,Festpreis,0,100,1,160.38,16. Jan 2024,-,FALSE,terapeak_rolex_nos_p1.html
Artikelnr. 266466063777,274.43,Festpreis,75.7,0,1,274.43,16. Aug 2024,-,FALSE,terapeak_rolex_nos_p1.html
Artikelnr. 266774454844,267.02,Festpreis,0,100,1,267.02,17. Jun 2024,-,FALSE,terapeak_rolex_nos_p1.html
Artikelnr. 266774457154,271.95,Festpreis,0,100,1,271.95,23. Jul 2024,-,FALSE,terapeak_rolex_nos_p1.html
Artikelnr. 266843069245,236.72,Festpreis,75.75,0,1,236.72,18. Aug 2024,-,FALSE,terapeak_rolex_nos_p1.html
Artikelnr. 266843071635,561.31,Festpreis,76.11,0,1,561.31,10. Sep 2024,-,FALSE,terapeak_rolex_nos_p1.html
NOS Rolex 720 730 Ref. 723 Achse Der volante Balance Staff Vintage Uhren,14.8,Festpreis,4.7,0,2,29.6,17. Dez 2023,-,FALSE,terapeak_rolex_nos_p1.html
2x Rolex 501 B Anstöße Endlinks NOS unpolished Vintage Submariner GMT Explorer,186.36,Festpreis,0,100,1,186.36,25. Mrz 2024,-,FALSE,terapeak_rolex_nos_p1.html
ROLEX Oyster Lady Case Back Sticker Aufkleber für Deckel Ref 6724 NOS vintage,50.58,Festpreis,7.08,0,1,50.58,18. Dez 2025,-,FALSE,terapeak_rolex_nos_p1.html
ROLEX Rotor Schwungmasse cal 3135 3155 3185 part 570 oscillating weight NOS NEW,231.8,Festpreis,6.51,0,1,231.8,6. Dez 2023,-,FALSE,terapeak_rolex_nos_p1.html
ROLEX Unruh cal 3035 3055 3075 3085 part 5019 Balance Wheel original NOS NEW,391.14,Festpreis,6.46,0,1,391.14,7. Sep 2023,-,FALSE,terapeak_rolex_nos_p2.html
ROLEX Unruh cal 3035 3055 3075 3085 part 5019 Balance Wheel original NOS,453.27,Festpreis,18.69,0,1,453.27,28. Feb 2024,-,FALSE,terapeak_rolex_nos_p2.html
ROLEX Minutentriebbrücke Minute Pinion Bridge cal 3135 3130 part 125 NOS NEW,83.22,Festpreis,6.47,0,1,83.22,6. Nov 2023,-,FALSE,terapeak_rolex_nos_p2.html
ROLEX Lady Datumscheibe Anzeiger cal 2135 6900-2 Date Indicator Disc White NOS,156.49,Festpreis,41.42,0,1,156.49,9. Nov 2023,-,FALSE,terapeak_rolex_nos_p2.html
ROLEX Datumscheibe cal 3135 3155 3175 3185 16200 Date disc White NOS original,156.28,Festpreis,6.44,0,1,156.28,12. Nov 2023,-,FALSE,terapeak_rolex_nos_p2.html
ROLEX Minutentrieb Brücke cal 3035 3055 3075 3085 5003 minute pinion bridge NOS,156.42,Festpreis,18.4,0,1,156.42,30. Apr 2024,-,FALSE,terapeak_rolex_nos_p2.html
ROLEX Cellini Krone Crown 24-402402-8 18 Kt GOLD Gelbgold NOS NEW original,141.06,Festpreis,18.81,0,1,141.06,16. Dez 2023,-,FALSE,terapeak_rolex_nos_p2.html
ROLEX Tubus Dichtung Tube für Datejust GMT Master NOS 24-5330-0 original,105.69,Festpreis,6.92,0,1,105.69,31. Mrz 2026,-,FALSE,terapeak_rolex_nos_p2.html
ROLEX Schrauben cal 1135 1165 part 6772 date jumper screw 6 Stück original NOS,46.53,Festpreis,19,0,1,46.53,5. Aug 2023,-,FALSE,terapeak_rolex_nos_p2.html
ROLEX Klemmscheibe Kaliber 1520 1530 1570 part 7911 spring clip NOS original,45.75,Festpreis,6.54,0,1,45.75,2. Feb 2024,-,FALSE,terapeak_rolex_nos_p2.html
ROLEX Krone Crown 24-600-0 Stahl Datejust 16200 GMT 16750 Explorer 6 mm NOS,171,Festpreis,6.54,0,1,171,24. Aug 2023,-,FALSE,terapeak_rolex_nos_p2.html
ROLEX Trieb für Schwungmasse cal 3035 3075 - 5065 oscillating weight pinion NOS,67.13,Festpreis,6.25,0,1,67.13,24. Sep 2024,-,FALSE,terapeak_rolex_nos_p2.html
ROLEX Hemmungsrad Ankerrad cal 3135 part 410 escape wheel NOS original,92.98,Festpreis,18.78,0,1,92.98,5. Jul 2023,-,FALSE,terapeak_rolex_nos_p2.html
ROLEX Unruh cal 2130 2135 part 432 Balance Wheel complete original NOS NEW,435.46,Festpreis,45.36,0,1,435.46,6. Okt 2023,-,FALSE,terapeak_rolex_nos_p2.html
ROLEX Unruh cal 3030 3035 3055 3075 3085 part 5019 Balance Wheel original NOS,372.04,Festpreis,18.84,0,1,372.04,28. Nov 2023,-,FALSE,terapeak_rolex_nos_p2.html
ROLEX Unruh cal 2030 2035 Lady part 4432 BALANCE wheel complete original NOS NEW,409.22,Festpreis,6.66,0,1,409.22,30. Dez 2023,-,FALSE,terapeak_rolex_nos_p2.html
ROLEX Unruh cal 1601 part 1892 Balance Wheel complete original NOS NEW,272.57,Festpreis,18.8,0,1,272.57,15. Jul 2024,-,FALSE,terapeak_rolex_nos_p2.html
ROLEX Unruh cal 1601 part 1892 Balance Wheel complete original NOS NEW,271.3,Festpreis,40.7,0,1,271.3,26. Jan 2025,-,FALSE,terapeak_rolex_nos_p2.html
ROLEX Unruh cal 1400 part 2938 Balance Wheel complete original NOS NEW,250.55,Festpreis,41.76,0,1,250.55,18. Feb 2024,-,FALSE,terapeak_rolex_nos_p2.html
ROLEX Lady Medium Datumscheibe Anzeiger cal 2135 6800-2 Date Indicator Disc NOS,190.85,Festpreis,19.18,0,1,190.85,24. Sep 2024,-,FALSE,terapeak_rolex_nos_p2.html
ROLEX Auflage für Datum Anzeiger cal 2135 600 seating for date indicator NOS,159.3,Festpreis,39.83,0,1,159.3,20. Jan 2025,-,FALSE,terapeak_rolex_nos_p2.html
ROLEX Unruh Brücke cal 2130 2135 120 balance bridge puente de volante NOS,214.09,Festpreis,42.82,0,1,214.09,4. Okt 2024,-,FALSE,terapeak_rolex_nos_p2.html
ROLEX Oyster 15000 15200 Deckel Gehäuse Boden Case Back NOS mit Sticker,209.64,Festpreis,6.52,0,1,209.64,22. Okt 2024,-,FALSE,terapeak_rolex_nos_p2.html
Rolex NOS Case Back Rückdeckel 2100 für Daytona 16520 | 116520 und andere,647.03,Festpreis,0,100,1,647.03,3. Apr 2024,-,FALSE,terapeak_rolex_nos_p2.html
Rolex Original Teil Datumsrad Calibre 2035-4514 part date wheel NOS,65.96,Festpreis,5.07,0,1,65.96,7. Jul 2025,-,FALSE,terapeak_rolex_nos_p2.html
Original Rolex obere Brücke Automatik cal 1570 8109 Automatic Upper Bridge NOS,316.95,Festpreis,4.53,0,1,316.95,28. Sep 2023,-,FALSE,terapeak_rolex_nos_p2.html
ROLEX 24-604-8 1G1 NOS NEW Original TUBE KRONE CROWN  750 Gold,341.69,Festpreis,5.01,0,1,341.69,18. Okt 2023,-,FALSE,terapeak_rolex_nos_p2.html
NOS ROLEX VINTAGE FLAT GILT SUBMARINER / EXPLORER MERCEDES HAND ZEIGER HOUR,462.35,Festpreis,0,100,1,462.35,6. Nov 2023,-,FALSE,terapeak_rolex_nos_p2.html
ROLEX 5120 3055 WINKELHEBEL FEDER SPRING NOS VINTAGE PART SPARE  BLISTER PART,36,Festpreis,26.77,0,1,36,11. Sep 2023,-,FALSE,terapeak_rolex_nos_p2.html
#892 NOS NEU ORIGINAL ROLEX 1055 7123 BALANCE WHEEL UNRUH 1030 1035 1000,608.65,Festpreis,9.64,0,1,608.65,11. Mai 2026,-,FALSE,terapeak_rolex_nos_p2.html
#892 NOS NEU ORIGINAL ROLEX 1030 1035 1065 1055 7123 BALANCE WHEEL UNRUH FACTORY,500.82,Festpreis,9.52,0,1,500.82,28. Mai 2026,-,FALSE,terapeak_rolex_nos_p2.html
#892 NOS NEU ORIGINAL ROLEX 1055 7123 BALANCE WHEEL UNRUH FACTORY SEALED OLD,581.8,Festpreis,60.03,0,1,581.8,21. Sep 2023,-,FALSE,terapeak_rolex_nos_p2.html
#892 NOS NEU ORIGINAL ROLEX 1220 7625 BALANCE WHEEL UNRUH FACTORY SEALED 1225,405.35,Festpreis,28.96,0,1,405.35,29. Jul 2025,-,FALSE,terapeak_rolex_nos_p2.html
#892 NOS NEU ORIGINAL ROLEX 1055 7123 BALANCE WHEEL UNRUH DAY DATE 6611 6611B,601.98,Festpreis,75.24,0,1,601.98,21. Jan 2026,-,FALSE,terapeak_rolex_nos_p2.html
#892 NOS NEU ORIGINAL ROLEX 1055 7123 BALANCE WHEEL UNRUH 1030 1035 SUBMARINER,498.58,Festpreis,38.89,0,1,498.58,16. Jun 2026,-,FALSE,terapeak_rolex_nos_p2.html
#892 NOS NEU ORIGINAL ROLEX 745 10 1/2 BIG BUBBLEBACK BALANCE WHEEL HAIRSPRING,434.89,Festpreis,60.85,0,1,434.89,23. Nov 2023,-,FALSE,terapeak_rolex_nos_p2.html
#892 NOS NEU WORKING ROLEX 745 10 1/2 BIG BUBBLEBACK BALANCE WHEEL HAIRSPRING,658.38,Festpreis,6.55,0,1,658.38,28. Nov 2023,-,FALSE,terapeak_rolex_nos_p2.html
#892 NOS NEU WORKING ROLEX 745 10 1/2 BIG BUBBLEBACK BALANCE WHEEL HAIRSPRING,632.51,Festpreis,26.24,0,1,632.51,16. Okt 2023,-,FALSE,terapeak_rolex_nos_p2.html
#893 NOS NEU ORIGINAL ROLEX 1220 1225 7625 BALANCE WHEEL UNRUH FACTORY SEALED,375.16,Festpreis,22.25,0,1,375.16,11. Okt 2023,-,FALSE,terapeak_rolex_nos_p2.html
#896 NOS NEU ORIGINAL ROLEX 1030 1035 1055 7123 BALANCE COMPLETE WHEEL UNRUH NEW,605.21,Festpreis,75.65,0,1,605.21,15. Mai 2026,-,FALSE,terapeak_rolex_nos_p2.html
#896 NOS ORIGINAL ROLEX 1030 6932 BALANCE WHEEL UNRUH FACTORY ORIGINAL OLD,736.82,Festpreis,95.13,0,1,736.82,4. Sep 2024,-,FALSE,terapeak_rolex_nos_p2.html
#892 NOS NEU BROKEN ROLEX 745 10 1/2 BIG BUBBLEBACK BALANCE WHEEL HAIRSPRING,406.6,Festpreis,60.61,0,1,406.6,21. Feb 2024,-,FALSE,terapeak_rolex_nos_p2.html
#1347 NOS ROLEX PIN OYSTERQUARTZ 17000 17000B 17010 BANDGLIED LINK EDELSTAHL,208.32,Festpreis,26.27,0,2,416.64,26. Feb 2025,-,FALSE,terapeak_rolex_nos_p2.html
"#1431 ORIGINAL ROLEX CAL. 13 """" 727 - 225E  WHEEL NEW NOS BLIST",236.22,Festpreis,63.98,0,1,236.22,12. Jun 2025,-,FALSE,terapeak_rolex_nos_p2.html
"#1431 ORIGINAL ROLEX CAL. 13 """" 72a - 8000A SECOND RECORD  WHEEL NEW NOS BLIST",445.06,Festpreis,64.29,0,1,445.06,19. Jun 2025,-,FALSE,terapeak_rolex_nos_p2.html
"#1431 ORIGINAL ROLEX CAL. 13 """" 727 - 770E ZUGFEDER MAINSPRING NEW NOS BLIST",180.84,Festpreis,6.28,0,1,180.84,12. Dez 2024,-,FALSE,terapeak_rolex_nos_p2.html
"#1431 ORIGINAL ROLEX CAL. 13 """" 72A 420A KRONRAD CROWN WHEEL NEW NOS BLIST",176.52,Festpreis,57.37,0,1,176.52,14. Jan 2025,-,FALSE,terapeak_rolex_nos_p2.html
"#1431 ORIGINAL ROLEX CAL. 13 """" 72A 420A KRONRAD CROWN WHEEL NEW NOS BLIST",201.29,Festpreis,65.42,0,1,201.29,29. Aug 2025,-,FALSE,terapeak_rolex_nos_p2.html
#1382 NOS ROLEX PIN OYSTERQUARTZ 17000 17000B 17010 BANDGLIED LINK EDELSTAHL,177.49,Festpreis,57.69,0,1,177.49,17. Jan 2025,-,FALSE,terapeak_rolex_nos_p3.html
"#1495 ORIGINAL ROLEX CAL. 13 """" 72A - 770A ZUGFEDER MAINSPRING NEW NOS BLIST",198.23,Festpreis,64.42,0,1,198.23,18. Mrz 2026,-,FALSE,terapeak_rolex_nos_p3.html
"#1495 ORIGINAL ROLEX CAL. 13 """" 72A - 770A ZUGFEDER MAINSPRING NEW NOS BLIST",202.83,Festpreis,65.92,0,1,202.83,29. Dez 2025,-,FALSE,terapeak_rolex_nos_p3.html
"#1495 ORIGINAL ROLEX CAL. 13 """" 72A - 195A FEDERKERN NEW NOS BLIST",180.68,Festpreis,6.28,0,1,180.68,4. Mrz 2025,-,FALSE,terapeak_rolex_nos_p3.html
#892 NOS NEU ORIGINAL ROLEX 1055 7123 BALANCE WHEEL UNRUH FACTORY SEALED OLD,475.55,Festpreis,65.08,0,1,475.55,16. Nov 2025,-,FALSE,terapeak_rolex_nos_p3.html
#1834 NEU ROLEX 25-37 TROPIC ARYLGLAS 37 DOMED ACRYLIC CRYSTAL NOS BLISTER,201.69,Festpreis,7.01,0,1,201.69,25. Apr 2026,-,FALSE,terapeak_rolex_nos_p3.html
#2024 NEU / NOS ORIGINAL ROLEX 1600 1601 1603 ZEIGER SCHWARZ BUCKLEY BLACK HANDS,439.33,Festpreis,65.35,0,1,439.33,31. Mai 2026,-,FALSE,terapeak_rolex_nos_p3.html
"Original Rolex Krone 6 mm Stahl für Ref. 1400, 1500, 1600, 16000 gebraucht",92.03,Festpreis,7.92,47,40,3680.91,27. Nov 2025,-,FALSE,terapeak_rolex_original_p1.html
Original Rolex Siegel Chronometer Schild alt (108),21.06,Festpreis,5.82,58,23,484.5,24. Sep 2024,-,FALSE,terapeak_rolex_original_p1.html
"Original Rolex Krone 5,3 mm Stahl für Ref. 14000, 6694, 15200 gebraucht",101.48,Festpreis,6.83,57,14,1420.72,20. Feb 2026,-,FALSE,terapeak_rolex_original_p1.html
Original Rolex Siegel Chronometer Schild,16.99,Festpreis,4.76,62,14,237.88,8. Dez 2025,-,FALSE,terapeak_rolex_original_p1.html
#1252 ORIGINAL ROLEX 3135 DATUMSSCHEIBE DATE DISC WEIß WHITE 3130 3175,123.52,Festpreis,15.89,0,12,1482.27,26. Mai 2026,-,FALSE,terapeak_rolex_original_p1.html
Rolex Tag Rot Grün Hologramm Vintage Zubehör Typ auswählen Original,7.36,Festpreis,14.08,0,65,477.97,17. Jan 2026,-,FALSE,terapeak_rolex_original_p1.html
Original Rolex Krone 6 mm Stahl für GMT und Explorer B24-603-0-G1 gebraucht,121.66,Festpreis,5.96,10,12,1460,29. Apr 2026,-,FALSE,terapeak_rolex_original_p1.html
Original ROLEX 3135 Weiß white Datumsscheibe Date Disc Submariner Datejust,66.84,Festpreis,20.68,0,10,668.46,21. Feb 2024,-,FALSE,terapeak_rolex_original_p1.html
#1290 ORIGINAL ROLEX HANG TAG HOLOGRAMM DATEJUST SUBMARINER GMT SIEGEL ANHÄNGER,18.39,Festpreis,7.01,80,12,220.75,6. Sep 2025,-,FALSE,terapeak_rolex_original_p1.html
Original Rolex Anker Für Submariner 1000 FT - 300 M Vintage Aus 80er,86.87,Festpreis,5.99,56,9,781.87,8. Mai 2026,-,FALSE,terapeak_rolex_original_p1.html
ROLEX Date 15200 Air-King 14000 34 mm glatte Lünette Stahl Bezel Steel original,116.1,Festpreis,13.97,0,8,928.8,18. Feb 2025,-,FALSE,terapeak_rolex_original_p1.html
Original Rolex Krone 7mm Stahl für Submariner 5513 / 5512,118.55,Festpreis,5.64,13,9,1067,24. Apr 2025,-,FALSE,terapeak_rolex_original_p1.html
#A19 NEU ORIGINAL ROLEX BANDGLIED GLIED OYSTER EXPLORER 214270 216570 116610LN,106.74,Festpreis,6.65,0,10,1067.42,1. Apr 2026,-,FALSE,terapeak_rolex_original_p1.html
ROLEX Datejust 1600 1601 16000 36 mm Lünette Bezel f. Plexi Stahl Steel original,130.43,Festpreis,20.56,0,7,913.03,10. Mai 2026,-,FALSE,terapeak_rolex_original_p1.html
#1302 ORIGINAL ROLEX 3035 - 5008 FEDERHAUS BARREL COMPLETE FEDERKERN ZUGFEDER,39.35,Festpreis,15.76,0,7,275.48,10. Jan 2026,-,FALSE,terapeak_rolex_original_p1.html
ROLEX DATEJUST 604 24-603-8 GMT Original TUBE KRONE CROWN GOLD SET 6mm,156.09,Festpreis,12.22,0,6,936.55,22. Feb 2024,-,FALSE,terapeak_rolex_original_p1.html
ORIGINAL ROLEX HANG TAG Chronometer rot weiß Faden Siegel grün Hologram Swiss,23.71,Festpreis,0,100,6,142.24,5. Feb 2026,-,FALSE,terapeak_rolex_original_p1.html
"Original ROLEX Lünetten-Klickfeder B317-16628-D5 für 16622, 16628, 1670 ,16710",55.61,Festpreis,8.87,83,6,333.65,8. Mai 2025,-,FALSE,terapeak_rolex_original_p1.html
ROLEX Datejust 16200 16220 36 mm glatte Lünette Stahl Bezel Steel original,144.61,Festpreis,8.42,0,6,867.68,10. Jul 2024,-,FALSE,terapeak_rolex_original_p1.html
ROLEX Zeigerstellrad cal 3135 3155 3175 3185 part 250 SETTING WHEEL original,27.69,Festpreis,15.08,0,7,193.8,17. Okt 2025,-,FALSE,terapeak_rolex_original_p1.html
Original Rolex Krone 6 mm Gold für GMT B24-603-8-G1 neu,303.76,Festpreis,21.76,50,10,3037.6,11. Jun 2026,-,FALSE,terapeak_rolex_original_p1.html
"Original Rolex Krone Stahl 6 mm Crown Steel for 1400, 1500, 1600, 16000",112.04,Festpreis,11.24,0,6,672.22,3. Okt 2024,-,FALSE,terapeak_rolex_original_p1.html
Original ROLEX Glasdichtung - verschiedene Größen,44.55,Festpreis,9.11,80,5,222.75,28. Jan 2026,-,FALSE,terapeak_rolex_original_p1.html
"Original Rolex Glied Oyster Stahl 15,5mm Satiniert Top Zustand",61.78,Festpreis,5.51,0,5,308.91,16. Dez 2024,-,FALSE,terapeak_rolex_original_p1.html
Original ROLEX 3035 Weiß white Datumsscheibe Date Disc Part Submariner Datejust,70.45,Festpreis,6.48,0,5,352.29,13. Mrz 2024,-,FALSE,terapeak_rolex_original_p1.html
"#A19 NEU ORIGINAL ROLEX 15,4mm BANDGLIED OYSTER SUBMARINER 116610 114060 97200",95.21,Festpreis,18.73,0,6,571.25,12. Jun 2026,-,FALSE,terapeak_rolex_original_p1.html
#A19 NEU ORIGINAL ROLEX BANDGLIED GLIED OYSTER OYSTER PERPETUAL OP 124300 LINK,93.26,Festpreis,22.57,0,6,559.56,7. Mai 2026,-,FALSE,terapeak_rolex_original_p1.html
#1438 ORIGINAL ROLEX OYSTER PUSHER DRÜCKER STAHL 116520 16520 DAYTONA EDELSTAHL,244.79,Festpreis,24.17,0,5,1223.94,22. Apr 2026,-,FALSE,terapeak_rolex_original_p1.html
"ROLEX Bubbleback 241 24-5-1 18k GOLD Original KRONE CROWN 5,2mm",261.8,Festpreis,18.52,0,4,1047.19,9. Jun 2024,-,FALSE,terapeak_rolex_original_p1.html
"ROLEX Datejust 24 530 8 Lady TUBE 18k GOLD Original KRONE CROWN 5,3mm Tubus",156.48,Festpreis,8.04,0,4,625.89,16. Okt 2025,-,FALSE,terapeak_rolex_original_p1.html
ROLEX Welle für Unruh Unruhwelle axle for balance cal 1130 1120 6632 original,43.89,Festpreis,9.55,0,5,219.41,30. Mai 2025,-,FALSE,terapeak_rolex_original_p1.html
"Original Rolex Glied Oyster Stahl 15,5mm",70.2,Festpreis,4.57,0,4,280.8,13. Dez 2024,-,FALSE,terapeak_rolex_original_p1.html
ROLEX Umkehrrad cal 3035 3055 3085 part 5068 REVERSING WHEELS 2 Stück original,89.29,Festpreis,12.93,0,4,357.16,11. Mrz 2026,-,FALSE,terapeak_rolex_original_p1.html
ROLEX Kalenderrad Datumsrad cal 2030 2035 part 4514 date wheel original,57.39,Festpreis,10.15,0,4,229.57,16. Feb 2026,-,FALSE,terapeak_rolex_original_p1.html
ROLEX Day-Date Sternrad für Uhrwerk cal 3055 5055 part 5131 Star Wheel original,69.26,Festpreis,9.57,0,4,277.02,2. Jan 2024,-,FALSE,terapeak_rolex_original_p1.html
ROLEX Sperrad cal 3135 3155 3175 3185 part 305 RATCHET WHEEL rochet original,45.74,Festpreis,12.81,0,4,182.93,18. Jun 2025,-,FALSE,terapeak_rolex_original_p1.html
ROLEX Oyster Glied Stahl Bracelet LINK 14 mm für Explorer Air King original,55.96,Festpreis,6.44,0,5,279.78,3. Feb 2024,-,FALSE,terapeak_rolex_original_p1.html
ROLEX Datejust 1600 1601 1602 Plexi Krone Crown Edelstahl Steel Ø 6 mm original,123.64,Festpreis,14.86,0,4,494.53,19. Mrz 2024,-,FALSE,terapeak_rolex_original_p1.html
ROLEX Datejust Jubilee Armband Glied Stahl Bracelet LINK Steel 15.5mm original,49.05,Festpreis,9.6,0,4,196.17,13. Feb 2024,-,FALSE,terapeak_rolex_original_p1.html
Original Rolex Krone 7 mm Gold für Submariner B24-703-8-G1 neu,298.08,Festpreis,0,100,4,1192.34,15. Sep 2025,-,FALSE,terapeak_rolex_original_p1.html
Original Rolex Krone GMT 6 mm Gold B24 603 8 G1 gebraucht,199.34,Festpreis,6.55,50,4,797.34,19. Mai 2026,-,FALSE,terapeak_rolex_original_p1.html
ROLEX Obere Brücke für Automatik Lady cal 2135 part 140 upper bridge original,75.2,Festpreis,42.3,0,1,75.2,2. Dez 2023,-,FALSE,terapeak_rolex_original_p10.html
ROLEX Zwischen Kronrad intermediate crown wheel cal 3035 part 5031 original,30.46,Festpreis,6.46,0,1,30.46,10. Sep 2023,-,FALSE,terapeak_rolex_original_p10.html
ROLEX Datum Zwischenrad cal 3135 part 670 DATE WHEEL intermediate original,69.94,Festpreis,18.65,0,1,69.94,6. Jul 2024,-,FALSE,terapeak_rolex_original_p10.html
ROLEX Datejust Oyster Swimpruf Hang Tag Preisschild grün green Hangtag original,42.08,Festpreis,18.7,0,1,42.08,3. Apr 2025,-,FALSE,terapeak_rolex_original_p10.html
ROLEX Datejust Medium Mid Size 31 mm glatte Lünette Stahl Bezel Steel original,101.01,Festpreis,7.07,0,1,101.01,21. Jan 2026,-,FALSE,terapeak_rolex_original_p10.html
ROLEX Federhaus Federwelle cal 1530 1570 part 7827 7826 BARREL Arbor original,61.86,Festpreis,6.66,0,1,61.86,30. Dez 2023,-,FALSE,terapeak_rolex_original_p10.html
ROLEX Daytona Zenith Mitnehmerrad Driving wheel cal 4030 part 8060 original,80.11,Festpreis,40.05,0,2,160.22,2. Apr 2026,-,FALSE,terapeak_rolex_original_p10.html
ROLEX Schraube für Sperrad cal 3135 part 5210 Ratchet Wheel Screw original,23.33,Festpreis,6.53,0,1,23.33,10. Mrz 2025,-,FALSE,terapeak_rolex_original_p10.html
ROLEX Datejust Jubilee Armband Glied Stahl Bracelet link Steel 15.5mm original,55.83,Festpreis,18.61,0,1,55.83,3. Feb 2024,-,FALSE,terapeak_rolex_original_p10.html
ROLEX Lady Datejust Krone 18 KT ROSE GOLD Everose gold crown Ø5 mm original,127.34,Festpreis,6.7,0,1,127.34,24. Jul 2023,-,FALSE,terapeak_rolex_original_p10.html
ROLEX Cellini Krone 750 Weißgold Crown 18 kt White Gold 5 mm original vintage,136.57,Festpreis,18.21,0,1,136.57,7. Dez 2024,-,FALSE,terapeak_rolex_original_p10.html
ROLEX Oysterquartz Bügel für Batterie cal. 5035 6013 bridle for battery original,99.32,Festpreis,7.02,0,1,99.32,15. Jan 2026,-,FALSE,terapeak_rolex_original_p10.html
ROLEX Spiralklötzchen Träger cal 3135 part 450 STUD SUPPORT with screw original,77.36,Festpreis,41.44,0,1,77.36,20. Sep 2023,-,FALSE,terapeak_rolex_original_p10.html
ROLEX Spiralklötzchen Träger cal 1555 1560 1565 GMT 7977 STUD HOLDER original,126.77,Festpreis,43.21,0,1,126.77,22. Jul 2023,-,FALSE,terapeak_rolex_original_p10.html
ROLEX Datejest 1600 1601 1602 36 mm glatte Lünette Stahl BEZEL Steel original,141.18,Festpreis,6.59,0,1,141.18,20. Jun 2023,-,FALSE,terapeak_rolex_original_p10.html
ROLEX Aufzugwelle für Krone cal 1530 1570 part 7869 Winding Stem original 2 Stck,38.42,Festpreis,43.23,0,1,38.42,25. Sep 2024,-,FALSE,terapeak_rolex_original_p10.html
ROLEX Daytona Sperrad cal 4130 part 305 RATCHET WHEEL rochet original,51.78,Festpreis,18.82,0,1,51.78,3. Aug 2023,-,FALSE,terapeak_rolex_original_p10.html
ROLEX Kleinbodenrad cal 1210 1220 part 7507 Third Wheel original vintage,73.75,Festpreis,6.53,0,1,73.75,2. Mrz 2024,-,FALSE,terapeak_rolex_original_p10.html
ROLEX Anstoß Paar End Links Anstösse 557 für Oysterband 78350 19 mm original,177.45,Festpreis,6.37,0,1,177.45,29. Sep 2023,-,FALSE,terapeak_rolex_original_p10.html
ROLEX GMT 1675 Rootbeer Lünette INLAY Bezel Insert Tigerauge Bronze original,359.98,Festpreis,6.58,0,1,359.98,3. Jul 2023,-,FALSE,terapeak_rolex_original_p10.html
ROLEX Submariner Perle Tritium Pearl Pip Dot for Bezel  Ref 16803 16808 original,112.34,Festpreis,18.72,0,1,112.34,21. Okt 2024,-,FALSE,terapeak_rolex_original_p10.html
ROLEX Submariner Perle Tritium Pearl Pip Dot for Bezel  Ref 16803 16808 original,164.78,Festpreis,18.31,0,1,164.78,5. Mrz 2025,-,FALSE,terapeak_rolex_original_p10.html
ROLEX Unruh mit Spirale für cal 1520 1525 part 8055 BALANCE WHEEL original,388.77,Festpreis,20.37,0,1,388.77,2. Apr 2024,-,FALSE,terapeak_rolex_original_p10.html
ROLEX Automatik Baugruppe cal 3035 5060 AUTOMATIC DEVICE module original,520.28,Festpreis,55.84,0,1,520.28,14. Mai 2024,-,FALSE,terapeak_rolex_original_p10.html
ROLEX Unruh cal 2030 2035 Lady part 4432 BALANCE wheel complete original,341.34,Festpreis,18.45,0,1,341.34,6. Sep 2023,-,FALSE,terapeak_rolex_original_p10.html
ROLEX GMT Master COKE Lünette INLAY Bezel Insert Ref 16710 16760 16700 original,191.12,Festpreis,6.72,0,1,191.12,21. Jul 2023,-,FALSE,terapeak_rolex_original_p10.html
ROLEX GMT Master COKE Lünette INLAY Bezel Insert Ref 16710 16760 16700 original,127.6,Festpreis,18.23,0,1,127.6,29. Okt 2023,-,FALSE,terapeak_rolex_original_p10.html
ROLEX 18 kt Gold Tubus Tube for Day Date Datejust crown original Ø 3.7 / 2.8 mm,126.26,Festpreis,6.55,0,1,126.26,29. Jul 2024,-,FALSE,terapeak_rolex_original_p10.html
ROLEX Obere Brücke für Automatik cal 3035 part 5061 upper bridge original,118.17,Festpreis,6.62,0,1,118.17,21. Dez 2023,-,FALSE,terapeak_rolex_original_p10.html
ROLEX Obere Brücke für Automatik Lady cal 2130 part 140 upper bridge original,117.92,Festpreis,6.61,0,1,117.92,16. Jan 2024,-,FALSE,terapeak_rolex_original_p10.html
ROLEX GMT Master COKE Lünette INLAY Bezel Insert Ref 16710 16760 16700 original,187.71,Festpreis,6.47,0,1,187.71,6. Nov 2023,-,FALSE,terapeak_rolex_original_p11.html
ROLEX Lady Damen Deckel Gehäuse Boden Case Back 69000A Steel Stahl original,144.29,Festpreis,18.62,0,1,144.29,6. Dez 2023,-,FALSE,terapeak_rolex_original_p11.html
ROLEX Federhausbrücke Barrel Bridge cal 3035 3055 3075 3085 part 5001 original,142.31,Festpreis,6.56,0,1,142.31,5. Apr 2024,-,FALSE,terapeak_rolex_original_p11.html
ROLEX Schließe Faltschließe Folding Clasp 1965 für 7206 Rivet original vintage,253.15,Festpreis,42.19,0,1,253.15,20. Jan 2024,-,FALSE,terapeak_rolex_original_p11.html
"ROLEX Wippe für Nullsteller cal 13"" 72A part 8180A yoke for fly back original",101.11,Festpreis,20.22,0,1,101.11,13. Mai 2026,-,FALSE,terapeak_rolex_original_p11.html
ROLEX Schließe Faltschließe 93150 Folding Clasp Submariner original 1998,277.21,Festpreis,6.47,0,1,277.21,6. Feb 2024,-,FALSE,terapeak_rolex_original_p11.html
ROLEX Medium Mid Size glatte Lünette Smooth Bezel Stahl Steel Ø 29 mm original,88.5,Festpreis,19.67,0,1,88.5,1. Aug 2025,-,FALSE,terapeak_rolex_original_p11.html
ROLEX Anker Ankerbrücke pallet fork bridge cal 2030 2035 part 4414 4430 original,149.47,Festpreis,6.58,0,1,149.47,8. Apr 2025,-,FALSE,terapeak_rolex_original_p11.html
ROLEX Sky Dweller Schrauben Feder für Lünette Click Spring for Bezel original,175.45,Festpreis,45.12,0,1,175.45,9. Dez 2025,-,FALSE,terapeak_rolex_original_p11.html
ROLEX Anstösse End Links Endlink Paar 501B für Submariner GMT 20 mm original,237.66,Festpreis,6.52,0,1,237.66,22. Mrz 2025,-,FALSE,terapeak_rolex_original_p11.html
ROLEX 25-12 Tropic Glas Plexi Plexiglas acrylic crystal Ref 1002 1003 original,112.94,Festpreis,19.45,0,1,112.94,29. Mai 2025,-,FALSE,terapeak_rolex_original_p11.html
ROLEX 25-9 Tropic Glas Plexi Plexiglas acrylic crystal Ref 6444 6244 original,96.53,Festpreis,17.88,0,1,96.53,2. Mrz 2025,-,FALSE,terapeak_rolex_original_p11.html
ROLEX Day Date President Glied Bracelet Link 18 KT 750 Gold 16 mm original,310.14,Festpreis,6.79,0,1,310.14,10. Mai 2025,-,FALSE,terapeak_rolex_original_p11.html
ROLEX Jubilee Armband Glied Bracelet Link 18 KT 750 Gold 16 mm GMT original,404.36,Festpreis,7.07,0,1,404.36,16. Sep 2025,-,FALSE,terapeak_rolex_original_p11.html
ROLEX Daytona Glas Saphirglas Crystal Glass mit Titan Ring 25-7000 Logo original,212.97,Festpreis,20,0,1,212.97,23. Aug 2025,-,FALSE,terapeak_rolex_original_p11.html
"ORIGINAL ROLEX-Siegel, Hang Tag Maurice Lacroix & OMEGA (siehe Foto)",19.51,Auktion,0,100,1,19.51,14. Apr 2025,1,FALSE,terapeak_rolex_original_p11.html
ROLEX Daytona Glas Saphirglas Crystal Glass mit Titan Ring 25-7000 Logo original,204.56,Festpreis,20.06,0,1,204.56,28. Aug 2025,-,FALSE,terapeak_rolex_original_p11.html
ROLEX Automatik Baugruppe komplett cal 1570 8110 automatic module unit original,490.93,Festpreis,58.91,0,1,490.93,9. Jun 2025,-,FALSE,terapeak_rolex_original_p11.html
ROLEX Obere Brücke für Automatik Modul cal 1560 1565 7986 Upper bridge original,202.06,Festpreis,20.2,0,1,202.06,1. Okt 2025,-,FALSE,terapeak_rolex_original_p11.html
Original Rolex 16610 / 16800 Inlay,243.72,Festpreis,6.03,0,1,243.72,24. Apr 2025,-,FALSE,terapeak_rolex_original_p11.html
ROLEX Datejust 16200 16220 36 mm Lünette Bezel Engine Turned Stahl SS original,136.26,Festpreis,6.81,0,1,136.26,6. Mai 2025,-,FALSE,terapeak_rolex_original_p11.html
Original ROLEX Jubilee Stahlband 62610 für Rolex Datejust 41 (126300),1162.01,Festpreis,6,0,1,1162.01,21. Mai 2025,-,FALSE,terapeak_rolex_original_p11.html
Original ROLEX Submariner Inlay BEZEL Lünette Blue Blau 16613 #1,22.4,Auktion,4.02,0,1,22.4,11. Jul 2025,1,FALSE,terapeak_rolex_original_p11.html
Original ROLEX Submariner Inlay BEZEL Lünette Blue Blau 16613 #2,33.72,Auktion,16.18,0,1,33.72,27. Jul 2025,1,FALSE,terapeak_rolex_original_p11.html
Rolex Submariner Glied Geschliffen Neu original,65.58,Festpreis,2.93,0,1,65.58,2. Sep 2025,-,FALSE,terapeak_rolex_original_p11.html
ROLEX Hang Tag Siegel Rot 3 Crown Hologram Anhänger original,20.21,Festpreis,7.07,0,1,20.21,11. Apr 2026,-,FALSE,terapeak_rolex_original_p11.html
ROLEX 24-704-0 KRONE Original CROWN STAHL OYSTER TRIPLOCK 7mm SUBMARINER,39.32,Auktion,6.24,0,1,39.32,27. Sep 2025,1,FALSE,terapeak_rolex_original_p11.html
ROLEX Submariner Perle Tritium Pearl Pip Dot for Bezel Ref 16800 16610 original,149.46,Festpreis,44.84,0,1,149.46,8. Nov 2025,-,FALSE,terapeak_rolex_original_p11.html
ROLEX - Kugelschreiber - Neu & original verpackt (siehe Foto),80.25,Auktion,8.03,0,1,80.25,29. Okt 2025,1,FALSE,terapeak_rolex_original_p11.html
"Rolex Original Gebraucht 1570, 1575 Komplett Unruh Gebrauchter Zustand Funkti...",454.77,Festpreis,34.07,0,1,454.77,16. Mrz 2026,-,FALSE,terapeak_rolex_original_p11.html
ROLEX Aufzug Brücke cal 3175 - 130 Winding bridge Platine original,176.83,Festpreis,50.52,0,1,176.83,13. Apr 2026,-,FALSE,terapeak_rolex_original_p11.html
Rolex Daytona Bakelite Lünette Bezel Ref: 6263 6264 6265 6240 original vintage,465.91,Festpreis,0,100,1,465.91,24. Mrz 2024,-,FALSE,terapeak_rolex_original_p11.html
"ROLEX Datejust Lady, ORIGINAL Krone,  24-530-8 ,TUBE 18k GOLD CROWN 5,3mm Tubus",73.9,Auktion,0,100,1,73.9,13. Jun 2024,2,FALSE,terapeak_rolex_original_p11.html
Original Neu Rolex Datejust 16233 16013 18KYG SS Uhrenarmband Armband Link #342,146.85,Festpreis,26.34,0,1,146.85,13. Mai 2025,-,FALSE,terapeak_rolex_original_p11.html
Original Rolex Krone 6 mm Stahl B24-604-0-G1 gebraucht,20.25,Festpreis,2.58,0,1,20.25,25. Jul 2025,-,FALSE,terapeak_rolex_original_p11.html
"Original Rolex Krone 6 mm Stahl für Ref. 1400, 1500, 1600, 16000 gebraucht",78.64,Festpreis,5.44,0,1,78.64,28. Sep 2025,-,FALSE,terapeak_rolex_original_p11.html
Original Rolex Datejust 179174 Link 12mm unbenutzt neuwertig,134,Festpreis,0,100,1,134,13. Jan 2026,-,FALSE,terapeak_rolex_original_p11.html
Original neues ROLEX Oyster Armband Glieder SS 13mm polierte Seite Jungen 177200,76.9,Festpreis,0,100,1,76.9,14. Apr 2026,-,FALSE,terapeak_rolex_original_p11.html
Original Neu ROLEX Damen Datejust 69173 79173 Band 3 Glieder 10mm 62523D Jubilee,420.8,Festpreis,0,100,1,420.8,29. Apr 2026,-,FALSE,terapeak_rolex_original_p11.html
Rolex Original Werkzeug für Datumschaltrad montieren,54.91,Festpreis,27.46,0,1,54.91,13. Nov 2024,-,FALSE,terapeak_rolex_original_p11.html
"Original Rolex Oyster Glied 15,5 mm Submariner GMT",43.98,Festpreis,0,100,1,43.98,24. Nov 2024,-,FALSE,terapeak_rolex_original_p11.html
Hang Tag Hangtag Original Rolex Omega Swiss Geneva Watch Siegel No Breitling,13.57,Auktion,4.52,0,1,13.57,25. Jan 2025,1,FALSE,terapeak_rolex_original_p11.html
Original Vintage Rolex Kronen Stahl 6 Stück gebraucht,41.37,Auktion,0,100,1,41.37,26. Mrz 2025,5,FALSE,terapeak_rolex_original_p11.html
Rolex Original Präsident Goldband 2 Verlängerungsglieder 10mm Breit 18K 750 Gold,152.74,Auktion,0,100,1,152.74,18. Dez 2025,9,FALSE,terapeak_rolex_original_p11.html
Original Rolex Endlink 571 mit 19 mm Bandanstoss circa aus den 70´er Jahren !!!,25.56,Auktion,6.33,0,1,25.56,15. Feb 2026,1,FALSE,terapeak_rolex_original_p11.html
"Rolex Swiss Made Geneva Kalender original 2002 2003 grün weiß, sehr gut Sammler!",13.93,Festpreis,5.96,0,1,13.93,22. Mrz 2026,-,FALSE,terapeak_rolex_original_p12.html
"Original Krone Rolex B24-600-8-G1 ,gold corona crown, 102163914, OVP",205.87,Festpreis,5.13,0,1,205.87,17. Okt 2024,-,FALSE,terapeak_rolex_original_p12.html
Rolex Werkzeug original    Ref. 2100,160.16,Festpreis,4.88,0,1,160.16,9. Feb 2025,-,FALSE,terapeak_rolex_original_p12.html
Vintage Rolex original green hang tag big crown Datejust,25.39,Festpreis,4.52,0,1,25.39,1. Jul 2025,-,FALSE,terapeak_rolex_original_p12.html
Original Rolex Krone 6 mm Gold für Date Just B24-604-8-1-G1 neu,295.33,Festpreis,6.18,0,1,295.33,19. Nov 2025,-,FALSE,terapeak_rolex_original_p12.html
Original Rolex Krone 6 mm Gold für Date Just B24-604-8-1-G1 neu,298.84,Festpreis,6.25,0,1,298.84,5. Jan 2026,-,FALSE,terapeak_rolex_original_p12.html
Original Rolex Krone 6 mm Gold für Date Just  oder Date B24-600-8-G1 neu,339.83,Festpreis,0,100,1,339.83,21. Sep 2023,-,FALSE,terapeak_rolex_original_p12.html
Original Rolex Lünette Bezel  für Explorer 16570 / 16550 Stahl / 104,274.13,Festpreis,15.8,0,1,274.13,12. Feb 2024,-,FALSE,terapeak_rolex_original_p12.html
"Original Rolex Tubus + Dichtung B24-5330-0-G1, in Originalverpackung, versiegelt",38.71,Festpreis,11.61,0,1,38.71,18. Jul 2023,-,FALSE,terapeak_rolex_original_p12.html
Original Rolex Lünette Bezel für Explorer 16570 / 16550 Stahl / 104,276.76,Festpreis,0,100,1,276.76,22. Jul 2024,-,FALSE,terapeak_rolex_original_p12.html
Original Rolex Lünette Bezel für Explorer 16570 / 16550 Stahl / 104,225.11,Festpreis,17.08,0,1,225.11,9. Jan 2026,-,FALSE,terapeak_rolex_original_p12.html
Rolex Schlüsselanhänger Original Keychain,80.48,Festpreis,4.69,0,1,80.48,17. Aug 2024,-,FALSE,terapeak_rolex_original_p12.html
Original Rolex Krone 7mm Stahl für Submariner 16 610 / Daytona 16 520,41.98,Auktion,5.77,0,1,41.98,31. Mrz 2025,1,FALSE,terapeak_rolex_original_p12.html
"Rolex 18k Roségold Link/Element 228235 Day-Date 40 President 17,2mm Original",415.95,Festpreis,6.14,0,1,415.95,22. Jun 2025,-,FALSE,terapeak_rolex_original_p12.html
Original Rolex Lünette für GMT  Rot / Schwarz 315-16700  gebraucht gute erhalten,338.59,Festpreis,0,100,1,338.59,22. Mai 2026,-,FALSE,terapeak_rolex_original_p12.html
Original Rolex Lünette für Submariner ohne Datum Stahl 315-14060 -81 NEU,298.76,Festpreis,0,100,1,298.76,25. Mai 2026,-,FALSE,terapeak_rolex_original_p12.html
ROLEX Cal 282 Basic Cal 270 Winding Stem/Aufzugwelle Gew 0.9m TIGE Original Neu,28.45,Festpreis,8.75,0,1,28.45,8. Nov 2025,-,FALSE,terapeak_rolex_original_p12.html
ROLEX Gold Crown Cal 282 Basic C 270 Winding Stem/Aufzugwelle Gew 0.9m Original,28.71,Festpreis,0,100,1,28.71,21. Okt 2025,-,FALSE,terapeak_rolex_original_p12.html
Original Rolex Krone 6 mm Gold für Date Just B24-604-8-1-G1 neu,316.9,Festpreis,7.06,0,1,316.9,24. Apr 2026,-,FALSE,terapeak_rolex_original_p12.html
"Original Bandglied/Ersatzglied für ROLEX Oysterband ca.  15,5mm Edelstahl massiv",91.04,Festpreis,0,100,1,91.04,6. Okt 2025,-,FALSE,terapeak_rolex_original_p12.html
Original Rolex Krone Date Just 6 mm Gold B24 600 8 G1 gebraucht,197.89,Festpreis,0,100,1,197.89,7. Apr 2026,-,FALSE,terapeak_rolex_original_p12.html
ROLEX B5068-Y1 Original Cal 3035 Reversing Wheel Neu/new,109.6,Festpreis,8.73,0,1,109.6,12. Mai 2026,-,FALSE,terapeak_rolex_original_p12.html
ROLEX HERREN ARMBAND ERSATZGLIED OYSTER STAHL/STAHL 126610 Halbes Glied Original,49.62,Festpreis,6.14,0,1,49.62,28. Mrz 2026,-,FALSE,terapeak_rolex_original_p12.html
ORIGINAL ROLEX 78353 CLASP CONNECTOR GLIED OYSTER LINK MASSIV BICOLOR,61.06,Festpreis,4.97,0,1,61.06,15. Dez 2024,-,FALSE,terapeak_rolex_original_p12.html
"Rolex Krone 24-604-8, Original, 750 Gelbgold",134.65,Festpreis,6.18,0,1,134.65,25. Mrz 2026,-,FALSE,terapeak_rolex_original_p12.html
Original Rolex Lünette für Submariner ohne Datum 315-14060-181 NEU,260.39,Festpreis,0,100,1,260.39,14. Dez 2023,-,FALSE,terapeak_rolex_original_p12.html
Original Rolex Lünette Bezel  für Explorer 16570 / 16550 Stahl / 104,270.08,Festpreis,0,100,1,270.08,16. Apr 2024,-,FALSE,terapeak_rolex_original_p12.html
Original Rolex Lünette für Submariner Blau Stahl-Gold 315-16808 -82 NEU,268.23,Festpreis,16.95,0,1,268.23,14. Okt 2025,-,FALSE,terapeak_rolex_original_p12.html
"Original Rolex Krone Damen Uhr 5,3 mm Gold für z.B. Ref. 69178 gebraucht",203.53,Festpreis,0,100,1,203.53,12. Feb 2026,-,FALSE,terapeak_rolex_original_p12.html
Original Rolex Krone 6 mm  Gold B24 604 8 G1 gebraucht,232.48,Festpreis,6.09,0,1,232.48,23. Feb 2026,-,FALSE,terapeak_rolex_original_p12.html
Original Rolex Krone 7 mm  Stahl Crown Steel 24-704-0 for Submariner or Daytona,141.37,Festpreis,4.71,0,1,141.37,27. Nov 2023,-,FALSE,terapeak_rolex_original_p12.html
Original Rolex Cal 1161 6828 Unruh mit Flachspirale Balance with flat hairspring,419.32,Festpreis,4.66,0,1,419.32,10. Jul 2024,-,FALSE,terapeak_rolex_original_p12.html
Original Rolex Cal 1220 7625 Unruh mit Flachspirale Balance with flat hairspring,465.73,Festpreis,13.97,0,1,465.73,10. Jun 2024,-,FALSE,terapeak_rolex_original_p12.html
Original Rolex Hemmungsrad Escape Wheel Calibre 1530 1570 1575 7842 8051,58.12,Festpreis,9.68,0,1,58.12,15. Jul 2023,-,FALSE,terapeak_rolex_original_p13.html
Original Rolex Wechselrad Minute Wheel cal 1520 1530 1560 1570 1575 part 7888,45.68,Festpreis,6.09,0,1,45.68,19. Feb 2026,-,FALSE,terapeak_rolex_original_p13.html
Original Rolex Cal 1530 - 7872 Kronrad Crown Wheel 1535 1555 1560 1565 1570 1575,72,Festpreis,5.76,0,1,72,24. Sep 2024,-,FALSE,terapeak_rolex_original_p13.html
Rolex GMT-Master 16700 Einsatz Zwinge Bezel Insert B315-16700-11-A1 Neu Original,302.06,Festpreis,13.89,0,1,302.06,24. Feb 2024,-,FALSE,terapeak_rolex_original_p13.html
Rolex Cosmograph Daytona Booklet Frauen Armbanduhr Italy Original 2000 - 2019,88.06,Festpreis,13.82,0,1,88.06,3. Apr 2024,-,FALSE,terapeak_rolex_original_p13.html
"Original Rolex 2230-570-1  (19,5 mm)  Oscillating Weight Brand New Sealed",143.67,Festpreis,22.45,0,1,143.67,21. Feb 2025,-,FALSE,terapeak_rolex_original_p13.html
Neue Original Rolex 3135-105 Barrel Bridge  Parts,95.25,Festpreis,14.26,0,1,95.25,10. Jun 2025,-,FALSE,terapeak_rolex_original_p13.html
"Neu Original Rolex 2230 570-2 Oscillating Weight, Rotor BIG, 22.1mm",191.51,Festpreis,5.52,0,1,191.51,13. Aug 2025,-,FALSE,terapeak_rolex_original_p13.html
ORIGINAL ROLEX 3135 - 120  Brücke für UNRUH  / Balance 3186 3185 komplett,404.63,Festpreis,25.29,0,1,404.63,26. Jul 2025,-,FALSE,terapeak_rolex_original_p13.html
Original Rolex Rotor Small 570-1 – Kaliber 2230 – Neu,120.4,Festpreis,17.06,0,1,120.4,17. Okt 2025,-,FALSE,terapeak_rolex_original_p13.html
Original Rolex Rotor Small 570-1 – Kaliber 2230 – Neu,140.12,Festpreis,17.01,0,1,140.12,25. Okt 2025,-,FALSE,terapeak_rolex_original_p13.html
"Original ROLEX Oyster Armband Stahl Gold Ersatzglied Link 15,5MM Submariner, GMT",179.63,Festpreis,5.19,0,1,179.63,7. Okt 2024,-,FALSE,terapeak_rolex_original_p13.html
ORIGINAL AUTHENTIC ROLEX BINOCULARS WITH GREEN VELVET CASE,187.05,Festpreis,3.54,0,1,187.05,2. Jun 2024,-,FALSE,terapeak_rolex_original_p13.html
ORIGINAL AUTHENTIC ROLEX BINOCULARS WITH GREEN VELVET CASE,271.81,Festpreis,3.57,0,1,271.81,17. Jul 2024,-,FALSE,terapeak_rolex_original_p13.html
Original Rolex Glied Oyster Stahl Satiniert 17mm Top Zustand,76.08,Festpreis,5.77,0,1,76.08,29. Sep 2024,-,FALSE,terapeak_rolex_original_p13.html
Original Rolex Keramik Einlage für 116610LN OHNE Perle,178.38,Auktion,4.89,0,1,178.38,19. Dez 2024,1,FALSE,terapeak_rolex_original_p13.html
"Original Rolex Aufzugskrone Gold 750 , 6mm für z.B. Datejust",55.82,Festpreis,4.72,0,1,55.82,13. Mai 2026,-,FALSE,terapeak_rolex_original_p13.html
Original Rolex Aufzugskrone Edelstahl 6mm für z.B. Datejust,30.41,Festpreis,0,100,1,30.41,4. Mai 2026,-,FALSE,terapeak_rolex_original_p13.html
"Original Rolex Jubilèband Ersatzelement/Glied,  Stahl/Gold 750, 16mm",30.44,Festpreis,0,100,1,30.44,10. Mai 2026,-,FALSE,terapeak_rolex_original_p13.html
ORIGINAL ROLEX 16710 16700 16760 TENSION RING SPRING BEZEL LÜNETTE HALTERING,47.4,Festpreis,85.32,0,1,47.4,8. Aug 2023,-,FALSE,terapeak_rolex_original_p13.html
ORIGINAL ROLEX ROLDECO SCHAUFENSTER VITRINE DEKO AUSSTATTUNG ROLDECO ACRYL STAND,52.71,Festpreis,55.18,0,1,52.71,16. Mai 2024,-,FALSE,terapeak_rolex_original_p13.html
Original ROLEX 3135 Gold champagner Datumsscheibe Date Disc Submariner Datejust,73.31,Festpreis,6.45,0,1,73.31,18. Feb 2024,-,FALSE,terapeak_rolex_original_p13.html
Original ROLEX 2235 Weiß white steel Datumsscheibe Date Disc Lady Datejust,53.33,Festpreis,22.42,0,4,213.31,19. Sep 2023,-,FALSE,terapeak_rolex_original_p13.html
Original ROLEX 2235 Weiß white steel Datumsscheibe Datedisc Lady Datejust,53.04,Festpreis,26.99,0,1,53.04,3. Feb 2024,-,FALSE,terapeak_rolex_original_p13.html
Original ROLEX Silber Silver 1560 1570 1530 Datumsscheibe Date Disc Part,140.05,Festpreis,27.26,0,1,140.05,24. Nov 2023,-,FALSE,terapeak_rolex_original_p13.html
Original Rolex Gold gebürstet Kaliber 1560 1570 1530 Datumsscheibe Date Disc,139.58,Festpreis,27.16,0,1,139.58,19. Aug 2023,-,FALSE,terapeak_rolex_original_p13.html
Original Rolex Gold Vintage Kaliber 1560 1570 1530 Datumsscheibe Datedisc,121.02,Festpreis,27.21,0,1,121.02,18. Aug 2023,-,FALSE,terapeak_rolex_original_p13.html
Original Rolex GRAU BUCKLEY SET Kaliber 1555 1556 Tagessscheibe Daydisc Daydate,344.89,Festpreis,0,100,1,344.89,26. Okt 2023,-,FALSE,terapeak_rolex_original_p13.html
Original ROLEX 2035 Medium SILBER  steel Datumsscheibe Datedisc Mid Datejust,53.47,Festpreis,46.9,0,1,53.47,30. Jun 2023,-,FALSE,terapeak_rolex_original_p13.html
ORIGINAL ROLEX EXPLORER II 2 ZIFFERBLATT SCHWARZ 216570 SPORTMODELL DIAL CADRAN,227.18,Festpreis,6.49,0,1,227.18,3. Nov 2024,-,FALSE,terapeak_rolex_original_p13.html
ORIGINAL ROLEX DATEJUST 16013 16233 36MM CAL: 3035 / 3135 ZIFFERBLATT DIAL WEIß,253.77,Festpreis,6.56,0,1,253.77,28. Jun 2023,-,FALSE,terapeak_rolex_original_p13.html
ORIGINAL ROLEX AIRKING AIR-KING 5500 1002 SILBER 1560 1520 1570 ZIFFERBLATT DIAL,168.76,Festpreis,61.28,0,1,168.76,3. Jan 2024,-,FALSE,terapeak_rolex_original_p13.html
ORIGINAL ROLEX DATEJUST 16233 16013 3035 3135 CHAMPAGNER ROMAN ZIFFERBLATT DIAL,170.06,Festpreis,6.39,0,1,170.06,21. Apr 2024,-,FALSE,terapeak_rolex_original_p13.html
ORIGINAL ROLEX GMT MASTER 2 II 16713 GOLD / STAHL 16718 TRITIUM ZIFFERBLATT DIAL,206.26,Festpreis,6.55,0,1,206.26,4. Aug 2023,-,FALSE,terapeak_rolex_original_p13.html
ORIGINAL ROLEX DATEJUST BLAU BLUE 16234 16220 3035 / 3135 ROMAN ZIFFERBLATT DIAL,140.25,Festpreis,6.54,0,1,140.25,17. Jun 2023,-,FALSE,terapeak_rolex_original_p13.html
ORIGINAL ROLEX 3135 - 432 - G1 UNRUH BALANCE HAIRSPRING BLAU SET EINBAUFERTIG,458.94,Festpreis,26.67,0,1,458.94,19. Sep 2023,-,FALSE,terapeak_rolex_original_p13.html
#833 ORIGINAL ROLEX SUBMARINER NO DATE 14060 4-LINER ZIFFERBLATT 3130 DIAL,402.26,Festpreis,6.28,0,1,402.26,5. Okt 2023,-,FALSE,terapeak_rolex_original_p13.html
ORIGINAL ROLEX ZIFFERBLATT SUBMARINER DATE  16610 16800 40MM CAL 3135 3035 DIAL,322.62,Festpreis,27.59,0,1,322.62,2. Jan 2024,-,FALSE,terapeak_rolex_original_p13.html
#835 ORIGINAL ROLEX SUBMARINER DATE 16610 / 16800 SCHWARZ ZIFFERBLATT 3035 3135,344.23,Festpreis,7.04,0,1,344.23,22. Apr 2026,-,FALSE,terapeak_rolex_original_p13.html
#835 ORIGINAL ROLEX SUBMARINER DATE 16610 / 16800 SCHWARZ ZIFFERBLATT 3035 3135,332.15,Festpreis,59.96,0,1,332.15,7. Sep 2023,-,FALSE,terapeak_rolex_original_p13.html
#835 ORIGINAL ROLEX SUBMARINER DATE 16610 / 16800 SCHWARZ ZIFFERBLATT 3035 3135,177.56,Festpreis,27.24,0,1,177.56,15. Aug 2023,-,FALSE,terapeak_rolex_original_p13.html
#835 ORIGINAL ROLEX SUBMARINER DATE 16613 / 16803 BLAU ZIFFERBLATT 3035 3135,331.93,Festpreis,6.57,0,1,331.93,6. Aug 2024,-,FALSE,terapeak_rolex_original_p13.html
#835 ORIGINAL ROLEX SUBMARINER NO DATE 14060 2 LINER ZIFFERBLATT 3130  DIAL,239.97,Festpreis,22.04,0,1,239.97,26. Nov 2024,-,FALSE,terapeak_rolex_original_p13.html
#835 ORIGINAL ROLEX SUBMARINER NO DATE 14060 2 LINER ZIFFERBLATT 3130  DIAL,235.85,Festpreis,26.41,0,1,235.85,1. Nov 2023,-,FALSE,terapeak_rolex_original_p13.html
#835 ORIGINAL ROLEX SUBMARINER NO DATE 14060 2 LINER ZIFFERBLATT 3130  DIAL,235.91,Festpreis,27.03,0,1,235.91,11. Jul 2024,-,FALSE,terapeak_rolex_original_p13.html
#835 ORIGINAL ROLEX EXPLORER II 2 ZIFFERBLATT SCHWARZ 216570 MARONE DIAL,189.83,Festpreis,28.97,0,1,189.83,23. Mai 2026,-,FALSE,terapeak_rolex_original_p13.html
#863 ORIGINAL ROLEX SUBMARINER DATE 16613 16803 SCHWARZ BLACK ZIFFERBLATT DIAL,350.05,Festpreis,6.24,0,1,350.05,26. Nov 2024,-,FALSE,terapeak_rolex_original_p13.html
#863 ORIGINAL ROLEX SUBMARINER DATE 16610 16800 SCHWARZ BLACK ZIFFERBLATT DIAL,361.05,Festpreis,26.24,0,1,361.05,16. Okt 2023,-,FALSE,terapeak_rolex_original_p14.html
#863 ORIGINAL ROLEX SUBMARINER DATE 16610 16800 SCHWARZ BLACK ZIFFERBLATT DIAL,394.89,Festpreis,26.84,0,1,394.89,12. Sep 2023,-,FALSE,terapeak_rolex_original_p14.html
#863 ORIGINAL ROLEX SUBMARINER DATE 16610 16800 SCHWARZ STARDUST TROPICAL DIAL,578.07,Festpreis,6.51,0,1,578.07,20. Jan 2024,-,FALSE,terapeak_rolex_original_p14.html
#863 ORIGINAL ROLEX EXPLORER 1 Ref. 14270 3-6-9 SCHWARZ BLACK ZIFFERBLATT DIAL,281.66,Festpreis,60.62,0,1,281.66,12. Jul 2024,-,FALSE,terapeak_rolex_original_p14.html
#863 ORIGINAL ROLEX EXPLORER 1 Ref. 14270 3-6-9 SCHWARZ BLACK ZIFFERBLATT DIAL,396.46,Festpreis,28.74,0,1,396.46,17. Mrz 2026,-,FALSE,terapeak_rolex_original_p14.html
#863 ORIGINAL ROLEX GMT MASTER 16700 16750 VINTAGE SCHWARZ BLACK ZIFFERBLATT,326.94,Festpreis,27.16,0,1,326.94,21. Aug 2023,-,FALSE,terapeak_rolex_original_p14.html
"ORIGINAL ROLEX HELIUM VENTIL GAS ESCAPE VALVE SEA DWELLER 16600 16660 3,7mm",120.72,Festpreis,37.33,0,1,120.72,21. Aug 2024,-,FALSE,terapeak_rolex_original_p14.html
ORIGINAL ROLEX DRÜCKER PUSHER SET DAYTONA COSMOGRAPH 116520 SCREW PUSHERS STEEL,649.38,Festpreis,61.26,0,1,649.38,28. Nov 2023,-,FALSE,terapeak_rolex_original_p14.html
#889 ORIGINAL ROLEX  7836 SCHLIEßE BUCKLE CLASP GMT DATEJUST EXPLORER VINTAGE,293.22,Festpreis,61.12,0,1,293.22,19. Jul 2024,-,FALSE,terapeak_rolex_original_p14.html
#889 ORIGINAL 1958 ROLEX 6636 SCHLIEßE BLADE CLASP PART OYSTER RIVETED VINTAGE,577.88,Festpreis,27.25,0,1,577.88,17. Aug 2023,-,FALSE,terapeak_rolex_original_p14.html
#889 ORIGINAL VINTAGE ROLEX 558 ENDLINK 20MM  OYSTER PART,63.13,Festpreis,6.45,0,1,63.13,10. Mai 2024,-,FALSE,terapeak_rolex_original_p14.html
#889 ORIGINAL VINTAGE ROLEX 9315 DIVER EXTENSION TAUCHER VERLÄNGERUNG 1680 1665,156.06,Festpreis,65.45,0,1,156.06,17. Okt 2025,-,FALSE,terapeak_rolex_original_p14.html
#889 ORIGINAL PAT.PEND ROLEX 9315 DIVER EXTENSION TAUCHER VERLÄNGERUNG 1680 1665,659.72,Festpreis,0,100,1,659.72,16. Aug 2023,-,FALSE,terapeak_rolex_original_p14.html
#889 ORIGINAL ROLEX 93150 DIVER EXTENSION TAUCHER VERLÄNGERUNG 5513 16610 14060,173.66,Festpreis,26.65,0,1,173.66,16. Sep 2023,-,FALSE,terapeak_rolex_original_p14.html
#889 ORIGINAL ROLEX 93150 DIVER EXTENSION TAUCHER VERLÄNGERUNG 5513 16610 14060,45.94,Festpreis,27.19,0,1,45.94,21. Jan 2024,-,FALSE,terapeak_rolex_original_p14.html
#889 ORIGINAL ROLEX CLASP CONNECTOR VINTAGE FALTBAND FLIPLOCK 20MM 9315,93.31,Festpreis,61.26,0,1,93.31,25. Nov 2023,-,FALSE,terapeak_rolex_original_p14.html
#893 VINTAGE ORIGINAL ROLEX 1530 B7855-G1  BALANCE WHEEL UNRUH HAIRSPRING ROLLER,392.23,Festpreis,26.77,0,1,392.23,30. Apr 2024,-,FALSE,terapeak_rolex_original_p14.html
#896 DAMAGED ORIGINAL ROLEX 1030 6932 BALANCE WHEEL UNRUH FACTORY ORIGINAL OLD,540.16,Festpreis,36.59,0,1,540.16,22. Jul 2024,-,FALSE,terapeak_rolex_original_p14.html
#863 ORIGINAL ROLEX YACHTMASTER 16623 16628 FADED GREEN BLUE ZIFFERBLATT DIAL,262.12,Festpreis,59.29,0,1,262.12,30. Sep 2023,-,FALSE,terapeak_rolex_original_p14.html
#622 ORIGINAL ROLEX 2035 CHAMPAGNER USED STAHL DATUMSSCHEIBE LADY DATE DATEJUST,36.98,Festpreis,26.81,0,1,36.98,2. Jul 2024,-,FALSE,terapeak_rolex_original_p14.html
#622 ORIGINAL ROLEX 3035  USED DATUMSSCHEIBE DATEDISC SUBMARINER GMT DATEJUST,37.11,Festpreis,26.91,0,1,37.11,17. Feb 2024,-,FALSE,terapeak_rolex_original_p14.html
#622 ORIGINAL ROLEX 3035  USED DATUMSSCHEIBE DATEDISC SUBMARINER GMT DATEJUST,37.29,Festpreis,27.03,0,1,37.29,27. Feb 2024,-,FALSE,terapeak_rolex_original_p14.html
#622 ORIGINAL ROLEX 3035  USED DATUMSSCHEIBE DATEDISC SUBMARINER GMT DATEJUST,37.82,Festpreis,6.57,0,1,37.82,7. Jan 2024,-,FALSE,terapeak_rolex_original_p14.html
#622 ORIGINAL ROLEX 3035  USED DATUMSSCHEIBE DATEDISC SUBMARINER GMT DATEJUST,35.49,Festpreis,3.42,0,1,35.49,24. Jul 2025,-,FALSE,terapeak_rolex_original_p14.html
#622 ORIGINAL ROLEX 3035  USED DATUMSSCHEIBE DATEDISC SUBMARINER GMT DATEJUST,37.21,Festpreis,26.98,0,1,37.21,1. Apr 2024,-,FALSE,terapeak_rolex_original_p14.html
#622 ORIGINAL ROLEX 3035  USED DATUMSSCHEIBE DATEDISC SUBMARINER GMT DATEJUST,37.8,Festpreis,6.57,0,1,37.8,10. Jan 2024,-,FALSE,terapeak_rolex_original_p14.html
#622 ORIGINAL ROLEX 3135  USED DATUMSSCHEIBE DATEDISC SUBMARINER GMT DATEJUST,39.86,Festpreis,6.44,0,1,39.86,17. Feb 2024,-,FALSE,terapeak_rolex_original_p14.html
#622 ORIGINAL ROLEX 3135  USED DATUMSSCHEIBE DATEDISC SUBMARINER GMT DATEJUST,38.01,Festpreis,6.47,0,1,38.01,3. Feb 2024,-,FALSE,terapeak_rolex_original_p14.html
#622 ORIGINAL ROLEX 3135  USED DATUMSSCHEIBE DATEDISC SUBMARINER GMT DATEJUST,40.91,Festpreis,27.59,0,1,40.91,1. Jan 2024,-,FALSE,terapeak_rolex_original_p14.html
#622 ORIGINAL ROLEX 3135  USED DATUMSSCHEIBE DATEDISC SUBMARINER GMT DATEJUST,37.52,Festpreis,3.63,0,1,37.52,24. Jul 2025,-,FALSE,terapeak_rolex_original_p14.html
#791 ORIGINAL ROLEX 24-703-0 KRONE & TUBUS CROWN TUBE STAHL OYSTER VINTAGE 7mm,113.62,Festpreis,18.52,0,1,113.62,19. Apr 2024,-,FALSE,terapeak_rolex_original_p14.html
#791 ORIGINAL ROLEX 24-703-0 KRONE & TUBUS CROWN TUBE STAHL OYSTER VINTAGE 7mm,106.22,Festpreis,27.02,0,1,106.22,5. Dez 2023,-,FALSE,terapeak_rolex_original_p14.html
#791 ORIGINAL ROLEX 24-703-0 KRONE & TUBUS CROWN TUBE STAHL OYSTER VINTAGE 7mm,105.52,Festpreis,26.84,0,1,105.52,7. Nov 2023,-,FALSE,terapeak_rolex_original_p14.html
#791 ORIGINAL ROLEX 24-703-0 KRONE & TUBUS CROWN TUBE STAHL OYSTER VINTAGE 7mm,112.53,Festpreis,6.52,0,1,112.53,19. Mrz 2024,-,FALSE,terapeak_rolex_original_p14.html
#791 ORIGINAL ROLEX 24-703-0 KRONE & TUBUS CROWN TUBE STAHL OYSTER VINTAGE 7mm,112.15,Festpreis,27.1,0,1,112.15,18. Jan 2024,-,FALSE,terapeak_rolex_original_p14.html
#791 ORIGINAL ROLEX 24-703-0 KRONE & TUBUS CROWN TUBE STAHL OYSTER VINTAGE 7mm,92.08,Festpreis,0,100,1,92.08,11. Mai 2025,-,FALSE,terapeak_rolex_original_p14.html
#791 ORIGINAL ROLEX 24-704-0 KRONE & TUBUS CROWN TUBE STAHL OYSTER TRIPLOCK 7mm,106.68,Festpreis,26.91,0,1,106.68,6. Mai 2024,-,FALSE,terapeak_rolex_original_p15.html
#791 ORIGINAL ROLEX 24-704-0 KRONE & TUBUS CROWN TUBE STAHL OYSTER TRIPLOCK 7mm,119.73,Festpreis,27.33,0,1,119.73,13. Okt 2024,-,FALSE,terapeak_rolex_original_p15.html
#791 ORIGINAL ROLEX 24-704-0 KRONE & TUBUS CROWN TUBE STAHL OYSTER TRIPLOCK 7mm,121.75,Festpreis,6.51,0,1,121.75,6. Mrz 2024,-,FALSE,terapeak_rolex_original_p15.html
#791 ORIGINAL ROLEX 24-600-0 KRONE & TUBUS CROWN TUBE STAHL OYSTER DATEJUST 6mm,86.63,Festpreis,6.44,0,1,86.63,27. Mrz 2025,-,FALSE,terapeak_rolex_original_p15.html
#791 ORIGINAL ROLEX 24-600-0 KRONE & TUBUS CROWN TUBE STAHL OYSTER DATEJUST 6mm,104.09,Festpreis,34.61,0,1,104.09,17. Jan 2025,-,FALSE,terapeak_rolex_original_p15.html
#791 ORIGINAL ROLEX 24-600-0 KRONE & TUBUS CROWN TUBE STAHL OYSTER DATEJUST 6mm,118.09,Festpreis,29.2,0,1,118.09,30. Aug 2025,-,FALSE,terapeak_rolex_original_p15.html
#791 ORIGINAL ROLEX 24-600-0 KRONE & TUBUS CROWN TUBE STAHL OYSTER DATEJUST 6mm,112.53,Festpreis,27.2,0,1,112.53,19. Mrz 2024,-,FALSE,terapeak_rolex_original_p15.html
#791 ORIGINAL ROLEX 24-600-0 KRONE & TUBUS CROWN TUBE STAHL OYSTER DATEJUST 6mm,117.18,Festpreis,28.97,0,1,117.18,20. Mai 2026,-,FALSE,terapeak_rolex_original_p15.html
#791 ORIGINAL ROLEX 24-600-0 KRONE & TUBUS CROWN TUBE STAHL OYSTER DATEJUST 6mm,109.41,Festpreis,6.49,0,1,109.41,29. Mrz 2025,-,FALSE,terapeak_rolex_original_p15.html
#791 ORIGINAL ROLEX 24-600-0 KRONE & TUBUS CROWN TUBE STAHL OYSTER DATEJUST 6mm,87.82,Festpreis,6.53,0,1,87.82,20. Mrz 2025,-,FALSE,terapeak_rolex_original_p15.html
#791 ORIGINAL ROLEX 24-603-0 KRONE & TUBUS CROWN TUBE STAHL OYSTER DATEJUST 6mm,117.48,Festpreis,6.96,0,1,117.48,26. Okt 2025,-,FALSE,terapeak_rolex_original_p15.html
#791 ORIGINAL ROLEX 24-603-0 KRONE & TUBUS CROWN TUBE STAHL OYSTER DATEJUST 6mm,93.64,Festpreis,29.04,0,1,93.64,27. Mai 2026,-,FALSE,terapeak_rolex_original_p15.html
#791 ORIGINAL ROLEX 24-603-0 KRONE & TUBUS CROWN TUBE STAHL OYSTER DATEJUST 6mm,91.75,Festpreis,6.82,0,1,91.75,25. Apr 2025,-,FALSE,terapeak_rolex_original_p15.html
#791 ORIGINAL ROLEX 24-603-0 KRONE & TUBUS CROWN TUBE STAHL OYSTER DATEJUST 6mm,112.5,Festpreis,0,100,1,112.5,6. Jan 2026,-,FALSE,terapeak_rolex_original_p15.html
"#791 ORIGINAL ROLEX 24-531-0 KRONE & TUBUS CROWN TUBE STAHL OYSTER 5,3mm",102.85,Festpreis,6.5,0,1,102.85,21. Mrz 2024,-,FALSE,terapeak_rolex_original_p15.html
"#791 ORIGINAL ROLEX 24-530-0 KRONE & TUBUS CROWN TUBE STAHL OYSTER 5,3mm",92.53,Festpreis,6.87,0,1,92.53,12. Jun 2025,-,FALSE,terapeak_rolex_original_p15.html
ORIGINAL ROLEX HANDSET LOT (9) USED FOR BUBBLEBACK VINTAGE OYSTER WATCHES,924.7,Festpreis,60.11,0,1,924.7,5. Nov 2023,-,FALSE,terapeak_rolex_original_p15.html
#791 ORIGINAL ROLEX 24-6010 TUBUS TUBE STAHL OYSTER 6mm für 24-600 KRONE,37.34,Festpreis,27.08,0,1,37.34,16. Nov 2023,-,FALSE,terapeak_rolex_original_p15.html
#791 ORIGINAL ROLEX 24-7230 TUBUS TUBE STAHL OYSTER für MILGAUSS,65.97,Festpreis,6.28,0,1,65.97,19. Dez 2024,-,FALSE,terapeak_rolex_original_p15.html
#791 ORIGINAL ROLEX 24-7000 TUBUS TUBE STAHL OYSTER für VINTAGE SPORTMODELLE,83.42,Festpreis,6.2,0,1,83.42,2. Jan 2025,-,FALSE,terapeak_rolex_original_p15.html
"#791 ORIGINAL ROLEX 24-530-0 KRONE & TUBUS CROWN TUBE STAHL OYSTER 5,3mm",129.78,Festpreis,22.92,0,1,129.78,16. Jul 2024,-,FALSE,terapeak_rolex_original_p15.html
"#791 ORIGINAL ROLEX 24-530-0 KRONE & TUBUS CROWN TUBE STAHL OYSTER 5,3mm",128.62,Festpreis,27.26,0,1,128.62,15. Jul 2024,-,FALSE,terapeak_rolex_original_p15.html
#896 ORIGINAL ROLEX 1030 6932 BALANCE WHEEL UNRUH FACTORY ORIGINAL OLD,563.01,Festpreis,27.26,0,1,563.01,24. Nov 2023,-,FALSE,terapeak_rolex_original_p15.html
ORIGINAL ROLEX DATEJUST 36MM 16233 16013 CHAMPAGNER DIAMOND DIAL ZIFFERBLATT,458.07,Festpreis,6.51,0,1,458.07,18. Jul 2024,-,FALSE,terapeak_rolex_original_p15.html
"#1026 ORIGINAL ROLEX OYSTER VINTAGE 1940 DIAL 23,7mm HANDWINDING MILITARY SUBSEC",204.94,Festpreis,60.97,0,1,204.94,19. Nov 2023,-,FALSE,terapeak_rolex_original_p15.html
#1027 ORIGINAL ROLEX GMT MASTER 2 CERAMIC 116710LN 116710  KERAMIK BEZEL LÜNETTE,468.49,Festpreis,6.66,0,1,468.49,22. Aug 2024,-,FALSE,terapeak_rolex_original_p15.html
#1033 ORIGINAL ROLEX SUBMARINER DATE 16800 DECKEL CASEBACK COVER  REPAIR SPARE,280.03,Festpreis,6.49,0,1,280.03,2. Dez 2023,-,FALSE,terapeak_rolex_original_p15.html
#1033 ORIGINAL ROLEX GMT MASTER 2 CERAMIC 116710LN 116710  KERAMIK BEZEL LÜNETTE,445.56,Festpreis,29.37,0,1,445.56,24. Jul 2025,-,FALSE,terapeak_rolex_original_p15.html
#1033 ORIGINAL ROLEX DAY DATE DATEJUST 116234 118239 WEIßGOLD 18K HERREN LÜNETTE,738.65,Festpreis,36.01,0,1,738.65,14. Feb 2024,-,FALSE,terapeak_rolex_original_p15.html
#1033 ORIGINAL ROLEX DATEJUST 36 DIAL CAL. 3035 3135 REF 16234 16014 ZIFFERBLATT,182.21,Festpreis,6.48,0,1,182.21,30. Okt 2024,-,FALSE,terapeak_rolex_original_p15.html
#1033 ORIGINAL ROLEX DATEJUST 36 DIAL CAL. 3035 3135 REF 16234 16014 ZIFFERBLATT,177.76,Festpreis,27.13,0,1,177.76,22. Mai 2024,-,FALSE,terapeak_rolex_original_p15.html
#1033 ORIGINAL ROLEX DATEJUST 36 DIAL CAL. 3035 3135 REF 16234 16014 ZIFFERBLATT,178.02,Festpreis,6.51,0,1,178.02,20. Mai 2024,-,FALSE,terapeak_rolex_original_p15.html
#1033 ORIGINAL ROLEX DATEJUST 36 DIAL CAL. 3035 3135 REF 16234 16014 ZIFFERBLATT,187.9,Festpreis,27.25,0,1,187.9,4. Jan 2024,-,FALSE,terapeak_rolex_original_p15.html
#1033 ORIGINAL ROLEX DATEJUST 36mm CAL 3035 3135 REF 16234 16014 ZIFFERBLATT,178.49,Festpreis,26.47,0,1,178.49,19. Nov 2024,-,FALSE,terapeak_rolex_original_p15.html
#1033 ORIGINAL ROLEX DATEJUST 36mm CAL 3035 3135 REF 16234 16014 ZIFFERBLATT,185.81,Festpreis,26.95,0,1,185.81,8. Dez 2023,-,FALSE,terapeak_rolex_original_p15.html
#1033 ORIGINAL ROLEX DATEJUST 36mm CAL 3035 3135 REF 16234 16014 ZIFFERBLATT,178.44,Festpreis,0,100,1,178.44,2. Jan 2025,-,FALSE,terapeak_rolex_original_p15.html
#1033 ORIGINAL ROLEX DATEJUST 36mm CAL 3035 3135 REF 16234 16014 ZIFFERBLATT,214.8,Festpreis,27.09,0,1,214.8,31. Mai 2024,-,FALSE,terapeak_rolex_original_p15.html
#1033 ORIGINAL ROLEX DATEJUST BUCKLEY CAL 1570 REF 1601 1603 ZIFFERBLATT,228.96,Festpreis,26.56,0,1,228.96,15. Apr 2024,-,FALSE,terapeak_rolex_original_p15.html
#1033 ORIGINAL ROLEX DATEJUST 16233 16013 BLACK STARDUST DIAMANT ZIFFERBLATT,597.5,Festpreis,6.39,0,1,597.5,22. Apr 2024,-,FALSE,terapeak_rolex_original_p15.html
#1033 ORIGINAL ROLEX DATEJUST 16233 16013 CHAMPAGNER GOLD DIAMANT ZIFFERBLATT,739.94,Festpreis,6.54,0,1,739.94,19. Jul 2024,-,FALSE,terapeak_rolex_original_p15.html
#1033 ORIGINAL ROLEX DATEJUST TAPESTRY CAL 3035 3135 REF 16234 16014 ZIFFERBLATT,260.44,Festpreis,27.41,0,1,260.44,21. Dez 2023,-,FALSE,terapeak_rolex_original_p15.html
#1033 ORIGINAL ROLEX DATEJUST BLAU CAL 3035 3135 REF 16233 16013 ZIFFERBLATT,265.22,Festpreis,6.47,0,1,265.22,5. Feb 2024,-,FALSE,terapeak_rolex_original_p15.html
#1033 ORIGINAL ROLEX DATEJUST TURN O GRAPH CAL 3135 REF 116264 ZIFFERBLATT,261.62,Festpreis,57.99,0,1,261.62,3. Jan 2025,-,FALSE,terapeak_rolex_original_p15.html
#1033 ORIGINAL ROLEX DATEJUST TURN O GRAPH CAL 3135 REF 116264 ZIFFERBLATT,227.61,Festpreis,7.03,0,1,227.61,28. Jul 2025,-,FALSE,terapeak_rolex_original_p15.html
#1033 ORIGINAL ROLEX OYSTER PERPETUAL DATE GRAU GREY REF 1500 1501 ZIFFERBLATT,281.74,Festpreis,27.23,0,1,281.74,25. Jan 2024,-,FALSE,terapeak_rolex_original_p15.html
#1033 ORIGINAL ROLEX OYSTER PERPETUAL AIRKING 116900 CAL: 3131 DIAL  ZIFFERBLATT,273.99,Festpreis,60.74,0,1,273.99,24. Jul 2024,-,FALSE,terapeak_rolex_original_p15.html
#1033 ORIGINAL ROLEX DATEJUST 36 DIAL CAL. 3035 3135 REF 16234 16014 ZIFFERBLATT,168.3,Festpreis,7,0,1,168.3,3. Mrz 2026,-,FALSE,terapeak_rolex_original_p15.html
#1033 ORIGINAL ROLEX DATEJUST 36 DIAL CAL. 3035 3135 REF 16234 16014 ZIFFERBLATT,130.92,Festpreis,6.53,0,1,130.92,14. Jul 2024,-,FALSE,terapeak_rolex_original_p15.html
#1033 ORIGINAL ROLEX AIRKING DIAL CAL. 3030 3130 REF 14000 14010 ZIFFERBLATT,188.27,Festpreis,27.3,0,1,188.27,12. Mrz 2024,-,FALSE,terapeak_rolex_original_p15.html
#1033 ORIGINAL ROLEX AIRKING DIAL CAL. 3030 3130 REF 14000 14010 ZIFFERBLATT,156.78,Festpreis,26.75,0,1,156.78,12. Apr 2024,-,FALSE,terapeak_rolex_original_p16.html
#1033 ORIGINAL ROLEX PERPETUAL DIAL CAL. 15XX REF 7002 DRESSWATCH ZIFFERBLATT,121.65,Festpreis,60.83,0,1,121.65,5. Mrz 2024,-,FALSE,terapeak_rolex_original_p16.html
#1033 ORIGINAL ROLEX DAY DATE 1803 BUCKLEY CREAM NUMERAL  DIAL  ZIFFERBLATT,2087.23,Festpreis,0,100,1,2087.23,26. Dez 2023,-,FALSE,terapeak_rolex_original_p16.html
#1036 NEU ORIGINAL ROLEX DATEJUST 16233 BLAU NUMERAL CAL. 3035  3135 ZIFFERBLATT,484.88,Festpreis,27.17,0,1,484.88,20. Mai 2024,-,FALSE,terapeak_rolex_original_p16.html
#1036 NEU ORIGINAL ROLEX DATEJUST 16233 WEIß NUMERAL CAL. 3035  3135 ZIFFERBLATT,415.86,Festpreis,36.87,0,1,415.86,6. Okt 2024,-,FALSE,terapeak_rolex_original_p16.html
"#1037 ORIGINAL ROLEX KRONE 5,3mm BUBBLEBACK OYSTER ROYAL VINTAGE 1940s 1950s",104.73,Festpreis,27.61,0,1,104.73,4. Apr 2025,-,FALSE,terapeak_rolex_original_p16.html
"#1033 ORIGINAL ROLEX 29,2mm CELLINI GOLD CHAMPAGNER HANDAUFZUG ZIFFERBLATT",216.83,Festpreis,6.56,0,1,216.83,3. Jan 2024,-,FALSE,terapeak_rolex_original_p16.html
#1056 ORIGINAL ROLEX GMT MASTER 2 CERAMIC 116710LN 116710  KERAMIK BEZEL LÜNETTE,440.34,Festpreis,35.14,0,1,440.34,24. Feb 2025,-,FALSE,terapeak_rolex_original_p16.html
#1064 ORIGINAL ROLEX 4130 ZEIGER STAHL HAND SEKUNDENZEIGER STOP HAND CHRONOGRAPH,117.39,Festpreis,6.95,0,1,117.39,3. Jun 2026,-,FALSE,terapeak_rolex_original_p16.html
#1064 ORIGINAL ROLEX 4130 ZEIGER STAHL HAND SEKUNDENZEIGER STOP HAND CHRONOGRAPH,74.03,Festpreis,6.44,0,1,74.03,3. Jul 2024,-,FALSE,terapeak_rolex_original_p16.html
#1064 ORIGINAL ROLEX 4130 ZEIGER STAHL HAND TOTALISATOR STOP HAND CHRONOGRAPH,158.27,Festpreis,7.03,0,1,158.27,17. Dez 2025,-,FALSE,terapeak_rolex_original_p16.html
#1033 ORIGINAL ROLEX SUBMARINER DATE 16610 DECKEL CASEBACK COVER  REPAIR SPARE,277.29,Festpreis,36.88,0,1,277.29,8. Okt 2024,-,FALSE,terapeak_rolex_original_p16.html
#1100 ORIGINAL ROLEX DATEJUST 36 DIAL CAL. 3035 3135 REF 16234 16014 ZIFFERBLATT,177.35,Festpreis,27.07,0,1,177.35,3. Mrz 2024,-,FALSE,terapeak_rolex_original_p16.html
#1100 ORIGINAL ROLEX DATEJUST 36 DIAL CAL. 3035 3135 REF 16234 16014 ZIFFERBLATT,187.15,Festpreis,27.14,0,1,187.15,27. Jan 2024,-,FALSE,terapeak_rolex_original_p16.html
#1100 ORIGINAL ROLEX DATEJUST 36 DIAL CAL. 3035 3135 REF 16234 16014 ZIFFERBLATT,176.79,Festpreis,26.22,0,1,176.79,25. Jan 2025,-,FALSE,terapeak_rolex_original_p16.html
#1100 ORIGINAL ROLEX DATEJUST 36 ROMAN CAL 3035 3135 REF 16234 16014 ZIFFERBLATT,284.57,Festpreis,26.62,0,1,284.57,19. Apr 2024,-,FALSE,terapeak_rolex_original_p16.html
#1100 ORIGINAL ROLEX DATEJUST 36 TRACK CAL 3035 3135 REF 16234 16014 ZIFFERBLATT,206.83,Festpreis,28.7,0,1,206.83,12. Jun 2025,-,FALSE,terapeak_rolex_original_p16.html
#1120 ORIGINAL ROLEX DATEJUST 36 DIAL ROMAN TROPICAL 16234 16014 ZIFFERBLATT,151.69,Festpreis,29.33,0,1,151.69,25. Sep 2025,-,FALSE,terapeak_rolex_original_p16.html
#1120 ORIGINAL ROLEX DATEJUST 36 DIAL BLACK 16233 16018 ZIFFERBLATT,203.81,Festpreis,6.44,0,1,203.81,11. Apr 2024,-,FALSE,terapeak_rolex_original_p16.html
#1120 ORIGINAL ROLEX LADY SILBER ZIFFERBLATT DIAL DATEJUST 6916 69174 DAMEN GREY,140.81,Festpreis,6.99,0,1,140.81,13. Aug 2025,-,FALSE,terapeak_rolex_original_p16.html
#1120 ORIGINAL ROLEX LADY DATEJUST 6917 69173 DAMEN ROMAN NUMERAL WHITE WEIß,168.55,Festpreis,6.66,0,1,168.55,10. Sep 2024,-,FALSE,terapeak_rolex_original_p16.html
#1120 ORIGINAL ROLEX DATUMSSCHEIBE 1570 1560 DATE DISC OPEN 6 & 9 WEIß WHITE,130.89,Festpreis,6.5,0,1,130.89,9. Apr 2024,-,FALSE,terapeak_rolex_original_p16.html
"#1121 ORIGINAL ROLEX 20mm OYSTERFLEX BANDHÄLFTE 350501 D (4,4cm) SCHWARZ RUBBER",265.16,Festpreis,6.47,0,1,265.16,29. Mrz 2024,-,FALSE,terapeak_rolex_original_p16.html
#1121 ORIGINAL ROLEX 20mm FEDERSTEG VINTAGE SUBMARINER 16800 16610 1680 5513,28.18,Festpreis,6.53,0,1,28.18,7. Mrz 2024,-,FALSE,terapeak_rolex_original_p16.html
#1121 ORIGINAL ROLEX 7835 OYSTER FOLDED BANDGLIED ELEMENT BAND GLIED SEGMENT,56.39,Festpreis,0,100,1,56.39,13. Jul 2024,-,FALSE,terapeak_rolex_original_p16.html
#1121 ORIGINAL ROLEX 6251H JUBILEE FOLDED BANDGLIED ELEMENT BAND GLIED SEGMENT,106.92,Festpreis,6.52,0,1,106.92,15. Mrz 2024,-,FALSE,terapeak_rolex_original_p16.html
#1140 ORIGINAL ROLEX DATEJUST 36 DIAL CAL. 3035 3135 REF 16234 16014 ZIFFERBLATT,184.37,Festpreis,6.25,0,1,184.37,30. Dez 2024,-,FALSE,terapeak_rolex_original_p16.html
#1140 ORIGINAL ROLEX DATEJUST 36 DIAL CAL. 3035 3135 REF 16234 16014 ZIFFERBLATT,207.26,Festpreis,26.72,0,1,207.26,1. Mai 2024,-,FALSE,terapeak_rolex_original_p16.html
#1140 ORIGINAL ROLEX DATEJUST 36 DIAL CAL. 3035 3135 REF 16234 16014 ZIFFERBLATT,193.75,Festpreis,6.56,0,1,193.75,14. Aug 2024,-,FALSE,terapeak_rolex_original_p16.html
#1140 ORIGINAL ROLEX DATEJUST 36 DIAL CAL. 3035 3135 REF 16234 16014 ZIFFERBLATT,211.81,Festpreis,60.01,0,1,211.81,18. Jun 2024,-,FALSE,terapeak_rolex_original_p16.html
#1140 ORIGINAL ROLEX DATEJUST 36 DIAL CAL. 3035 3135 REF 16234 16014 ZIFFERBLATT,191.98,Festpreis,6.5,0,1,191.98,29. Jul 2024,-,FALSE,terapeak_rolex_original_p16.html
#1140 ORIGINAL ROLEX DATEJUST 36 TRACK CAL 3035 3135 REF 16234 16014 ZIFFERBLATT,207.43,Festpreis,28.65,0,1,207.43,31. Mrz 2026,-,FALSE,terapeak_rolex_original_p16.html
#1140 ORIGINAL ROLEX DATEJUST 36 TAPESTRY 3035 3135 REF 16233 16013 ZIFFERBLATT,350.54,Festpreis,26.78,0,1,350.54,21. Jun 2024,-,FALSE,terapeak_rolex_original_p16.html
#1140 ORIGINAL ROLEX DATEJUST 36 LINEN 3035 3135 REF 16233 16013 ZIFFERBLATT,268.27,Festpreis,6.52,0,1,268.27,13. Mrz 2025,-,FALSE,terapeak_rolex_original_p16.html
#1140 ORIGINAL ROLEX DATEJUST 36 LINEN 3035 3135 REF 16233 16013 ZIFFERBLATT,231.9,Festpreis,6.44,0,1,231.9,20. Feb 2024,-,FALSE,terapeak_rolex_original_p16.html
#1121 ORIGINAL ROLEX WERKZEUG TOOL CAL.2230 REF 1451-11 40 FEDERHAUS SCHLIEßER,173.48,Festpreis,6.17,0,1,173.48,18. Jan 2025,-,FALSE,terapeak_rolex_original_p16.html
ORIGINAL ROLEX WERKZEUG TOOL REF 2100 SCREWDRIVER PIN UHRMACHER,56.48,Festpreis,2.45,0,1,56.48,12. Mrz 2024,-,FALSE,terapeak_rolex_original_p16.html
NEU ORIGINAL ROLEX 3135 - 432 -G1 UNRUH BALANCE HAIRSPRING BLAU SET EINBAUFERTIG,497.22,Festpreis,27.15,0,1,497.22,5. Apr 2024,-,FALSE,terapeak_rolex_original_p16.html
ORIGINAL ROLEX ZIFFERBLATT SUBMARINER DATE  16613 16803 BLUE CAL 3135 3035 DIAL,335.48,Festpreis,26.97,0,1,335.48,28. Okt 2024,-,FALSE,terapeak_rolex_original_p16.html
#1219 ORIGINAL ROLEX DATEJUST 36 CHAMP CAL 3035 3135 REF 16233 16013 ZIFFERBLATT,150.15,Festpreis,6.96,0,1,150.15,11. Okt 2025,-,FALSE,terapeak_rolex_original_p16.html
"#1171 ORIGINAL ROLEX 25-295 SAPHIRGLAS 30,4mm USED GEBRAUCHT 2,6mm DICHTUNG",105.23,Festpreis,6.36,0,1,105.23,13. Nov 2024,-,FALSE,terapeak_rolex_original_p16.html
#1238 ORIGINAL 1980 ROLEX 78350 OYSTER ARMBAND 19mm EDELSTAHL GEBRAUCHT,460.04,Festpreis,26.68,0,1,460.04,29. Apr 2024,-,FALSE,terapeak_rolex_original_p16.html
"#1245 ORIGINAL ROLEX 15,4mm BANDGLIED OYSTER MASSIV LINK EDELSTAHL SUBMARINER",69.55,Festpreis,6.44,0,1,69.55,12. Mai 2024,-,FALSE,terapeak_rolex_original_p16.html
#1252 ORIGINAL ROLEX DAYTONA 116509 116519 GHOST GRAU CAL 4130 DIAL ZIFFERBLATT,2321.34,Festpreis,0,100,1,2321.34,8. Mai 2024,-,FALSE,terapeak_rolex_original_p16.html
"#1267 NEU ORIGINAL ROLEX 15,4mm BANDGLIED OYSTER 78360 93150 93160 EDELSTAHL",109.43,Festpreis,6.5,0,1,109.43,2. Jun 2024,-,FALSE,terapeak_rolex_original_p16.html
#1267 ORIGINAL ROLEX BOX FÜR ARMBAND OYSTER 78360 TRANSPORTBOX ERSaTZTEILHÜLLE,35.54,Festpreis,6.5,0,1,35.54,1. Jun 2024,-,FALSE,terapeak_rolex_original_p16.html
#1272 ORIGINAL ROLEX DATEJUST 36 CAL 3035 3135 REF 16233 16013 ZIFFERBLATT,172.89,Festpreis,6.69,0,1,172.89,19. Mai 2025,-,FALSE,terapeak_rolex_original_p16.html
#1033 ORIGINAL ROLEX DATEJUST 36 DIAL CAL. 3035 3135 REF 16234 16014 ZIFFERBLATT,181.63,Festpreis,6.47,0,1,181.63,10. Jun 2024,-,FALSE,terapeak_rolex_original_p16.html
#A19 NEU ORIGINAL ROLEX BANDGLIED GLIED OYSTER B32-23391-D1 LINK EDELSTAHL STEEL,90.41,Festpreis,6.54,0,1,90.41,3. Aug 2024,-,FALSE,terapeak_rolex_original_p16.html
#1033 ORIGINAL ROLEX CORAL LADY DATEJUST 69173 69178 KORALLE DIAL ZIFFERBLATT,247.58,Festpreis,28.72,0,1,247.58,20. Jun 2025,-,FALSE,terapeak_rolex_original_p17.html
Glas Original Rolex 25-145 Cyclop Mit Objektiv,148.65,Festpreis,28.29,0,2,297.31,24. Sep 2024,-,FALSE,terapeak_rolex_original_p17.html
#1289 ORIGINAL ROLEX DAYTONA 116520 Y900081 SERIAL HANG TAG ANHÄNGER SCHILD,46.18,Festpreis,0,100,1,46.18,22. Jun 2024,-,FALSE,terapeak_rolex_original_p17.html
#1289 ORIGINAL ROLEX DAYTONA 116520 V289903 SERIAL HANG TAG ANHÄNGER SCHILD,40.45,Festpreis,0,100,1,40.45,23. Okt 2024,-,FALSE,terapeak_rolex_original_p17.html
#1289 ORIGINAL ROLEX DAYTONA 116523 F619055 SERIAL HANG TAG ANHÄNGER SCHILD,34.98,Festpreis,0,100,1,34.98,4. Mrz 2025,-,FALSE,terapeak_rolex_original_p17.html
#1289 ORIGINAL ROLEX DAYTONA NO SERIAL HANG TAG ANHÄNGER SCHILD,38.54,Festpreis,0,100,1,38.54,16. Jan 2025,-,FALSE,terapeak_rolex_original_p17.html
#1289 ORIGINAL ROLEX OYSTER SWIMPRUF HANG TAG ANHÄNGER SCHILD HANGTAG GREEN TAG,26.82,Festpreis,0,100,1,26.82,15. Nov 2024,-,FALSE,terapeak_rolex_original_p17.html
"#1302 ORIGINAL ROLEX 24-531-0 KRONE & TUBUS CROWN TUBE STAHL OYSTER 5,3mm",115.81,Festpreis,6.94,0,1,115.81,4. Aug 2025,-,FALSE,terapeak_rolex_original_p17.html
"#1302 ORIGINAL ROLEX 24-531-0 KRONE & TUBUS CROWN TUBE STAHL OYSTER 5,3mm",83.84,Festpreis,26.01,0,1,83.84,23. Jan 2025,-,FALSE,terapeak_rolex_original_p17.html
#1302 ORIGINAL ROLEX 3035 DATUMSSCHEIBE DATE DISC OPEN 6 & 9 SCHEIBE 3030 3075,145.87,Festpreis,7.01,0,1,145.87,23. Apr 2026,-,FALSE,terapeak_rolex_original_p17.html
"#1320 ORIGINAL ROLEX 15,4mm BANDGLIED 6251H LINK JUBILEE FOLDED EDELSTAHL GMT DJ",86.19,Festpreis,13.85,0,1,86.19,13. Mai 2025,-,FALSE,terapeak_rolex_original_p17.html
#1320 ORIGINAL ROLEX OYSTERQUARTZ 17000 17000B 17010 BANDGLIED LINK EDELSTAHL,189.08,Festpreis,6.57,0,1,189.08,6. Okt 2024,-,FALSE,terapeak_rolex_original_p17.html
#A14 ORIGINAL ROLEX DATEJUST 36 DIAL BLACK 16233 16013 16018 16238 ZIFFERBLATT,355.68,Festpreis,6.63,0,1,355.68,1. Sep 2024,-,FALSE,terapeak_rolex_original_p17.html
"#1334 NEU ORIGINAL ROLEX 15,4mm BANDGLIED OYSTER SUBMARINER 16610 16660 16600",120.13,Festpreis,6.96,0,1,120.13,16. Nov 2025,-,FALSE,terapeak_rolex_original_p17.html
#1346 ORIGINAL ROLEX MK 1 ZIFFERBLATT 1680 WHITE FEET FIRST SUBMARINER SUB DIAL,1805.69,Festpreis,65.75,0,1,1805.69,6. Okt 2025,-,FALSE,terapeak_rolex_original_p17.html
"#A34 USED ORIGINAL ROLEX 15,5mm BANDGLIED OYSTER GMT DATEJUST 16710 16200 16760",89.07,Festpreis,6.51,0,1,89.07,1. Nov 2024,-,FALSE,terapeak_rolex_original_p17.html
"#A34 USED ORIGINAL ROLEX 15,5mm BANDGLIED OYSTER SUBMARINER SEA DWELLER 16610",76.82,Festpreis,6.28,0,1,76.82,16. Feb 2025,-,FALSE,terapeak_rolex_original_p17.html
#1236 ORIGINAL ROLEX DAYTONA 116523 116528 WHITE CAL 4130 DIAL ZIFFERBLATT,601.71,Festpreis,37.54,0,1,601.71,15. Mai 2025,-,FALSE,terapeak_rolex_original_p17.html
"#791 ORIGINAL ROLEX 24-530-0 KRONE & TUBUS CROWN TUBE STAHL OYSTER 5,3mm",91.15,Festpreis,28.27,0,1,91.15,24. Apr 2025,-,FALSE,terapeak_rolex_original_p17.html
#1355 NEU ORIGINAL ROLEX 17mm BANDGLIED OYSTER 126600 126660 226570 SEA DWELLER,136.53,Festpreis,6.32,0,1,136.53,28. Nov 2024,-,FALSE,terapeak_rolex_original_p17.html
"#1355 NEU ORIGINAL ROLEX 15,4mm BANDGLIED OYSTER SUBMARINER 16610 16710 16600",133.9,Festpreis,25.89,0,1,133.9,2. Feb 2025,-,FALSE,terapeak_rolex_original_p17.html
#863 ORIGINAL ROLEX SUBMARINER DATE 16610 16800 SWISS MADE ZIFFERBLATT 3035 3135,269.46,Festpreis,26.05,0,1,269.46,29. Dez 2024,-,FALSE,terapeak_rolex_original_p17.html
"#1356 ORIGINAL ROLEX 16,6mm GLIED LINK 6251H JUBILEE FOLDED EDELSTAHL GMT DJ",86.17,Festpreis,6.31,0,1,86.17,15. Nov 2024,-,FALSE,terapeak_rolex_original_p17.html
"#1356 ORIGINAL ROLEX 15,4mm GLIED LINK 6251H JUBILEE FOLDED EDELSTAHL GMT DJ",83.83,Festpreis,25.6,0,1,83.83,13. Jan 2025,-,FALSE,terapeak_rolex_original_p17.html
#1382 ORIGINAL ROLEX OYSTERQUARTZ 17000 17000B 17010 BANDGLIED LINK EDELSTAHL,180.77,Festpreis,26.22,0,1,180.77,28. Jan 2025,-,FALSE,terapeak_rolex_original_p17.html
#1386 ORIGINAL ROLEX 3135 ROULETTE DATUMSSCHEIBE DATE DISC WEIß WHITE 3130 3175,207.53,Festpreis,6.27,0,1,207.53,22. Nov 2024,-,FALSE,terapeak_rolex_original_p17.html
#1387 ORIGINAL ROLEX OYSTER PUSHER DRÜCKER STAHL 116520 16520 DAYTONA EDELSTAHL,420.88,Festpreis,6.88,0,1,420.88,20. Jun 2025,-,FALSE,terapeak_rolex_original_p17.html
"#1399 ORIGINAL ROLEX 25-7000 SAPHIRGLAS 30,3mm USED GEBRAUCHT DAYTONA 116520",141.58,Festpreis,6.56,0,1,141.58,7. Apr 2025,-,FALSE,terapeak_rolex_original_p17.html
"#1399 ORIGINAL ROLEX 25-286 SAPHIRGLAS 29,3mm USED GEBRAUCHT AIR KING 14000",125.43,Festpreis,6.98,0,1,125.43,16. Aug 2025,-,FALSE,terapeak_rolex_original_p17.html
#1033 ORIGINAL ROLEX DATEJUST 36 DIAL CAL. 3035 3135 REF 16234 16014 ZIFFERBLATT,172.54,Festpreis,6.13,0,1,172.54,14. Jan 2025,-,FALSE,terapeak_rolex_original_p17.html
#893 WORKING ORIGINAL ROLEX 1520 1525 8055 BALANCE WHEEL UNRUH KOMPLETT COMPLETE,478.57,Festpreis,7,0,1,478.57,11. Dez 2025,-,FALSE,terapeak_rolex_original_p17.html
#1382 ORIGINAL ROLEX OYSTERQUARTZ 17000 17000B 17010 BANDGLIED LINK EDELSTAHL,179.63,Festpreis,6.25,0,1,179.63,28. Dez 2024,-,FALSE,terapeak_rolex_original_p17.html
ORIGINAL ROLEX B25-114 CRYSTAL GLAS DAY DATE 1803 1804 1802 1807 GEBRAUCHT USED,150.5,Festpreis,6.97,0,1,150.5,16. Okt 2025,-,FALSE,terapeak_rolex_original_p17.html
ROLEX HANG TAG HOLOGRAMM DATEJUST SUBMARINER GMT SIEGEL ANHÄNGER #1290 ORIGINAL,17.64,Festpreis,4.37,0,1,17.64,11. Jan 2025,-,FALSE,terapeak_rolex_original_p17.html
"#1511 ORIGINAL ROLEX 16,5mm BANDGLIED OYSTER 124060 126610 126900 SUBMARINER",139.84,Festpreis,6.8,0,1,139.84,2. Jun 2025,-,FALSE,terapeak_rolex_original_p17.html
#1454 ORIGINAL ROLEX 14mm BANDGLIED OYSTER 78350 EDELSTAHL 15200 14000 GLIED LIN,68.52,Festpreis,6.81,0,1,68.52,26. Apr 2025,-,FALSE,terapeak_rolex_original_p17.html
"#1454 ORIGINAL ROLEX 15,4mm GLIED LINK 6251H JUBILEE FOLDED EDELSTAHL GMT DJ",86.19,Festpreis,13.85,0,1,86.19,13. Mai 2025,-,FALSE,terapeak_rolex_original_p17.html
#1542 ORIGINAL ROLEX 3235-570 ROTOR SCHWUNGMASSE AUTOMATIK OSCILLATING WEIGHT,94.69,Festpreis,64.79,0,1,94.69,5. Aug 2025,-,FALSE,terapeak_rolex_original_p17.html
"#1547 ORIGINAL ROLEX 24-531-0 KRONE & TUBUS CROWN TUBE STAHL OYSTER 5,3mm",109.94,Festpreis,28.98,0,1,109.94,30. Okt 2025,-,FALSE,terapeak_rolex_original_p17.html
#791 ORIGINAL ROLEX 24-603-0 KRONE & TUBUS CROWN TUBE STAHL OYSTER DATEJUST 6mm,130.97,Festpreis,7,0,1,130.97,11. Sep 2025,-,FALSE,terapeak_rolex_original_p17.html
Zenith 3019 443 Halb El Primero 400 Setting Lever Tirette Neu Original,146.39,Festpreis,9.76,0,1,146.39,1. Mai 2025,-,FALSE,terapeak_rolex_original_p17.html
#1033 NEU ORIGINAL ROLEX DAY DATE 118206 118239 WAVE BLUE BLAU DIAL  ZIFFERBLATT,1394.74,Festpreis,158.07,0,1,1394.74,2. Apr 2025,-,FALSE,terapeak_rolex_original_p17.html
#1033 ORIGINAL ROLEX DATEJUST 16233 16013 SILVER JUBILEE DIAMANT ZIFFERBLATT,610.56,Festpreis,9.67,0,1,610.56,2. Mrz 2026,-,FALSE,terapeak_rolex_original_p18.html
#1454 ORIGINAL ROLEX 14mm BANDGLIED OYSTER 78350 EDELSTAHL 15200 14000 GLIED LIN,73.96,Festpreis,6.76,0,1,73.96,4. Mai 2025,-,FALSE,terapeak_rolex_original_p18.html
#1100 ORIGINAL ROLEX DATEJUST 36 DIAL CAL. 3035 3135 REF 16234 16014 ZIFFERBLATT,191.36,Festpreis,6.81,0,1,191.36,24. Mai 2025,-,FALSE,terapeak_rolex_original_p18.html
ORIGINAL ROLEX ZEIGERSATZ HANDSET SUBMARINER DATE 16803 16808 16618 16613 GOLD,201.01,Festpreis,6.99,0,1,201.01,26. Sep 2025,-,FALSE,terapeak_rolex_original_p18.html
#1346 ORIGINAL ROLEX SUBMARINER DATE 16800 168000 MATT SCHWARZ ZIFFERBLATT DIAL,926.51,Festpreis,9.86,0,1,926.51,3. Jun 2025,-,FALSE,terapeak_rolex_original_p18.html
#1589 ORIGINAL ROLEX 2030 2035 4432 UNRUH BALANCE WHEEL 6917 6916 LADY ERSATZTEI,213.59,Festpreis,63.55,0,1,213.59,2. Jun 2025,-,FALSE,terapeak_rolex_original_p18.html
Original Uhrengehäuse Rolex/Tudor (Vintage); Komplett mit Krone,289.81,Festpreis,0,100,1,289.81,3. Sep 2025,-,FALSE,terapeak_rolex_original_p18.html
ORIGINAL ROLEX 24-603-8 KRONE  CROWN GOLD VINTAGE SCREWDOWN OYSTER DATEJUST 6mm,100.28,Festpreis,29.08,0,1,100.28,3. Sep 2025,-,FALSE,terapeak_rolex_original_p18.html
#1033 ORIGINAL ROLEX DATEJUST 36mm CAL 3035 3135 REF 16234 16014 ZIFFERBLATT,164.75,Festpreis,6.9,0,1,164.75,4. Nov 2025,-,FALSE,terapeak_rolex_original_p18.html
#1027 ORIGINAL ROLEX GMT MASTER 2 CERAMIC 116710LN 116710  KERAMIK BEZEL LÜNETTE,495.79,Festpreis,7.05,0,1,495.79,9. Mai 2026,-,FALSE,terapeak_rolex_original_p18.html
#1611 ORIGINAL ROLEX 116710 LN GMT MASTER ZEIGER HANDS NEU NEW GMTMASTER 2 LUMI,352.88,Festpreis,65.54,0,1,352.88,17. Aug 2025,-,FALSE,terapeak_rolex_original_p18.html
#1617 ORIGINAL ROLEX 116710 LN GMT MASTER ZEIGER HANDS NEU NEW GMTMASTER 2 LUMI,390.64,Festpreis,65.11,0,1,390.64,27. Okt 2025,-,FALSE,terapeak_rolex_original_p18.html
#1617 ORIGINAL ROLEX GMT MASTER 2 CERAMIC 116710BLNR KERAMIK BEZEL INSERT BATMAN,812.44,Festpreis,66.01,0,1,812.44,20. Sep 2025,-,FALSE,terapeak_rolex_original_p18.html
#1617 ORIGINAL ROLEX GMT MASTER 2 CERAMIC 116710BLNR KERAMIK BEZEL INSERT BATMAN,903.68,Festpreis,25.1,0,1,903.68,19. Okt 2025,-,FALSE,terapeak_rolex_original_p18.html
#1628 ORIGINAL ROLEX DAY DATE 1803 1802 1807 WIDE BOY 1555 1556 ZIFFERBLATT DIAL,556.85,Festpreis,39.48,0,1,556.85,22. Apr 2026,-,FALSE,terapeak_rolex_original_p18.html
#1628 ORIGINAL ROLEX 1555 1556 BALANCE WHEEL COMPLETE HAIRSPRING BLUE UNRUH,505.7,Festpreis,7.03,0,1,505.7,15. Dez 2025,-,FALSE,terapeak_rolex_original_p18.html
#1628 ORIGINAL ROLEX 1555 1556 DAY DATE TAGESSCHEIBE DAY WHEEL DEUTSCH GERMAN,206.73,Festpreis,6.87,0,1,206.73,5. Nov 2025,-,FALSE,terapeak_rolex_original_p18.html
#1630 ORIGINAL ROLEX T25-16 SUBMARINER 5508 JAMES BOND NEU MINT CRYSTAL,368.07,Festpreis,29.65,0,1,368.07,16. Feb 2026,-,FALSE,terapeak_rolex_original_p18.html
#1642 ORIGINAL ROLEX 24-603-8 KRONE  CROWN GOLD OYSTER DATEJUST 6mm,140.41,Festpreis,29.08,0,1,140.41,14. Jan 2026,-,FALSE,terapeak_rolex_original_p18.html
#1660 ORIGINAL ROLEX B24-700-0 TWINLOCK KRONE CROWN 7mm 1665 1680 5512 5513 6263,349.7,Festpreis,28.97,0,1,349.7,1. Dez 2025,-,FALSE,terapeak_rolex_original_p18.html
"#1665 ORIGINAL ROLEX 5,3mm BREVETE KRONE & TUBUS CROWN TUBE STAHL OYSTER 6202",197.83,Festpreis,64.29,0,1,197.83,5. Nov 2025,-,FALSE,terapeak_rolex_original_p18.html
#1665 ORIGINAL ROLEX 24-600-0 KRONE & 2x TUBUS CROWN TUBE OYSTER DATEJUST 6mm,180.56,Festpreis,29.09,0,1,180.56,15. Jan 2026,-,FALSE,terapeak_rolex_original_p18.html
#1665 ORIGINAL ROLEX 24-600-0 KRONE & TUBUS CROWN TUBE STAHL OYSTER DATEJUST 6mm,193.38,Festpreis,29.52,0,1,193.38,7. Feb 2026,-,FALSE,terapeak_rolex_original_p18.html
#1665 ORIGINAL ROLEX 24-600-0 KRONE & TUBUS CROWN TUBE STAHL OYSTER DATEJUST 6mm,122.74,Festpreis,28.83,0,1,122.74,2. Nov 2025,-,FALSE,terapeak_rolex_original_p18.html
"#1665 ORIGINAL ROLEX 24-530-0 KRONE & TUBUS CROWN TUBE STAHL OYSTER 5,3mm B",123.64,Festpreis,6.96,0,1,123.64,17. Nov 2025,-,FALSE,terapeak_rolex_original_p18.html
"#1665 ORIGINAL ROLEX 5,3mm BREVETE KRONE & TUBUS CROWN TUBE STAHL OYSTER 6202",185.79,Festpreis,6.94,0,1,185.79,27. Nov 2025,-,FALSE,terapeak_rolex_original_p18.html
"#1665 ORIGINAL ROLEX 24-530-0 KRONE & TUBUS CROWN TUBE STAHL OYSTER 5,3mm D",110.77,Festpreis,29.21,0,1,110.77,7. Jan 2026,-,FALSE,terapeak_rolex_original_p18.html
"#1665 ORIGINAL ROLEX 24-530-0 KRONE & TUBUS CROWN TUBE STAHL OYSTER 5,3mm F",130.37,Festpreis,29.08,0,1,130.37,14. Jan 2026,-,FALSE,terapeak_rolex_original_p18.html
"#1665 ORIGINAL ROLEX 24-530-0 KRONE & TUBUS CROWN TUBE STAHL OYSTER 5,3mm K",129.48,Festpreis,28.89,0,1,129.48,10. Jun 2026,-,FALSE,terapeak_rolex_original_p18.html
"#1665 ORIGINAL ROLEX 24-530-0 KRONE & TUBUS CROWN TUBE STAHL OYSTER 5,3mm K",133.87,Festpreis,7.16,0,1,133.87,29. Jan 2026,-,FALSE,terapeak_rolex_original_p18.html
"#1665 ORIGINAL ROLEX 24-530-0 KRONE & TUBUS CROWN TUBE STAHL OYSTER 5,3mm K",115.77,Festpreis,7,0,1,115.77,22. Jan 2026,-,FALSE,terapeak_rolex_original_p18.html
"#1665 ORIGINAL ROLEX 24-530-0 KRONE & TUBUS CROWN TUBE STAHL OYSTER 5,3mm K",130.37,Festpreis,6.97,0,1,130.37,19. Mai 2026,-,FALSE,terapeak_rolex_original_p18.html
"#1665 ORIGINAL ROLEX 24-530-0 KRONE & TUBUS CROWN TUBE STAHL OYSTER 5,3mm L",129.57,Festpreis,28.9,0,1,129.57,26. Nov 2025,-,FALSE,terapeak_rolex_original_p18.html
"#1665 ORIGINAL ROLEX 24-531-0 KRONE & TUBUS CROWN TUBE STAHL OYSTER 5,3mm E",130.04,Festpreis,29.01,0,1,130.04,4. Jun 2026,-,FALSE,terapeak_rolex_original_p18.html
#1665 ORIGINAL ROLEX 24-603-8 KRONE  CROWN GOLD OYSTER DATEJUST 6mm,142.65,Festpreis,7.08,0,1,142.65,26. Jan 2026,-,FALSE,terapeak_rolex_original_p18.html
#1691 ORIGINAL ROLEX 116506 DAYTONA PLATIN PLATINUM LINK GLIED BANDELEMENT OYSTE,1483.04,Festpreis,25.57,0,1,1483.04,12. Feb 2026,-,FALSE,terapeak_rolex_original_p18.html
#1691 ORIGINAL ROLEX OYSTER BANDGLIED 16220 16710 16700 16760 14270 16570 78360,101.41,Festpreis,7.05,0,1,101.41,29. Dez 2025,-,FALSE,terapeak_rolex_original_p18.html
#1691 ORIGINAL ROLEX OYSTER BANDGLIED 16220 16710 16700 16760 14270 16570 78360,100.95,Festpreis,7.01,0,1,100.95,6. Jan 2026,-,FALSE,terapeak_rolex_original_p18.html
#1758 ORIGINAL ROLEX ZIFFERBLATT SUBMARINER DATE 16613 16803 FADED 3135 3035,230.06,Festpreis,6.95,0,1,230.06,11. Mrz 2026,-,FALSE,terapeak_rolex_original_p18.html
#1778 ORIGINAL ROLEX 25-117 ACRYLGLAS 1500 1501 DATE 1625 TURNOGRAPH 5700 USED,90.77,Festpreis,29.25,0,1,90.77,14. Mai 2026,-,FALSE,terapeak_rolex_original_p18.html
#1778 ORIGINAL ROLEX 3155 3156 DAY DATE TAGESSCHEIBE DAY WHEEL DEUTSCH GERMAN,224.98,Festpreis,7.11,0,1,224.98,13. Feb 2026,-,FALSE,terapeak_rolex_original_p18.html
#1778 ORIGINAL ROLEX 3155 3156 DAY DATE TAGESSCHEIBE DAY WHEEL DEUTSCH GERMAN,217.3,Festpreis,6.87,0,1,217.3,31. Mrz 2026,-,FALSE,terapeak_rolex_original_p18.html
#1811 ORIGINAL ROLEX 4130 - 360 SEKUNDENRAD WHEEL SECOND DAYTONA 116520,82.1,Festpreis,7.13,0,1,82.1,10. Feb 2026,-,FALSE,terapeak_rolex_original_p18.html
#1811 USED ROLEX 25-116 ACRYLGLAS 1675 16750 1655 PLEXY ORIGINAL,132.31,Festpreis,29.52,0,1,132.31,10. Feb 2026,-,FALSE,terapeak_rolex_original_p18.html
"#A19 NEU ORIGINAL ROLEX 15,4mm BANDGLIED OYSTER SUBMARINER 116610 114060 97200",98.09,Festpreis,34.71,0,1,98.09,2. Feb 2026,-,FALSE,terapeak_rolex_original_p18.html
#1875 ORIGINAL ROLEX 24-603-8 KRONE  CROWN GOLD OYSTER DATEJUST 6mm,152.01,Festpreis,6.95,0,1,152.01,6. Mrz 2026,-,FALSE,terapeak_rolex_original_p19.html
#1876 USED ORIGINAL ROLEX 24-700-0 TWINLOCK KRONE CROWN GOLD 7mm 5513 5512 1680,295.07,Festpreis,28.52,0,1,295.07,14. Mrz 2026,-,FALSE,terapeak_rolex_original_p19.html
Rolex Krone Crown 24-530/531/ 600/603/604/ 703/704 Original,71.01,Festpreis,13.83,0,4,284.02,8. Aug 2024,-,FALSE,terapeak_rolex_original_p2.html
ORIGINAL ROLEX 3135 - 432 - G1 UNRUH BALANCE HAIRSPRING ROLLER SET EINBAUFERTIG,349.67,Festpreis,23.85,0,4,1398.66,8. Jan 2025,-,FALSE,terapeak_rolex_original_p2.html
#1302 ORIGINAL ROLEX 3135 315 FEDERHAUS BARREL COMPLETE FEDERKERN ZUGFEDER,45.9,Festpreis,11.88,0,4,183.61,18. Feb 2026,-,FALSE,terapeak_rolex_original_p2.html
#A19 ORIGINAL ROLEX EDELSTAHL BANDGLIED GLIED 116500 116520 DAYTONA COSMOGRAPH,93.98,Festpreis,12.29,0,5,469.91,17. Jul 2025,-,FALSE,terapeak_rolex_original_p2.html
"#1462 ORIGINAL ROLEX 15,5mm BANDGLIED OYSTER LINK MASSIV EDELSTAHL DAYTONA GMT",99.1,Festpreis,11.2,0,4,396.39,26. Mrz 2025,-,FALSE,terapeak_rolex_original_p2.html
ORIGINAL ROLEX MINT Original Steel 703 Crown 5513 1680 Submariner,172.7,Festpreis,8.85,0,3,518.1,24. Mai 2024,-,FALSE,terapeak_rolex_original_p2.html
Original ROLEX Submariner 24-703-0  24-704-0 GMT Original TUBUS TUBE Steel Stahl,73.81,Festpreis,14.63,0,4,295.27,26. Apr 2024,-,FALSE,terapeak_rolex_original_p2.html
"ROLEX Datejust 24 530 8 Lady TUBE 18k GOLD Original KRONE CROWN 5,3mm Tubus",162.57,Festpreis,15.76,0,3,487.7,6. Jun 2024,-,FALSE,terapeak_rolex_original_p2.html
ROLEX DATEJUST 24-600 Original KRONE CROWN 6mm GMT Steel Stahl,145.91,Festpreis,10.36,0,3,437.74,6. Jun 2026,-,FALSE,terapeak_rolex_original_p2.html
Original ROLEX Dichtung für Gehäuseboden - verschiedene Größen,22.35,Festpreis,0,100,4,89.37,29. Apr 2026,-,FALSE,terapeak_rolex_original_p2.html
ROLEX Tubus mit Dichtung Tube with gasket 24-6020 Stahl Steel original vintage,68.88,Festpreis,10.94,0,3,206.64,22. Mai 2026,-,FALSE,terapeak_rolex_original_p2.html
"Original Rolex Glied Oyster Stahl 15,5mm",70.92,Festpreis,12.13,0,5,354.59,4. Aug 2024,-,FALSE,terapeak_rolex_original_p2.html
Original Rolex Krone 7mm Stahl für Submariner 16 610 / Daytona 16 520,83.15,Festpreis,5.82,33,3,249.47,24. Mrz 2026,-,FALSE,terapeak_rolex_original_p2.html
Original Rolex Krone 6 mm Stahl für Date Just  oder Date B24-600-0-G1 neu,250.66,Festpreis,6.13,67,3,751.96,17. Sep 2025,-,FALSE,terapeak_rolex_original_p2.html
Original Rolex Lünette für GMT 315-16700-11 NEU,171.44,Festpreis,15.65,67,3,514.33,21. Sep 2024,-,FALSE,terapeak_rolex_original_p2.html
ROLEX Hang Tag Siegel Rot 3 Crown Hologram Anhänger original,20.13,Festpreis,6.7,0,3,60.4,26. Feb 2026,-,FALSE,terapeak_rolex_original_p2.html
ORIGINAL ROLEX 3135 - 432 - G1 UNRUH BALANCE HAIRSPRING ROLLER SET EINBAUFERTIG,361.46,Festpreis,6.4,0,3,1084.38,29. Sep 2023,-,FALSE,terapeak_rolex_original_p2.html
#791 ORIGINAL ROLEX 24-7030 TUBUS TUBE STAHL OYSTER 7mm für 24-703 / 24-704,37.27,Festpreis,13.69,0,3,111.81,12. Apr 2025,-,FALSE,terapeak_rolex_original_p2.html
#622 ORIGINAL ROLEX 3035 DATUMSSCHEIBE DATE DISC WEIß WHITE OPEN 6 & 9 VINTAGE,122.36,Festpreis,13.91,0,3,367.07,10. Okt 2025,-,FALSE,terapeak_rolex_original_p2.html
#1811 USED ROLEX 25-118 ACRYLGLAS 1601 1603 1600 1608 DATEJUST PLEXY ORIGINAL,68.11,Festpreis,21.55,0,3,204.32,16. Jun 2026,-,FALSE,terapeak_rolex_original_p2.html
ROLEX DATEJUST 24-604-0 24-603-0 GMT Original KRONE CROWN Steel Stahl 6MM,127.47,Festpreis,26.14,0,4,509.87,28. Sep 2023,-,FALSE,terapeak_rolex_original_p2.html
ROLEX Submariner GMT 24-704-0 703  + TUBE TUBUS Original KRONE CROWN Steel Stahl,163.4,Festpreis,8.44,0,3,490.22,20. Feb 2024,-,FALSE,terapeak_rolex_original_p2.html
ROLEX DATEJUST 24-600 Original KRONE CROWN 6mm GMT Steel Stahl,129.23,Festpreis,5.47,0,2,258.45,25. Okt 2023,-,FALSE,terapeak_rolex_original_p2.html
"ROLEX Bubbleback 241 24-5-1 18k GOLD Original KRONE CROWN 5,2mm",242.52,Festpreis,16.23,0,2,485.03,23. Jan 2026,-,FALSE,terapeak_rolex_original_p2.html
ORIGINAL ROLEX MINT Original Steel 703 Crown 5513 1680 Submariner,177.37,Festpreis,11.71,0,2,354.74,10. Jun 2026,-,FALSE,terapeak_rolex_original_p2.html
ROLEX Datejust 24 604 8 TUBE 18k GOLD Original KRONE CROWN 6mm Yellow,261.31,Festpreis,5.47,0,2,522.62,14. Mrz 2025,-,FALSE,terapeak_rolex_original_p2.html
ROLEX Datejust 24 24-531 8 Original KRONE CROWN 5mm MONO GOLD Lady,132.21,Festpreis,11.17,0,2,264.41,21. Jul 2025,-,FALSE,terapeak_rolex_original_p2.html
ROLEX Datejust 24 604 8 MONO 18k GOLD Original KRONE CROWN 6mm Yellow,265.72,Festpreis,6.33,0,2,531.43,5. Jun 2026,-,FALSE,terapeak_rolex_original_p2.html
"Rolex Balance Staff 1530-7864,  Bestellung, NEU - Original Rolex 1pc     (RO-32)",45.71,Festpreis,13.55,0,2,91.42,26. Aug 2023,-,FALSE,terapeak_rolex_original_p2.html
"Original ROLEX Federkern B2130-307-Y1 für 2130, 2135",100.85,Festpreis,10.05,0,2,201.69,7. Jan 2026,-,FALSE,terapeak_rolex_original_p2.html
"Original ROLEX Stoßsicherung B7931-Y5 für 1530, 1600, 3035",120.31,Festpreis,9.98,0,2,240.62,28. Apr 2026,-,FALSE,terapeak_rolex_original_p2.html
NEU ORIGINAL ROLEX BANDGLIED OYSTER PERPETUAL,62.02,Festpreis,4.94,0,2,124.03,20. Dez 2024,-,FALSE,terapeak_rolex_original_p2.html
Original ROLEX Lagerstein B3135-9360-G5 für 3135,45.22,Festpreis,10.01,0,2,90.43,14. Jan 2026,-,FALSE,terapeak_rolex_original_p2.html
Omega cal 300.1321 balance staff neu original  (Z478),18.64,Festpreis,6.79,0,3,55.92,9. Jan 2025,-,FALSE,terapeak_rolex_original_p2.html
ROLEX Tubus mit Dichtung Tube with gasket 24-6020 Stahl Steel original,65.6,Festpreis,12.66,0,2,131.2,15. Mrz 2024,-,FALSE,terapeak_rolex_original_p2.html
Original Rolex 2230 / 2235 - 568 Rotor Achse (Axle for oscillating weight),49.56,Festpreis,0,100,2,99.13,24. Mrz 2026,-,FALSE,terapeak_rolex_original_p3.html
Rolex 25-318-1 Milgauss Green Crystal Glass 116400GV mit Original Dichtung,189.46,Festpreis,25.19,0,2,378.92,23. Dez 2025,-,FALSE,terapeak_rolex_original_p3.html
ROLEX Federhaus cal 3135 3155 3175 3185 part 310 BARREL with arbor original,66.35,Festpreis,13.45,0,2,132.71,18. Mrz 2026,-,FALSE,terapeak_rolex_original_p3.html
ROLEX Kupplung Aufzugtrieb cal 3035 5027 5026 sliding winding pinion original,102.86,Festpreis,18.37,0,2,205.71,22. Sep 2023,-,FALSE,terapeak_rolex_original_p3.html
ROLEX Umkehrrad montiert cal 3135 3155 3185 part 540 REVERSING WHEEL original,48.99,Festpreis,7,0,2,97.98,11. Aug 2025,-,FALSE,terapeak_rolex_original_p3.html
ROLEX Oysterquartz Sekundenrad Schaltrad cal 5035 6023 Second Wheel original,50.97,Festpreis,12.85,0,2,101.93,4. Dez 2025,-,FALSE,terapeak_rolex_original_p3.html
ROLEX Korrektor Mechanismus cal 2130 part 668 Corrector mechanism original,62.9,Festpreis,6.53,0,2,125.8,12. Aug 2024,-,FALSE,terapeak_rolex_original_p3.html
ROLEX Kleinbodenrad cal 3035 3055 3075 3085 - 5013 third wheel original part,45.25,Festpreis,6.89,0,2,90.49,5. Aug 2025,-,FALSE,terapeak_rolex_original_p3.html
ROLEX cal 2130 2135 205 Kupplung Trieb Kupplungstrieb Sliding pinion original,56.48,Festpreis,13.47,0,2,112.96,26. Jan 2026,-,FALSE,terapeak_rolex_original_p3.html
ROLEX Federhaus Barrel Arbor cal 3035 3055 3075 3085 part 5008 original,66.12,Festpreis,12.47,0,2,132.24,26. Jun 2024,-,FALSE,terapeak_rolex_original_p3.html
ROLEX Oyster Glied Stahl 18 kt Gold Bracelet LINK 10 mm für Lady Damen original,98.01,Festpreis,6.53,0,2,196.01,18. Dez 2023,-,FALSE,terapeak_rolex_original_p3.html
ROLEX Datum montiert cal 3135 3155 3175 3185 - 625 DATE WHEEL mounted original,47,Festpreis,18.8,0,2,93.99,27. Mai 2024,-,FALSE,terapeak_rolex_original_p3.html
ROLEX Wippe für Nocken Uhrwerk cal 2130 2135 part 633 yoke for cam original,37.97,Festpreis,12.97,0,2,75.93,21. Jul 2025,-,FALSE,terapeak_rolex_original_p3.html
ROLEX Datumraste Date Jumper cal 1525 1535 1565 1570 1575 part 7955 original,55.5,Festpreis,19.27,0,2,110.99,8. Jan 2026,-,FALSE,terapeak_rolex_original_p3.html
ROLEX Stoppfeder für Unruh cal 2030 2035 part 4460 Balance stop spring original,35.6,Festpreis,20.34,0,2,71.19,20. Apr 2026,-,FALSE,terapeak_rolex_original_p3.html
ROLEX Rotor Schwungmasse Damen cal 2030 2035 4474 oscillating weight original,143.61,Festpreis,13.3,0,2,287.2,27. Nov 2025,-,FALSE,terapeak_rolex_original_p3.html
ROLEX Submariner Daytona GMT Krone Crown 24-704-0  Stahl Steel 7 mm original,154.25,Festpreis,23.65,0,2,308.5,3. Jun 2025,-,FALSE,terapeak_rolex_original_p3.html
"Rolex Original Patent Krone NEU Ø 4,8mm",124.12,Festpreis,27.91,50,2,248.24,27. Apr 2025,-,FALSE,terapeak_rolex_original_p3.html
Rolex Cal. 3035 original Datumscheibe 5099 NEU,128.86,Festpreis,23.13,0,2,257.71,9. Apr 2025,-,FALSE,terapeak_rolex_original_p3.html
"Rolex Cal. 3035, 3075, Original Datumscheibe 5099 NEU",122.65,Festpreis,20.44,0,2,245.3,10. Feb 2026,-,FALSE,terapeak_rolex_original_p3.html
Original Tudor Krone 7mm Stahl für Submariner,118.94,Festpreis,5.5,50,2,237.88,13. Mai 2024,-,FALSE,terapeak_rolex_original_p3.html
"Original Rolex Krone Stahl Datejust 6694, 14000, 15200 Crown Steel Ø 5,3 mm",112.86,Festpreis,5.17,0,2,225.71,10. Dez 2023,-,FALSE,terapeak_rolex_original_p3.html
Original Rolex Sekundenrad Second Wheel Calibre 3135 Part 360,53.14,Festpreis,4.83,0,2,106.27,16. Jul 2025,-,FALSE,terapeak_rolex_original_p3.html
Neu Original Rolex 3235/570 Rotor/Oscillating Weight New.,137.36,Festpreis,13.16,0,2,274.71,18. Nov 2025,-,FALSE,terapeak_rolex_original_p3.html
Original ROLEX 2035 Gold matt champagner Datumsscheibe Date Disc Lady Datejust,57.29,Festpreis,17.01,0,2,114.58,11. Jan 2024,-,FALSE,terapeak_rolex_original_p3.html
Original ROLEX 2035 Medium Champagner Gold Datumsscheibe Datedisc Lady Datejust,120.16,Festpreis,25.05,0,2,240.33,7. Aug 2024,-,FALSE,terapeak_rolex_original_p3.html
"#1121 ORIGINAL ROLEX 15,4mm BANDGLIED OYSTER LINK MASSIV EDELSTAHL DATEJUST SUB",72.55,Festpreis,6.47,0,2,145.1,4. Apr 2024,-,FALSE,terapeak_rolex_original_p3.html
"#1121 ORIGINAL ROLEX 13,9mm BANDGLIED OYSTER 78350 EDELSTAHL",64.73,Festpreis,6.43,0,2,129.46,4. Apr 2025,-,FALSE,terapeak_rolex_original_p4.html
#622 ORIGINAL ROLEX 3035 DATUMSSCHEIBE DATE DISC GOLD CHAMP. OPEN 6 & 9 VINTAGE,125.63,Festpreis,6.85,0,2,251.25,29. Mai 2026,-,FALSE,terapeak_rolex_original_p4.html
#622 ORIGINAL ROLEX 2035 LADY DATEJUST DATUMSSCHEIBE DATE DISC WEIß WHITE,88.41,Festpreis,6.39,0,2,176.82,9. Jan 2025,-,FALSE,terapeak_rolex_original_p4.html
"#1229 ORIGINAL ROLEX 15,4mm BANDGLIED OYSTER LINK MASSIV EDELSTAHL DAYTONA GMT",84.17,Festpreis,6.5,0,2,168.33,14. Mrz 2025,-,FALSE,terapeak_rolex_original_p4.html
Zenith 3019 443 Halb El Primero 400 Setting Lever Tirette Neu Original,74.68,Festpreis,9.06,0,2,149.35,5. Jan 2025,-,FALSE,terapeak_rolex_original_p4.html
"#1405 NEU ORIGINAL ROLEX 15,4mm BANDGLIED OYSTER SUBMARINER 16610 16660 16600",114.28,Festpreis,6.62,0,2,228.55,16. Aug 2025,-,FALSE,terapeak_rolex_original_p4.html
#1462 NEU ORIGINAL ROLEX 17mm BANDGLIED OYSTER 126600 126660 226570 SEA DWELLER,143.29,Festpreis,6.23,0,2,286.57,4. Mrz 2025,-,FALSE,terapeak_rolex_original_p4.html
"#1462 ORIGINAL ROLEX 16,5mm BANDGLIED OYSTER 124060 126610 126900 SUBMARINER",146.84,Festpreis,6.38,0,2,293.68,2. Apr 2025,-,FALSE,terapeak_rolex_original_p4.html
"#1542 ORIGINAL ROLEX 15,5mm BANDGLIED OYSTER LINK MASSIV EDELSTAHL DAYTONA GMT",108.64,Festpreis,28.65,0,2,217.27,27. Jul 2025,-,FALSE,terapeak_rolex_original_p4.html
#1665 ORIGINAL ROLEX 3035 DATUMSSCHEIBE DATE DISC WEIß WHITE OPEN 6 & 9 VINTAGE,131.09,Festpreis,7.01,0,2,262.18,21. Mai 2026,-,FALSE,terapeak_rolex_original_p4.html
#1665 ORIGINAL ROLEX 3135 DATUMSSCHEIBE DATE DISC GOLD OPEN 6&9 3130 3175,96.15,Festpreis,7.04,0,3,288.46,2. Feb 2026,-,FALSE,terapeak_rolex_original_p4.html
Original ROLEX Micro-Stella Balance Regulierer - Justage an ROLEX - Werken,94.16,Auktion,8.48,0,1,94.16,6. Nov 2024,1,FALSE,terapeak_rolex_original_p4.html
"Original ROLEX Cyclop 25-116-J1 Acrylglas passend für Ref. 1655-0, 1675-0",101.23,Auktion,7.43,0,1,101.23,4. Nov 2025,7,FALSE,terapeak_rolex_original_p4.html
Original Rolex Zeiger GMT Master 16710 16700 16760 16750 mit Tritium 4-tlg. NEU!,311.2,Festpreis,7.77,0,1,311.2,28. Jan 2026,-,FALSE,terapeak_rolex_original_p4.html
"original Rolex-jubilee-band 20mm 18 Glieder,neuwertig",314.74,Festpreis,4.57,0,1,314.74,24. Feb 2026,-,FALSE,terapeak_rolex_original_p4.html
"ROLEX Bubbleback 241 24-5-1 18k GOLD Original KRONE CROWN 5,2mm",230.98,Festpreis,37.01,0,1,230.98,13. Feb 2024,-,FALSE,terapeak_rolex_original_p4.html
ROLEX DATEJUST 24-604-0 24-603-0 GMT Original TUBE KRONE CROWN Steel Stahl SET,166.41,Festpreis,5.49,0,1,166.41,7. Dez 2023,-,FALSE,terapeak_rolex_original_p4.html
OMEGA Speedmaster 175.0033 Original KRONE CROWN Gold Automatic CAL 1140,101.4,Festpreis,15.72,0,1,101.4,30. Jan 2024,-,FALSE,terapeak_rolex_original_p4.html
ROLEX  Milgauss 24-724-0 Original KRONE CROWN 116400 116900 216570 326934,126.6,Festpreis,36.48,0,1,126.6,23. Jan 2024,-,FALSE,terapeak_rolex_original_p4.html
ORIGINAL ROLEX MINT Original Steel 703 Crown TUBE TUBUS 5513 1680 Submariner,198.57,Festpreis,5.47,0,1,198.57,28. Aug 2023,-,FALSE,terapeak_rolex_original_p4.html
ROLEX Submariner 24-700 vintage rare Original KRONE CROWN 5512 5513 1680,314.78,Festpreis,5.71,0,1,314.78,18. Jul 2023,-,FALSE,terapeak_rolex_original_p4.html
Original MINT ROLEX Submariner 24-703  24-704 GMT Original TUBUS TUBE GOLD 7mm,155.52,Festpreis,35.8,0,1,155.52,28. Jun 2024,-,FALSE,terapeak_rolex_original_p4.html
ROLEX DATEJUST 24-604-0 24-603-0 GMT Original KRONE CROWN Steel Stahl 6MM,142.09,Festpreis,5.63,0,1,142.09,1. Sep 2024,-,FALSE,terapeak_rolex_original_p4.html
ROLEX Submariner GMT 24-704-0 703  + TUBE TUBUS Original KRONE CROWN Steel Stahl,182.2,Festpreis,17.2,0,1,182.2,24. Sep 2025,-,FALSE,terapeak_rolex_original_p4.html
ORIGINAL ROLEX MINT Original TUBUS Tube Steel 24-530 530 532 Medium,46.25,Festpreis,3.68,0,1,46.25,7. Apr 2025,-,FALSE,terapeak_rolex_original_p4.html
ROLEX DATEJUST 24-604-0 24-603-0 GMT Original TUBE KRONE CROWN Steel Stahl SET,179.18,Festpreis,16.92,0,1,179.18,11. Okt 2025,-,FALSE,terapeak_rolex_original_p4.html
"ROLEX Datejust 24 531 8 Lady TUBE 18k GOLD Original KRONE CROWN 5,3mm",164.87,Festpreis,16.89,0,1,164.87,29. Nov 2025,-,FALSE,terapeak_rolex_original_p4.html
ROLEX KRONE gold 100 % original !,102.49,Festpreis,0,100,1,102.49,22. Okt 2024,-,FALSE,terapeak_rolex_original_p4.html
"ORIGINAL ROLEX KRONE - GOLD  5,3 mm. Top",49.69,Festpreis,8.93,0,1,49.69,3. Nov 2025,-,FALSE,terapeak_rolex_original_p4.html
ORIGINAL ROLEX KRONE - EDELSTAHL  6 mm. Top CROWN,50.19,Festpreis,5.01,0,1,50.19,21. Aug 2025,-,FALSE,terapeak_rolex_original_p4.html
ORIGINAL ROLEX KRONE - EDELSTAHL  7 mm. Top CROWN,39.76,Festpreis,8.93,0,1,39.76,1. Nov 2025,-,FALSE,terapeak_rolex_original_p4.html
Original Rolex Uhrwerk Kaliber 5055 Quartzwerk aus Day Date 19018,1501.36,Festpreis,6.19,0,1,1501.36,26. Aug 2025,-,FALSE,terapeak_rolex_original_p4.html
ORIGINAL ROLEX KRONE  - EDELSTAHL  7 mm. Top CROWN OROLOGIO MONTRE,45.94,Festpreis,13.26,0,1,45.94,17. Feb 2026,-,FALSE,terapeak_rolex_original_p5.html
Original Rolex Portemonaise in Echtleder Neu,59.22,Festpreis,6.16,0,1,59.22,11. Jun 2026,-,FALSE,terapeak_rolex_original_p5.html
Rolex Original Train Wheel Bridge 2030 2035 4412  Perfect Condition used (RO 9),67.22,Festpreis,24.01,0,1,67.22,21. Jul 2023,-,FALSE,terapeak_rolex_original_p5.html
Rolex Red Hang-Tag Single Crown Hologram (1989 - 2000) ORIGINAL (RT-19),39.2,Festpreis,11.2,0,1,39.2,24. Jan 2024,-,FALSE,terapeak_rolex_original_p5.html
Rolex Red Hang-Tag  Hologram ( 2000-2015) ORIGINAL  (RT-21),21.95,Festpreis,11.46,0,1,21.95,26. Jul 2023,-,FALSE,terapeak_rolex_original_p5.html
Vintage Rolex Oyster End Link 280 Endlink Piece for Submariner GMT 20mm Original,287.32,Festpreis,22.8,0,1,287.32,2. Okt 2023,-,FALSE,terapeak_rolex_original_p5.html
"Rolex Balance Staff 1530-7864,  Bestellung, NEU - Original Rolex 1pc     (RO-32)",49.96,Festpreis,10.9,0,1,49.96,27. Okt 2023,-,FALSE,terapeak_rolex_original_p5.html
Original Rolex OysterQuartz 17013 Gold/Steel Bracelet Link Two-Tone Ersatzglied,248.18,Festpreis,19.86,0,1,248.18,4. Okt 2023,-,FALSE,terapeak_rolex_original_p5.html
ROLEX CROWN Datejust Ø 5.30 mm GOLD USED/Damaged Original   (RO14),40.04,Festpreis,4.45,0,1,40.04,8. Feb 2025,-,FALSE,terapeak_rolex_original_p5.html
ROLEX CROWN Datejust Ø 5.30 mm GOLD USED/Damaged Original  (RO2),28.06,Festpreis,14.03,0,1,28.06,29. Jul 2024,-,FALSE,terapeak_rolex_original_p5.html
ROLEX CROWN Datejust Ø 5.30 mm GOLD USED/Damaged Original   (RO9),23.97,Festpreis,14.38,0,1,23.97,21. Sep 2024,-,FALSE,terapeak_rolex_original_p5.html
ROLEX CROWN Datejust Ø 5.30 mm GOLD USED/Damaged Original  (RO3),28.37,Festpreis,4.73,0,1,28.37,8. Okt 2024,-,FALSE,terapeak_rolex_original_p5.html
"ROLEX CROWN Datejust Ø 6,00mm Steel USED/Damaged Original   (RO 21)",44.13,Festpreis,4.41,0,1,44.13,11. Jan 2025,-,FALSE,terapeak_rolex_original_p5.html
"ROLEX CROWN Datejust Ø 6,00mm GOLD USED/Damaged Original  (RO10)",30.77,Festpreis,13.99,0,1,30.77,6. Jul 2024,-,FALSE,terapeak_rolex_original_p5.html
ROLEX CROWN Datejust Ø 5.30 mm GOLD USED/Damaged Original  (RO8),26.94,Festpreis,4.49,0,1,26.94,27. Dez 2024,-,FALSE,terapeak_rolex_original_p5.html
"ROLEX CROWN Datejust Ø 6,00mm GOLD USED/Damaged Original   (RO11)",36.73,Festpreis,4.71,0,1,36.73,11. Okt 2024,-,FALSE,terapeak_rolex_original_p5.html
Original Rolex Jubilee Gold/Steel Ladies Ref. 468 End Links Pieces 13mm (12.9mm),156.42,Festpreis,22.35,0,1,156.42,3. Mrz 2025,-,FALSE,terapeak_rolex_original_p5.html
Original Rolex Hangtag   (RT-21),18.86,Festpreis,9.92,0,1,18.86,4. Nov 2025,-,FALSE,terapeak_rolex_original_p5.html
"ROLEX CROWN Datejust 6X Ø 5.30mm & 1X Ø 6,0mm GOLD USED/Damaged Original (RO22)",95.94,Festpreis,3.91,0,1,95.94,19. Dez 2025,-,FALSE,terapeak_rolex_original_p5.html
ROLEX CROWN Datejust Ø 5.30 mm GOLD USED/Damaged Original    (RO16),34.74,Festpreis,4.96,0,1,34.74,28. Mrz 2026,-,FALSE,terapeak_rolex_original_p5.html
ROLEX CROWN Datejust Ø 5.30 mm GOLD USED/Damaged Original  (RO6),28.64,Festpreis,5.02,0,1,28.64,16. Jul 2025,-,FALSE,terapeak_rolex_original_p5.html
ROLEX CROWN Datejust Ø 5.30 mm GOLD USED/Damaged Original  (RO5),25.23,Festpreis,2.52,0,1,25.23,7. Sep 2025,-,FALSE,terapeak_rolex_original_p5.html
ROLEX CROWN Datejust Ø 5.30 mm GOLD USED/Damaged Original  (RO7),25.23,Festpreis,2.52,0,1,25.23,7. Sep 2025,-,FALSE,terapeak_rolex_original_p5.html
ROLEX CROWN Datejust Ø 5.30 mm GOLD USED/Damaged Original  (RO1),25.09,Festpreis,15.05,0,1,25.09,6. Sep 2025,-,FALSE,terapeak_rolex_original_p5.html
ROLEX CROWN Datejust Ø 5.30 mm GOLD USED/Damaged Original  (RO15),35.34,Festpreis,0,100,1,35.34,4. Jan 2026,-,FALSE,terapeak_rolex_original_p5.html
"ROLEX CROWN Datejust Ø 6,00 mm GOLD USED/Damaged Original   (RO12)",28.27,Festpreis,1.14,0,1,28.27,19. Dez 2025,-,FALSE,terapeak_rolex_original_p5.html
Rolex Original Schließe 20mm Edelstahl Antik 40er Jahre Selten,306.78,Festpreis,0,100,1,306.78,2. Apr 2026,-,FALSE,terapeak_rolex_original_p5.html
Tudor 9411/0 Submariner Snowflake Caseback original Oyster by Rolex Geneva,278.63,Auktion,26.93,0,1,278.63,7. Mai 2024,1,FALSE,terapeak_rolex_original_p5.html
Tudor 9411/0 Submariner Snowflake Caseback original Oyster case by Rolex Geneva,253.22,Auktion,27.09,0,1,253.22,27. Mai 2024,1,FALSE,terapeak_rolex_original_p5.html
Tudor 9411/0 Submariner Snowflake Caseback original Oyster by Rolex Geneva,279.75,Auktion,27.04,0,1,279.75,7. Jul 2024,1,FALSE,terapeak_rolex_original_p5.html
"Original Rolex Oyster Glied Link Stahl/Gold 15,4mm für GMT/Sub/Yacht M Neuwertig",191.8,Festpreis,6.87,0,1,191.8,15. Mrz 2026,-,FALSE,terapeak_rolex_original_p5.html
"Original ROLEX Oyster Perpetual Datejust Zifferblatt 27,90 mm, Anthrazit Grau",106.63,Auktion,6.06,0,1,106.63,13. Apr 2025,3,FALSE,terapeak_rolex_original_p5.html
"Original Rolex Anker mit Kette, 300m/1000ft - Submariner Vintage 80s",121.7,Festpreis,18.4,0,1,121.7,13. Feb 2026,-,FALSE,terapeak_rolex_original_p5.html
"Original Rolex Anker mit Kette, 300m/1000ft - Submariner Vintage 80s",132.16,Festpreis,18.01,0,1,132.16,16. Nov 2025,-,FALSE,terapeak_rolex_original_p5.html
ORIGINAL ROLEX OYSTER ARMBAND SCHLIEßE VINTAGE STEELINOX BRACELET CLASP,148.95,Festpreis,0,100,1,148.95,22. Feb 2024,-,FALSE,terapeak_rolex_original_p5.html
Original Rolex Acryl Glas 16030 ca 1980,28.12,Festpreis,2.31,0,1,28.12,18. Jul 2024,-,FALSE,terapeak_rolex_original_p5.html
Artikelnr. 166812829241,103.33,Festpreis,22.04,0,1,103.33,27. Sep 2024,-,FALSE,terapeak_rolex_original_p5.html
ORIGINAL ROLEX Explorer 16570 Uhrenbox Gehäuse 68.00.55 ohne Innen Grün 24103...,114.45,Festpreis,21.37,0,1,114.45,9. Mrz 2025,-,FALSE,terapeak_rolex_original_p5.html
"Original Rolex Faltschließe Jubilee, 62510H GMT, Datejust 1980, Schließe 16mm",182.09,Festpreis,5,0,1,182.09,7. Dez 2024,-,FALSE,terapeak_rolex_original_p5.html
Original Rolex Aufzugswelle 3135-201 OEM - 3130 3155 3175 3185 3186 Winding Stem,11.23,Festpreis,3.05,0,2,22.47,18. Feb 2026,-,FALSE,terapeak_rolex_original_p5.html
Original Rolex Aufzugswelle 3135-201 OEM - 3130 3155 3175 3185 3186 Winding Stem,11.03,Festpreis,2.89,0,2,22.05,5. Mrz 2026,-,FALSE,terapeak_rolex_original_p5.html
Rolex  1675  warranty  garantie  certificate  Original,756.11,Festpreis,6.24,0,1,756.11,29. Apr 2026,-,FALSE,terapeak_rolex_original_p5.html
Original Rolex Oyster Gehäuseöffner Swiss Made N2,50.33,Festpreis,0,100,1,50.33,10. Apr 2026,-,FALSE,terapeak_rolex_original_p5.html
Rolex 6202 Case Back 1953 Submariner Turn O Graph Original  Turnograph,2677.4,Festpreis,1.02,0,1,2677.4,18. Jun 2024,-,FALSE,terapeak_rolex_original_p5.html
"Original ROLEX Zentralsekundentrieb B4427-Y1 für 2030, 2035",55.94,Festpreis,9.32,0,1,55.94,19. Jun 2024,-,FALSE,terapeak_rolex_original_p5.html
Original ROLEX Glasdichtung - verschiedene Größen,33.62,Festpreis,0,100,1,33.62,27. Sep 2024,-,FALSE,terapeak_rolex_original_p5.html
Rolex original Siegel,8.3,Auktion,0.93,0,1,8.3,18. Okt 2024,1,FALSE,terapeak_rolex_original_p5.html
Rolex  Siegel - rot und original,8.28,Auktion,0.93,0,1,8.28,27. Okt 2024,1,FALSE,terapeak_rolex_original_p6.html
Original ROLEX Achse für Schwungmasse B3135-568-Y1 für 3135,168.92,Festpreis,9.89,0,1,168.92,3. Nov 2025,-,FALSE,terapeak_rolex_original_p6.html
"Original ROLEX Schraube für Unruh 8108 für  1556, 1570, 1575, 1575 GMT, 1580",35.05,Festpreis,0,100,1,35.05,27. Aug 2025,-,FALSE,terapeak_rolex_original_p6.html
"Original ROLEX Stoßsicherung B7930-Y5 für 1530, 1600, 3035",121.28,Festpreis,10.06,0,1,121.28,28. Apr 2026,-,FALSE,terapeak_rolex_original_p6.html
"Original ROLEX Unruhwelle B7864-Y5 für 1520, 1525, 1530, 1535, 1555, 1556, 1560",99.34,Festpreis,0,100,1,99.34,1. Nov 2025,-,FALSE,terapeak_rolex_original_p6.html
"Original ROLEX Unterlegscheibe für Federhaus, oben B6190-Y5 für 2030",50.59,Festpreis,0,100,1,50.59,23. Jan 2026,-,FALSE,terapeak_rolex_original_p6.html
"Original ROLEX Zentralsekundentrieb B4427-Y1 für 2030, 2035",150.63,Festpreis,9.99,0,1,150.63,9. Jan 2026,-,FALSE,terapeak_rolex_original_p6.html
Original Rolex Schwungmasse/Rotor für Cal. 3135,4.8,Auktion,4.51,0,1,4.8,9. Dez 2024,2,FALSE,terapeak_rolex_original_p6.html
"Original ROLEX Tropic 25-12-J1 Acrylglas passend für Ref. 1002-0, 1002-3, 1002-5",252.83,Festpreis,12.14,0,1,252.83,18. Dez 2025,-,FALSE,terapeak_rolex_original_p6.html
"3 Original Rolex Glieder Oyster Stahl 15,5mm matt und poliert",49.35,Auktion,8.52,0,1,49.35,24. Jan 2025,1,FALSE,terapeak_rolex_original_p6.html
"Original Rolex Oyster Glied 15,5 mm Submariner GMT",54.19,Auktion,2.71,0,1,54.19,18. Feb 2025,1,FALSE,terapeak_rolex_original_p6.html
Original ROLEX Riegel für Schwingmassen-Achse 6739 für Cal. 1130,60.19,Festpreis,9.99,0,1,60.19,20. Okt 2025,-,FALSE,terapeak_rolex_original_p6.html
"Original ROLEX Daydate 18038 Zeigersatz, gelb",200.7,Festpreis,0,100,1,200.7,29. Okt 2025,-,FALSE,terapeak_rolex_original_p6.html
ORIGINAL ROLEX KRONE - GOLD 7 mm.,60.85,Festpreis,3.03,0,1,60.85,24. Jul 2025,-,FALSE,terapeak_rolex_original_p6.html
Original ROLEX Schraubtubus 24-5320,99.94,Festpreis,9.95,0,1,99.94,15. Okt 2025,-,FALSE,terapeak_rolex_original_p6.html
Original ROLEX Deckplatte für Stelleinrichtung 236 für 2130,59.66,Festpreis,9.9,0,1,59.66,3. Apr 2026,-,FALSE,terapeak_rolex_original_p6.html
"Original ROLEX Feder für Nockenwippe 5091 für 3035, 3055, 3075 GMT",50.54,Festpreis,10.07,0,1,50.54,22. Sep 2025,-,FALSE,terapeak_rolex_original_p6.html
"Original ROLEX 60er Jahre Sticker, grün / gold",35.26,Festpreis,0,100,2,70.52,14. Apr 2026,-,FALSE,terapeak_rolex_original_p6.html
Rolex GMT-Master 16710 – Original Unterlagen & Zubehör,49.74,Auktion,6.16,0,1,49.74,23. Mrz 2026,1,FALSE,terapeak_rolex_original_p6.html
"Original ROLEX Tropic 25-2-J1 Acrylglas passend für Ref. 7604, 7605, 9210, 9211",120.28,Festpreis,8.24,0,1,120.28,3. Jul 2024,-,FALSE,terapeak_rolex_original_p6.html
"Original ROLEX Cyclop 295-CAR-V3-C1 Saphirglas passend für Ref. 16622, 16623",692.8,Festpreis,0,100,1,692.8,12. Jun 2024,-,FALSE,terapeak_rolex_original_p6.html
Original Rolex Krone 7 mm Gold für Submariner / Daytona / Day-Date / Datejust,154.43,Festpreis,0,100,1,154.43,21. Nov 2024,-,FALSE,terapeak_rolex_original_p6.html
Original Rolex Krone 7 mm Silber für Submariner / Daytona / Day-Date / Datejust,84.01,Festpreis,5.13,0,1,84.01,9. Jul 2024,-,FALSE,terapeak_rolex_original_p6.html
"Original ROLEX Datum-Zwischenrad B4514-Y1 für 2035, 2035",89.86,Festpreis,0,100,1,89.86,27. Nov 2025,-,FALSE,terapeak_rolex_original_p6.html
Original ROLEX Feder für Stoßsicherung B4494-Y5 für 2030,48.13,Festpreis,0,100,1,48.13,14. Mai 2025,-,FALSE,terapeak_rolex_original_p6.html
"Original ROLEX Feder für Stoßsicherung B95019-4-Y5 für 3035, 3135, 4130, 1120",70.15,Festpreis,9.98,0,1,70.15,17. Jul 2025,-,FALSE,terapeak_rolex_original_p6.html
"Original ROLEX Frinktionsfeder für Kronrad B5030-Y1 für 3035, 3055, 3075 GMT",60.45,Festpreis,10.04,0,1,60.45,6. Mai 2026,-,FALSE,terapeak_rolex_original_p6.html
Original ROLEX Lagerstein B3135-9633-G5 für 3135,45.63,Festpreis,0,100,1,45.63,19. Feb 2026,-,FALSE,terapeak_rolex_original_p6.html
"Original ROLEX Sternrad B5131-Y1 für 5035, 5055",150.63,Festpreis,0,100,1,150.63,7. Aug 2025,-,FALSE,terapeak_rolex_original_p6.html
Original ROLEX Zentralsekundenrad B3000-360-G1 für 3035,161.31,Festpreis,8.92,0,1,161.31,24. Dez 2024,-,FALSE,terapeak_rolex_original_p6.html
"Rolex Kugelschreiber Caran d' Ache in grünem Rolex- Lederetui, ORIGINAL - NEU",89.56,Auktion,4.97,0,1,89.56,15. Dez 2024,1,FALSE,terapeak_rolex_original_p6.html
Original ROLEX Werkbefestigung B122-Y5,37.55,Festpreis,0,100,1,37.55,8. Apr 2025,-,FALSE,terapeak_rolex_original_p6.html
Original ROLEX Anker 1819 für Kaliber 1600,244,Festpreis,0,100,1,244,22. Mai 2025,-,FALSE,terapeak_rolex_original_p6.html
Original ROLEX Schraubtubus 24-7000,294.03,Festpreis,0,100,1,294.03,17. Apr 2026,-,FALSE,terapeak_rolex_original_p6.html
"Original ROLEX Schraube für Stellhebel 7562 für 1200, 1210, 1215, 1220, 1225",30.27,Festpreis,10.05,0,1,30.27,2. Okt 2025,-,FALSE,terapeak_rolex_original_p6.html
Original ROLEX Kalenderrad 5127 für 3055,70.16,Festpreis,0,100,1,70.16,14. Jan 2026,-,FALSE,terapeak_rolex_original_p6.html
NEU & ORIGINAL - Rolex 16mm Dornschließe in Blister B22-16-0-L1,121.61,Festpreis,6.27,0,1,121.61,9. Sep 2025,-,FALSE,terapeak_rolex_original_p6.html
Rolex Datumscheibe Disk 3135 Weiß Original,74.63,Festpreis,29.85,0,1,74.63,4. Apr 2026,-,FALSE,terapeak_rolex_original_p6.html
Seltener Rolex Anker – T‑Bar Version – Flat 3 300m Original Beileger Submariner,118.93,Auktion,6.16,0,1,118.93,11. Jun 2026,9,FALSE,terapeak_rolex_original_p6.html
Schraube Armband Original Rolex 32-20638 72190A Oyster Datejust 31mm L.14mm,17,Festpreis,11.33,0,1,17,9. Mrz 2024,-,FALSE,terapeak_rolex_original_p6.html
ROLEX OYSTER Glied Stahl 18kt Gold 10mm für Lady Damen Uhr Original,40.54,Festpreis,4.95,0,1,40.54,24. Feb 2025,-,FALSE,terapeak_rolex_original_p6.html
Rolex 1530-7825 Frühling Original N. O. S. IN Blister 1520 1525 1556 1565 1570,76.67,Festpreis,12.46,0,1,76.67,17. Sep 2024,-,FALSE,terapeak_rolex_original_p6.html
Original Rolex Krone 7mm Stahl für Submariner 16 610 / Daytona 16 520,80.65,Festpreis,6.24,0,1,80.65,11. Jul 2025,-,FALSE,terapeak_rolex_original_p6.html
Rolex 3135 Komplettes Originales Neues Graues Unruh Balance Komplett N.O.S.,427.87,Festpreis,12.08,0,1,427.87,1. Sep 2025,-,FALSE,terapeak_rolex_original_p6.html
Rolex 32-551B-0 Endschalldämpfer Armband Oyster Original mm17 Inox Satin 78350,135.68,Festpreis,12.06,0,1,135.68,26. Sep 2025,-,FALSE,terapeak_rolex_original_p6.html
"Original Rolex Gold Krone 5,3mm , 241 24-530-0 X12",127.44,Festpreis,12.75,0,1,127.44,28. Apr 2026,-,FALSE,terapeak_rolex_original_p6.html
"Original Rolex Anker mit Kette, 300m/1000ft - Submariner Vintage 80s",40.57,Festpreis,6.28,0,1,40.57,28. Dez 2025,-,FALSE,terapeak_rolex_original_p6.html
ROLEX Hang Tag Siegel Rot 3 Crown Hologram Anhänger original -  siehe Bilder,10.23,Auktion,5.12,0,1,10.23,13. Feb 2026,1,FALSE,terapeak_rolex_original_p6.html
Rolex Einkaufstasche Original grün Shopping Bag Tüte Tasche einkaufen Neu Top,10.08,Festpreis,6.24,0,1,10.08,10. Apr 2026,-,FALSE,terapeak_rolex_original_p6.html
ROLEX Krone Crown 24-604-0 Datejust GMT-Master 6 mm Edelstahl Steel original,122.36,Festpreis,18.82,0,1,122.36,18. Jun 2023,-,FALSE,terapeak_rolex_original_p7.html
ROLEX Tubus mit Dichtung Tube with gasket 24-6020-0 für 6 mm Krone original,67.96,Festpreis,6.18,0,1,67.96,14. Jan 2025,-,FALSE,terapeak_rolex_original_p7.html
ROLEX Tubus mit Dichtung Tube with gasket B24-6330-2-G1 für 6 mm Krone original,79.46,Festpreis,18.69,0,1,79.46,21. Mrz 2025,-,FALSE,terapeak_rolex_original_p7.html
ROLEX Lady Damen Datumscheibe cal 2235 78002 DATE DISC Indicator Weiß original,112.85,Festpreis,6.58,0,1,112.85,18. Dez 2023,-,FALSE,terapeak_rolex_original_p7.html
Original Rolex big crown tag green (z72),40.59,Festpreis,14.21,0,1,40.59,7. Jul 2025,-,FALSE,terapeak_rolex_original_p7.html
ROLEX Day Date 18238 Tagesscheibe cal 3155 17101 Date Day Disc English original,149.11,Festpreis,19.24,0,1,149.11,28. Aug 2024,-,FALSE,terapeak_rolex_original_p7.html
ROLEX Submariner GMT Daytona Krone Crown Triplock Edelstahl Steel 7 mm original,141.26,Festpreis,41.02,0,1,141.26,30. Okt 2023,-,FALSE,terapeak_rolex_original_p7.html
ROLEX Datejust Day Date Krone 18KT ROSEGOLD Crown 6 mm 24-604-8 original,230.02,Festpreis,40.75,0,1,230.02,17. Dez 2024,-,FALSE,terapeak_rolex_original_p7.html
"original ROLEX Submariner  Daytona / Ersatzglied / Verlängerung, Edelstahl, 16mm",14.58,Auktion,20.59,0,1,14.58,17. Dez 2023,2,FALSE,terapeak_rolex_original_p7.html
ROLEX Krone Crown 24-604-0 Datejust GMT-Master 16750 6 mm Stahl Steel original,145.11,Festpreis,6.56,0,1,145.11,20. Okt 2024,-,FALSE,terapeak_rolex_original_p7.html
ROLEX Krone 18 KT Gold Crown 6 mm 24-600-8 Datejust 1603 Day-Date 1803 original,140.7,Festpreis,6.56,0,1,140.7,19. Mrz 2024,-,FALSE,terapeak_rolex_original_p7.html
ROLEX Krone Crown 24-703-8 Submariner GMT Daytona 18 Kt Gold 7 mm original,219,Festpreis,19.04,0,1,219,5. Apr 2025,-,FALSE,terapeak_rolex_original_p7.html
Original Rolex Oysterband 78360 mit 501B End Links,884.89,Festpreis,5.12,0,1,884.89,10. Jun 2024,-,FALSE,terapeak_rolex_original_p7.html
ROLEX Cellini Krone 18 kt Gold Crown B24-504504-83-G1 750 Gold original,114.96,Festpreis,17.69,0,1,114.96,3. Jan 2025,-,FALSE,terapeak_rolex_original_p7.html
ROLEX Cellini Krone 18 kt Gold Crown 750 Yellow Gold Ø 4 mm original,130.44,Festpreis,18.63,0,1,130.44,22. Okt 2024,-,FALSE,terapeak_rolex_original_p7.html
ROLEX Day Date 18238 Tagesscheibe cal 3155 17101 Date Day Disc Deutsch original,186.76,Festpreis,7.06,0,1,186.76,30. Jun 2025,-,FALSE,terapeak_rolex_original_p7.html
ROLEX Krone Crown 24-604-0 Datejust GMT-Master 16750 6 mm Stahl Steel original,157.28,Festpreis,6.93,0,1,157.28,5. Nov 2025,-,FALSE,terapeak_rolex_original_p7.html
ROLEX Datumscheibe cal 3135 16100 Date Disc Indicator Champagner original,84.24,Festpreis,6.34,0,1,84.24,26. Feb 2025,-,FALSE,terapeak_rolex_original_p7.html
Rolex Ref. 1002 5500 Stahl 1967 Original Gehäuseboden Boden Steel Caseback,91.28,Festpreis,6.28,0,1,91.28,25. Feb 2026,-,FALSE,terapeak_rolex_original_p7.html
Original Rolex 2230 2235 - 311 Aufzugsfeder Mainspring Neu in Verpackung,45.38,Festpreis,0,100,1,45.38,25. Apr 2026,-,FALSE,terapeak_rolex_original_p7.html
ROLEX Oyster Glied Bracelet Link Stahl Gold Steel Gold massiv 15.5 mm original,250.33,Festpreis,7.04,0,1,250.33,31. Mai 2026,-,FALSE,terapeak_rolex_original_p7.html
Rolex Insert GMT PEPSI Inlay neu  original verpackt 1675 16750,318.16,Festpreis,19.27,0,1,318.16,20. Jul 2023,-,FALSE,terapeak_rolex_original_p7.html
3 Stück ORIGINAL Rolex Armbandglied Oysterquartz 17000 Edelstahl Bandglied Link,161.68,Auktion,5.38,0,1,161.68,30. Dez 2024,18,FALSE,terapeak_rolex_original_p7.html
Original Rolex date disc 1570 1560 Submariner GMT Datejust,92.86,Festpreis,13.59,0,1,92.86,13. Mrz 2025,-,FALSE,terapeak_rolex_original_p7.html
Original Rolex 1570 1560 Rotor Weight Oscillator,68.13,Festpreis,6.02,0,1,68.13,5. Mai 2025,-,FALSE,terapeak_rolex_original_p7.html
Original Rolex 3135 3130 3155 Submariner Rotor Weight Oscillator good condition,45.07,Festpreis,6.2,0,1,45.07,25. Okt 2025,-,FALSE,terapeak_rolex_original_p7.html
"Rolex Box und Rolex Prospekt und Rolex Hülle, alles Original",99.25,Auktion,7.44,0,1,99.25,4. Nov 2025,1,FALSE,terapeak_rolex_original_p7.html
ORIGINAL Rolex Datejust 36mm Motor gedrehte Edelstahl Lünette + PLEXI Glass Neu,69.95,Auktion,6.19,0,1,69.95,29. Nov 2025,1,FALSE,terapeak_rolex_original_p7.html
"Rolex Daytona Elprimero  Gold Krone Crown 7mm, 24-703-8 16500,16528 Originale",202.15,Festpreis,6.89,0,1,202.15,1. Feb 2026,-,FALSE,terapeak_rolex_original_p7.html
Originales Rolex Bandglied für Oyster Band mit 20mm Anstößen #1,35.31,Auktion,6.25,0,1,35.31,21. Dez 2025,1,FALSE,terapeak_rolex_original_p7.html
Originaler Rolex Siegelanhänger Hangtag,8.02,Auktion,4.21,0,1,8.02,11. Jan 2026,1,FALSE,terapeak_rolex_original_p7.html
Originales Rolex Bandglied für Oyster Band mit 20mm Anstößen #2,45.15,Auktion,6.22,0,1,45.15,20. Jan 2026,1,FALSE,terapeak_rolex_original_p7.html
ROLEX oyster original Glied Link matt 15.5 16520 16700 16710 16570 16600 114270,37.29,Festpreis,0,100,1,37.29,28. Mrz 2024,-,FALSE,terapeak_rolex_original_p7.html
"ORIGINAL ROLEX 15,4mm BANDGLIED OYSTER LINK MASSIV EDELSTAHL DAYTONA GMT",44.13,Festpreis,0,100,1,44.13,13. Jan 2025,-,FALSE,terapeak_rolex_original_p7.html
"ROLEX GLIED LINK JUBILEE original stahl 15,5 gold bicolor 62523 36er datejust",44.49,Festpreis,0,100,1,44.49,10. Feb 2025,-,FALSE,terapeak_rolex_original_p7.html
Original Rolex Schlüsselanhänger & Kreditkartenetui NEU - TOP !!!,75.3,Auktion,5.51,0,1,75.3,19. Okt 2025,1,FALSE,terapeak_rolex_original_p7.html
Ersatzglied original ROLEX Submariner 14060 16610 Explorer 2 etc,66.13,Festpreis,5.57,0,1,66.13,14. Jan 2024,-,FALSE,terapeak_rolex_original_p7.html
Ersatzglied original ROLEX Submariner 14060 16610 Explorer 2 etc,70.32,Festpreis,5.53,0,1,70.32,20. Jan 2024,-,FALSE,terapeak_rolex_original_p7.html
Ersatzglied original ROLEX Submariner 14060 16610 Explorer 2 etc,71.29,Festpreis,5.53,0,1,71.29,16. Mrz 2024,-,FALSE,terapeak_rolex_original_p7.html
Ersatzglied original ROLEX Submariner 14060 16610 Explorer 2 etc,71.07,Festpreis,5.51,0,1,71.07,21. Mrz 2024,-,FALSE,terapeak_rolex_original_p7.html
Original Neu Rolex Damen Datejust 69173 79173 Band Armband 2 Glieder #104,155.06,Festpreis,24.56,0,1,155.06,8. Jan 2025,-,FALSE,terapeak_rolex_original_p7.html
"Rolex Cal. 3035, 3075, Original Datumsscheibe 16660 uvm",48.42,Auktion,2.62,0,1,48.42,2. Aug 2025,4,FALSE,terapeak_rolex_original_p7.html
Original ROLEX 600-8 Gold Crown 6mm Datejust Day-Date 16013 1803 16253 #380,171.85,Festpreis,27.87,0,1,171.85,14. Sep 2025,-,FALSE,terapeak_rolex_original_p8.html
Rolex Uhrenteile 4130-120 Unruhbrücke Teil 120 Original,197.72,Festpreis,19.08,0,5,988.58,8. Jan 2026,-,FALSE,terapeak_rolex_original_p8.html
ORIGINAL ROLEX 6 mm Krone Crown gold golden Datejust Day-Date 1601 1601 1803,83.13,Festpreis,5.45,0,1,83.13,6. Nov 2023,-,FALSE,terapeak_rolex_original_p8.html
Rolex Submariner Original-Box Montres Rolex Geneve 10 001 Holz Originalverpackun,41.42,Festpreis,6.12,0,1,41.42,12. Mrz 2024,-,FALSE,terapeak_rolex_original_p8.html
Original Rolex Schließe in Stahl Dornschließe 16mm Durchmesser,92.61,Auktion,5.13,0,1,92.61,20. Mrz 2024,1,FALSE,terapeak_rolex_original_p8.html
ORIGINAL ROLEX DATEJUST 36 TURN-O-GRAPH 16264 PAPIERE GARANTIEKARTE 1992 E442654,135.7,Festpreis,26.23,0,1,135.7,16. Dez 2024,-,FALSE,terapeak_rolex_original_p8.html
ORIGINAL ROLEX HANG Tag Datejust 41 M126334 126334 Oyster M,45.08,Festpreis,6.35,0,1,45.08,28. Apr 2024,-,FALSE,terapeak_rolex_original_p8.html
Original Rolex Schließe in 750er Gold Dornschließe 16mm Durchmesser,228.58,Auktion,5.04,0,1,228.58,20. Apr 2024,1,FALSE,terapeak_rolex_original_p8.html
Original Rolex 555B Stahl 20mm Endglieder GMT Explorer Datejust 62510H I467,177.26,Festpreis,7.6,0,1,177.26,5. Jul 2025,-,FALSE,terapeak_rolex_original_p8.html
Rolex Datejust 36mm 126200 Glas Dichtung original Rolex 01.2.25-7035-4 C1 I304,31.63,Festpreis,0,100,1,31.63,15. Feb 2025,-,FALSE,terapeak_rolex_original_p8.html
ORIGINAL ROLEX Hang Tag DAYTONA 116520 grün Verkaufsschild Anhänger,20.15,Festpreis,29.22,0,1,20.15,12. Sep 2025,-,FALSE,terapeak_rolex_original_p8.html
ORIGINAL ROLEX Zeigersatz ZEIGER Hands Cal 1560 1570 1501 1505 1500 TRITIUM,129.04,Festpreis,6.9,0,1,129.04,11. Mrz 2026,-,FALSE,terapeak_rolex_original_p8.html
NEU Rolex 317-116260 Feder Kugel Ratsche Submariner Ring 116610 x1pc Original,48.66,Festpreis,25.35,0,1,48.66,4. Mai 2026,-,FALSE,terapeak_rolex_original_p8.html
ORIGINAL ROLEX Kartenhalter Dokumentenhalter Card Holder 101 00 41 grün 8x11 cm,65.26,Festpreis,6.16,0,1,65.26,3. Feb 2025,-,FALSE,terapeak_rolex_original_p8.html
1 Stück ORIGINAL ROLEX GEHÄUSE Lady Datejust Oyster Perpetual Date Ref. 6618,258.31,Festpreis,5.64,0,1,258.31,28. Dez 2023,-,FALSE,terapeak_rolex_original_p8.html
Original Rolex 555 Endlinks Steel 555 20mm Jubilee Datejust GMT I519,168.35,Festpreis,7.21,0,1,168.35,27. Sep 2024,-,FALSE,terapeak_rolex_original_p8.html
"Original Tudor Submariner Krone Stahl inklusive Tubus, Stahl",36.12,Auktion,13.43,0,1,36.12,23. Dez 2024,11,FALSE,terapeak_rolex_original_p8.html
"Original Rolex Krone Stahl für Submariner, 7 mm Durchmesser, inklusive Tubus",41.87,Auktion,5.37,0,1,41.87,18. Mrz 2025,7,FALSE,terapeak_rolex_original_p8.html
ORIGINAL ROLEX DATEJUST 26 6917 Oyster PAPIERE GARANTIEKARTE 1978 22826 LC100,196.85,Festpreis,28.54,0,1,196.85,11. Jun 2025,-,FALSE,terapeak_rolex_original_p8.html
ORIGINAL ROLEX Zeigersatz ZEIGER Hands Cal 1560 1570 1501 1505 1500 TRITIUM,102.35,Festpreis,29.68,0,1,102.35,27. Jan 2026,-,FALSE,terapeak_rolex_original_p8.html
"Original ROLEX Anker  ""300m/1000ft"" z.B. für Submariner 14060/14060M/16610",40.93,Auktion,6.33,0,1,40.93,27. Jan 2026,1,FALSE,terapeak_rolex_original_p8.html
"Original ROLEX Anker  ""1220m/4000ft"" z.B. für Sea Dweller 16600",61.26,Auktion,6.32,0,1,61.26,1. Feb 2026,1,FALSE,terapeak_rolex_original_p8.html
Original ROLEX Schließe Faltschließe 20 mm Stahl von Rolex Uhr Date Just,71.02,Auktion,8.01,0,1,71.02,6. Feb 2026,1,FALSE,terapeak_rolex_original_p8.html
"Original ROLEX Anker  ""200m/660ft"" z.B. für Submariner 5513",172.77,Festpreis,6.29,0,1,172.77,27. Feb 2026,-,FALSE,terapeak_rolex_original_p8.html
Original Rolex 14mm Gelbgold Rolex SA SWISS Dornschliesse 18K 750 GG,417.74,Festpreis,6.16,0,1,417.74,21. Mrz 2026,-,FALSE,terapeak_rolex_original_p8.html
Original Rolex Jubilee Stahlband 6251H von Datejust 1603,592.14,Festpreis,6.22,0,1,592.14,31. Mai 2026,-,FALSE,terapeak_rolex_original_p8.html
ROLEX Lady Oyster Perpetual Deckel Gehäuse Boden Case back 6517 II.69 original,104.69,Festpreis,22.96,0,1,104.69,22. Sep 2023,-,FALSE,terapeak_rolex_original_p8.html
ROLEX Lady Oyster Perpetual Deckel Gehäuse Boden Case back 6517 II.70 original,99.37,Festpreis,18.4,0,1,99.37,28. Apr 2024,-,FALSE,terapeak_rolex_original_p8.html
ROLEX GMT Master Ref 16753 16758 24 Zeiger Hand Gold Vanilla Tritium original 1,84.53,Festpreis,42.27,0,1,84.53,5. Jul 2023,-,FALSE,terapeak_rolex_original_p8.html
ROLEX Kronrad cal 3135 3155 3175 3185 part 210 CROWN WHEEL original,55.95,Festpreis,7.12,0,1,55.95,5. Feb 2026,-,FALSE,terapeak_rolex_original_p8.html
ROLEX Klemmscheibe cal 1520 1530 1560 1570 1575 part 7911 spring clip original,28.95,Festpreis,6.99,0,1,28.95,4. Aug 2025,-,FALSE,terapeak_rolex_original_p8.html
ROLEX Daytona cal 4130 205 Kupplung Trieb Kupplungstrieb Sliding pinion original,66.53,Festpreis,6.38,0,1,66.53,26. Sep 2023,-,FALSE,terapeak_rolex_original_p8.html
Rolex Oyster Swimpruf Preisschild Hang Tag grün green Hangtag original L Serie,42.75,Festpreis,6.65,0,1,42.75,28. Dez 2023,-,FALSE,terapeak_rolex_original_p8.html
ROLEX Hemmungsrad Ankerrad cal 3135 3155 3185 part 410 ESCAPE WHEEL original,64.79,Festpreis,6.98,0,1,64.79,26. Mrz 2026,-,FALSE,terapeak_rolex_original_p8.html
ROLEX Federhaus Federwelle cal 1530 1570 part 7827 7826 BARREL Arbor original,46.04,Festpreis,18.42,0,1,46.04,25. Apr 2024,-,FALSE,terapeak_rolex_original_p8.html
ROLEX Zeigerstellrad Uhrwerk cal 1530 1570 1575 part 7887 setting wheel original,35.94,Festpreis,41.47,0,1,35.94,24. Apr 2024,-,FALSE,terapeak_rolex_original_p8.html
ROLEX Grossbodenrad cal 3135 3155 3175 3185 part 330 Great wheel original,53.16,Festpreis,18.65,0,1,53.16,6. Jul 2024,-,FALSE,terapeak_rolex_original_p8.html
ROLEX Wippe für Nocken cal 3135 3155 3175 3185 part 633 YOKE for cam original,45.82,Festpreis,6.55,0,1,45.82,1. Sep 2023,-,FALSE,terapeak_rolex_original_p8.html
ROLEX Sekundenrad für cal 3155 3186 3185 GMT part 360 second wheel original,67.48,Festpreis,17.76,0,1,67.48,11. Feb 2025,-,FALSE,terapeak_rolex_original_p8.html
ROLEX Umkehrrad montiert cal 1530 1560 1570 - 7912 reversing wheel original,90.03,Festpreis,6.37,0,1,90.03,13. Okt 2023,-,FALSE,terapeak_rolex_original_p8.html
ROLEX Räderwerkbrücke Train Wheel Bridge Lady cal 2030 2035 part 4412 original,76.12,Festpreis,19.03,0,1,76.12,26. Jul 2023,-,FALSE,terapeak_rolex_original_p9.html
ROLEX Wechselrad Minute Wheel cal 1520 1530 1560 1570 1575 part 7888 original,35.34,Festpreis,20.19,0,1,35.34,5. Jan 2026,-,FALSE,terapeak_rolex_original_p9.html
ROLEX Oyster Glied Stahl 18 kt Gold Bracelet LINK 10mm für Lady Damen original 2,113.63,Festpreis,6.55,0,1,113.63,1. Jun 2024,-,FALSE,terapeak_rolex_original_p9.html
ROLEX Oyster Glied Stahl 18 kt Gold Bracelet LINK 10 mm für Lady Damen original,93.29,Festpreis,6.53,0,1,93.29,2. Feb 2024,-,FALSE,terapeak_rolex_original_p9.html
ROLEX Submariner 1680 Daytona Paul Newman Krone 18KT GOLD Crown 7 mm original,300.89,Festpreis,7.02,0,1,300.89,8. Dez 2025,-,FALSE,terapeak_rolex_original_p9.html
ROLEX Kleinbodenrad Third Wheel für Uhrwerk cal 2030 2035 part 4425 original,55.03,Festpreis,6.53,0,1,55.03,24. Mai 2024,-,FALSE,terapeak_rolex_original_p9.html
ROLEX Kupplungstrieb cal 2030 2035 part 4440 Sliding pinion original,69.92,Festpreis,6.53,0,1,69.92,1. Mrz 2024,-,FALSE,terapeak_rolex_original_p9.html
ROLEX Rotor Schwungmasse cal 3035 3055 part 5063 oscillating weight original,131.26,Festpreis,6.56,0,1,131.26,26. Jun 2023,-,FALSE,terapeak_rolex_original_p9.html
ROLEX Raste für Winkelhebel Jumper for setting lever cal 1120 1160 6650 original,67.74,Festpreis,19.35,0,1,67.74,18. Jul 2023,-,FALSE,terapeak_rolex_original_p9.html
ROLEX Datumfinger Day Date cal 3055 5055 part 5132 Date Finger original,90,Festpreis,20,0,1,90,25. Jun 2025,-,FALSE,terapeak_rolex_original_p9.html
ROLEX Pearlmaster Glied Bracelet LINK 18KT Weißgold Lady Damen 13 mm original,592.24,Festpreis,20.75,0,1,592.24,9. Aug 2023,-,FALSE,terapeak_rolex_original_p9.html
ROLEX Lady Damen Deckel Gehäuse Boden Case Back 69000A Steel Stahl original,184.25,Festpreis,18.9,0,1,184.25,11. Jan 2024,-,FALSE,terapeak_rolex_original_p9.html
ROLEX Schließe Dornschließe Stiftschließe Buckle Vergoldet Plaque 16 mm original,167.02,Festpreis,6.5,0,1,167.02,27. Aug 2023,-,FALSE,terapeak_rolex_original_p9.html
ROLEX Submariner Daytona GMT 18 kt Gold Krone Crown 7 mm 24-703-8 90's original,168.35,Festpreis,18.7,0,1,168.35,3. Jun 2024,-,FALSE,terapeak_rolex_original_p9.html
ROLEX Datumscheibe cal 3135 3155 3175 3185 16200 Date disc Weiß White original,116.68,Festpreis,18.52,0,1,116.68,9. Mai 2024,-,FALSE,terapeak_rolex_original_p9.html
ROLEX Submariner 16613 16618 16803 Lünette INLAY Bezel Insert Einlage original,118.03,Festpreis,6.36,0,1,118.03,19. Okt 2023,-,FALSE,terapeak_rolex_original_p9.html
ROLEX Cellini Krone Crown 18 Kt GOLD Gelbgold 4 mm vintage original,120.58,Festpreis,6.54,0,1,120.58,18. Jan 2024,-,FALSE,terapeak_rolex_original_p9.html
ROLE Krone Crown 18 Kt GOLD Gelbgold 4 mm vintage original,75.5,Festpreis,6.61,0,1,75.5,5. Jan 2024,-,FALSE,terapeak_rolex_original_p9.html
ROLEX Datejust Krone Crown Stahl Steel Ø 6 mm Aufzugwelle Stem cal 3235 original,157.36,Festpreis,6.48,0,1,157.36,7. Feb 2024,-,FALSE,terapeak_rolex_original_p9.html
ROLEX Datejust 1601 Krone Crown Edelstahl Steel Ø 6 mm original,18.88,Auktion,4.52,0,1,18.88,10. Mrz 2024,6,FALSE,terapeak_rolex_original_p9.html
ROLEX Schließe Faltschließe Folding Clasp Hecho en Mexico JM Herren original,166.46,Festpreis,6.33,0,1,166.46,17. Dez 2024,-,FALSE,terapeak_rolex_original_p9.html
ROLEX Datumscheibe cal 3135 3155 3175 3185 16100 Date disc Beige original,79.93,Festpreis,7,0,1,79.93,29. Nov 2025,-,FALSE,terapeak_rolex_original_p9.html
ROLEX Lady Datejust 179178 179173 Krone Crown 18 KT GOLD 24-531-8 Ø 5mm original,160.16,Festpreis,45.05,0,1,160.16,12. Okt 2025,-,FALSE,terapeak_rolex_original_p9.html
Konvolut Original Rolex Kronen Gold Datejust Pepetual Twinlock,53.28,Auktion,4.88,0,1,53.28,5. Jan 2025,1,FALSE,terapeak_rolex_original_p9.html
"2x original ROLEX Anschlussglied 15,5 mm Stahl&Gold  Oyster Band  Submariner",75.55,Auktion,5.51,0,1,75.55,9. Jan 2025,10,FALSE,terapeak_rolex_original_p9.html
"Konvolut Original Rolex Kronen Gold GMT Master, Submariner, Daytona Triplock",177.01,Auktion,0,100,1,177.01,19. Jan 2025,2,FALSE,terapeak_rolex_original_p9.html
Konvolut Original Rolex Kronen Gold Datejust Pepetual Twinlock,212.41,Auktion,0,100,1,212.41,19. Jan 2025,1,FALSE,terapeak_rolex_original_p9.html
Konvolut Original Rolex Kronen Gold Datejust Pepetual Day Date Monoblock,106.21,Auktion,0,100,1,106.21,19. Jan 2025,2,FALSE,terapeak_rolex_original_p9.html
"Original Rolex Krone Stahl GMT Master, Submariner, Daytona Monoblock",27.13,Auktion,4.96,0,1,27.13,26. Jan 2025,1,FALSE,terapeak_rolex_original_p9.html
ROLEX Yacht Master Sekundenrad second wheel cal 4160 part 360 original,129.08,Festpreis,45.03,0,1,129.08,13. Aug 2025,-,FALSE,terapeak_rolex_original_p9.html
ROLEX 25-12 Tropic Glas Plexi Plexiglas acrylic crystal Ref 1002 1003 original,74.36,Festpreis,6.5,0,1,74.36,6. Mrz 2025,-,FALSE,terapeak_rolex_original_p9.html
ROLEX Lady President Armband Glied Bracelet Link 18 KT 750 Gold 10 mm original,215.05,Festpreis,6.55,0,1,215.05,3. Apr 2025,-,FALSE,terapeak_rolex_original_p9.html
ROLEX Daytona Glas Saphirglas Crystal Glass mit Titan Ring 25-7000 Logo original,199.58,Festpreis,7.02,0,1,199.58,9. Aug 2025,-,FALSE,terapeak_rolex_original_p9.html
ROLEX Oysterquartz Bügel für Batterie cal 5035 6012 6013 circuit bridle original,240.8,Festpreis,43.87,0,1,240.8,24. Apr 2025,-,FALSE,terapeak_rolex_original_p9.html
"Konvolut Original Rolex Kronen Stahl GMT Master, Submariner, Daytona Triplock",97.88,Auktion,6.84,0,1,97.88,25. Mai 2025,1,FALSE,terapeak_rolex_original_p9.html
ROLEX Mutter für Kalenderrad cal 3035 part 5093 calender wheel nut original,32.75,Festpreis,6.94,0,1,32.75,4. Nov 2025,-,FALSE,terapeak_rolex_original_p9.html
ROLEX Sea Dweller 116600 Oyster Swimpruf Hang Tag grün green Hangtag original,35.04,Festpreis,7,0,1,35.04,17. Nov 2025,-,FALSE,terapeak_rolex_original_p9.html
ROLEX Schrauben für Gehäuse cal 3035 55053 2 Stück screw for watch case original,39.71,Festpreis,20.37,0,1,39.71,4. Feb 2026,-,FALSE,terapeak_rolex_original_p9.html
ROLEX Oysterquartz Bügel für Batterie cal 5035 6013 bridle for battery original,83.08,Festpreis,18.67,0,1,83.08,3. Dez 2023,-,FALSE,terapeak_rolex_original_p9.html
Spezial Federstege ohne Schulter 20 mm (2 mm) für neuere Rolex Modelle 2 Stück,5.72,Festpreis,4.8,97,289,1654.21,10. Jun 2026,-,FALSE,terapeak_rolex_p1.html
Bandschrauben kompatibel für Rolex Stahlarmbänder - 5 Stück,12.88,Festpreis,8.35,93,134,1726.43,7. Mai 2026,-,FALSE,terapeak_rolex_p1.html
Bandschraube für RLX Stahlarmbänder Edelstahl Armbänder Schraube Screw Spezial,5.59,Festpreis,5.68,96,111,620.97,4. Jun 2026,-,FALSE,terapeak_rolex_p1.html
Schraubkrone kompatibel zu Rolex Kronen 5.3 - 7.0 mm für Rolex Uhren,17.66,Festpreis,8.57,89,103,1819.38,16. Apr 2026,-,FALSE,terapeak_rolex_p1.html
Spezial Federstege ohne Schulter 20 mm für Rolex Spezialdurchmesser 2 Stück,5.83,Festpreis,11.41,98,118,687.92,29. Apr 2026,-,FALSE,terapeak_rolex_p1.html
Spezial Edelstahl  Federsteg mit Schulter kompatibel zu Rolex - 2 Stück,5.25,Festpreis,3.83,93,73,382.91,25. Apr 2026,-,FALSE,terapeak_rolex_p1.html
Spezial Federstege mit Schulter Edelstahl kompatibel zu Rolex - 10 Stück,9.26,Festpreis,12.17,98,57,527.66,2. Jun 2026,-,FALSE,terapeak_rolex_p1.html
Verlängerungsglied neue Version kompatibel zum Rolex Oyster Herren Armband 93250,67.01,Festpreis,8.69,95,50,3350.59,4. Mai 2026,-,FALSE,terapeak_rolex_p1.html
Verlängerungsglied Stahl kompatibel zum Rolex Oyster Herren Armband 78790A,52.25,Festpreis,10.26,86,42,2194.37,17. Feb 2026,-,FALSE,terapeak_rolex_p1.html
Verlängerungsglied Stahl kompatibel zum Rolex Oyster Herren Armband 93150,52.57,Festpreis,8.51,93,45,2365.67,17. Mai 2026,-,FALSE,terapeak_rolex_p1.html
"Fliplock Sicherheitsbügel 17,3 mm kompatibel zu SEL RLX Oyster Armband 93150",28.64,Festpreis,8.94,48,28,801.77,22. Mrz 2026,-,FALSE,terapeak_rolex_p1.html
"Fliplock Sicherheitsbügel 17,2 mm gebürstet kompatibel zu RLX Oyster 93150-20",24.93,Festpreis,7.61,61,23,573.5,28. Mrz 2026,-,FALSE,terapeak_rolex_p1.html
Lünetten Klickfeder kompatibel zu Rolex GMT Master SWISS MADE,28.65,Festpreis,10.1,89,20,572.89,20. Mai 2026,-,FALSE,terapeak_rolex_p1.html
#A19 ORIG ROLEX BANDGLIED GLIED 116500 116710 116520 116400 116300 126334 126300,105.07,Festpreis,6.98,0,22,2311.59,12. Jun 2026,-,FALSE,terapeak_rolex_p1.html
Dornschließe Edelstahl für Nylon Uhrenarmbänder 20 & 22 mm Schild,5.32,Festpreis,2.89,22,26,138.32,13. Jan 2026,-,FALSE,terapeak_rolex_p1.html
Verlängerungsglied neue Version kompatibel zum Rolex Oyster Herren Armband 77200,67.69,Festpreis,9.23,88,18,1218.43,23. Apr 2026,-,FALSE,terapeak_rolex_p1.html
"Kunststoff Ersatzglas kompatibel zu Rolex Submariner 5512, 5513, 5514",26.16,Festpreis,9.05,60,17,444.84,13. Jan 2026,-,FALSE,terapeak_rolex_p1.html
AUFZUGSWELLE STEM Rolex KALIBER 3130-3135-3155-3175-3185 Premium Qualität,11.66,Festpreis,6.13,80,19,221.51,11. Mai 2026,-,FALSE,terapeak_rolex_p1.html
"Acryl Ersatzglas kompatibel zu Rolex für Datejust Turnograph 16000, 16030, 16250",29.79,Festpreis,8.83,71,16,476.67,19. Apr 2026,-,FALSE,terapeak_rolex_p1.html
"Zeigerspiel ""Datejust"" style gelb kompatibel zu Rolex Kal. 3035/3135",19.09,Festpreis,8.85,79,16,305.4,6. Jan 2026,-,FALSE,terapeak_rolex_p1.html
Faltschliesse Silber passend für Datejust Oyster edelstahl,15.22,Festpreis,2.78,0,17,258.77,11. Dez 2023,-,FALSE,terapeak_rolex_p1.html
#A19 NEU ORIG. ROLEX BANDGLIED GLIED 116610 114060 116600 116660 114200 116900,105.97,Festpreis,6.96,0,17,1801.53,16. Mai 2026,-,FALSE,terapeak_rolex_p1.html
"Acryl Ersatzglas kompatibel zu Rolex  5520, 5500, 1005, 1010, 1028, 1030, 1035",27.84,Festpreis,5.59,92,15,417.65,8. Jun 2026,-,FALSE,terapeak_rolex_p1.html
"Acryl Ersatzglas kompatibel zu Rolex für GMT I, Explorer II 1655, 1675, 16750",29.67,Festpreis,10.02,62,14,415.41,4. Feb 2026,-,FALSE,terapeak_rolex_p1.html
Spezial Federstege ohne Schulter 20mm für Rolex (2 St.) mit Federstegwerkzeug,7.12,Festpreis,0,100,13,92.49,13. Dez 2025,-,FALSE,terapeak_rolex_p1.html
"Federstege 20mm x 1,8mm für Rolex vintage Springbars",20.12,Festpreis,4.65,0,16,322.01,27. Apr 2026,-,FALSE,terapeak_rolex_p1.html
Spezial Federstege mit Schulter kompatibel zu Rolex 2 Stück + Federstegwerkzeug,6.56,Festpreis,7.49,83,12,78.72,23. Mrz 2026,-,FALSE,terapeak_rolex_p1.html
"Automatik Zugfeder 771 für OMEGA 1040, ETA 2892 , LONGINES 624.2, ZENITH 49.0",23.31,Festpreis,9.48,75,12,279.76,5. Apr 2026,-,FALSE,terapeak_rolex_p1.html
Zugfeder passend für Rlx 3135 3136 3155 3175 3186  Kaliber Mainspring 3135-311,22.72,Festpreis,5.81,0,13,295.36,24. Mrz 2026,-,FALSE,terapeak_rolex_p1.html
#A19 NEU ORIG. ROLEX BANDGLIED GLIED 116610 114060 116600 116660 114200 116900,90.1,Festpreis,10.02,0,12,1081.11,16. Apr 2025,-,FALSE,terapeak_rolex_p1.html
Verlängerungsglied bicolor 18kt kompatibel zum Rolex Oyster Herren Armband 93153,169.94,Festpreis,0,100,12,2039.25,18. Nov 2025,-,FALSE,terapeak_rolex_p1.html
"Automatik Zugfeder 771 für ETA 2821, 2824, 2827, 2830, 2832, 2833, 2839",23.42,Festpreis,0,100,12,280.99,11. Mai 2026,-,FALSE,terapeak_rolex_p1.html
"rolex 3130 / 3135 generic ratchet wheel, part no. 3135-305",28.34,Festpreis,3.28,0,15,425.07,14. Jan 2026,-,FALSE,terapeak_rolex_p1.html
ROLEX Oysterquartz Schrauben für Batterie Bügel 2 Screws cal 5035 5055 - 56002,42.28,Festpreis,19.13,0,11,465.1,9. Mrz 2026,-,FALSE,terapeak_rolex_p1.html
Spezial Federsteg Edelstahl mit Schulter kompatibel zu Rolex - 2 Stück,3.69,Festpreis,0,100,13,47.92,26. Nov 2023,-,FALSE,terapeak_rolex_p1.html
Schraubkrone kompatibel mit Rolex Kronen 5.3 - 7.0 mm für Rolex Uhren Krone,16.24,Festpreis,9.45,80,10,162.35,23. Nov 2023,-,FALSE,terapeak_rolex_p1.html
"Acryl Ersatzglas kompatibel Rolex  für Daytona, Oyster, Explorer 6240, 6265, 550",24.24,Festpreis,8.88,90,11,266.66,3. Dez 2025,-,FALSE,terapeak_rolex_p1.html
Zugfeder passend für Rlx 1530 1535 1555 1560 1570 Kaliber Mainspring 1530-7825,21.99,Festpreis,4.01,0,10,219.94,7. Aug 2025,-,FALSE,terapeak_rolex_p1.html
Rolex Dornschließe Gold  ( vergoldet )16mm  TOP Zustand,115.48,Festpreis,23.75,60,10,1154.74,11. Aug 2025,-,FALSE,terapeak_rolex_p1.html
Federstege 20mm x 2mm für Rolex vintage Springbars,20.06,Festpreis,4.56,0,10,200.59,18. Mai 2026,-,FALSE,terapeak_rolex_p1.html
ROLEX Lady Datejust 69170 GMT-Master 1675 Krone Crown Edelstahl Steel Ø5.2 mm,139.56,Festpreis,13.29,0,2,279.12,15. Mrz 2026,-,FALSE,terapeak_rolex_p10.html
XST - Federstege - Rolex Datejust 16233 kompatibel - 2 Stück,10.2,Festpreis,6.45,0,2,20.39,8. Aug 2025,-,FALSE,terapeak_rolex_p10.html
Rolex Oyster O-ring Dichtung Referenz 17010 - 17013 Armbanduhren deckel dichtung,12.34,Festpreis,2.84,0,4,49.33,27. Aug 2024,-,FALSE,terapeak_rolex_p10.html
Zugfeder passend für 2130 or 2135 Rolex Kaliber Armbanduhr Mainspring 2135-311,21.45,Festpreis,4.9,0,2,42.89,23. Jan 2024,-,FALSE,terapeak_rolex_p10.html
Zugfeder passend für 2030 or 2035 Rolex Kaliber Armbanduhr Mainspring 2035-4419,22.75,Festpreis,5.07,0,2,45.51,15. Jan 2026,-,FALSE,terapeak_rolex_p10.html
Zugfeder passend für Rolex 3135 3136 3155 3175 3186  Kaliber Mainspring 3135-311,21.61,Festpreis,3.19,0,2,43.21,2. Okt 2023,-,FALSE,terapeak_rolex_p10.html
Faltschliesse Silber passend für porsche design p6750 p6780 edelstahl,15.93,Festpreis,4.66,0,2,31.86,15. Dez 2023,-,FALSE,terapeak_rolex_p10.html
Zugfeder passend für Omega 1040 Kaliber Mainspring 1208,20.22,Festpreis,5.91,0,2,40.43,26. Nov 2024,-,FALSE,terapeak_rolex_p10.html
"Rolex Cal. 2135 Datumanzeiger weiß 16,5mm",75.86,Festpreis,23.48,0,2,151.72,1. Apr 2026,-,FALSE,terapeak_rolex_p10.html
Zugfeder passend für Omega 625 Kaliber Mainspring Tissot 2141,24.02,Festpreis,5.29,0,2,48.03,15. Apr 2026,-,FALSE,terapeak_rolex_p10.html
ROLEX Lady Glied Armband Link 18kt 750 GOLD Elemnt 10mm,186.13,Festpreis,0,100,2,372.26,7. Aug 2024,-,FALSE,terapeak_rolex_p10.html
Saphir-Uhrenglas für Rolex Datejust Midsize 68273 25 mm Neu,8.11,Festpreis,0,100,3,24.32,8. Feb 2025,-,FALSE,terapeak_rolex_p10.html
"Federstege 20mm x 1,8mm für Rolex vintage Springbars",19.57,Festpreis,4.51,0,2,39.15,26. Apr 2025,-,FALSE,terapeak_rolex_p10.html
ROLEX LEDER ARMBAND DORNSCHLIESSE BUCKLE 14MM 18K 750 MASSIV GOLD GELBGOLD,625.52,Festpreis,0,100,2,1251.04,11. Dez 2025,-,FALSE,terapeak_rolex_p10.html
ROLEX JUBILEE STAHL ARMBAND ERSATZGLIED 16MM FÜR HERREN BAND ALTE VERSION,71.15,Festpreis,0,100,3,213.45,15. Feb 2024,-,FALSE,terapeak_rolex_p10.html
ROLEX JUBILEE STAHL/GOLD ARMBAND ERSATZGLIED 16MM FÜR HERREN BAND ALTE VERSION,71,Festpreis,0,100,2,141.99,11. Apr 2026,-,FALSE,terapeak_rolex_p10.html
ROLEX Day Date Borke Glied Armband Link 18KT GOLD Herren 16mm Element 750,419.34,Festpreis,0,100,3,1258.01,28. Mai 2025,-,FALSE,terapeak_rolex_p10.html
ROLEX OYSTER ARMBAND STAHL/GOLD ERSATZGLIED GLIED LINK 14MM,234.08,Festpreis,0,100,3,702.24,3. Dez 2025,-,FALSE,terapeak_rolex_p10.html
ROLEX VINTAGE 18K 750 MASSIV GOLD ARMBAND ERSATZGLIED GLIED 14MM NIETEN ARMBAND,476.95,Festpreis,9.35,50,2,953.89,29. Dez 2025,-,FALSE,terapeak_rolex_p10.html
ROLEX LEDER ARMBAND DORNSCHLIESSE BUCKLE 16MM 18K 750 MASSIV GOLD GELBGOLD,589.58,Festpreis,0,100,2,1179.15,3. Okt 2024,-,FALSE,terapeak_rolex_p10.html
ROLEX GOLD KRONE CROWN FÜR LADY DATEJUST 24 DAMEN UHR 24-530-8 NEU OVP,262.34,Festpreis,8.99,50,2,524.67,27. Jun 2025,-,FALSE,terapeak_rolex_p10.html
BREITLING LEDER ARMBAND DORNSCHLIESSE 16MM 18K 750 MASSIV GOLD BUCKLE,491.84,Festpreis,0,100,2,983.67,14. Aug 2025,-,FALSE,terapeak_rolex_p10.html
BREITLING LEDER ARMBAND DORNSCHLIESSE 16MM 18K 750 MASSIV GOLD BUCKLE,529.96,Festpreis,10.21,50,2,1059.92,3. Feb 2026,-,FALSE,terapeak_rolex_p10.html
"ROLEX OYSTER HERREN GOLD ARMBAND ERSATZGLIED 18K 750 MASSIV GOLD 15,5MM",473.32,Festpreis,10.11,50,2,946.65,20. Jan 2026,-,FALSE,terapeak_rolex_p10.html
Uhr Strap Ersatz Schraube Pins Links für Rolex Uhr Band Armband Armband,23.2,Festpreis,0,100,2,46.4,1. Okt 2024,-,FALSE,terapeak_rolex_p10.html
Saphir-Uhrenglas für Rolex Datejust Midsize 68273 25 mm Neu,11.29,Festpreis,0,100,2,22.58,9. Jul 2024,-,FALSE,terapeak_rolex_p10.html
"Rolex 3230 5570, 3235 5570 Screw For Rotor NEW.",33.37,Festpreis,10.03,0,2,66.75,28. Jun 2025,-,FALSE,terapeak_rolex_p10.html
AUFZUGSWELLE STEM Rolex KALIBER 2130-2135 Premium Qualität,11.62,Festpreis,0,100,2,23.24,13. Apr 2026,-,FALSE,terapeak_rolex_p10.html
Schraubtubus Generisch mit Dichtungen kompatibel zu Rolex Tubus 24-5330,23.91,Festpreis,8.13,50,2,47.81,18. Sep 2025,-,FALSE,terapeak_rolex_p10.html
ROLEX LUPE VERGRÖßERUNG CYCLOP SAPHIRGLAS DATEJUST MEDIUM DAMEN LADY,15.12,Festpreis,6.52,0,2,30.24,3. Jul 2024,-,FALSE,terapeak_rolex_p10.html
ROLEX 2230-540 RAD WHEEL PART SPARE REPAIR OYSTER PERPETUAL RESTORE REVERSING,27.76,Festpreis,28.09,0,3,83.28,16. Mai 2026,-,FALSE,terapeak_rolex_p10.html
ROLEX PAPER BAG CADRAN ZIFFERBLATT DIAL HÜLLE BLISTER PAPIER TÜTCHEN SWISS RARE,23.23,Festpreis,16.86,0,2,46.44,5. Jun 2024,-,FALSE,terapeak_rolex_p10.html
"ROLEX 24-530-8 OYSTER KRONE CROWN YG GOLD OYSTER YELLOWGOLD VINTAGE 5,3mm RARE",149.86,Festpreis,6.84,0,2,299.71,27. Jun 2025,-,FALSE,terapeak_rolex_p10.html
"ROLEX 24-531-0 OYSTER KRONE CROWN SS EDELSTAHL OYSTER STAHL VINTAGE 5,3mm RARE",72.93,Festpreis,6.42,0,2,145.85,17. Nov 2024,-,FALSE,terapeak_rolex_p10.html
"ROLEX 24-531-8 OYSTER KRONE CROWN YG MONOBLOC OYSTER GOLD VINTAGE 5,3mm RARE",149.49,Festpreis,47.01,0,2,298.97,29. Feb 2024,-,FALSE,terapeak_rolex_p10.html
ROLEX 3135 ROTOR AUTOMATIK SCHWUNGMASSE OSCILATING WEIGHT 3135 DATEJUST GMT SUB,78.1,Festpreis,6.79,0,2,156.18,30. Dez 2025,-,FALSE,terapeak_rolex_p10.html
Rolex Zeiger Datejust Gold 1601 1603 1600 Rose Gelb Perpetual Cal. 1570 Tritium,79.85,Festpreis,26.76,0,2,159.71,5. Jul 2023,-,FALSE,terapeak_rolex_p11.html
"ROLEX 24-604-0 OYSTER KRONE CROWN SS EDELSTAHL OYSTER STAHL VINTAGE 6,0mm RARE",66.78,Festpreis,6.63,0,2,133.57,31. Jul 2023,-,FALSE,terapeak_rolex_p11.html
"ROLEX 24-530-0 OYSTER KRONE CROWN SS EDELSTAHL OYSTER STAHL VINTAGE 5,3mm RARE",70.5,Festpreis,6.2,0,2,140.99,3. Mrz 2025,-,FALSE,terapeak_rolex_p11.html
Uhr Strap Ersatz Schraube Pins Links für Rolex Uhr Band Armband Armband,17.13,Festpreis,0,100,2,34.25,16. Sep 2023,-,FALSE,terapeak_rolex_p11.html
ERSATZ AUFZUGSWELLE STEM TIGE FÜR KALIBER 3135 3130 3155 3175 3185 ROLEX,11.3,Festpreis,0,100,3,33.91,8. Mrz 2024,-,FALSE,terapeak_rolex_p11.html
ERSATZ AUFZUGSWELLE STEM TIGE FÜR KALIBER 2130 2135 ROLEX LADY DATEJUST,11.04,Festpreis,0,100,2,22.08,18. Dez 2024,-,FALSE,terapeak_rolex_p11.html
ERSATZ AUFZUGSWELLE STEM TIGE FÜR KALIBER 1530 1520 1560 1570 1580 ROLEX,13.64,Festpreis,0,100,2,27.28,28. Nov 2023,-,FALSE,terapeak_rolex_p11.html
#1302 ROLEX 3135-140 PLATINE AUTOMATIK BRÜCKE AUTOMATIC BRIDGE WERKSPLATINE PART,66.97,Festpreis,16.85,0,2,133.93,21. Okt 2024,-,FALSE,terapeak_rolex_p11.html
#1302 ROLEX 24-724-0 KRONE CROWN STAHL OYSTER 7mm MILGAUSS SKY DWELLER,135.94,Festpreis,35.92,0,2,271.88,16. Jul 2025,-,FALSE,terapeak_rolex_p11.html
"#1355 NEU ORIG. ROLEX 15,4mm BANDGLIED DATEJUST 62523H STAHL/GOLD GLIED NEW",171.98,Festpreis,7.04,0,2,343.95,27. Jan 2026,-,FALSE,terapeak_rolex_p11.html
"#1462 ROLEX 15,4mm BANDGLIED JUBILEE STAHL/GOLD GLIED LINK 126333 126233",159.78,Festpreis,6.83,0,2,319.54,3. Jun 2025,-,FALSE,terapeak_rolex_p11.html
#A19 ORIG ROLEX BANDGLIED GLIED 116500 116710 116520 116400 116300 126334 126300,91.06,Festpreis,6.66,0,2,182.12,3. Mai 2025,-,FALSE,terapeak_rolex_p11.html
#A19 ORIG ROLEX BANDGLIED GLIED 116500 116710 116520 116200 116234 116264 116244,90.24,Festpreis,6.6,0,2,180.48,13. Aug 2025,-,FALSE,terapeak_rolex_p11.html
Glas Kunststoff Kompatibel Rolex 25-118 1600 1601 1602 1603 1604 1610 Datejust,8.07,Festpreis,8.97,0,2,16.14,6. Feb 2025,-,FALSE,terapeak_rolex_p11.html
"#1665 ORIG. ROLEX 15,4mm GLIED LINK OYSTER SUBMARINER 93150 93160 14060 16660",101.56,Festpreis,18.19,0,2,203.11,16. Feb 2026,-,FALSE,terapeak_rolex_p11.html
ROLEX Dornschliesse für Lederband 14mm 750 Gelbgold vintage,321.63,Auktion,4.59,0,1,321.63,16. Sep 2023,1,FALSE,terapeak_rolex_p11.html
Rolex Ersatz Krone Datejust zB für das Rolex Modell 16013,18.56,Auktion,6.65,0,1,18.56,2. Jan 2024,3,FALSE,terapeak_rolex_p11.html
Rolex Lünette Ring GMT Schwarz,78.04,Auktion,14.27,0,1,78.04,2. Jan 2024,17,FALSE,terapeak_rolex_p11.html
"ROLEX OYSTER ARMBAND STAHL/GOLD ERSATZGLIED GLIED  15,5MM",168.52,Festpreis,5.14,0,1,168.52,21. Okt 2024,-,FALSE,terapeak_rolex_p11.html
2 Rolex Anstösse Endlink  Air King  Oyster  557 B  557B  19 mm,63.73,Auktion,4.55,0,1,63.73,8. Dez 2024,1,FALSE,terapeak_rolex_p11.html
Vintage Rolex Je 2 Stück part 7017 und 7018  Cal. 1030,119.7,Festpreis,0,100,1,119.7,24. Jun 2025,-,FALSE,terapeak_rolex_p11.html
Sehr alte Rolex Oyster Swimpruf HANGTAG,47.77,Auktion,2.73,0,1,47.77,24. Apr 2025,2,FALSE,terapeak_rolex_p11.html
Rolex  Oyster Swimpruf HANGTAG,40.59,Festpreis,5.27,0,1,40.59,7. Jul 2025,-,FALSE,terapeak_rolex_p11.html
Rolex Aufkleber. Für Stahl-Gold,8.93,Festpreis,0,100,1,8.93,21. Jun 2025,-,FALSE,terapeak_rolex_p11.html
Rolex GMT Master Swimpruf HANGTAG,59,Festpreis,0,100,1,59,22. Aug 2025,-,FALSE,terapeak_rolex_p11.html
Rolex Faltschliesse Neu & Unbenutzt 7836,386.79,Festpreis,6.3,0,1,386.79,9. Feb 2026,-,FALSE,terapeak_rolex_p11.html
ROLEX Edelstahl- Krone Crown Triplock  7 mm Steel,68.48,Auktion,14.38,0,1,68.48,29. Mrz 2026,1,FALSE,terapeak_rolex_p11.html
2x ROLEX Daytona 24-P402-0 Pusher 16520 116520 Drücker Krone Crown,509.39,Festpreis,5.7,0,1,509.39,10. Jul 2023,-,FALSE,terapeak_rolex_p12.html
ROLEX 3135 ROTOR Balance Weight Oscillating AUTOMATIC Baugruppe 570,268.64,Festpreis,15.39,0,1,268.64,2. Nov 2023,-,FALSE,terapeak_rolex_p12.html
"Rolex Bandglied Bandelement Glied f. Jubileeband Stahl Breite 15,2 mm",31.94,Festpreis,3.71,0,1,31.94,4. Jul 2023,-,FALSE,terapeak_rolex_p12.html
ROLEX LADY MINT Datejust Datumscheibe Datedisc GOLD cal 2135 open 6 9,107.7,Festpreis,27.06,0,1,107.7,4. Jun 2024,-,FALSE,terapeak_rolex_p12.html
"Vintage Rolex Krone 6mm, mit Döschen (#244B)",70.95,Festpreis,0,100,1,70.95,29. Nov 2023,-,FALSE,terapeak_rolex_p12.html
Saphir-Uhrenglas für Rolex Datejust Midsize 68273 25 mm Neu,8.98,Festpreis,0,100,1,8.98,24. Dez 2023,-,FALSE,terapeak_rolex_p12.html
OMEGA SEAMSTER Zifferblatt Dial Zeiger HERREN UHR  VINTAGE DeVille Rolex Chopard,5.15,Auktion,13.58,0,1,5.15,19. Mai 2024,2,FALSE,terapeak_rolex_p12.html
Vintage Rolex 5x Zugfeder Cal 1300 1030  1800 1070,24.97,Festpreis,0,100,1,24.97,13. Nov 2025,-,FALSE,terapeak_rolex_p12.html
Rolex Tudor  Swimpruf HANGTAG,28.86,Auktion,0,100,1,28.86,14. Apr 2025,2,FALSE,terapeak_rolex_p12.html
Rolex 15505 Date Project Defekt nur für Teile Kaliber 3035,1248.01,Festpreis,14.97,0,1,1248.01,29. Jul 2025,-,FALSE,terapeak_rolex_p12.html
"ROLEX Ersatzglied, 18kt GG mit Schraube aus Ref. 279178 (ROLEX Medium)",276.41,Festpreis,0,100,2,552.81,13. Jan 2026,-,FALSE,terapeak_rolex_p12.html
ROLEX OYSTER ARMBAND STAHL/GOLD ERSATZGLIED GLIED LINK 14MM,128.43,Festpreis,5.51,0,1,128.43,20. Jan 2026,-,FALSE,terapeak_rolex_p12.html
"Rolex Jubilee 455  J Stahl/Gold,  2 Endlinks, 20mm Anstoß",199.03,Festpreis,6.97,0,1,199.03,4. Apr 2026,-,FALSE,terapeak_rolex_p13.html
Rolex GMT Master Haltering Lünetteneinlage 1675 (Retainer Ring),80.7,Festpreis,14.62,0,1,80.7,14. Mai 2026,-,FALSE,terapeak_rolex_p13.html
Rolex Jubilee Vintage Stahl  Faltschließe 62523 H 14,150.29,Festpreis,7.01,0,1,150.29,17. Mai 2026,-,FALSE,terapeak_rolex_p13.html
Rolex Tragetasche/Baumwolltasche Watches&Wonders 2024,10.49,Auktion,6.19,0,1,10.49,24. Mai 2026,5,FALSE,terapeak_rolex_p13.html
Rolex Datejust 41 Ersatzglied Glied Link Stahl Steel Gelbgold Yellowgold 126333,279.86,Festpreis,14.53,0,1,279.86,3. Jun 2026,-,FALSE,terapeak_rolex_p13.html
VINTAGE ROLEX MENS  OYSTER SWIMPRUF GREEN SWING TAG. (RT-8),46.2,Festpreis,3.7,0,1,46.2,7. Feb 2024,-,FALSE,terapeak_rolex_p13.html
Vintage Rolex Submariner Orginal Anker Flat 3 Vintage 300/1000   (RT-26),136.35,Festpreis,3.76,0,1,136.35,17. Dez 2023,-,FALSE,terapeak_rolex_p13.html
New.Original Rolex Oyster glass Crystal with magnifying glass 25-139 ( GL ),91.5,Festpreis,3.74,0,1,91.5,16. Nov 2023,-,FALSE,terapeak_rolex_p13.html
"Vintage Rolex Silver Date Wheel ""Hook 7"" Disc Calendar 1570 1575 1675 1655 1680",381.44,Festpreis,28.61,0,1,381.44,2. Sep 2024,-,FALSE,terapeak_rolex_p13.html
Rolex Beige Ladies Date Wheel Disc Calendar 69173 69178 2135-6900-1 Champagne,111.74,Festpreis,23.28,0,1,111.74,5. Jul 2024,-,FALSE,terapeak_rolex_p13.html
Rolex Oysterdate Precision 6694 Silver Date Wheel Disc Calendar 1215-7599-2 1225,209.86,Festpreis,23.32,0,1,209.86,24. Mai 2024,-,FALSE,terapeak_rolex_p13.html
100% Authentic Rolex New Style White Hang Tag (112),29.07,Festpreis,13.63,0,1,29.07,21. Nov 2024,-,FALSE,terapeak_rolex_p13.html
Rolex Oysterdate Precision 6694 Silver Date Wheel Disc Calendar 1215-7599-2 1225,140.89,Festpreis,23.48,0,1,140.89,21. Mrz 2025,-,FALSE,terapeak_rolex_p13.html
Rolex Beige Ladies Date Wheel Disc Calendar 69173 69178 2135-6900-1 Champagne,90.69,Festpreis,22.67,0,1,90.69,11. Dez 2024,-,FALSE,terapeak_rolex_p13.html
Rolex Oysterdate Precision 6694 Silver Date Wheel Disc Calendar 1215-7599-2 1225,181.68,Festpreis,19.99,0,1,181.68,21. Nov 2024,-,FALSE,terapeak_rolex_p13.html
Faltschließe kompatibel Rolex Submariner Oyster Armband mit Tauchverlängerung,18.15,Auktion,5.11,0,1,18.15,23. Okt 2024,1,FALSE,terapeak_rolex_p13.html
"Uhren Zubehör Heften , Service Karten Cartier, Rolex, Omega, Wembe, Ebel, Zenith",100.24,Auktion,4.51,0,1,100.24,1. Dez 2024,13,FALSE,terapeak_rolex_p13.html
Schraubtubus generisch mit Dichtungen kompatibel zu Rolex Tubus 24-7030,13.99,Festpreis,5.12,0,1,13.99,31. Mrz 2025,-,FALSE,terapeak_rolex_p13.html
Stahlband Rolex Sea-Dweller 16600 16660 93160 Watch Bracelet Clasp,285.95,Auktion,4.88,0,1,285.95,5. Jan 2025,7,FALSE,terapeak_rolex_p14.html
"ROLEX BOOKLET ""YOUR ROLEX OYSTER"" ENGLISCH BESCHREIBUNG ANLEITUNG ZUBEHÖR (77)",15.72,Festpreis,4.3,0,1,15.72,29. Dez 2024,-,FALSE,terapeak_rolex_p14.html
"Rolex Jubilee link, 62523H, like new, 18K Gold/Stahl Bicolor Rolesor",17.7,Auktion,8.85,0,1,17.7,19. Jan 2025,1,FALSE,terapeak_rolex_p14.html
ROLEX LÜNETTE  18K 750 GOLD FÜR DATEJUST 36  VINTAGE AUßEN 34MM,222.28,Auktion,4.9,0,1,222.28,2. Feb 2025,1,FALSE,terapeak_rolex_p14.html
"Rolex Jubilee link, 62523H, like new, 18K Gold/Stahl Bicolor Rolesor",77.66,Auktion,10.71,0,1,77.66,12. Feb 2025,3,FALSE,terapeak_rolex_p14.html
"Rolex Jubilee link, 62523H, like new, 18K Gold/Stahl Bicolor Rolesor",112.01,Auktion,11.2,0,1,112.01,12. Mrz 2025,1,FALSE,terapeak_rolex_p14.html
"Rolex Jubilee link, 62523H, like new, 18K Gold/Stahl Bicolor Rolesor",56.58,Auktion,11.31,0,1,56.58,19. Mrz 2025,2,FALSE,terapeak_rolex_p14.html
"💥💥💥 Rolex Jubilee link, 62523H, like new, 18K Gold/Stahl Bicolor Rolesor",55.83,Auktion,11.17,0,1,55.83,28. Mrz 2025,2,FALSE,terapeak_rolex_p14.html
"💥💥💥 Rolex Jubilee link, 62523H, like new, 18K Gold/Stahl Bicolor Rolesor",56.64,Auktion,11.33,0,1,56.64,5. Apr 2025,1,FALSE,terapeak_rolex_p14.html
VINTAGE ROLEX MENS OYSTER SWIMPRUF GREEN SWING TAG. (RT-4),46.74,Festpreis,14.76,0,1,46.74,23. Apr 2025,-,FALSE,terapeak_rolex_p14.html
100% Authentic Rolex New Style White Hang Tag (112),32.22,Festpreis,15.1,0,1,32.22,15. Jul 2025,-,FALSE,terapeak_rolex_p14.html
Rolex 1530 1560 1570 1580 Watch Part 7896 case clamp screw (2 per order) (RO 4),22.21,Festpreis,15.15,0,1,22.21,4. Jan 2026,-,FALSE,terapeak_rolex_p14.html
Rolex Oysterdate Precision 6694 Silver Date Wheel Calendar Disc 1215-7599-2 1225,220.84,Festpreis,25.1,0,1,220.84,21. Aug 2025,-,FALSE,terapeak_rolex_p14.html
Rolex Oysterdate Precision 6694 White Silver Date Wheel Calendar Disc (DAMAGED),99.5,Festpreis,21.89,0,1,99.5,16. Jun 2025,-,FALSE,terapeak_rolex_p14.html
"💥💥💥 Rolex Jubilee link, 62523H, like new, 18K Gold/Stahl Bicolor Rolesor",70.2,Auktion,12.04,0,1,70.2,17. Jul 2025,1,FALSE,terapeak_rolex_p14.html
"10 x Round Storage Case for Watch Dial , Transportation Holder Box (10 Pieces)",45.57,Festpreis,20.25,0,1,45.57,23. Jan 2026,-,FALSE,terapeak_rolex_p14.html
Zugfeder passend für Rolex  3135 3155 3175 3186 Swiss Mainspring  311  (RO-00),18.98,Festpreis,5,0,1,18.98,27. Nov 2025,-,FALSE,terapeak_rolex_p14.html
Rolex 24-603-8   Gelbgold crown Datejust  6mm,121.94,Festpreis,5.08,0,1,121.94,24. Dez 2025,-,FALSE,terapeak_rolex_p14.html
Rolex Oysterdate Precision 6694 Off White 'Silver' Date Wheel Calendar Disc 1225,250.79,Festpreis,35.11,0,1,250.79,5. Dez 2025,-,FALSE,terapeak_rolex_p14.html
ALPINA Uhrwerk -Automatic -vintage - ETA 2784 - z.B. in ROLEX/TUDOR OYSTERDATE !,39.47,Festpreis,15.18,0,1,39.47,1. Jan 2026,-,FALSE,terapeak_rolex_p14.html
Rolex Masterpiece Pearlmaster 80318 69298 80298 18k Yellow Gold Link 14mm,266.66,Festpreis,6.23,0,1,266.66,15. Mai 2026,-,FALSE,terapeak_rolex_p14.html
"Rolex Box OYSTER Vintage 68.00.01 Holzbox, Karton, Beschreibung, Ersatzglied",98.44,Auktion,5.07,0,1,98.44,12. Mai 2026,5,FALSE,terapeak_rolex_p14.html
ROLEX Day Date President Glied Armband Link 18 KT GOLD Herren 16 mm Element 750,270.08,Festpreis,5.32,0,1,270.08,19. Jul 2023,-,FALSE,terapeak_rolex_p14.html
"Rolex Daytona 116520 P Serial Hang Tag, Price Tag, Etikett, Schield, Cartellino.",37.23,Festpreis,14.88,0,1,37.23,4. Feb 2024,-,FALSE,terapeak_rolex_p14.html
ROLEX 7mm KRONE CROWN STAHL TRIPLOCK 24-704-0 z.b. Submariner VINTAGE 7mm,49.78,Auktion,7.5,0,1,49.78,25. Jan 2024,4,FALSE,terapeak_rolex_p14.html
ROLEX 7mm KRONE CROWN STAHL TRIPLOCK 24-704-0 z.b. Submariner VINTAGE 7mm,65.23,Auktion,7.45,0,1,65.23,26. Jan 2024,1,FALSE,terapeak_rolex_p14.html
ROLEX 7mm KRONE CROWN STAHL TRIPLOCK 24-704-0 z.b. Submariner VINTAGE 7mm,45.6,Auktion,7.43,0,1,45.6,4. Feb 2024,1,FALSE,terapeak_rolex_p14.html
Rolex Caseback 6205 Submariner No Date 1950 `s Gehäusedeckel,933.93,Auktion,27.11,0,1,933.93,27. Feb 2024,1,FALSE,terapeak_rolex_p14.html
ROLEX 300m/1000feet SUBMARINER ANKER/Vergoldet,110.06,Auktion,12.1,0,1,110.06,24. Mrz 2024,3,FALSE,terapeak_rolex_p14.html
"Rolex Stahl Oysterband Ref. 78360, gebraucht",336.77,Auktion,6.52,0,1,336.77,27. Mrz 2024,16,FALSE,terapeak_rolex_p14.html
Rolex Jubilee Stahl armbandglied neueste Version,49.28,Festpreis,6.1,0,1,49.28,3. Jun 2025,-,FALSE,terapeak_rolex_p14.html
"Rolex Oyster 15,5mm Ersatzglied 750/18 Gold Stahl Element Link Glied",175.19,Festpreis,6.02,0,1,175.19,6. Mai 2025,-,FALSE,terapeak_rolex_p15.html
Rolex Submariner Anker 300 Meter / 1000 ft,19.5,Festpreis,1.08,0,1,19.5,1. Jun 2025,-,FALSE,terapeak_rolex_p15.html
Armbanduhren Funktionen Technik Design MB&F Omega Rolex Greubel Forsey etc.,49.64,Festpreis,7.63,0,1,49.64,22. Jun 2025,-,FALSE,terapeak_rolex_p15.html
ROLEX Oysterquarz cal 5035 5055 6011 Motor,352.46,Festpreis,20.14,0,1,352.46,14. Jul 2025,-,FALSE,terapeak_rolex_p15.html
Rolex Vintage Grüner Aufkleber 50 X 48 Cm,20.38,Festpreis,10.19,0,1,20.38,27. Jan 2026,-,FALSE,terapeak_rolex_p15.html
Booklet ROLEX Rolex Day-Date SP 1985,70.73,Festpreis,10.11,0,1,70.73,11. Apr 2026,-,FALSE,terapeak_rolex_p15.html
Rolex Krone gold !,100.15,Festpreis,3.01,0,1,100.15,27. Mai 2026,-,FALSE,terapeak_rolex_p15.html
"Winkelhebel für ROLEX 1535, 1555, 1560, 1570, setting lever, part 7881",60.73,Festpreis,4.24,0,1,60.73,31. Aug 2023,-,FALSE,terapeak_rolex_p15.html
Valjoux 23 / 72 - 8100 Sternradwippe 45m / Sliding Gear,64.42,Festpreis,0,100,1,64.42,24. Jun 2024,-,FALSE,terapeak_rolex_p15.html
Valjoux 23 / 72 - 8020 Minutenzählrad 45m / Minute Recording Runner,79.44,Festpreis,51.4,0,1,79.44,28. Feb 2024,-,FALSE,terapeak_rolex_p15.html
ROLEX 17014 17013 - Kaliber 5035 - 6021 Minutenrad - Zahnrad,41.51,Festpreis,0,100,1,41.51,16. Jan 2024,-,FALSE,terapeak_rolex_p15.html
ROLEX 17014 17013 - Kaliber 3035 5035 - Gehäusedeckel Boden,124.02,Festpreis,8.45,0,1,124.02,5. Jul 2023,-,FALSE,terapeak_rolex_p15.html
ROLEX 17014 17013 - Kaliber 3035 5035 - 5039 Kupplungshebel,19.81,Festpreis,8.49,0,1,19.81,10. Jul 2023,-,FALSE,terapeak_rolex_p15.html
Rolex Cal. 2030 [Datejust 26mm] - 54471 und 2 x 54471-1 Schrauben Automatikbrück,37.5,Festpreis,0,100,1,37.5,26. Jun 2023,-,FALSE,terapeak_rolex_p15.html
Rolex Cal. 2030 [Datejust 26mm] - 4441 Kronrad,23.31,Festpreis,4.57,0,1,23.31,6. Jul 2024,-,FALSE,terapeak_rolex_p15.html
Rolex Cal. 2030 [Datejust 26mm] - 4425 Kleinbodenrad,32.23,Festpreis,4.51,0,1,32.23,3. Mai 2024,-,FALSE,terapeak_rolex_p15.html
Rolex Cal. 2030 [Datejust 26mm] - 4429 Hemmungsrad,61.8,Festpreis,8.55,0,1,61.8,29. Jul 2023,-,FALSE,terapeak_rolex_p15.html
Rolex Cal. 2030 [Datejust 26mm] - 4423 Minutentrieb und Minutenrohr,178.96,Festpreis,4.64,0,1,178.96,17. Aug 2024,-,FALSE,terapeak_rolex_p15.html
ROLEX-Kal. 740 765 775 - 4258 Mittelrad,308.47,Festpreis,0,100,1,308.47,10. Aug 2023,-,FALSE,terapeak_rolex_p15.html
VINTAGE ECHTE ROLEX 116200 Datejust Card M 230706002yS,316.65,Festpreis,0,100,1,316.65,7. Okt 2023,-,FALSE,terapeak_rolex_p15.html
"Aufzugfeder, Triebfeder für Rolex 1120, 1130, 1160, 1161, mainspring, part 6690",58.05,Festpreis,11.81,0,1,58.05,23. Apr 2025,-,FALSE,terapeak_rolex_p15.html
VINTAGE TAG ROLEX MENS  OYSTER SWIMPRUF GREEN SWING TAG 81338,22.69,Festpreis,2.75,0,1,22.69,28. Feb 2026,-,FALSE,terapeak_rolex_p15.html
3871 Uhrenteile u.a. ROLEX Armbänder defekt!,126.5,Auktion,4.57,0,1,126.5,30. Jun 2024,29,FALSE,terapeak_rolex_p15.html
"Unruh für Rolex 1030, balance, part 6932",617.21,Festpreis,26.84,0,1,617.21,8. Feb 2025,-,FALSE,terapeak_rolex_p15.html
"Kronrad für Rolex 1030, crown wheel, part 6950",168.7,Festpreis,7.03,0,1,168.7,16. Mrz 2025,-,FALSE,terapeak_rolex_p15.html
"Stellhebel für Rolex 1030, setting lever, part 6959",85.46,Festpreis,13.07,0,1,85.46,4. Dez 2025,-,FALSE,terapeak_rolex_p15.html
"Crown wheel seat für Rolex 1030, part 6952",32.97,Festpreis,10.69,0,1,32.97,4. Feb 2025,-,FALSE,terapeak_rolex_p15.html
"Federhausbrücke für Rolex 1030, barrel bridge, part 6892",243.52,Festpreis,25.36,0,1,243.52,7. Jul 2025,-,FALSE,terapeak_rolex_p15.html
Rolex Oysterquartz Motor ref. 6011 5035 5055,102.74,Auktion,6,0,1,102.74,11. Mai 2025,8,FALSE,terapeak_rolex_p15.html
ROLEX -  Daytona - Two-Tone Oyster Band / Armband Ref. 78593,3444.07,Festpreis,0,100,1,3444.07,10. Jun 2025,-,FALSE,terapeak_rolex_p15.html
Rolex ref. 1803 1555 1556 8017 Tagesanzeiger Champagner Schwarz DEUTSCH,51.35,Auktion,6.23,0,1,51.35,1. Sep 2025,3,FALSE,terapeak_rolex_p15.html
Rohr für Kranz Schraubbar Mit Dichtung für Rolex Rohr Für Screw-On Crowns 65.008,16.21,Festpreis,7.07,0,1,16.21,15. Dez 2025,-,FALSE,terapeak_rolex_p15.html
Diverse Rolex Teile unbenutzt/gebraucht-Oyster Umverpackung Zifferblätter/Zeiger,253.54,Auktion,14.7,0,1,253.54,28. Dez 2025,1,FALSE,terapeak_rolex_p15.html
"Uhrenglas, Swiss Glas 116 Ø 30,2mm für Rolex 1655-1675-16750-16753 Explorer",25.2,Festpreis,6.91,0,1,25.2,18. Mrz 2026,-,FALSE,terapeak_rolex_p15.html
rolex day date datum und tagesscheibe gold spanisch cal.1556,46.75,Festpreis,5.13,0,1,46.75,1. Sep 2023,-,FALSE,terapeak_rolex_p15.html
rolex endlink 280 20mm,74.81,Festpreis,5.13,0,1,74.81,1. Sep 2023,-,FALSE,terapeak_rolex_p15.html
rolex 5508 aftermarket lünette,92.25,Festpreis,5.07,0,1,92.25,7. Sep 2023,-,FALSE,terapeak_rolex_p15.html
Saphir-Uhrenglas für Rolex Datejust Midsize 68273 25 mm Neu,9.33,Festpreis,0,100,1,9.33,12. Sep 2023,-,FALSE,terapeak_rolex_p15.html
Rolex Garantieschein für Submariner No Date - 14060,87.74,Festpreis,13.38,0,1,87.74,15. Feb 2024,-,FALSE,terapeak_rolex_p15.html
"ROLEX OYSTER Armband Glied Bracelet Link Stahl Steel 15,3 mm Matt Brushed",26.56,Auktion,0,100,1,26.56,24. Mrz 2024,13,FALSE,terapeak_rolex_p15.html
"Ersatz Glied Link von Rolex 16030 Jubilee 15,5 mm Herren Uhr",51.54,Festpreis,4.25,0,1,51.54,18. Jul 2024,-,FALSE,terapeak_rolex_p15.html
Mk0 Pushers for Rolex Dayton 6263 / 6240 / 6265 - Millerighe P300 - Mark 0,334.36,Festpreis,14.33,0,1,334.36,14. Sep 2024,-,FALSE,terapeak_rolex_p16.html
Saphir-Uhrenglas für Rolex Datejust Midsize 68273 25 mm Neu,10.69,Festpreis,0,100,1,10.69,8. Apr 2026,-,FALSE,terapeak_rolex_p16.html
"Rolex Day-Date Uhrenglied 750/- Gelbgold - 2,2 gramm",374.03,Festpreis,7.57,0,1,374.03,15. Sep 2025,-,FALSE,terapeak_rolex_p16.html
Rolex 1500 Bezel,130.44,Festpreis,5.51,0,1,130.44,21. Aug 2025,-,FALSE,terapeak_rolex_p16.html
Big Lot Zeiger - Valjoux / Rolex / Omega / Etc - Mixed Some Rare,998.41,Festpreis,9.12,0,1,998.41,29. Jul 2025,-,FALSE,terapeak_rolex_p16.html
Rolex Daytona Transparent Gehäuseboden Kompatibel Modell 116500 16523 116520,43,Festpreis,0,100,1,43,24. Jan 2026,-,FALSE,terapeak_rolex_p16.html
rolex endlinks 458b,123.08,Auktion,6.3,0,1,123.08,5. Feb 2026,3,FALSE,terapeak_rolex_p16.html
Rolex Datejust Teile Parts 41 126331 Gold Bezel Crown Dial Hands Crystal Date,2014.89,Festpreis,0,100,1,2014.89,2. Mrz 2026,-,FALSE,terapeak_rolex_p16.html
Transparent Gehäuseboden Für Rolex Gmt Master II 16700 16710 16760 126700 126710,47.28,Festpreis,0,100,1,47.28,15. Mai 2026,-,FALSE,terapeak_rolex_p16.html
"Rolex  Band bracelett 78350 , code A",550.45,Festpreis,6.19,0,1,550.45,2. Jun 2026,-,FALSE,terapeak_rolex_p16.html
Verlängerungsglied Stahl kompatibel zum Rolex Oyster Damen Armband 70130,46.72,Festpreis,0,100,1,46.72,2. Jun 2024,-,FALSE,terapeak_rolex_p16.html
ROLEX ERSATZGLIED GLIED LINK JUBILEE STAHL POLIERT 15MM EDELSTAHL RAR VINTAGE,61.21,Festpreis,0,100,1,61.21,16. Jul 2023,-,FALSE,terapeak_rolex_p16.html
Lünetten Rastfeder kompatibel zu Rolex Submariner 14060 & Sea-Dweller 16660,25.35,Festpreis,0,100,1,25.35,3. Feb 2026,-,FALSE,terapeak_rolex_p16.html
"Zugfeder für AS 577.301, 1000, 1030, KF 17-10, 350, ROL 1001 TIS 3000",20.24,Festpreis,10.1,0,1,20.24,11. Mai 2026,-,FALSE,terapeak_rolex_p16.html
Aufzugwelle Rolex RLX Stellwelle Winding Stem winding stem Aufzugswelle,46.36,Festpreis,0.95,0,1,46.36,1. Dez 2025,-,FALSE,terapeak_rolex_p16.html
"2 Stück Federstege Spezial für Rolex mit Schulter Edelstahl massiv 13mm Ø1,8mm",3.73,Festpreis,0,100,2,7.46,13. Jul 2023,-,FALSE,terapeak_rolex_p16.html
"Zugfeder Automatik 771 für Zenith 400, 3019, 3019PHC und Rolex 4030",31.75,Festpreis,0,100,2,63.49,21. Nov 2024,-,FALSE,terapeak_rolex_p16.html
"Acryl Ersatzglas kompatibel zu Rolex für Oyster Perpetual Lady 6710, 6712, 6715",20.75,Festpreis,0,100,1,20.75,21. Dez 2023,-,FALSE,terapeak_rolex_p16.html
Acryl Ersatzglas kompatibel zu Rolex   für Airking 5502,20.97,Festpreis,0,100,1,20.97,15. Sep 2024,-,FALSE,terapeak_rolex_p16.html
ROLEX ERSATZGLIED GLIED LINK JUBILEE STAHL POLIERT 15MM EDELSTAHL RAR VINTAGE,64.15,Festpreis,0,100,1,64.15,18. Apr 2024,-,FALSE,terapeak_rolex_p16.html
Rolex Oyster Glied 15mm (z.B. 16610 / 14060),63.34,Festpreis,0,100,1,63.34,19. Apr 2024,-,FALSE,terapeak_rolex_p16.html
Rolex Glied Oysterband 590 (10mm),53.34,Festpreis,0,100,1,53.34,9. Jan 2025,-,FALSE,terapeak_rolex_p16.html
Rolex 2x Glied 16mm von einer Submariner,74.68,Festpreis,3.74,0,1,74.68,26. Mrz 2024,-,FALSE,terapeak_rolex_p16.html
Rolex Bügel Faltschliessen-Sicherung - flip Lock,206.77,Festpreis,6.58,0,1,206.77,13. Jul 2024,-,FALSE,terapeak_rolex_p16.html
NIVAROX Zugfeder S-Form für Automaticwerke kompatibel zu Rolex,37.29,Festpreis,0,100,1,37.29,9. Mrz 2025,-,FALSE,terapeak_rolex_p16.html
Uhrenteile Konvolut Rolex Tag Heuer Porsche Design usw Zeiger Bandelemente,52.22,Auktion,0,100,1,52.22,10. Nov 2024,9,FALSE,terapeak_rolex_p16.html
ROLEX Daytona Anstoß 403 Endlink Endstück Oyster Stahl/Gold 20 mm,222.01,Auktion,2.66,0,1,222.01,15. Jan 2025,1,FALSE,terapeak_rolex_p16.html
Rolex 16019 Datejust und Daydate Teile Zeiger und Datumsrad,40.61,Auktion,0,100,1,40.61,12. Feb 2025,2,FALSE,terapeak_rolex_p17.html
Rolex 558b 20mm oyster endlinks datejust Submariner GMT,108.41,Auktion,10.84,0,1,108.41,4. Mrz 2025,1,FALSE,terapeak_rolex_p17.html
"Rolex parts, Plexy Glas Rolex 1680, Bandhälften, Triplockkrone  für Submariner",190.66,Auktion,14.15,0,1,190.66,5. Apr 2025,27,FALSE,terapeak_rolex_p17.html
Endstück 10 mm 6 Uhr  für Faltschließe kompatibel zu RLX Oyster Armband,44.64,Festpreis,0,100,1,44.64,21. Nov 2025,-,FALSE,terapeak_rolex_p17.html
ROLEX / Krone  Konvolut 8 x  aus Uhrmacher nachlas.,34.75,Auktion,5.13,0,1,34.75,28. Jan 2026,18,FALSE,terapeak_rolex_p17.html
für Sammler Rolex Servicekarte für Submariner Date 16610 (U-Serial) NFC + MwSt.,1,Auktion,0,100,1,1,24. Mai 2026,1,FALSE,terapeak_rolex_p17.html
ROLEX ERSATZGLIED GLIED LINK JUBILEE STAHL POLIERT 10MM EDELSTAHL VINTAGE,74.02,Festpreis,0,100,1,74.02,18. Mai 2024,-,FALSE,terapeak_rolex_p17.html
"Acryl Ersatzglas kompatibel zu Rolex für Daydate 1806, 1810, 1812, 1815",22.25,Festpreis,0,100,1,22.25,8. Dez 2023,-,FALSE,terapeak_rolex_p17.html
"Acryl Ersatzglas kompatibel Rolex Airking, Datejust, Turnograph 5700, 1630",19.69,Festpreis,0,100,1,19.69,21. Jan 2025,-,FALSE,terapeak_rolex_p17.html
ROLEX ERSATZGLIED GLIED LINK OYSTER STAHL/GOLD POLIERT 14MM VINTAGE RAR SCHÖN,136.7,Festpreis,0,100,1,136.7,25. Jul 2023,-,FALSE,terapeak_rolex_p17.html
1 Stück Aufzugswelle Aufzugwelle für Rolex  Kaliber TS Prince Ronda-Nummer 647,41.66,Festpreis,0.9,0,1,41.66,19. Aug 2024,-,FALSE,terapeak_rolex_p17.html
ROLEX ERSATZGLIED GLIED LINK OYSTER STAHL/GOLD POLIERT 14MM VINTAGE RAR SCHÖN,136.39,Festpreis,0,100,1,136.39,10. Jan 2024,-,FALSE,terapeak_rolex_p17.html
Gehäuse/Case für Submariner z.b für 3135 Rolex Submariner von Rolex,133.18,Auktion,5.01,0,1,133.18,23. Okt 2023,16,FALSE,terapeak_rolex_p17.html
"Zeigerspiel GMT Explorer style kompatibel zu Rolex Kal. 3035, 3135",25.73,Festpreis,0,100,1,25.73,31. Jan 2026,-,FALSE,terapeak_rolex_p17.html
"Rolex Garantie Kartenhalter 4119209.05, gebraucht",0.95,Auktion,2,0,1,0.95,1. Jan 2024,1,FALSE,terapeak_rolex_p17.html
"Rolex Gehäuseöffner-Einsatz  31,5mm, Case Opener",6.96,Auktion,3.7,0,1,6.96,18. Feb 2024,1,FALSE,terapeak_rolex_p17.html
ROLEX ERSATZGLIED GLIED LINK JUBILEE STAHL POLIERT 15MM EDELSTAHL RAR VINTAGE,73.67,Festpreis,0,100,1,73.67,11. Jul 2024,-,FALSE,terapeak_rolex_p17.html
Stahlarmband kompatibel zum Jubilé Rolex Uhren 17 mm (Datejust Medium) Bicolor,37.71,Festpreis,0,100,1,37.71,14. Aug 2024,-,FALSE,terapeak_rolex_p17.html
Zugfeder (Handaufzug) 770 für Rolex 3230 und 3235,59.83,Festpreis,0,100,1,59.83,13. Jun 2025,-,FALSE,terapeak_rolex_p17.html
Saphir-Uhrenglas für Rolex Datejust Midsize 68273 25 mm Neu,12.54,Festpreis,0,100,1,12.54,13. Sep 2024,-,FALSE,terapeak_rolex_p17.html
Stahlarmband mit Faltschließe Jubilee Style kompatibel mit Rolex Uhren 13 mm,40.23,Festpreis,10.02,0,1,40.23,13. Jul 2025,-,FALSE,terapeak_rolex_p17.html
Minaralglas grün kompatibel zu Rolex Milgauss 116400GV mit grüner Dichtung,61.77,Festpreis,0,100,1,61.77,13. Sep 2024,-,FALSE,terapeak_rolex_p17.html
ROLEX ERSATZGLIED GLIED LINK JUBILEE STAHL POLIERT 15MM EDELSTAHL RAR VINTAGE,67.09,Festpreis,0,100,1,67.09,28. Nov 2025,-,FALSE,terapeak_rolex_p17.html
2x ROLEX Day-Date 18038 Glied Link Präsident Armbandglied 18KT Gelbgold 750 GOLD,408.72,Festpreis,13.1,0,1,408.72,12. Dez 2024,-,FALSE,terapeak_rolex_p17.html
"Endstück 15,5 mm 6 Uhr  für Faltschließe kompatibel zu RLX Oyster Armband",40.92,Festpreis,0,100,1,40.92,9. Dez 2024,-,FALSE,terapeak_rolex_p17.html
"ROLEX Booklet ""ROLEX DATEJUST"" Englisch Ref. 593.52 aus 5.1999 in gutem Zustand",28.21,Festpreis,0,100,1,28.21,10. Apr 2025,-,FALSE,terapeak_rolex_p17.html
Set of two: Start Stop  catalogue 2016 +old Rolex Magazin Exploration Perpetual,44.76,Festpreis,7.96,0,1,44.76,23. Mrz 2026,-,FALSE,terapeak_rolex_p17.html
ROLEX GMT MASTER II,304.11,Festpreis,6.07,0,1,304.11,27. Mai 2025,-,FALSE,terapeak_rolex_p18.html
Glasdichtung kompatibel Rolex Cyclop 25-206-C Lady Datejust 179138,20.09,Festpreis,0,100,1,20.09,3. Mrz 2026,-,FALSE,terapeak_rolex_p18.html
ROLEX Oysterquarz Ersatzglied 15 mm Stahl passend für z.B. Ref. 17000 Glied #02,40.55,Auktion,17.51,0,1,40.55,16. Nov 2025,31,FALSE,terapeak_rolex_p18.html
ROLEX Jubilee Ersatzglied 10 mm Stahl Gold passend für Datejust 26 Glied #11-13,27.59,Auktion,0,100,1,27.59,7. Dez 2025,8,FALSE,terapeak_rolex_p18.html
ROLEX Jubilee Ersatzglied 10 mm Stahl Gold passend für Datejust 26 Glied #11-13,28.83,Auktion,0,100,1,28.83,14. Dez 2025,10,FALSE,terapeak_rolex_p18.html
Rolex Anker Zubehör „Round 3“-Typografie | passend Submariner Ref. 16610 16800,107.87,Auktion,14.82,0,1,107.87,14. Feb 2026,17,FALSE,terapeak_rolex_p18.html
Rolex Precision Cal. 130,20.39,Auktion,0,100,1,20.39,22. Mrz 2026,4,FALSE,terapeak_rolex_p18.html
"Shock Absorber Für Balance Upper Rolex 3255 "" Neu """,22.44,Festpreis,6.38,0,1,22.44,30. Jan 2025,-,FALSE,terapeak_rolex_p18.html
Polig Luftmassenmesser Querlenker Rolex 1530 1570 7906,75.68,Festpreis,12.29,0,5,378.38,2. Aug 2023,-,FALSE,terapeak_rolex_p18.html
"oringinal ROLEX Datum und Tagesscheibe für DayDate Csl. 3135 , neu !",151.32,Festpreis,11.41,0,1,151.32,14. Okt 2023,-,FALSE,terapeak_rolex_p18.html
"oringinal ROLEX Datum und Tagesscheibe für DayDate Cal. 3055,5055 , neu !",240.07,Festpreis,4.82,0,1,240.07,20. Jul 2023,-,FALSE,terapeak_rolex_p18.html
"Rolex Daytona & Submariner Krone 24-704-0 Stahl SS 7,0mm",95.75,Festpreis,0,100,1,95.75,23. Jul 2023,-,FALSE,terapeak_rolex_p18.html
Rolex Krone Crown 24-531-0 Stahl 5mm,104.42,Festpreis,0,100,1,104.42,11. Aug 2023,-,FALSE,terapeak_rolex_p18.html
oringinal ROLEX Krone Gold 241 24-530-0 X12,265.64,Festpreis,9.32,0,2,531.28,30. Okt 2024,-,FALSE,terapeak_rolex_p18.html
oringinal ROLEX Tubus Dichtung B24-5320-G1,76.21,Festpreis,4.48,0,1,76.21,31. Dez 2024,-,FALSE,terapeak_rolex_p18.html
oringinal ROLEX Krone Stahl B24-704-0-G1 Cal. 104585617,213.58,Festpreis,4.54,0,1,213.58,17. Okt 2023,-,FALSE,terapeak_rolex_p18.html
"Rolex Crown Daytona & Submariner Krone 24-704-0 Stahl SS 7,00mm Crown Steel",109.37,Festpreis,0,100,1,109.37,30. Okt 2023,-,FALSE,terapeak_rolex_p18.html
Rolex Krone Crown 24-604-0 Stahl 6mm,93.51,Festpreis,0,100,1,93.51,4. Sep 2023,-,FALSE,terapeak_rolex_p18.html
Rolex CAL. 1030 6932 Balance Unruh,450.54,Festpreis,5.2,0,1,450.54,12. Sep 2024,-,FALSE,terapeak_rolex_p18.html
"Rolex Rotor Schwungmasse 2230-570-2N1 Durchmesser 22,20mm",55.83,Festpreis,0,100,1,55.83,4. Feb 2024,-,FALSE,terapeak_rolex_p18.html
ROLEX Federsatz Unruhfeder 1520 1530 1560 1570 1580 Teil 7825,40.67,Festpreis,0,100,1,40.67,2. Jun 2026,-,FALSE,terapeak_rolex_p18.html
"1x Aufzugwelle Rolex 1530 1535 Winding Stem Ref. 7869, Silber, Stahl",35.77,Festpreis,0,100,1,35.77,8. Jun 2026,-,FALSE,terapeak_rolex_p18.html
"Rolex Rotor Schwungmasse 2230-570-2N1 Durchmesser 22,20mm",83.78,Festpreis,0,100,1,83.78,22. Feb 2024,-,FALSE,terapeak_rolex_p18.html
Uhr Strap Ersatz Schraube Pins Links für Rolex Uhr Band Armband Armband,21.34,Festpreis,0,100,1,21.34,27. Jan 2025,-,FALSE,terapeak_rolex_p18.html
Rolex 3230 3235 3255 3285 Feder Zugfeder Automatic,55.72,Festpreis,0,100,1,55.72,21. Okt 2024,-,FALSE,terapeak_rolex_p18.html
Saphir-Uhrenglas für Rolex Datejust Midsize 68273 25 mm Neu,7.61,Festpreis,0.66,0,1,7.61,16. Jan 2025,-,FALSE,terapeak_rolex_p18.html
Rolex 31A-116660 Dot Sea-Dweller Deep-Sea 126660 Kit P Hell Satz,134.37,Festpreis,10.75,0,1,134.37,28. Feb 2025,-,FALSE,terapeak_rolex_p18.html
ROLEX LEDER ARMBAND DORNSCHLIESSE CLASP BUCKLE 10MM STAHL VERGOLDET,87.92,Festpreis,5.5,0,1,87.92,15. Jan 2025,-,FALSE,terapeak_rolex_p18.html
Rolex Daytona Rotor Schwungmasse Zenith 4030 - 570,361.73,Auktion,0,100,1,361.73,26. Jan 2025,1,FALSE,terapeak_rolex_p18.html
Rolex Daytona Rotor Schwungmasse Zenith 4030 - 570,357.08,Auktion,6.87,0,1,357.08,2. Feb 2025,1,FALSE,terapeak_rolex_p18.html
Rolex Daytona Rotor Schwungmasse Zenith 4030 - 570,358.32,Auktion,6.89,0,1,358.32,28. Feb 2025,1,FALSE,terapeak_rolex_p18.html
"Konvolut Rolex Teile 3135 3035 2235 etc. Zeiger, Schließen, Goldkronen, ...",698.08,Auktion,6.72,0,1,698.08,18. Mai 2025,10,FALSE,terapeak_rolex_p18.html
Rolex Dornschließe Stahl an 20mm Kaufmann Lederband,33.73,Festpreis,3.76,0,1,33.73,16. Mai 2025,-,FALSE,terapeak_rolex_p18.html
Rolex Daytona Schwungmasse (Rotor) Zenith,386.14,Auktion,5.37,0,1,386.14,31. Mai 2025,1,FALSE,terapeak_rolex_p18.html
Rolex 4130 Ref.110,95.96,Festpreis,10.1,0,1,95.96,9. Jul 2025,-,FALSE,terapeak_rolex_p18.html
Rolex 3235 Ref.625,57.53,Festpreis,9.92,0,1,57.53,24. Nov 2025,-,FALSE,terapeak_rolex_p18.html
Rolex 3235/3255 Ref.125,44.67,Festpreis,9.92,0,1,44.67,22. Jun 2025,-,FALSE,terapeak_rolex_p18.html
Rolex 2230/2235 Ref.421,64.82,Festpreis,9.98,0,1,64.82,7. Aug 2025,-,FALSE,terapeak_rolex_p18.html
Rolex 3186 Ref.268,70.53,Festpreis,15.11,0,1,70.53,9. Apr 2026,-,FALSE,terapeak_rolex_p18.html
Rolex 31A-116618 DOT Submariner 116613 116618 Gold Komplettes Leuchtpunkt-Kit,177.2,Festpreis,12.15,0,1,177.2,16. Dez 2025,-,FALSE,terapeak_rolex_p19.html
KIF 2-3 Flector Stoßsicherungsfeder Feder f. Stoßsicherung Rolex 12xx 15xx Patek,10.02,Festpreis,4.8,0,2,20.04,28. Mai 2026,-,FALSE,terapeak_rolex_p19.html
Tiges Kompatibel Für Rolex 4130-201 Daytona Swiss Made Baum Büro Winding Stem,21.64,Festpreis,11.8,0,1,21.64,15. Mrz 2026,-,FALSE,terapeak_rolex_p19.html
ROLEX Damen Lady Datumscheibe Datum Disc Cal 2135 White Date Wheel open 6,95.53,Festpreis,19.11,0,1,95.53,14. Sep 2024,-,FALSE,terapeak_rolex_p19.html
Rolex 750 Gelbgold Krone Crown 18 kt Yellow Gold vintage Ø 3.9 mm,112.26,Festpreis,18.71,0,1,112.26,20. Mrz 2024,-,FALSE,terapeak_rolex_p19.html
ROLEX Lady Damen Jubilee Armbandglied Glied 62510D Bracelet link part 10 mm,53.34,Festpreis,6.22,0,1,53.34,9. Jan 2025,-,FALSE,terapeak_rolex_p19.html
ROLEX Oyster Armband Glied Genietet Rivet Bracelet Link Steel 11 mm vintage,90.85,Festpreis,7.06,0,1,90.85,8. Sep 2025,-,FALSE,terapeak_rolex_p19.html
ROLEX Oyster Armband Glied Genietet Rivet Bracelet Link Steel 12 mm vintage,72.9,Festpreis,41.01,0,1,72.9,27. Sep 2023,-,FALSE,terapeak_rolex_p19.html
ROLEX LEDER ARMBAND DORNSCHLIESSE 14MM 18K 750 MASSIV GOLD GELBGOLD RAR VINTAGE,595.51,Festpreis,0,100,1,595.51,12. Jan 2026,-,FALSE,terapeak_rolex_p19.html
ROLEX PRÄSIDENT ARMBAND ERSATZGLIED GLIED LINK 10MM 18K 750 GOLD,285.92,Festpreis,0,100,1,285.92,17. Jul 2023,-,FALSE,terapeak_rolex_p19.html
ROLEX Damen Lady Datumscheibe Datum Disk Cal 2135 Beige Date Wheel open 6,87.35,Festpreis,6.57,0,1,87.35,21. Jun 2023,-,FALSE,terapeak_rolex_p19.html
OMEGA speedmaster professional steel ERSATZGLIED LINK GLIED 18MM  NEUE (O262),87,Festpreis,5.5,0,1,87,15. Apr 2024,-,FALSE,terapeak_rolex_p19.html
ROLEX Datejust Lady GMT 1675 Krone Edelstahl Crown Stainless Steel Ø 5.2 mm,131.19,Festpreis,3.77,0,1,131.19,5. Jan 2024,-,FALSE,terapeak_rolex_p19.html
ROLEX OYSTER ARMBAND ERSATZGLIED GLIED LINK 14MM 18K 750 MASSIV GOLD VINTAGE,395.72,Festpreis,0,100,1,395.72,22. Jun 2024,-,FALSE,terapeak_rolex_p19.html
ROLEX PEARLMASTER GOLD ARMBAND ERSATZGLIED LINK GLIED 18K 750 WEISSGOLD 13MM,519.29,Festpreis,9.44,0,1,519.29,23. Jun 2023,-,FALSE,terapeak_rolex_p19.html
ROLEX JUBILEE ERSATZGLIED GLIED LINK 16MM 18K 750 MASSIV GOLD VINTAGE RAR,367.57,Festpreis,9.19,0,2,735.15,16. Sep 2023,-,FALSE,terapeak_rolex_p19.html
BREITLING NIETEN ARMBAND 16MM STAHL ERSATZGLIED GLIED LINK,79.02,Festpreis,0,100,1,79.02,7. Dez 2023,-,FALSE,terapeak_rolex_p19.html
Rolex Bandanstoß 501B Oysterband 93150 78360 Explorer GMT Master Submariner,112.78,Festpreis,5.17,0,1,112.78,27. Jun 2023,-,FALSE,terapeak_rolex_p19.html
Datum Scheibe Datedisk für Rolex Cal 3135 3155 3175 3185 Datejust Submariner GMT,32.99,Festpreis,5.56,0,1,32.99,26. Nov 2023,-,FALSE,terapeak_rolex_p19.html
ROLEX ERSATZGLIED GLIED STAHL/GOLD OYSTERQUARTZ 15MM HERREN VINTAGE RAR,224.1,Festpreis,0,100,1,224.1,17. Jun 2025,-,FALSE,terapeak_rolex_p19.html
ROLEX ANSTOSS FÜR JUBILEE BAND 20MM STAHL/GOLD 455 RAR VINTAGE 2,227.61,Festpreis,9.51,0,1,227.61,3. Okt 2024,-,FALSE,terapeak_rolex_p19.html
ROLEX OYSTER ARMBAND STAHL/GOLD ERSATZGLIED GLIED LINK 13MM,116.68,Festpreis,0,100,1,116.68,4. Mrz 2024,-,FALSE,terapeak_rolex_p19.html
ROLEX HERREN LÜNETTE BEZEL 18K 750 GOLD HERREN GRÖßE VINTAGE FÜR 15200,445.38,Festpreis,0,100,1,445.38,17. Apr 2026,-,FALSE,terapeak_rolex_p19.html
"ROLEX OYSTER ARMBAND STAHL/GOLD ERSATZGLIED GLIED LINK 11,0MM GOLD",134.08,Festpreis,0,100,1,134.08,1. Mrz 2025,-,FALSE,terapeak_rolex_p19.html
ROLEX OYSTER STAHL ARMBAND FALTSCHLIESSE 16MM 93150 VINTAGE TOP FÜR SUBMARINER,423.44,Festpreis,9.41,0,1,423.44,5. Aug 2024,-,FALSE,terapeak_rolex_p19.html
ROLEX JUBILEE GLIED 12MM DAMEN NEUE VERSION RAR MASSIV,96,Festpreis,9.6,0,1,96,23. Sep 2024,-,FALSE,terapeak_rolex_p19.html
Stahlkugel Stahlfeder Set unter Lünette drehbar kompatibel Rolex Submariner,19.54,Festpreis,5.39,0,10,195.42,24. Mai 2026,-,FALSE,terapeak_rolex_p2.html
ROLEX Date 1500 1002 Air-King 5500 34 mm Lünette Bezel für Plexi Stahl Steel,110.86,Festpreis,16,0,9,997.73,13. Apr 2026,-,FALSE,terapeak_rolex_p2.html
ROLEX Datejust 16200 16220 36 mm Lünette Bezel Engine Turned f Saphirglas Steel,129.5,Festpreis,14.26,0,9,1165.52,9. Mrz 2026,-,FALSE,terapeak_rolex_p2.html
Faltschliesse Silber passend für Datejust Oyster edelstahl,15.55,Festpreis,3.08,0,10,155.49,12. Jan 2026,-,FALSE,terapeak_rolex_p2.html
Uhr Strap Ersatz Schraube Pins Links für Rolex Uhr Band Armband Armband,21.76,Festpreis,0,100,9,195.87,22. Apr 2025,-,FALSE,terapeak_rolex_p2.html
#1302 ORIG. ROLEX PALLET FORK ANKER HEMMUNG 1520 1530 1560 1565 1570 1575 7846,83.84,Festpreis,15.98,0,11,922.29,25. Mai 2026,-,FALSE,terapeak_rolex_p2.html
"Acryl Ersatzglas kompatibel Rolex Oyster Perpetual Lady Datejust 6900, 6920",24.49,Festpreis,7.81,75,9,220.4,30. Dez 2025,-,FALSE,terapeak_rolex_p2.html
ROLEX Umkehrrad cal 3035 3055 3085 part 5068 REVERSING WHEELS 2 Stück,78.97,Festpreis,18.44,13,8,631.76,17. Sep 2024,-,FALSE,terapeak_rolex_p2.html
Faltschliesse Silber passend für Datejust Oyster edelstahl,15.72,Festpreis,3.23,0,8,125.81,28. Mai 2024,-,FALSE,terapeak_rolex_p2.html
Glasdichtung f Rolex Saphirglas 63 Varianten Submariner GMT Watch Crystal Gasket,20.05,Festpreis,8.97,75,13,260.62,5. Jun 2026,-,FALSE,terapeak_rolex_p2.html
"Acryl Ersatzglas für Rolex Airking Date, Oyster Perp. Date 5700N, 15000",22.15,Festpreis,0,100,7,155.07,11. Mai 2026,-,FALSE,terapeak_rolex_p2.html
Automatik Zugfeder 771 für OMEGA 1045 und LEMANIA 5100,42.6,Festpreis,0,100,7,298.2,25. Jul 2025,-,FALSE,terapeak_rolex_p2.html
ROLEX Feder mit Achse für Steinfutter cal 1210 1530 part 7934 Spring with axle,56.7,Festpreis,20.16,0,9,510.34,19. Mrz 2026,-,FALSE,terapeak_rolex_p2.html
Artikelnr. 296640554974,16,Festpreis,4,0,8,127.96,14. Jan 2025,-,FALSE,terapeak_rolex_p2.html
Rotating Steel Ball Spring Ball Watch Bezel Case Spring Feder für SUB 116610,11.57,Festpreis,0.91,86,7,80.99,2. Jul 2024,-,FALSE,terapeak_rolex_p2.html
ROLEX HERREN ARMBAND ERSATZGLIED OYSTER STAHL/STAHL 15.5MM MATT 93150,85.14,Festpreis,10.25,86,8,681.14,15. Jun 2026,-,FALSE,terapeak_rolex_p2.html
Edelstahl Lünetten Rahmen Set kompatibel Rolex Submariner 116610,82.22,Festpreis,6.32,0,7,575.54,3. Jun 2026,-,FALSE,terapeak_rolex_p2.html
AUFZUGSWELLE STEM Rolex KALIBER 1210-1215-1220-1225 Premium Qualität,11.39,Festpreis,5.46,57,10,113.91,26. Mrz 2026,-,FALSE,terapeak_rolex_p2.html
"Stellhebelfeder/ Winkelhebelfeder 445 für Rolex 700, 710, 720, 730, 740, 760,",57.6,Festpreis,9.53,33,6,345.6,10. Apr 2026,-,FALSE,terapeak_rolex_p2.html
Stahlarmband kompatibel zum Jubilee Stahlarmband für Rolex Uhren 13 mm Bicolor,37.81,Festpreis,9.98,83,6,226.86,10. Dez 2025,-,FALSE,terapeak_rolex_p2.html
STEEL BEADS OF RICE STRAP BRACELET  19mm stainless steel new No name   (Z498),60.69,Festpreis,5.6,0,6,364.17,21. Jan 2024,-,FALSE,terapeak_rolex_p2.html
ROLEX Krone 18 kt Gold Datejust Lady 6917 69173 GMT 1675 Crown 24-530-8 5.3 mm,146.81,Festpreis,12.65,0,6,880.84,16. Okt 2024,-,FALSE,terapeak_rolex_p2.html
"ROLEX OYSTER ARMBAND STAHL/GOLD ERSATZGLIED GLIED LINK 15,5MM",188.38,Festpreis,10,83,7,1318.63,22. Aug 2025,-,FALSE,terapeak_rolex_p2.html
24-6330-1 ¦ Tubus für Krone ¦ Tube for crown ¦ passend für Rolex ¦ Made in Swiss,30.83,Festpreis,8.59,0,6,185,13. Jul 2024,-,FALSE,terapeak_rolex_p2.html
ROLEX Umkehrrad montiert cal 3035 3055 3085 part 5068 REVERSING WHEELS 2 Stück,112.29,Festpreis,8.55,0,6,673.73,18. Jan 2024,-,FALSE,terapeak_rolex_p2.html
"Schrauben - Rolex kompatibel - Schraubstift für Glieder, Armbänder - Edelstahl",5.87,Festpreis,6.44,33,6,35.19,14. Aug 2025,-,FALSE,terapeak_rolex_p2.html
"Rolex Krone 24-530-8. 5,3mm. gebraucht",57.14,Festpreis,23.56,0,17,971.43,29. Apr 2025,-,FALSE,terapeak_rolex_p2.html
Uhr Strap Ersatz Schraube Pins Links für Rolex Uhr Band Armband Armband,19.17,Festpreis,0,100,6,115,18. Dez 2023,-,FALSE,terapeak_rolex_p2.html
Rolex Generic Bodendichtung Dichtung Gehäusedichtung Uhrmacher Premium Qualität,8.61,Festpreis,0,100,7,60.26,18. Jul 2025,-,FALSE,terapeak_rolex_p2.html
ROLEX Day Date 18238 Tagesscheibe cal 3155 17201 Date Day Disc English Weiß Whit,170.62,Festpreis,6.67,0,1,170.62,27. Jul 2023,-,FALSE,terapeak_rolex_p20.html
"ROLEX ERSATZGLIED GLIED STAHL OYSTER BAND 15,5MM VINTAGE RAR NEUE VERSION",133.23,Festpreis,0,100,2,266.47,19. Jun 2023,-,FALSE,terapeak_rolex_p20.html
"ROLEX JUBILEE HERREN STAHL ERSATZGLIED GLIED LINK 15,5MM NEUE VERSION MASSIV",156.29,Festpreis,0,100,1,156.29,12. Jun 2024,-,FALSE,terapeak_rolex_p20.html
"ROLEX OYSTER ARMBAND STAHL/GOLD ERSATZGLIED GLIED LINK 15,5MM FÜR 1675 ALTE VERS",506.03,Festpreis,0,100,1,506.03,24. Jul 2025,-,FALSE,terapeak_rolex_p20.html
ROLEX UNRUHE FÜR KALIBER 3035 SCHÖNER ZUSTAND VINTAGE,497.64,Festpreis,0,100,1,497.64,11. Jun 2026,-,FALSE,terapeak_rolex_p20.html
ROLEX Day Date 18038 Datusmcheibe cal 3055 5055 Date Disc,54.78,Festpreis,18.26,0,1,54.78,25. Okt 2023,-,FALSE,terapeak_rolex_p20.html
ROLEX JUBILEE STAHL ARMBAND FALTSCHLIESSE 16MM DEPLOYMENT CLASP 62510H P5,255.42,Festpreis,0,100,1,255.42,21. Okt 2023,-,FALSE,terapeak_rolex_p20.html
OMEGA CONSTELLATION Herrn ERSATZGLIED LINK GLIED 18MM TOP STAHL/GOLD NEUE (O475),67.49,Festpreis,13.5,0,1,67.49,21. Jul 2023,-,FALSE,terapeak_rolex_p20.html
ROLEX ERSATZGLIED GLIED 750 MASSIV GELBGOLDGOLD OYSTER BAND 16MM NEUE VERSION,414.12,Festpreis,9.2,0,2,828.24,24. Jun 2024,-,FALSE,terapeak_rolex_p20.html
ROLEX Datejust Day-Date Krone 24-603-8 Crown 18 kt Gold incl Tubus Tube 6 mm,168.26,Festpreis,6.55,0,1,168.26,23. Aug 2023,-,FALSE,terapeak_rolex_p20.html
ROLEX Krone 18 kt Gold Datejust Lady 6917 69173 GMT 1675 Crown 24-531-8 5.2 mm,139.75,Festpreis,6.56,0,1,139.75,19. Nov 2023,-,FALSE,terapeak_rolex_p20.html
ROLEX Submariner GMT Daytona Krone Crown B24-704-9 18 kt Weißgold White Gold,303.73,Festpreis,18.25,0,1,303.73,2. Okt 2023,-,FALSE,terapeak_rolex_p20.html
ROLEX ANSTOSS FÜR OYSTER BAND 20MM STAHL 78360 501 B RAR VINTAGE END LINKS,139.48,Festpreis,0,100,1,139.48,2. Apr 2025,-,FALSE,terapeak_rolex_p20.html
ROLEX LEDER ARMBAND FALTSCHLIESSE 18MM 18K 750 MASSIV WEISSGOLD DEPLOYMENT CLASP,1847.25,Festpreis,9.24,0,1,1847.25,15. Feb 2024,-,FALSE,terapeak_rolex_p20.html
TUDOR Krone 24-513-0,146.65,Festpreis,18.03,0,1,146.65,10. Dez 2025,-,FALSE,terapeak_rolex_p20.html
ROLEX ANSTOSS FÜR JUBILEE BAND 20MM STAHL 55 RAR VINTAGE 2,210.51,Festpreis,0,100,1,210.51,11. Nov 2023,-,FALSE,terapeak_rolex_p20.html
ROLEX Day Date 18038 Tagesscheibe cal 3055 5135 Day Indicator Francais French,181.61,Festpreis,20.18,0,1,181.61,7. Okt 2025,-,FALSE,terapeak_rolex_p20.html
ROLEX  ARMBAND DORNSCHLIESSE 14MM 18K 750 MASSIV GELBGOLD,253.31,Festpreis,5.15,0,1,253.31,22. Jul 2024,-,FALSE,terapeak_rolex_p20.html
ROLEX ANSTOSS FÜR JUBILEE BAND 20MM STAHL 55 RAR VINTAGE 2,137.89,Festpreis,0,100,1,137.89,12. Nov 2023,-,FALSE,terapeak_rolex_p20.html
ROLEX PRÄSIDENT ARMBAND ERSATZGLIED GLIED LINK 18MM 18K GOLD GELB DAY DATE 41,421.12,Festpreis,9.36,0,1,421.12,29. Jan 2024,-,FALSE,terapeak_rolex_p20.html
BRILLIANTEN LÜNETTE BEZEL 14K 750 GOLD 35MM HERREN GRÖßE VINTAGE FÜR DATEJUST 36,1116.52,Festpreis,0,100,1,1116.52,29. Mrz 2024,-,FALSE,terapeak_rolex_p20.html
ROLEX JUBILEE STAHL ARMBAND FALTSCHLIESSE 16MM 62523H18 D12 VINTAGE SCHÖN,184.59,Festpreis,0,100,1,184.59,30. Apr 2024,-,FALSE,terapeak_rolex_p20.html
ROLEX OYSTER STAHL ARMBAND FALTSCHLIESSE 16MM 78790A VINTAGE SCHÖNER ZUSTAND,297.74,Festpreis,0,100,1,297.74,23. Mai 2024,-,FALSE,terapeak_rolex_p20.html
ROLEX LEDER ARMBAND FALTSCHLIESSE 16MM 18K 750 MASSIV GOLD DEPLOYMENT CLASP 3,1302.61,Festpreis,9.3,0,1,1302.61,30. Mrz 2024,-,FALSE,terapeak_rolex_p20.html
ROLEX LEDER ARMBAND DORNSCHLIESSE CLASP BUCKLE 16MM STAHL VERGOLDET,140.01,Festpreis,0,100,1,140.01,29. Feb 2024,-,FALSE,terapeak_rolex_p20.html
ROLEX Krone 18 KT Gold Crown 6 mm 24-603-8 Datejust 16233 16238 Day-Date 18038,187.34,Festpreis,6.59,0,1,187.34,12. Mrz 2024,-,FALSE,terapeak_rolex_p20.html
ROLEX OYSTER ARMBAND STAHL/GOLD ERSATZGLIED GLIED LINK 13MM,185.95,Festpreis,0,100,1,185.95,25. Mai 2024,-,FALSE,terapeak_rolex_p20.html
ROLEX Krone 18 KT Gold Crown 6 mm 24-603-8 Datejust 16233 16238 Day-Date 18038,167.91,Festpreis,42.21,0,1,167.91,15. Mrz 2024,-,FALSE,terapeak_rolex_p20.html
ROLEX Day-Date 18038 18238 Glied Link Armbandglied 18KT Gelbgold 750 GOLD 16 mm,293.05,Festpreis,6.37,0,1,293.05,14. Nov 2024,-,FALSE,terapeak_rolex_p20.html
ROLEX Day-Date 18038 18238 Glied Link Armbandglied 18KT Gelbgold 750 GOLD,324.5,Festpreis,6.32,0,1,324.5,29. Jan 2025,-,FALSE,terapeak_rolex_p20.html
ROLEX Day-Date 18038 18238 Glied Link Armbandglied 18KT Gelbgold 750 GOLD 16 mm,340.03,Festpreis,23.67,0,1,340.03,19. Aug 2024,-,FALSE,terapeak_rolex_p20.html
ROLEX LEDER ARMBAND FALTSCHLIESSE 18MM 18K 750 MASSIV WEISSGOLD DEPLOYMENT CLASP,1776.09,Festpreis,8.88,0,1,1776.09,6. Jan 2025,-,FALSE,terapeak_rolex_p20.html
ROLEX LEDER ARMBAND DORNSCHLIESSE CLASP BUCKLE 10MM STAHL VERGOLDET,232.88,Festpreis,9.36,0,1,232.88,28. Jul 2024,-,FALSE,terapeak_rolex_p20.html
ROLEX JUBILEE STAHL ARMBAND FALTSCHLIESSE 16MM 62523 VINTAGE SCHÖNER ZUSTAND,257.93,Festpreis,0,100,1,257.93,12. Jun 2024,-,FALSE,terapeak_rolex_p20.html
ROLEX ANSTOSS FÜR JUBILEE BAND 20MM STAHL 550 RAR VINTAGE FÜR GMT MASTER,262.09,Festpreis,9.36,0,1,262.09,22. Mai 2024,-,FALSE,terapeak_rolex_p20.html
ROLEX UHRWERK FÜR DAMEN 6917 VINTAGE FÜR KALIBER 1160 DEFEKT OHNE UNRUHE,444.45,Festpreis,8.89,0,1,444.45,9. Jan 2025,-,FALSE,terapeak_rolex_p20.html
ROLEX LEDER ARMBAND FALTSCHLIESSE 16MM 18K 750 MASSIV GOLD DEPLOYMENT CLASP 3,1397.2,Festpreis,0,100,1,1397.2,8. Jun 2024,-,FALSE,terapeak_rolex_p20.html
"Rolex Krone 5,3mm Stahl für verschiedene Modelle",71.91,Festpreis,3.55,0,1,71.91,20. Sep 2024,-,FALSE,terapeak_rolex_p20.html
2 x Rolex Cardholder Leather Used  (V56),40.12,Festpreis,5.01,0,1,40.12,27. Aug 2025,-,FALSE,terapeak_rolex_p21.html
ROLEX Oyster Armband Glied Bracelet Link Folded Gefaltet Steel 14 mm vintage,70.1,Festpreis,20.03,0,1,70.1,27. Mai 2026,-,FALSE,terapeak_rolex_p21.html
ROLEX Oyster Armband Glied Genietet RIVET Bracelet Link Steel 13 mm vintage,66.37,Festpreis,6.37,0,1,66.37,10. Dez 2024,-,FALSE,terapeak_rolex_p21.html
ROLEX Oyster Armband Glied Genietet RIVET Bracelet Link Steel 17 mm vintage,73.57,Festpreis,17.73,0,1,73.57,16. Jan 2025,-,FALSE,terapeak_rolex_p21.html
ROLEX  Oyster Armband Glieder 7205 Rivet 3 Links Steel 18 mm vintage,147.59,Festpreis,7.12,0,1,147.59,9. Feb 2026,-,FALSE,terapeak_rolex_p21.html
ROLEX UHRWERK FÜR DAMEN CELLINI VINTAGE KALIBER 1601 HANDAUFZUG,296.89,Festpreis,0,100,1,296.89,12. Jun 2025,-,FALSE,terapeak_rolex_p21.html
ROLEX Day-Date 18038 18238 Glied Link Armbandglied 18KT Gelbgold 750 GOLD,323.11,Festpreis,23.76,0,1,323.11,4. Okt 2024,-,FALSE,terapeak_rolex_p21.html
ROLEX JUBILEE REPARATUR SEGMENT 20MM STAHL/GOLD VINTAGE FÜR HERREN UHR,408.39,Festpreis,10.21,0,1,408.39,2. Feb 2026,-,FALSE,terapeak_rolex_p21.html
Audemars Piguet 5402ST Jumbo Steel Hands Set Vintage Automatisch Royal Oak 5402,1216.51,Festpreis,27.14,0,1,1216.51,17. Okt 2024,-,FALSE,terapeak_rolex_p21.html
Rolex 7mm Golden 703-3 Crown Submariner 16613 1680/8 16808 16803,192.75,Festpreis,26.37,0,1,192.75,10. Dez 2024,-,FALSE,terapeak_rolex_p21.html
Rolex 16/18mm Steel Schnalle für Leder,136.57,Festpreis,26.41,0,1,136.57,7. Dez 2024,-,FALSE,terapeak_rolex_p21.html
"ROLEX OYSTER ARMBAND ERSATZGLIED GLIED LINK 15,5MM 18K 750 MASSIV ROSE GOLD",491.24,Festpreis,0,100,1,491.24,10. Dez 2025,-,FALSE,terapeak_rolex_p21.html
ROLEX LEDER ARMBAND DORNSCHLIESSE BUCKLE 16MM 18K 750 MASSIV GOLD GELBGOLD,561.15,Festpreis,0,100,1,561.15,31. Okt 2024,-,FALSE,terapeak_rolex_p21.html
Rolex Dornschließe Stahl 18mm,110.15,Festpreis,5.04,0,1,110.15,12. Nov 2024,-,FALSE,terapeak_rolex_p21.html
ROLEX Datejust 16233 16238 Day-Date 18038 Krone 18 kt GOLD Crown 6 mm 24-600-8,163.6,Festpreis,6.19,0,1,163.6,3. Jan 2025,-,FALSE,terapeak_rolex_p21.html
Rolex Submariner Flip Lock für 93150 Clasp Used Vintage,121.27,Festpreis,27.05,0,1,121.27,31. Mrz 2025,-,FALSE,terapeak_rolex_p21.html
Rolex Submariner Flip Lock für 9315 93150 Clasp Used Vintage,126.77,Festpreis,26.26,0,1,126.77,5. Dez 2024,-,FALSE,terapeak_rolex_p21.html
ROLEX LEDER ARMBAND DORNSCHLIESSE 10MM 18K 750 MASSIV GOLD GELBGOLD RAR VINTAGE,505,Festpreis,0,100,1,505,23. Nov 2025,-,FALSE,terapeak_rolex_p21.html
"rolex 3130 / 3135 generic driving wheel for ratchet wheel , part no. 3135-510",37.67,Festpreis,3.05,0,1,37.67,25. Sep 2025,-,FALSE,terapeak_rolex_p21.html
ROLEX OYSTER ARMBAND STAHL/GOLD ERSATZGLIED GLIED LINK 10MM,251.16,Festpreis,0,100,1,251.16,5. Mai 2026,-,FALSE,terapeak_rolex_p21.html
"ROLEX OYSTER GOLD ARMBAND ERSATZGLIED 18K 750 MASSIV WEISSGOLD 15,5MM FULL LINK",570.64,Festpreis,0,100,1,570.64,24. Jan 2026,-,FALSE,terapeak_rolex_p21.html
"Rolex Oyster Anchor For Submariner, 1220 Meters 4,000 Ft Underwater + Tag (Z507)",102.61,Festpreis,13.06,0,1,102.61,29. Mrz 2025,-,FALSE,terapeak_rolex_p21.html
ROLEX UHRWERK FÜR DAMEN CELLINI 1601 VINTAGE KALIBER 1601,386.91,Festpreis,9.69,0,1,386.91,10. Mai 2025,-,FALSE,terapeak_rolex_p21.html
ROLEX Lady Jubilee Armbandglied Glied Stahl Gold bracelet link steel /gold 10mm,135.07,Festpreis,7,0,1,135.07,4. Mrz 2026,-,FALSE,terapeak_rolex_p21.html
Rolex Paar Of Used Steel Vintage 57 Endlinks für 7205 7835 Oyster Bracelet,301.37,Festpreis,29.43,0,1,301.37,5. Jul 2025,-,FALSE,terapeak_rolex_p21.html
ROLEX LEDER ARMBAND DORNSCHLIESSE CLASP BUCKLE 10MM STAHL VERGOLDET 2,243.73,Festpreis,9.79,0,1,243.73,25. Mai 2025,-,FALSE,terapeak_rolex_p21.html
Rolex 16570 Explorer II Oyster Swimpruf Hang Tag (V*5),15.15,Festpreis,0,100,1,15.15,25. Aug 2025,-,FALSE,terapeak_rolex_p21.html
Rolex 3130/3135 Kompletter Ohne Spiral Für Parachrom- Spiralen,47.65,Festpreis,14.89,0,1,47.65,1. Apr 2026,-,FALSE,terapeak_rolex_p21.html
Rolex 2235 Ref.335,60.57,Festpreis,10.1,0,1,60.57,30. Jun 2025,-,FALSE,terapeak_rolex_p21.html
Rolex 2235 Ref.625,28.29,Festpreis,15.15,0,1,28.29,13. Apr 2026,-,FALSE,terapeak_rolex_p21.html
"rolex 3130 / 3135 generic winding pinion, part no. 3135-204",25.17,Festpreis,3.02,0,1,25.17,17. Okt 2025,-,FALSE,terapeak_rolex_p21.html
"rolex 3130 / 3135 generic crown wheel , part no. 3135-210",27.18,Festpreis,3.02,0,1,27.18,17. Okt 2025,-,FALSE,terapeak_rolex_p21.html
ROLEX Datejust 41 Jubilee Glied Link Stahl Rosegold Steel Rose gold 16 mm 126331,252.22,Festpreis,20.02,0,1,252.22,9. Mrz 2026,-,FALSE,terapeak_rolex_p21.html
ROLEX JUBILEE STAHL ARMBAND FALTSCHLIESSE 15MM 62510H VINTAGE SCHÖNER ZUSTAND,298.01,Festpreis,0,100,1,298.01,20. Aug 2025,-,FALSE,terapeak_rolex_p21.html
Rolex Submariner 93250 Schließe Für Oyster Armband,349.38,Festpreis,0,100,1,349.38,2. Aug 2025,-,FALSE,terapeak_rolex_p21.html
ROLEX OYSTERQUARTZ ARMBAND ERSATZGLIED LINK GLIED 18K 750 MASSIVGOLD 16MM,379.79,Festpreis,0,100,1,379.79,30. Okt 2025,-,FALSE,terapeak_rolex_p21.html
6 mm Rolex Krone Edelstahl - Vintage Crown - Komposit Krone,2.98,Auktion,3.03,0,1,2.98,24. Aug 2025,1,FALSE,terapeak_rolex_p21.html
Rolex Super Jubilee Armband Für 116234 116200 116264 Ref 63200,1834.19,Festpreis,0,100,1,1834.19,26. Sep 2025,-,FALSE,terapeak_rolex_p21.html
ROLEX LEDER ARMBAND DORNSCHLIESSE CLASP BUCKLE 14MM STAHL VERGOLDET,170.17,Festpreis,0,100,1,170.17,13. Okt 2025,-,FALSE,terapeak_rolex_p21.html
ROLEX OYSTER STAHL ARMBAND FALTSCHLIESSE 16MM 93260 VINTAGE SCHÖNER ZUSTAND MATT,454.9,Festpreis,0,100,1,454.9,1. Okt 2025,-,FALSE,terapeak_rolex_p21.html
ROLEX HERREN LÜNETTE BEZEL 18K 750 GOLD HERREN GRÖßE VINTAGE AUßEN 34MM RAR 2,450.52,Festpreis,0,100,1,450.52,16. Nov 2025,-,FALSE,terapeak_rolex_p21.html
ROLEX Day-Date 18038 18238 Glied Link Armbandglied 18KT Gelbgold 750 GOLD 16 mm,342.69,Festpreis,14.15,0,2,685.38,1. Okt 2025,-,FALSE,terapeak_rolex_p21.html
Armbandglied Rolex Explorer 2 aus 1999 Edelstahl Oyster Glied,90.03,Auktion,6.26,0,1,90.03,6. Okt 2025,1,FALSE,terapeak_rolex_p21.html
"ROLEX OYSTER HERREN GOLD ARMBAND ERSATZGLIED 18K 750 GOLD 15,5MM WEISSGOLD",589.29,Festpreis,0,100,1,589.29,22. Mai 2026,-,FALSE,terapeak_rolex_p22.html
ROLEX PRÄSIDENT ARMBAND ERSATZGLIED GLIED LINK 10MM 18K 750 GOLD BORKE,220.49,Festpreis,0,100,1,220.49,14. Nov 2025,-,FALSE,terapeak_rolex_p22.html
ROLEX JUBILEE STAHL ARMBAND FALTSCHLIESSE 16MM 6251H VINTAGE SCHÖNER ZUSTAND,249.74,Festpreis,9.99,0,1,249.74,27. Nov 2025,-,FALSE,terapeak_rolex_p22.html
ROLEX ANSTOSS FÜR OYSTER BAND 20MM STAHL 78360 580 RAR VINTAGE END LINK,142.13,Festpreis,10.15,0,1,142.13,26. Dez 2025,-,FALSE,terapeak_rolex_p22.html
ROLEX HERREN ARMBAND ERSATZGLIED OYSTER STAHL/STAHL 15.5MM MATT HALBES GLIED,89.92,Festpreis,0,100,1,89.92,19. Jan 2026,-,FALSE,terapeak_rolex_p22.html
ROLEX HERREN LÜNETTE BEZEL STAHL 36MM GRÖßE VINTAGE DATEJUST 36 GERIFFELT,396.86,Festpreis,0,100,1,396.86,23. Mrz 2026,-,FALSE,terapeak_rolex_p22.html
ROLEX LEDER ARMBAND DORNSCHLIESSE CLASP BUCKLE 10MM STAHL VERGOLDET 2,248.02,Festpreis,0,100,1,248.02,11. Jun 2026,-,FALSE,terapeak_rolex_p22.html
"ROLEX OYSTER ARMBAND ERSATZGLIED GLIED LINK 15,5MM 18K 750 MASSIV ROSE GOLD",482.46,Festpreis,0,100,1,482.46,13. Jan 2026,-,FALSE,terapeak_rolex_p22.html
ROLEX JUBILEE STAHL ARMBAND FALTSCHLIESSE 16MM 625230H-18 VINTAGE SCHÖN,252.47,Festpreis,0,100,1,252.47,19. Dez 2025,-,FALSE,terapeak_rolex_p22.html
ROLEX JUBILEE STAHL ARMBAND FALTSCHLIESSE 15MM 62510H VINTAGE SCHÖNER ZUSTAND,289.76,Festpreis,0,100,1,289.76,25. Mai 2026,-,FALSE,terapeak_rolex_p22.html
Rolex Ersatzglieder,28.59,Auktion,4.69,0,1,28.59,25. Jun 2023,4,FALSE,terapeak_rolex_p22.html
Neu Rolex Endlinks Bandanstöße B32-555-0 K2 Jubilee,243.56,Festpreis,16.39,0,1,243.56,19. Aug 2023,-,FALSE,terapeak_rolex_p22.html
Rolex 16234 Datejust Gehäuse Case Sn# X322......,839.55,Festpreis,16.5,0,1,839.55,8. Jul 2023,-,FALSE,terapeak_rolex_p22.html
Rolex Stiftschließe Stahl Clasp,116.12,Festpreis,5.32,0,1,116.12,18. Jul 2023,-,FALSE,terapeak_rolex_p22.html
Rolex Submariner 5512 5513 1680 Lünetteneinlage Inlay NEU new,259.34,Festpreis,16.44,0,1,259.34,18. Aug 2023,-,FALSE,terapeak_rolex_p22.html
Rolex Endlinks Bandanstöße 501b Anstoß,120.96,Festpreis,5.32,0,1,120.96,18. Jul 2023,-,FALSE,terapeak_rolex_p22.html
Rolex Endlinks Anstoß Bandanstöße 580 für Sub 5512 5513 1680 etc.,275.89,Festpreis,16.93,0,1,275.89,19. Jul 2023,-,FALSE,terapeak_rolex_p22.html
Rolex Tudor endlinks Bandanstöße 605,262.63,Festpreis,5.15,0,1,262.63,22. Aug 2023,-,FALSE,terapeak_rolex_p22.html
Rolex case 16014 Datejust Gehäuse SN# 7297... 1982,565.83,Festpreis,16.5,0,1,565.83,9. Aug 2023,-,FALSE,terapeak_rolex_p22.html
Saphir-Uhrenglas für Rolex Datejust Midsize 68273 25 mm Neu,8.77,Festpreis,0,100,1,8.77,20. Nov 2023,-,FALSE,terapeak_rolex_p22.html
Rolex Airking 14010 Bezel Lünette,142.92,Festpreis,16.39,0,1,142.92,17. Nov 2023,-,FALSE,terapeak_rolex_p22.html
Rolex Certificat Garantie Zertifikat für Datejust 16014,128.87,Festpreis,9.11,0,1,128.87,8. Nov 2023,-,FALSE,terapeak_rolex_p22.html
NEW Rolex Crystal Plexi Glas B25-116-J1 GMT 1675 16750 16753 .....,212.06,Festpreis,14.6,0,1,212.06,25. Nov 2023,-,FALSE,terapeak_rolex_p22.html
Rolex Day Date Disc Arabic Scheibe,934.87,Festpreis,9.25,0,1,934.87,27. Feb 2024,-,FALSE,terapeak_rolex_p22.html
Rolex GMT PEPSI Lünetten Inlay,202.58,Festpreis,4.59,0,1,202.58,4. Mai 2024,-,FALSE,terapeak_rolex_p22.html
Rolex OVP Lady Dayjust,53.56,Auktion,4.9,0,1,53.56,12. Feb 2025,1,FALSE,terapeak_rolex_p22.html
Rolex Dornschließe - 16mm,274.93,Festpreis,0,100,1,274.93,10. Jun 2025,-,FALSE,terapeak_rolex_p22.html
2 Glieder Damen Datejust 69178 79178 Massivgold ROLEX DATEJUST GOLD 750 K18...,341.24,Festpreis,0,100,1,341.24,21. Jul 2025,-,FALSE,terapeak_rolex_p22.html
Rolex Glied für Damen Oyster 69190 79190 Uhrengürtel Armband Teile 10 mm SS,68.84,Festpreis,0,100,1,68.84,23. Sep 2025,-,FALSE,terapeak_rolex_p22.html
Rolex Verlängerungsglied für Sea Dweller 16600 Uhrengürtel Armband PSRTS auth...,89.92,Festpreis,0,100,1,89.92,22. Okt 2025,-,FALSE,terapeak_rolex_p22.html
Rolex 2 Glieder für GMT Master Uhrenarmband Gürtel Armband Teile 18 mm authen...,98.88,Festpreis,0,100,1,98.88,22. Okt 2025,-,FALSE,terapeak_rolex_p22.html
Rolex 2 Oyster Glieder 15mm Edelstahl Stahl Armband,88.71,Festpreis,6.17,0,1,88.71,26. Nov 2025,-,FALSE,terapeak_rolex_p22.html
Silberlöffel orignal Rolex,40.57,Festpreis,4.97,0,1,40.57,27. Dez 2025,-,FALSE,terapeak_rolex_p22.html
ROLEX 16613 18K Gold/Steel Oyster Extension Link 93153 Submariner GMT 16713 OEM,150.25,Festpreis,6.2,0,1,150.25,28. Mai 2026,-,FALSE,terapeak_rolex_p22.html
ROLEX OYSTER ARMBAND STAHL/GOLD 18K ERSATZGLIED GLIED LINK 12MM,90.28,Festpreis,6.21,0,1,90.28,4. Jun 2026,-,FALSE,terapeak_rolex_p22.html
#001 - Rolex Explorer II Stahl 216570 - 2017,7060.61,Auktion,0,100,1,7060.61,5. Mai 2026,11,FALSE,terapeak_rolex_p22.html
2x Rolex Oyster Armband-Glied Daytona zB 16523 16518 16528,380.75,Festpreis,18.52,0,1,380.75,6. Jun 2026,-,FALSE,terapeak_rolex_p22.html
Rolex Anker Submariner + Rolex Brieftasche + Rolex Mäppchen + Rolex Notizblock,142.61,Festpreis,4.76,0,1,142.61,30. Jul 2023,-,FALSE,terapeak_rolex_p22.html
3055  Day Disc  Champagne ROLEX spanish .,79.65,Festpreis,5.51,0,1,79.65,29. Mai 2026,-,FALSE,terapeak_rolex_p23.html
Rolex 16 mm Gelbgold Rolex SA SWISS Dornschliesse 18K 750,336.59,Festpreis,5.72,0,1,336.59,20. Mai 2025,-,FALSE,terapeak_rolex_p23.html
Rolex Box 71.00.04 mit Hangtag und Tuch Vintage,152.33,Auktion,6.96,0,1,152.33,21. Dez 2025,8,FALSE,terapeak_rolex_p23.html
3 Service Plexi Boxen 12x6.6cm Travel Box für Rolex oder andere Hersteller,33.34,Festpreis,5.08,0,1,33.34,9. Mai 2024,-,FALSE,terapeak_rolex_p23.html
Rolex Konvolut für Sammler und Liebhaber,6.05,Auktion,2.52,0,1,6.05,29. Aug 2023,2,FALSE,terapeak_rolex_p23.html
ROLEX JUBILEE STAHL ARMBAND FALTSCHLIESSE 16MM 62523H  14VINTAGE SCHÖNER ZUSTAND,156.9,Festpreis,5.07,0,1,156.9,30. Apr 2024,-,FALSE,terapeak_rolex_p23.html
ROLEX Lady Glied Armband Link 18KT GOLD 10mm Element 750,185.54,Festpreis,0,100,3,556.63,4. Apr 2024,-,FALSE,terapeak_rolex_p23.html
ROLEX Konzessionäre in Deutschland / 1.1.2001 / Verzeichnis,4.58,Auktion,1.46,0,1,4.58,15. Apr 2024,1,FALSE,terapeak_rolex_p23.html
Rolex Uhrenschachtel Ref.: 68.00.71 mit Garantie Zertifikat & Anhänger,191.71,Festpreis,6.04,0,1,191.71,22. Aug 2024,-,FALSE,terapeak_rolex_p23.html
Extrem seltene Rolex Cellini King Midas 4915 in gestreiftem Gelb- und Weißgold,16626.84,Auktion,0,100,1,16626.84,21. Jun 2024,1,FALSE,terapeak_rolex_p23.html
Rolex 114060 Submariner No Date white hang Tag ⭐ 100% Authentic ✔️ RARE,22.77,Festpreis,4.64,0,1,22.77,7. Mrz 2025,-,FALSE,terapeak_rolex_p23.html
2er Set Pusher for Rolex Daytona  116500 116520 116515 904L,56,Festpreis,0,100,1,56,10. Mrz 2025,-,FALSE,terapeak_rolex_p23.html
2er Set Pusher for Rolex Daytona  116500 116520 116515 904L,88.28,Festpreis,0,100,1,88.28,27. Mai 2025,-,FALSE,terapeak_rolex_p23.html
2er Set Pusher for Rolex Daytona  116500 116520 116515 904L,89.63,Festpreis,3.49,0,1,89.63,17. Jun 2025,-,FALSE,terapeak_rolex_p23.html
Rolex Krone Gold Datejust 36,150.53,Festpreis,5.92,0,1,150.53,6. Sep 2025,-,FALSE,terapeak_rolex_p23.html
Rolex Krone Gold Datejust 36 - 100% Dicht,134.62,Festpreis,6.17,0,1,134.62,15. Jun 2026,-,FALSE,terapeak_rolex_p23.html
Rolex Endlinks 580 mit Federstegen,239.6,Festpreis,20.05,0,1,239.6,9. Dez 2025,-,FALSE,terapeak_rolex_p23.html
"Oyster Patent Rolex Krone, gelbfarbig Durchmesser 5,5 mm",70.08,Festpreis,5.22,0,1,70.08,3. Aug 2023,-,FALSE,terapeak_rolex_p23.html
Rolex Endlinks 555,238.92,Festpreis,0,100,1,238.92,16. Sep 2023,-,FALSE,terapeak_rolex_p23.html
Verlängerungsglied Rolex Oysterband,30.53,Auktion,2.73,0,1,30.53,28. Okt 2023,6,FALSE,terapeak_rolex_p23.html
Artikelnr. 266470547287,461.97,Festpreis,0,100,1,461.97,14. Mrz 2024,-,FALSE,terapeak_rolex_p23.html
Artikelnr. 266470547304,456.13,Festpreis,0,100,1,456.13,8. Nov 2024,-,FALSE,terapeak_rolex_p23.html
Rolex Verkaufsdisplay Acryl Grün,161.28,Festpreis,9.49,0,1,161.28,24. Dez 2023,-,FALSE,terapeak_rolex_p23.html
Echte Rolex 6917 6517 6516 6916 9 mm gefaltetes Armband Link #560,73.79,Festpreis,26.38,0,1,73.79,29. Dez 2023,-,FALSE,terapeak_rolex_p23.html
Artikelnr. 266672241782,80.48,Festpreis,0,100,1,80.48,26. Jan 2025,-,FALSE,terapeak_rolex_p23.html
Rolex Glied  | Link für Day-Date 1803 | 18038 gelb | Gold für 8385 Band,272.7,Festpreis,0,100,1,272.7,19. Jul 2024,-,FALSE,terapeak_rolex_p23.html
Rolex Glied  | Link für Day-Date 1803 | 18038 gelb | Gold für 8385 Band,278.98,Festpreis,0,100,1,278.98,28. Aug 2024,-,FALSE,terapeak_rolex_p23.html
Rolex Glied | Link für Day-Date 1803 | 18038 gelb | Gold für 8385 Band,272.7,Festpreis,0,100,1,272.7,19. Jul 2024,-,FALSE,terapeak_rolex_p23.html
Rolex Glied  | Link für Day-Date 1803 | 18038 gelb | Gold für 8385 Band,271.22,Festpreis,0,100,1,271.22,29. Jul 2024,-,FALSE,terapeak_rolex_p23.html
ROLEX ERSATZGLIED GLIED LINK JUBILEE STAHL/GOLD POLIERT 10MM FÜR STAHL ARMBAND,11.08,Auktion,4.76,0,1,11.08,25. Aug 2024,8,FALSE,terapeak_rolex_p24.html
"Uhrglas für Rolex 1500, 5500",14.37,Festpreis,2.58,0,1,14.37,7. Sep 2024,-,FALSE,terapeak_rolex_p24.html
ROLEX Friktionsfeder für Sekundentrieb cal 1530 1570 part 7839 friction spring,11.45,Auktion,2.01,0,1,11.45,6. Sep 2024,1,FALSE,terapeak_rolex_p24.html
"Bezel Lünette Rolex 1500, 5500",130.15,Festpreis,5.1,0,1,130.15,26. Mrz 2025,-,FALSE,terapeak_rolex_p24.html
Rolex Lot Vintage Automatik Herrenuhr Teile Uhrmacher Uhrenteile,60.58,Festpreis,8.93,0,1,60.58,24. Mrz 2025,-,FALSE,terapeak_rolex_p24.html
"ROLEX DAY DATE 36 ERSATZGLIED GLIED WEISSGOLD 18K 750 GOLD 16,0MM  NEUE",359.42,Festpreis,0,100,1,359.42,21. Dez 2024,-,FALSE,terapeak_rolex_p24.html
ROLEX Submariner Bandanstoß Schließe Stahl Gold Armband Uhrband 18 Karat 750,180.81,Festpreis,20.09,0,1,180.81,7. Aug 2025,-,FALSE,terapeak_rolex_p24.html
Rolex 4160-140 Upper Automatic Device Bridge Part 140 Yacht Master II 4161-140,35.01,Festpreis,17.35,0,1,35.01,8. Jan 2026,-,FALSE,terapeak_rolex_p24.html
"ROLEX Link für YACHT-MASTER 16622 SS 15,5mm×10mm FZ8751",102.77,Festpreis,34.46,0,1,102.77,30. Nov 2025,-,FALSE,terapeak_rolex_p24.html
Rolex Oysterquartz Day-Date 19018 link - Bandglied - 18K - 750/ooo Gelbgold 2,285.88,Festpreis,6.82,0,1,285.88,5. Nov 2025,-,FALSE,terapeak_rolex_p24.html
Rolex Oysterquartz Day-Date 19018 link - Bandglied - 18K - 750/ooo Gelbgold 1,285.88,Festpreis,6.82,0,1,285.88,5. Nov 2025,-,FALSE,terapeak_rolex_p24.html
Rolex Oysterquartz Booklet 19018 - 19019 - 17000 - 17013 DEUTSCH 590.03 - 1978,178.64,Festpreis,29.67,0,1,178.64,4. Nov 2025,-,FALSE,terapeak_rolex_p24.html
"Heft 25 Seiten, Rolex-Story - Die Rolex Oyster, Genf Schweiz",4.18,Festpreis,1.79,0,1,4.18,18. Mrz 2026,-,FALSE,terapeak_rolex_p24.html
Federstege mit Schulter Edelstahl passend für Rolex mit 20 / 22 mm in 4/10/20/50,4.67,Festpreis,0,100,1,4.67,23. Jun 2023,-,FALSE,terapeak_rolex_p24.html
ROLEX Datejust Plexi 36mm 1600 1601 1602 16000 1500 Krone Crown Stahl 6 mm I055,94.67,Festpreis,6.63,0,1,94.67,12. Jul 2023,-,FALSE,terapeak_rolex_p24.html
Rolex Krone B24-603-8-G1 gebraucht defekt 750 Gold aus Geschäftsauflösung,9.65,Auktion,6.89,0,1,9.65,18. Sep 2023,10,FALSE,terapeak_rolex_p24.html
Rolex 16mm Rolex SA SWISS Dornschliesse Vintage Stahl Steel I118,165.65,Festpreis,6.44,0,1,165.65,24. Jun 2024,-,FALSE,terapeak_rolex_p24.html
ROLEX JUBILEE STAHL GOLD ERSATZGLIED Armband 14K 585 DOPPELT,123.79,Festpreis,7.43,0,1,123.79,20. Jun 2025,-,FALSE,terapeak_rolex_p24.html
"ROLEX Band in Teilen/Parts, ca 1950, 17mm, Rolex stretch Bracelet für Bubbleback",251.76,Festpreis,6.24,0,1,251.76,13. Jul 2025,-,FALSE,terapeak_rolex_p24.html
Rolex Sapphire Crystal 25-7019 Saphirglas LOGO Sky-Dweller 326239 336239,137.42,Festpreis,24.9,0,2,274.84,8. Jun 2026,-,FALSE,terapeak_rolex_p24.html
Rolex Sapphire Crystal 25- 318- C1 Saphirglas 7024 LOGO Milgauss Explorer 39m,68.03,Festpreis,25.01,0,1,68.03,5. Mrz 2026,-,FALSE,terapeak_rolex_p24.html
Rolex Sapphire Crystal Sea-Dweller 43mm 126600 126603 Saphirglas LOGO,148.38,Festpreis,25.06,0,1,148.38,9. Dez 2025,-,FALSE,terapeak_rolex_p24.html
Rolex Sapphire Crystal 25-286- C1 Saphirglas LOGO Submariner No Date 14060,69.52,Festpreis,25.56,0,1,69.52,15. Feb 2026,-,FALSE,terapeak_rolex_p24.html
Rolex Sapphire Crystal 25- 285- C1 Saphirglas LOGO Sea-Dweller 16660 16600,99.78,Festpreis,24.95,0,1,99.78,12. Nov 2025,-,FALSE,terapeak_rolex_p24.html
Rolex Sapphire Crystal 25- 246C- C1 Saphirglas 7038 LOGO Boys Lady Medium 31mm,66.89,Festpreis,24.59,0,1,66.89,15. Mrz 2026,-,FALSE,terapeak_rolex_p24.html
Rolex Sapphire Crystal 25-295-5-V2 Saphirglas LOGO Explorer 14270 114270,69.43,Festpreis,25.53,0,1,69.43,18. Feb 2026,-,FALSE,terapeak_rolex_p24.html
NEW Rolex 3235-360 Sekundenrad Neu im Blister,107.12,Festpreis,24.79,0,1,107.12,19. Mrz 2026,-,FALSE,terapeak_rolex_p24.html
Rolex Sapphire Crystal 25- 318C- C1 Saphirglas LOGO Datejust 41mm Day-Date 40,68.16,Festpreis,25.06,0,1,68.16,10. Mrz 2026,-,FALSE,terapeak_rolex_p24.html
NEW Rolex 3035-5030 Radkupplungsfeder Krone Neu im Blister,38.1,Festpreis,25.06,0,1,38.1,10. Mrz 2026,-,FALSE,terapeak_rolex_p24.html
NEU Rolex Daytona 116503 116508 116518 116523 Quadrante Nero Chroma Blister,2395.41,Festpreis,25.08,0,1,2395.41,3. Jun 2026,-,FALSE,terapeak_rolex_p24.html
Rolex 16mm Gold plated Rolex SA SWISS ACIERINOX Vintage Dornschliesse I284,210.78,Festpreis,6.56,0,1,210.78,6. Jul 2023,-,FALSE,terapeak_rolex_p25.html
Rolex Geneve Leder Emblem Symbol Aufnäher,15.88,Festpreis,0,100,1,15.88,6. Okt 2023,-,FALSE,terapeak_rolex_p25.html
"Rolex 62510H R6 Watch Bracelet Clasp Faltschliesse 15,50mm  I462",497.17,Festpreis,25.85,0,1,497.17,9. Jun 2026,-,FALSE,terapeak_rolex_p25.html
Rolex 10mm Stahl vergoldet Rolex SA SWISS Dornschliesse  I521,67.91,Festpreis,6.79,0,1,67.91,5. Dez 2024,-,FALSE,terapeak_rolex_p25.html
Rolex Datejust Krone Gold Tubus mit Gestänge,66.61,Festpreis,5.22,0,1,66.61,3. Okt 2024,-,FALSE,terapeak_rolex_p25.html
⌚Pin-Lot 7 Uhren Uhr-Marken Watch Pins SWATCH SEIKO ROLEX CASIO G-Shock Timer⏱️,7.45,Festpreis,1.85,0,1,7.45,24. Mrz 2025,-,FALSE,terapeak_rolex_p25.html
Rolex Regenschirm klein,31.82,Auktion,6.01,0,1,31.82,21. Mai 2025,8,FALSE,terapeak_rolex_p25.html
ROLEX 18238 Day Date Krone Crown 750 18K Gold 6mm I288,562.25,Festpreis,7.46,0,1,562.25,4. Apr 2026,-,FALSE,terapeak_rolex_p25.html
ROLEX DATEJUST 31 aftermarket Lünette Weißgold Edelstahl Diamant Besatz,172.46,Festpreis,7,0,1,172.46,11. Mai 2026,-,FALSE,terapeak_rolex_p25.html
ROLEX DATEJUST 26  6917 Oyster PAPIERE GARANTIEKARTE 1980 22676 Zertifikat LC100,145.23,Festpreis,30.08,0,1,145.23,28. Jan 2026,-,FALSE,terapeak_rolex_p25.html
ROLEX Lady Damen Schließe Faltschließe Edelstahl steel folding clasp 6251D 9 mm,125.53,Festpreis,6.51,0,1,125.53,2. Apr 2025,-,FALSE,terapeak_rolex_p25.html
ROLEX Obere Brücke Automatik cal 1570 8109 Automatic Upper Bridge 26 jewels,156.61,Festpreis,18.64,0,1,156.61,28. Mrz 2024,-,FALSE,terapeak_rolex_p25.html
ROLEX Rotor Schwungmasse Damen cal. 2030 2035 part 4474 oscillating weight,124.3,Festpreis,18.42,0,1,124.3,17. Jun 2024,-,FALSE,terapeak_rolex_p25.html
ROLEX Minutentrieb Minutenrohr cal 3155 3185 335 Minute pinion cannon pinion,88.94,Festpreis,18.76,0,1,88.94,22. Jul 2024,-,FALSE,terapeak_rolex_p25.html
ROLEX Daytona Zenith Umkehr Verbindungsrad cal 4030 part 542 Intermediate Wheel,113.45,Festpreis,6.45,0,1,113.45,9. Nov 2023,-,FALSE,terapeak_rolex_p25.html
ROLEX Friktionsfeder für Sekundentrieb cal 1530 1570 part 7839 friction spring,26.78,Festpreis,19.84,0,1,26.78,24. Nov 2025,-,FALSE,terapeak_rolex_p25.html
ROLEX Explorer II 16570 Zeiger Minutenzeiger Black Minute Hand Superluminova,68.65,Festpreis,6.41,0,1,68.65,12. Okt 2023,-,FALSE,terapeak_rolex_p25.html
ROLEX Trieb für Schwungmasse cal 3130 3135 3155 3185 part 550 ROTOR PINION,33.31,Festpreis,19.03,0,1,33.31,1. Jan 2024,-,FALSE,terapeak_rolex_p25.html
ROLEX Trieb für Schwungmasse cal 1530 1570 part 7910 oscillating weight pinion,40.03,Festpreis,20.53,0,1,40.03,10. Feb 2026,-,FALSE,terapeak_rolex_p25.html
ROLEX Zwischen Datumkorrektor Rad cal 3135 3175 3185 639 Date Corrector Wheel,49.95,Festpreis,7,0,1,49.95,27. Nov 2025,-,FALSE,terapeak_rolex_p26.html
ROLEX Oberer Teil der Schließe Faltschließe Folding Clasp Cap Part vintage 1,77.95,Festpreis,6.42,0,1,77.95,23. Apr 2024,-,FALSE,terapeak_rolex_p26.html
ROLEX Spiralklötzchen Träger cal 1520 1525 part 8062 STUD SUPPORT Holder origina,89.75,Festpreis,40.39,0,1,89.75,25. Nov 2024,-,FALSE,terapeak_rolex_p26.html
ROLEX Lady Datejust 69170 GMT-Master 1675 Krone Crown Edelstahl Steel Ø5 mm,107.39,Festpreis,36.61,0,1,107.39,19. Jul 2023,-,FALSE,terapeak_rolex_p26.html
ROLEX Oysterquartz Bügel für Batterie Bridle for battery cal 5035 part 6013,87.89,Festpreis,18.31,0,1,87.89,16. Apr 2024,-,FALSE,terapeak_rolex_p26.html
BREITLING Anstoß Endstück Endlink für Armband 824A Bracelet Edelstahl Steel 18mm,68.95,Festpreis,6.44,0,1,68.95,13. Nov 2023,-,FALSE,terapeak_rolex_p26.html
ROLEX DAY DATE Datumscheibe Date Disc cal 3055 5055 part 5134 Datum Anzeiger,84.69,Festpreis,6.38,0,1,84.69,1. Nov 2023,-,FALSE,terapeak_rolex_p26.html
ROLEX Lady Anstoß Ansatz End Link 366 für Oysterband folded Stahl 14k Gold 13 mm,78.56,Festpreis,18.7,0,1,78.56,31. Okt 2024,-,FALSE,terapeak_rolex_p26.html
ROLEX Anstoß Paar End Links Anstösse 557 B für Oysterband 78350 19 mm Stahl,226.62,Festpreis,44.53,0,1,226.62,12. Jun 2025,-,FALSE,terapeak_rolex_p26.html
ROLEX Umkehrrad montiert 2 Stück cal 2030 2035 4479 reversing wheels mounted,113.23,Festpreis,6.66,0,1,113.23,26. Jul 2023,-,FALSE,terapeak_rolex_p26.html
ROLEX Rotor Schwungmasse Damen cal 2130 2135 part 570 oscillating weight,169.27,Festpreis,42.55,0,1,169.27,11. Jul 2023,-,FALSE,terapeak_rolex_p26.html
ROLEX DAY DATE Tagesscheibe cal 3155 17204 Week Day indicator disc Italien,217.07,Festpreis,42.47,0,1,217.07,22. Jun 2023,-,FALSE,terapeak_rolex_p26.html
ROLEX Daytona cal 4130 510 540 Umkehrrad Mitnehmerrad Driving Reversing Wheels,218.67,Festpreis,19.01,0,1,218.67,29. Jul 2023,-,FALSE,terapeak_rolex_p26.html
ROLEX Oyster Armband Glied Medium Bracelet Link Solid Stahl Steel 14 mm,100.67,Festpreis,6.71,0,1,100.67,20. Sep 2024,-,FALSE,terapeak_rolex_p26.html
ROLEX Obere Brücke Automatik cal 1570 8109 Automatic Upper Bridge 26 jewels,167.85,Festpreis,6.53,0,1,167.85,8. Jul 2024,-,FALSE,terapeak_rolex_p26.html
ROLEX Glied Jubilee Verbindungsglied Connecting Link Steel Stahl 15 mm,52.89,Festpreis,6.73,0,1,52.89,30. Sep 2024,-,FALSE,terapeak_rolex_p27.html
Ersatzglied Armband Oyster Verlängerungsglied Schraube Stahl Rolex kompatibel,10.52,Auktion,6.39,0,1,10.52,31. Okt 2023,5,FALSE,terapeak_rolex_p27.html
ROLEX Submariner Gold Perle Pearl Pip Dot Ref 16803 16808 16613 Superluminova,117.14,Festpreis,18.16,0,1,117.14,18. Nov 2024,-,FALSE,terapeak_rolex_p27.html
Rolex Krone Orig. Stahl 24-700-0,69.82,Festpreis,8.37,0,1,69.82,22. Feb 2024,-,FALSE,terapeak_rolex_p27.html
Rolex Org. Krone 6 Stück 24-530-0,56.01,Festpreis,2.52,0,1,56.01,3. Dez 2023,-,FALSE,terapeak_rolex_p27.html
Rolex Org Kronen 4 Stück 24-530-0,66.62,Festpreis,5.22,0,1,66.62,1. Jan 2024,-,FALSE,terapeak_rolex_p27.html
Edelstahl Uhrengehäuse Case mit Zifferblatt und Armband SET,92.89,Festpreis,5.52,0,1,92.89,13. Dez 2023,-,FALSE,terapeak_rolex_p27.html
Rolex Org. Kronen Stahl 4 St. 600-0,112.15,Festpreis,8.4,0,1,112.15,28. Feb 2024,-,FALSE,terapeak_rolex_p27.html
Rolex Org. Kronen 4 Stück 24-603-0,94.58,Festpreis,6.14,0,1,94.58,7. Jan 2024,-,FALSE,terapeak_rolex_p27.html
"EasyLink-Faltschließe aus gebürstetem Stahl für Rolex Submariner, GMT I & II 16",42.42,Festpreis,0,100,1,42.42,17. Dez 2025,-,FALSE,terapeak_rolex_p27.html
"Zweifarbige EasyLink-Faltschließe aus Stahl und Gold für Rolex Submariner, GMT",35.03,Festpreis,0,100,1,35.03,27. Mrz 2026,-,FALSE,terapeak_rolex_p27.html
ROLEX Daytona Anstoß 403 Endlink Endstück Oyster Stahl/Gold 20 mm,164.7,Festpreis,41.87,0,1,164.7,29. Mrz 2025,-,FALSE,terapeak_rolex_p27.html
ROLEX Oyster Armband Glied Bracelet Link Stahl Steel MASSIV GMT Master 15.5mm,93.53,Festpreis,6.55,0,1,93.53,2. Jun 2024,-,FALSE,terapeak_rolex_p27.html
ROLEX Oyster Armband Glied Bracelet Link Stahl Steel MASSIV GMT Daytona 15.5 mm,112.46,Festpreis,6.56,0,1,112.46,5. Nov 2024,-,FALSE,terapeak_rolex_p27.html
50 RÄNDELSTIFTE AUS EDELSTAHL / New Set of 50 st. steel knurled pins RX Style,22.54,Festpreis,8.76,0,1,22.54,10. Jun 2025,-,FALSE,terapeak_rolex_p27.html
ROLEX GMT Master 16713 16718 Rootbeer Lünette INLAY Bezel Insert Tigerauge Braun,202.4,Festpreis,7.08,0,1,202.4,17. Dez 2025,-,FALSE,terapeak_rolex_p27.html
ROLEX Raste für Winkelhebel Day Date cal 3055 part 5120 jumper for setting lever,69.47,Festpreis,19.85,0,1,69.47,30. Mrz 2026,-,FALSE,terapeak_rolex_p27.html
ROLEX Oberer Teil der Schließe Faltschließe JM Folding Clasp Cap Part vintage,61.03,Festpreis,20.34,0,1,61.03,5. Feb 2026,-,FALSE,terapeak_rolex_p27.html
ROLEX KRONE CROWN GOLD OYSTER YELLOWGOLD VINTAGE,45.43,Auktion,6.25,0,1,45.43,29. Jun 2025,1,FALSE,terapeak_rolex_p27.html
ROLEX Schließe Faltschließe Joskes Folding Clasp Hecho en Mexico vintage,333.83,Festpreis,20.23,0,1,333.83,26. Jul 2025,-,FALSE,terapeak_rolex_p28.html
Artikelnr. 297493623719,30.83,Festpreis,5.01,0,1,30.83,24. Sep 2025,-,FALSE,terapeak_rolex_p28.html
Artikelnr. 297493623956,25.85,Festpreis,5.96,0,1,25.85,10. Mai 2026,-,FALSE,terapeak_rolex_p28.html
Artikelnr. 297493629971,14.2,Festpreis,14,0,4,56.79,20. Feb 2026,-,FALSE,terapeak_rolex_p28.html
ROLEX Datejust Jubilee Armband Glied Stahl Gold Federsteg Bracelet link 15.5 mm,69.9,Festpreis,6.99,0,1,69.9,18. Nov 2025,-,FALSE,terapeak_rolex_p28.html
ROLEX DAY DATE 18038 Tagesscheibe cal 3055 5135 Day Disc indicator English,183.1,Festpreis,7.12,0,1,183.1,5. Feb 2026,-,FALSE,terapeak_rolex_p28.html
ROLEX Turnograph 1625 Auflage für Datum cal 1575 - 7964 date indicator seating,230.95,Festpreis,20.53,0,1,230.95,10. Feb 2026,-,FALSE,terapeak_rolex_p28.html
Verlängerungsglied Stahl zum Rolex Oyster Herren Armband  Submariner Ref. 114060,22.49,Auktion,4.05,0,1,22.49,4. Okt 2025,3,FALSE,terapeak_rolex_p28.html
Rolex Saphirglas + Dichtung + Orig Krone i Stahl 6mm,49.94,Auktion,0,100,1,49.94,7. Okt 2025,6,FALSE,terapeak_rolex_p28.html
ROLEX Mutter für Unruh Regulierung cal 3135 5120 balance wheel regulating nut,41.44,Festpreis,18.66,0,1,41.44,24. Jan 2024,-,FALSE,terapeak_rolex_p28.html
ROLEX Datumkorrektor Korrektorrad cal 3035 part 5097 5096 Date Corrector Wheel,79.06,Festpreis,42.35,0,1,79.06,19. Jun 2023,-,FALSE,terapeak_rolex_p28.html
ROLEX Krone Bubbleback Oyster Crown 18 kt Gold vintage 40's 50's  Ø 5.3 mm 3,186.18,Festpreis,18.62,0,1,186.18,22. Feb 2024,-,FALSE,terapeak_rolex_p28.html
ROLEX PATENTED Rotor Schwungmasse cal 1030 7008 oscillating weight butterfly,125.52,Festpreis,17.93,0,1,125.52,31. Dez 2024,-,FALSE,terapeak_rolex_p28.html
ROLEX Daytona Wechselrad für Sundenzähler cal 4130 845 minute wheel hour counter,184.04,Festpreis,7.16,0,1,184.04,16. Feb 2026,-,FALSE,terapeak_rolex_p28.html
ROLEX Stundenrad Doppelverzahnung cal 1535 1525 1570 7952 Hour wheel 1.8 mm,61.73,Festpreis,19,0,1,61.73,6. Aug 2023,-,FALSE,terapeak_rolex_p28.html
ROLEX Mitnehmerrad Umkehrrad cal 2230 2235 parts 510 540 driving reversing wheel,150.95,Festpreis,17.97,0,1,150.95,22. Dez 2024,-,FALSE,terapeak_rolex_p28.html
ROLEX Umkehrrad montiert 2 Stück cal 2030 2035 4479 reversing wheels mounted,124.1,Festpreis,19.24,0,1,124.1,28. Aug 2024,-,FALSE,terapeak_rolex_p28.html
ROLEX Lady Anstösse Endstücke 266 Stahl bracelet end links steel 13 mm vintage,72.35,Festpreis,18.08,0,1,72.35,3. Okt 2023,-,FALSE,terapeak_rolex_p28.html
ROLEX Lady Oyster Perpetual Deckel Gehäuse Boden 6519 III.69 Stahl Case back,121.01,Festpreis,20.17,0,1,121.01,14. Aug 2025,-,FALSE,terapeak_rolex_p28.html
ROLEX Lady Oyster Perpetual Deckel Gehäuse Boden 6517 6519 II.61 Stahl Case back,79.86,Festpreis,17.75,0,1,79.86,10. Jan 2025,-,FALSE,terapeak_rolex_p28.html
ROLEX cal 1530 1570 Umkehrrad Mitnehmerrad 7912 7917 driving reversing wheel,143.76,Festpreis,19.17,0,1,143.76,18. Sep 2024,-,FALSE,terapeak_rolex_p28.html
ROLEX Lady Oyster Perpetual Deckel Gehäuse Boden 6519 I.68 Stahl Case back,80.25,Festpreis,20.06,0,1,80.25,15. Jan 2026,-,FALSE,terapeak_rolex_p28.html
ROLEX Datumkorrektor cal 3135 3155 3175 3185 part 645 DATE CORRECTOR wheel,47.9,Festpreis,6.84,0,1,47.9,31. Mai 2025,-,FALSE,terapeak_rolex_p28.html
ROLEX Raste für Winkelhebel cal 1530 1570 1575 - 7883 jumper for setting lever,49.76,Festpreis,6.97,0,1,49.76,6. Apr 2026,-,FALSE,terapeak_rolex_p28.html
ROLEX Armbandglied Bandelement Oyster Rivet Glied Link vintage 15 mm,121.47,Festpreis,6.59,0,1,121.47,6. Nov 2024,-,FALSE,terapeak_rolex_p28.html
ROLEX Oyster Armband Glied Rivet Bracelet Part Link Steel vintage 17 mm,190.78,Festpreis,7.06,0,1,190.78,8. Sep 2025,-,FALSE,terapeak_rolex_p28.html
ROLEX Obere Brücke Automatik cal 1570 8109 Automatic Upper Bridge 26 jewels 3,98.57,Festpreis,18.67,0,1,98.57,23. Mai 2024,-,FALSE,terapeak_rolex_p28.html
ROLEX Kupplung Trieb Aufzugstrieb Sliding Winding Pinion cal 1530 1570 7870 7871,97.57,Festpreis,17.9,0,1,97.57,7. Jan 2025,-,FALSE,terapeak_rolex_p28.html
ROLEX Obere Brücke Automatik cal 1570 8109 Automatic Upper Bridge 26 jewels 2,158.69,Festpreis,18.67,0,1,158.69,4. Dez 2023,-,FALSE,terapeak_rolex_p28.html
ROLEX Stundenrad Doppelverzahnung cal 1535 1525 1570 7952 Hour wheel 1.8 mm,54.34,Festpreis,40.75,0,1,54.34,17. Dez 2024,-,FALSE,terapeak_rolex_p29.html
ROLEX Schließe Faltschließe Stahl steel folding clasp buckle USA JB 14 KT 12 mm,101.19,Festpreis,20.24,0,1,101.19,21. Sep 2025,-,FALSE,terapeak_rolex_p29.html
ROLEX Stoppfeder für Unruh cal 3035 3055 3085 part 5022 BALANCE STOP SPRING,36.49,Festpreis,18.71,0,1,36.49,18. Okt 2024,-,FALSE,terapeak_rolex_p29.html
ROLEX Oyster Armband Glied Bracelet Link Stahl Steel MASSIV GMT Master 15.5mm,114.73,Festpreis,6.75,0,1,114.73,20. Jul 2023,-,FALSE,terapeak_rolex_p29.html
ROLEX Submariner 16800 16610 GMT 16750 Zeiger Minutenzeiger Minute Hands,73.19,Festpreis,6.4,0,1,73.19,3. Nov 2023,-,FALSE,terapeak_rolex_p29.html
ROLEX Frinktionsfeder cal 1210 1215 part 7519 second pinion friction spring,50.48,Festpreis,7.06,0,1,50.48,24. Aug 2025,-,FALSE,terapeak_rolex_p29.html
ROLEX Trieb für Rotor cal 2030 2035 - 4477 Pinion for Oscillating Weight origina,69.99,Festpreis,6.53,0,1,69.99,24. Jan 2024,-,FALSE,terapeak_rolex_p29.html
ROLEX cal 3135 3155 Kupplung Trieb Aufzugtrieb Sliding Winding Pinion 204 205,106.22,Festpreis,7.08,0,1,106.22,6. Okt 2025,-,FALSE,terapeak_rolex_p29.html
Uhrmacherwerkzeug mit Metallschwingung für RLX 1530 1570 7906 Uhrwerk,19.35,Festpreis,2.15,0,1,19.35,18. Dez 2023,-,FALSE,terapeak_rolex_p29.html
ROLEX Stein für Schwungmasse cal 3135 9570 Upper Jewel for oscillating weight,70.36,Festpreis,18.76,0,1,70.36,20. Jul 2024,-,FALSE,terapeak_rolex_p29.html
ROLEX Submariner Daytona Green Tag für Armband Bracelet Clip vintage,57.04,Festpreis,6.65,0,1,57.04,30. Jul 2023,-,FALSE,terapeak_rolex_p29.html
ROLEX Umkehrrad montiert cal 3035 3055 3085 part 5068 REVERSING WHEELS 2 Stück,96.8,Festpreis,43.56,0,1,96.8,20. Jul 2023,-,FALSE,terapeak_rolex_p29.html
ROLEX Plättchen für Spiralklötzchenträger cal 3035 5023 plate for stud holder,42,Festpreis,6.53,0,1,42,11. Mrz 2025,-,FALSE,terapeak_rolex_p29.html
ROLEX Daytona cal 4130 510 540 Umkehrrad Mitnehmerrad Driving Reversing Wheels,187.03,Festpreis,6.58,0,1,187.03,27. Jun 2023,-,FALSE,terapeak_rolex_p29.html
ROLEX DAY DATE Tagesscheibe cal 3055 5135-101 Week Day indicator disc English,144.19,Festpreis,6.6,0,1,144.19,21. Nov 2023,-,FALSE,terapeak_rolex_p29.html
ROLEX Submariner Daytona GMT 18KT GOLD Krone Crown B24-704-8 Monobloc NEU,251.04,Festpreis,6.39,0,1,251.04,20. Nov 2024,-,FALSE,terapeak_rolex_p29.html
"Acryl Ersatzglas kompatibel zu Rolex Datejust Ref. 16000 Cal. 3035 1810, 1812",30.08,Festpreis,7.88,60,5,150.39,11. Sep 2025,-,FALSE,terapeak_rolex_p3.html
Zeigerspiel GMT Explorer style kompatibel zu Rolex Kal. 1530 1570,24.23,Festpreis,0,100,6,145.4,31. Jan 2026,-,FALSE,terapeak_rolex_p3.html
ROLEX ERSATZGLIED GLIED 18K 750 GOLD 12MM GELBGOLD CELLINI DAMEN 6621,366.13,Festpreis,10.81,20,6,2196.73,29. Mai 2026,-,FALSE,terapeak_rolex_p3.html
"rolex 3130 / 3135 generic main spring , part no. 3135-311 , swiss made",20.89,Festpreis,3.14,0,5,104.46,17. Feb 2026,-,FALSE,terapeak_rolex_p3.html
"Rolex Oyster Anchor For Submariner, 300 Meters, 1,000 Ft Underwater  (Z416)",56.77,Festpreis,6.6,0,5,283.88,22. Sep 2025,-,FALSE,terapeak_rolex_p3.html
"ROLEX OYSTER ARMBAND STAHL/GOLD ERSATZGLIED GLIED LINK 15,5MM",202.4,Festpreis,10.13,80,5,1011.99,15. Jan 2026,-,FALSE,terapeak_rolex_p3.html
24-5330-0 ¦ Tubus für Krone ¦ Tube for crown ¦ passend für Rolex ¦ Made in Swiss,29.37,Festpreis,6.46,0,5,146.83,13. Jan 2026,-,FALSE,terapeak_rolex_p3.html
ROLEX Ankerrad Hemmungsrad cal 3035 3055 3075 3085 part 5015 escape wheel,63.3,Festpreis,13.63,0,5,316.51,27. Jul 2024,-,FALSE,terapeak_rolex_p3.html
ROLEX Mitnehmerrad Umkehrrad cal 2030 2035 - 4479 4480 driving reversing wheel,132.84,Festpreis,8.99,0,5,664.18,7. Okt 2024,-,FALSE,terapeak_rolex_p3.html
ROLEX Umkehrrad montiert 2 Stck cal 3130 3135 3155 3185 - 540 REVERSING Wheels,96.58,Festpreis,9.02,0,5,482.92,6. Mai 2025,-,FALSE,terapeak_rolex_p3.html
Rolex Oyster Swimpruf Hang Tag Preisschild Anhänger Blanko leer Grün green,15.8,Festpreis,0,100,5,79.01,17. Feb 2026,-,FALSE,terapeak_rolex_p3.html
ROLEX HERREN ARMBAND ERSATZGLIED OYSTER STAHL/STAHL 15.5MM MATT 93150,77.62,Festpreis,0,100,5,388.13,14. Dez 2025,-,FALSE,terapeak_rolex_p3.html
Uhr Strap Ersatz Schraube Pins Links für Rolex Uhr Band Armband Armband,18.99,Festpreis,0,100,5,94.93,2. Aug 2023,-,FALSE,terapeak_rolex_p3.html
AUFZUGSWELLE STEM Rolex 1520/1525/1535-1556/1560/1565/1570-1580 Premium Qualität,15.09,Festpreis,5.85,20,5,75.49,3. Dez 2025,-,FALSE,terapeak_rolex_p3.html
AUFZUGSWELLE STEM Rolex 1520/1525/1535-1556/1560/1565/1570-1580 Premium Qualität,15.95,Festpreis,8.12,20,6,95.7,5. Mrz 2026,-,FALSE,terapeak_rolex_p3.html
"#1291 ROLEX BOOKLET ""YOUR ROLEX OYSTER"" ENGLISCH BESCHREIBUNG ANLEITUNG ZUBEHÖR",27.09,Festpreis,11.24,40,5,135.41,11. Apr 2026,-,FALSE,terapeak_rolex_p3.html
#1302 ROLEX 3135-105 PLATINE FEDERHAUS BRÜCKE BARREL BRIDGE WERKSPLATINE PART,71.35,Festpreis,15.8,0,5,356.76,4. Jun 2026,-,FALSE,terapeak_rolex_p3.html
#A19 ORIG ROLEX BANDGLIED GLIED 116500 116710 116520 116400 116300 126334 126300,89.11,Festpreis,10.51,0,5,445.59,17. Dez 2024,-,FALSE,terapeak_rolex_p3.html
"#1665 ORIG. ROLEX 15,4mm BANDGLIED OYSTER SUBMARINER 93150 93160 14060 16660",100.74,Festpreis,7.03,0,7,705.13,30. Apr 2026,-,FALSE,terapeak_rolex_p3.html
Rolex 1530 1560 1570 1580 Watch Part 7896 case clamp screw (2 per order) (RO 4),22,Festpreis,9.17,0,5,110.01,25. Mrz 2025,-,FALSE,terapeak_rolex_p3.html
Band Element für Rolex President Armband Herren Stahl,56.96,Festpreis,0,100,8,455.68,18. Dez 2025,-,FALSE,terapeak_rolex_p3.html
Orig. ROLEX OYSTER Hang Tag Vintage grün Blanko Anhänger Datejust Preisschild,15.96,Festpreis,1.12,0,4,63.82,10. Mrz 2026,-,FALSE,terapeak_rolex_p3.html
Edelstahl - Faltschließe kompatibel Rolex Oyster Stahlarmband neue Version (SEL),93.63,Festpreis,0,100,4,374.51,14. Mrz 2026,-,FALSE,terapeak_rolex_p3.html
"Acryl Ersatzglas für Rolex Date, Datejust, Explorer I 1600, 1016, 1611",24.6,Festpreis,0,100,4,98.39,18. Dez 2024,-,FALSE,terapeak_rolex_p3.html
Unruhwelle für diverse Rolex Kaliber,35.43,Festpreis,0,100,4,141.74,21. Nov 2025,-,FALSE,terapeak_rolex_p3.html
"Neu Rolex Crown Kranz 5,3 MM Gelbgold 18K Authentische Oyster Datum Just",100.69,Festpreis,0,100,4,402.77,9. Nov 2023,-,FALSE,terapeak_rolex_p3.html
Manuelle Feder Mainspring Valjoux 23 72 78 88 90 236 235 730 Teil 770 N.O.S.,39.22,Festpreis,0,100,4,156.89,27. Feb 2026,-,FALSE,terapeak_rolex_p3.html
Pusher drucker Omega Chronograph Timer Stoppuhr Kaliber 9010 neu (O359),33.05,Festpreis,9.75,0,4,132.17,25. Dez 2025,-,FALSE,terapeak_rolex_p3.html
ROLEX PRÄSIDENT ARMBAND ERSATZGLIED LINK GLIED 18K 750 MASSIVGOLD 16MM BORKE,430.79,Festpreis,0,100,4,1723.17,28. Mai 2025,-,FALSE,terapeak_rolex_p3.html
"ROLEX OYSTER ARMBAND STAHL/GOLD ERSATZGLIED GLIED LINK 15,5MM",236,Festpreis,9.28,75,4,944.02,27. Aug 2023,-,FALSE,terapeak_rolex_p3.html
ROLEX HERREN ARMBAND ERSATZGLIED OYSTER STAHL/STAHL 15.5MM NEUE VERSION,96.39,Festpreis,10.01,75,4,385.54,8. Jun 2026,-,FALSE,terapeak_rolex_p3.html
ROLEX Day Date President Glied Armband Link 18KT GOLD Herren 16mm Element 750,289.82,Festpreis,0,100,4,1159.27,13. Jan 2024,-,FALSE,terapeak_rolex_p3.html
Rolex New Style White Hang Tag From Submariner ⭐ 100% Authentic ✔️,21.77,Festpreis,4.49,50,4,87.07,16. Nov 2025,-,FALSE,terapeak_rolex_p3.html
24-7000 ¦ Tubus passend für Rolex ¦ Tube compatible for Rolex,69.74,Festpreis,14,0,6,418.44,27. Jun 2024,-,FALSE,terapeak_rolex_p3.html
ROLEX DAY DATE Tagesscheibe cal 3155 17201 Week Day Indicator disc ENGLISH,161.54,Festpreis,18.05,0,1,161.54,4. Okt 2023,-,FALSE,terapeak_rolex_p30.html
ROLEX Auflage für Datum Anzeiger cal 1525 1535 1575 seating for date indicator,168.61,Festpreis,41.02,0,1,168.61,29. Okt 2023,-,FALSE,terapeak_rolex_p30.html
ROLEX Auflage für Datum Anzeiger cal 3035 5035 5098 seating for date indicator,217.93,Festpreis,6.66,0,1,217.93,2. Jan 2024,-,FALSE,terapeak_rolex_p30.html
Rolex B27 -704 7mm Steel Crown For Sports Models !,27.13,Auktion,5.05,0,1,27.13,11. Nov 2023,1,FALSE,terapeak_rolex_p30.html
ROLEX 7mm KRONE & TUBUS CROWN TUBE STAHL TRIPLOCK 24-704-0 z.b. Submariner Tudor,46.29,Auktion,7.07,0,1,46.29,15. Jan 2024,2,FALSE,terapeak_rolex_p30.html
ROLEX Oyster Armband Glied Bracelet Link Oyster Perpetual 31 Stahl Steel 13 mm,98.64,Festpreis,6.98,0,1,98.64,11. Nov 2025,-,FALSE,terapeak_rolex_p30.html
Rolex Jubilee Stahl armbandglied neueste Version,53.43,Festpreis,6.33,0,1,53.43,18. Dez 2024,-,FALSE,terapeak_rolex_p30.html
ROLEX Krone Crown Datejust 1600 1601 1602 Explorer 1016 Edelstahl Steel Ø 6 mm,139.73,Festpreis,6.56,0,1,139.73,23. Jul 2024,-,FALSE,terapeak_rolex_p30.html
ROLEX Lady 67180 Deckel Gehäuse Boden Case Back 67000 Steel Stahl mit Sticker,152.2,Festpreis,20.3,0,1,152.2,7. Jul 2025,-,FALSE,terapeak_rolex_p30.html
ROLEX LADY Datejust Armband Glied Bracelet Link BORKE Bark 18K 750 GOLD 10 mm,219.34,Festpreis,6.68,0,2,438.68,3. Sep 2024,-,FALSE,terapeak_rolex_p30.html
ROLEX Oberer Teil der Schließe Faltschließe JM Folding Clasp Cap Part vintage,77.54,Festpreis,19.38,0,1,77.54,11. Mai 2025,-,FALSE,terapeak_rolex_p30.html
ROLEX DAY DATE 1803 Tagesanzeige cal 1555 1556 8017 Day Disc indicator English,173.1,Festpreis,19.24,0,1,173.1,19. Mai 2025,-,FALSE,terapeak_rolex_p30.html
ROLEX Oberer Teil der Schließe Faltschließe 6251 Folding Clasp Cap Part vintage,78.72,Festpreis,19.68,0,1,78.72,10. Jun 2025,-,FALSE,terapeak_rolex_p30.html
ROLEX Oberer Teil der Schließe Faltschließe JM Folding Clasp Cap Part vintage,90.3,Festpreis,7.1,0,1,90.3,7. Jul 2025,-,FALSE,terapeak_rolex_p31.html
ROLEX Unruhwelle cal 3035 3055 3075 3085 - 5020 balance wheel axle staff,59.12,Festpreis,7.01,0,1,59.12,5. Jun 2026,-,FALSE,terapeak_rolex_p31.html
ROLEX Auflage für Datum cal 1575 - 7956 date indicator seating for Ref 1500,150.37,Festpreis,45.11,0,1,150.37,10. Mrz 2026,-,FALSE,terapeak_rolex_p31.html
ROLEX Oyster Glied Bandelement Stahl 18KT ROSE Gold Bracelet LINK 15.5 mm MASSIV,248.5,Festpreis,6.96,0,1,248.5,20. Nov 2025,-,FALSE,terapeak_rolex_p31.html
Rolex B3235-1-102-K1 Datumscheibe Datewheel Cal.3235,234.81,Festpreis,14.48,0,1,234.81,17. Jan 2026,-,FALSE,terapeak_rolex_p31.html
Rolex Datewheel Datumscheibe Cal. 3235 B3235-111-K1,277.13,Festpreis,14.87,0,1,277.13,10. Feb 2026,-,FALSE,terapeak_rolex_p31.html
Jubilee Band Two Tone 21mm Aftermarket (Seikomod),30.06,Festpreis,2.9,0,1,30.06,18. Mai 2026,-,FALSE,terapeak_rolex_p31.html
ROLEX Ankerrad Hemmungsrad cal 3035 3055 3075 3085 part 5015 escape wheel,54.59,Festpreis,6.95,0,1,54.59,1. Apr 2026,-,FALSE,terapeak_rolex_p31.html
"Moderne Kalender Armbanduhren Rolex , Patek... Prof. Humbert Pflume Werksucher",6.07,Auktion,7.58,0,1,6.07,8. Apr 2026,4,FALSE,terapeak_rolex_p31.html
Saphir-Uhrenglas für Rolex Datejust Midsize 68273 25 mm Neu,7.98,Festpreis,0,100,2,15.96,8. Apr 2026,-,FALSE,terapeak_rolex_p31.html
Ihren Krone für Seikomod/Rolex GMT Master 2,44.82,Festpreis,1.09,0,1,44.82,7. Jun 2026,-,FALSE,terapeak_rolex_p31.html
ROLEX ARMBAND ERSATZGLIED 31mm OYSTER STAHL/STAHL 13MM TOP,76.15,Festpreis,8.96,0,1,76.15,25. Dez 2024,-,FALSE,terapeak_rolex_p31.html
ROLEX GOLD KRONE CROWN für Herren DATEJUST 16233 VINTAGE RAR,70.19,Auktion,0,100,1,70.19,21. Sep 2023,1,FALSE,terapeak_rolex_p31.html
Echte ROLEX Oyster Perpetual 76080 67180 69160 69190 79160 10 mm Link #B254,44.26,Festpreis,21.39,0,1,44.26,5. Jul 2024,-,FALSE,terapeak_rolex_p31.html
"Rolex presidential bracelet Day Date Erstatz Glied Link 18kt Weißgold 16,20 mm",417.3,Festpreis,59.81,0,1,417.3,11. Mai 2024,-,FALSE,terapeak_rolex_p31.html
"Rolex GMT-Master II Erstatz Glied Link 18kt Weißgold 15,30 mm 126719",322.17,Festpreis,5.06,0,1,322.17,16. Jun 2024,-,FALSE,terapeak_rolex_p31.html
"3 Rolex Jubilee Glieder Links Stahl 18K Gold 15,45mm x 20,87mm Zustand Gut!",236.83,Festpreis,0,100,1,236.83,13. Sep 2024,-,FALSE,terapeak_rolex_p31.html
Rolex Explorer I Ref. 214270 Oyster Swimpruf Hang Tag Anhänger Grün Green,13.47,Festpreis,5.83,0,1,13.47,30. Jan 2025,-,FALSE,terapeak_rolex_p31.html
Rolex Datejust 36 Ref. 116200 Oyster Swimpruf Hang Tag Anhänger Grün Green,14.95,Festpreis,0,100,1,14.95,6. Aug 2025,-,FALSE,terapeak_rolex_p31.html
Rolex Datejust 36 Ref. 116234 Oyster Swimpruf Hang Tag Anhänger Grün Green,15.2,Festpreis,0,100,1,15.2,23. Dez 2025,-,FALSE,terapeak_rolex_p31.html
Rolex Datejust 36 Ref. 116231 Oyster Swimpruf Hang Tag Anhänger Grün Green,22.55,Festpreis,6.43,0,1,22.55,18. Jun 2025,-,FALSE,terapeak_rolex_p31.html
Rolex Oyster Perpetual 31 Ref. 177200 Oyster Swimpruf Hang Tag Anhänger Grün,14.97,Festpreis,0,100,1,14.97,13. Jun 2025,-,FALSE,terapeak_rolex_p31.html
DATUMSSCHEIBE FÜR ROLEX 3135 DATE DISC OPEN 6 & 9 SCHEIBE 3130 3175 GOLD,48.16,Auktion,5.29,0,1,48.16,28. Sep 2024,1,FALSE,terapeak_rolex_p31.html
Rolex Datumsscheibe weiß Date-Disc 1675 GMT 15xx 1570,203.58,Festpreis,0,100,1,203.58,9. Feb 2026,-,FALSE,terapeak_rolex_p31.html
"Rolex Oyster Perpetual Date OP 126000 Bandglied Glied Edelstahl 15,50 mm link",97.91,Festpreis,0,100,2,195.82,28. Apr 2025,-,FALSE,terapeak_rolex_p31.html
"Rolex Yacht-Master II 2 Ref. 116680 Bandglied Glied Edelstahl 15,57 mm link",113.15,Festpreis,0,100,1,113.15,23. Apr 2025,-,FALSE,terapeak_rolex_p31.html
XST - Federstege - Kompatibel Rolex GMT-Master II 116710 - 2 Stück,8.9,Festpreis,6.57,0,1,8.9,4. Jul 2025,-,FALSE,terapeak_rolex_p31.html
XT Federstege - Kompatibel Rolex GMT-Master II 116710 - 2 Stück,9.39,Festpreis,6.57,0,1,9.39,4. Jul 2025,-,FALSE,terapeak_rolex_p31.html
XSS - Federstege - Rolex Submariner 5517 kompatibel - 2 Stück,10.68,Festpreis,6.54,0,1,10.68,12. Jul 2025,-,FALSE,terapeak_rolex_p31.html
"Masar XT - 13mm Ø 1,78mm Gold - Rolex Datejust 6519 kompatibel - Federstege",12.01,Festpreis,6.36,0,2,24.02,7. Mai 2025,-,FALSE,terapeak_rolex_p31.html
"Masar Premium Federsteg kompatibel Rolex XR - 20mm Gold Ø 1,78mm - Edelstahl St",11.8,Festpreis,6.47,0,1,11.8,25. Jun 2025,-,FALSE,terapeak_rolex_p31.html
"Rolex Oyster Perpetual Date Ref. 177200 Bandglied Glied Edelstahl 13,01 mm link",99.34,Festpreis,20.06,0,1,99.34,16. Okt 2025,-,FALSE,terapeak_rolex_p31.html
Rolex Dornschließe Stahl an Lederband,32.28,Festpreis,4.95,0,1,32.28,8. Jul 2025,-,FALSE,terapeak_rolex_p31.html
ROLEX LEDER  DORNSCHLIESSE  20/16mm Lederband,47.57,Festpreis,4.96,0,1,47.57,25. Jul 2025,-,FALSE,terapeak_rolex_p31.html
ROLEX LEDER  DORNSCHLIESSE  20/16mm Kaufmannband,55.64,Festpreis,4.95,0,1,55.64,28. Jul 2025,-,FALSE,terapeak_rolex_p32.html
"Rolex Datejust 41 126334/126330 Jubille Bandglied Glied Edelstahl 15,51 mm link",95.84,Festpreis,0,100,2,191.69,20. Dez 2025,-,FALSE,terapeak_rolex_p32.html
"Rolex Submariner Oyster Bandglied Glied Edelstahl 15,44 mm link",177.91,Festpreis,0,100,1,177.91,2. Nov 2025,-,FALSE,terapeak_rolex_p32.html
"Rolex Submariner Oyster Bandglied Glied Edelstahl 15,50 mm link",99.63,Festpreis,0,100,1,99.63,10. Okt 2025,-,FALSE,terapeak_rolex_p32.html
ROLEX LEDER  STAHL DORNSCHLIESSE  20/16mm,45.43,Festpreis,4.95,0,1,45.43,23. Aug 2025,-,FALSE,terapeak_rolex_p32.html
vintage Rolex Kalender / calendar 1983 - 1984 in great condition / Top Zustand,80.53,Festpreis,13.59,0,1,80.53,10. Apr 2026,-,FALSE,terapeak_rolex_p32.html
vintage Rolex Kalender / calendar 1988 - 1989 in great condition / Top Zustand,71.81,Festpreis,0,100,1,71.81,14. Dez 2025,-,FALSE,terapeak_rolex_p32.html
vintage Rolex Kalender / calendar 1977 - 1978 in great condition / Top Zustand,70.95,Festpreis,13.49,0,1,70.95,30. Nov 2025,-,FALSE,terapeak_rolex_p32.html
vintage Rolex Booklet Explorer 1976 in great condition / Top Zustand,151.63,Festpreis,0,100,1,151.63,1. Okt 2025,-,FALSE,terapeak_rolex_p32.html
vintage Rolex Booklet Explorer 1976 in great condition / Top Zustand,149.22,Festpreis,13.43,0,1,149.22,7. Nov 2025,-,FALSE,terapeak_rolex_p32.html
vintage Rolex Kalender / calendar 1981 in great condition / Top Zustand,49.62,Festpreis,0,100,1,49.62,29. Mrz 2026,-,FALSE,terapeak_rolex_p32.html
vintage Rolex Kalender / calendar 1978 in great condition / Top Zustand,71.41,Festpreis,0,100,1,71.41,8. Jan 2026,-,FALSE,terapeak_rolex_p32.html
vintage Rolex Kalender / calendar 1978 - 1979 in great condition / Top Zustand,70.42,Festpreis,13.39,0,1,70.42,24. Nov 2025,-,FALSE,terapeak_rolex_p32.html
vintage Rolex Kalender / calendar 1979 - 1980 in great condition / Top Zustand,30.26,Festpreis,13.73,0,1,30.26,26. Feb 2026,-,FALSE,terapeak_rolex_p32.html
vintage Rolex Kalender / calendar 1986 - 1987 in great condition / Top Zustand,49.62,Festpreis,0,100,1,49.62,29. Mrz 2026,-,FALSE,terapeak_rolex_p32.html
vintage Rolex Kalender / calendar 1990 - 1991 in great condition / Top Zustand,88.04,Festpreis,13.74,0,1,88.04,20. Apr 2026,-,FALSE,terapeak_rolex_p32.html
"Rolex Two-Tone Oyster Bandglied Glied 18k Gelbgold 10,00 mm link yellow gold",172.57,Festpreis,0,100,1,172.57,13. Mrz 2026,-,FALSE,terapeak_rolex_p32.html
"Rolex Two-Tone Oyster Bandglied Glied 18k Gelbgold 10,07 mm link yellow gold",174.15,Festpreis,0,100,1,174.15,9. Mrz 2026,-,FALSE,terapeak_rolex_p32.html
"Rolex Two-Tone Oyster Bandglied Glied 18k Gelbgold 10,03 mm link yellow gold",172.57,Festpreis,0,100,1,172.57,13. Mrz 2026,-,FALSE,terapeak_rolex_p32.html
Rolex Lady-Datejust Zeiger Set Gold,50.89,Festpreis,16.28,0,1,50.89,18. Apr 2026,-,FALSE,terapeak_rolex_p32.html
Rolex GMT Master Second Hand Luminova 15-88332,137.41,Festpreis,16.28,0,1,137.41,9. Feb 2026,-,FALSE,terapeak_rolex_p32.html
Rolex Palettengabel B5016-Y1 Cal.3030,151.45,Festpreis,22.21,0,1,151.45,6. Jan 2026,-,FALSE,terapeak_rolex_p32.html
vintage Rolex Kalender / calendar 1978 - 1979 in great condition / Top Zustand,50.89,Festpreis,0,100,1,50.89,19. Apr 2026,-,FALSE,terapeak_rolex_p32.html
Hochwertiges Uhrenteile Uhrersatzteile Konvolut Rolex IWC Zenith Orfina Sammlung,4.38,Auktion,4.88,0,1,4.38,30. Nov 2025,6,FALSE,terapeak_rolex_p32.html
"Rolex vintage two tone Datejust 16013 Jubilee Doppel-Bandglied 15,35 mm link",162.39,Festpreis,6.12,0,1,162.39,18. Feb 2026,-,FALSE,terapeak_rolex_p32.html
"Rolex vintage two tone Datejust 16013 Jubilee Doppel-Bandglied 15,30 mm link",144.29,Festpreis,0,100,1,144.29,5. Apr 2026,-,FALSE,terapeak_rolex_p32.html
vintage Rolex Kalender / calendar 1978 in great condition / Top Zustand,50.41,Festpreis,0,100,1,50.41,29. Apr 2026,-,FALSE,terapeak_rolex_p32.html
ROLEX 16613 18K Gold/Steel Oyster Extension Link 93153 Submariner GMT 16713 OEM,303.31,Festpreis,6.28,0,1,303.31,11. Mai 2026,-,FALSE,terapeak_rolex_p32.html
Rolex Datejust 31mm glatte Lünette Stahl 68240,99.65,Festpreis,15.95,0,1,99.65,12. Mrz 2026,-,FALSE,terapeak_rolex_p32.html
"Elegante Rolex Logo Manschettenknöpfe - Handförmiges Design, Silber",0.99,Auktion,5.14,0,1,0.99,20. Mrz 2026,1,FALSE,terapeak_rolex_p32.html
vintage Rolex Kalender / calendar 1981 in great condition / Top Zustand,50.87,Festpreis,0,100,1,50.87,15. Apr 2026,-,FALSE,terapeak_rolex_p32.html
Rolex Date Indicator 3055/5055-5134-1 Champagne Open 6 & 9,105.36,Festpreis,16.06,0,1,105.36,29. Mai 2026,-,FALSE,terapeak_rolex_p32.html
Zugfeder passend für Rolex 1530 1535 1555 1560 1570 Kaliber Mainspring 1530-7825,21.48,Festpreis,3.74,0,2,42.95,30. Jun 2023,-,FALSE,terapeak_rolex_p32.html
Rolex Uhren-Katalog - 2022-2023,1.87,Auktion,2.44,0,1,1.87,16. Mrz 2024,1,FALSE,terapeak_rolex_p32.html
Rolex 3055-5055 Day-Date Werkzeug,63.73,Festpreis,18.21,0,1,63.73,9. Dez 2024,-,FALSE,terapeak_rolex_p32.html
Uhrenständer “ ROLEX “ Swiss Made,29.89,Auktion,5.13,0,1,29.89,3. Nov 2024,19,FALSE,terapeak_rolex_p32.html
Rolex Cal. 2135 Datumanzeiger weiß 21mm.,109.83,Festpreis,27.46,0,1,109.83,13. Nov 2024,-,FALSE,terapeak_rolex_p32.html
"Rolex Cal. 1215, 1225. Date indicator 7599-14 Very good condition",170.29,Festpreis,30.05,0,1,170.29,27. Okt 2025,-,FALSE,terapeak_rolex_p32.html
"Rolex Jubilee Glied link Rose Stahl 15,5 mm",100.81,Festpreis,5.53,0,1,100.81,27. Jun 2025,-,FALSE,terapeak_rolex_p32.html
"Rolex Cal. 1555, 1556 ref. 8015 Auflage für Datumanzeiger",92.22,Festpreis,30.74,0,1,92.22,11. Feb 2026,-,FALSE,terapeak_rolex_p32.html
"Rolex Daytona 6263, 6265. Submariner 1680, 1680-8. Twinlock Krone und kronenrohr",252.17,Festpreis,20.18,0,1,252.17,14. Mai 2026,-,FALSE,terapeak_rolex_p32.html
"Rolex Krone 24-603-8. 6,0mm. Gebraucht aber im guten Zustand.",71.11,Festpreis,17.78,0,1,71.11,9. Jan 2025,-,FALSE,terapeak_rolex_p32.html
"Rolex Krone 24-530. 5,3mm. gebraucht aber im guten Zustand",66.67,Festpreis,17.78,0,1,66.67,9. Jan 2025,-,FALSE,terapeak_rolex_p32.html
"Rolex Krone 24-603-8. 6,0mm. Gebraucht aber im guten Zustand.",71.78,Festpreis,17.95,0,1,71.78,24. Jan 2025,-,FALSE,terapeak_rolex_p33.html
"Rolex Krone 24-603-8. 6,0mm und Tube 5330 Gebraucht aber im guten Zustand.",99.48,Festpreis,18.08,0,1,99.48,25. Jan 2025,-,FALSE,terapeak_rolex_p33.html
"Rolex Krone 24-603-8. 6,0mm und Tube 5330 Gebraucht aber im guten Zustand.",107.91,Festpreis,19.62,0,1,107.91,28. Mai 2025,-,FALSE,terapeak_rolex_p33.html
Rolex cal. 2030-2035. 4422 Federhaus mit Federwelle /Barrel with Arbor  Neu,120.7,Festpreis,30.17,0,1,120.7,13. Aug 2025,-,FALSE,terapeak_rolex_p33.html
Rolex cal. 2030-2035. 4476 Welle für Schwungmasse  Neu,30.2,Festpreis,30.2,0,1,30.2,17. Okt 2025,-,FALSE,terapeak_rolex_p33.html
Rolex cal. 2030-2035. 4433 3 stk. Unruhwelle / 3 pc. Balance staff. Neu,87.83,Festpreis,29.27,0,1,87.83,28. Mai 2025,-,FALSE,terapeak_rolex_p33.html
Rolex Dornschließe Stahl vergoldet 16mm in Originalverpackung,57.7,Auktion,5.95,0,1,57.7,17. Mai 2025,1,FALSE,terapeak_rolex_p33.html
Rolex Submariner Date 16610 Zertifikat Certificat Deutschland Orginal 1994,401.64,Festpreis,6.2,0,1,401.64,20. Jul 2025,-,FALSE,terapeak_rolex_p33.html
Rolex cal. 3135. 5000 Schraubensatz Neu,119.73,Festpreis,29.94,0,1,119.73,12. Nov 2025,-,FALSE,terapeak_rolex_p33.html
Rolex cal. 2130-2135. 421 Anker /Pallet fork  Neu,99.81,Festpreis,29.95,0,1,99.81,24. Mrz 2026,-,FALSE,terapeak_rolex_p33.html
Rolex cal. 1530 7846 Anker /Pallet fork  Neu,91.52,Festpreis,30.51,0,1,91.52,23. Sep 2025,-,FALSE,terapeak_rolex_p33.html
Rolex cal. 2030-2035. 4432 Unruh mit Flachspirale/Balance,271.22,Festpreis,30.14,0,1,271.22,7. Aug 2025,-,FALSE,terapeak_rolex_p33.html
Rolex cal. 2130-2135. 432 Unruh mit Flachspirale/Balance Neu,378.94,Festpreis,19.94,0,1,378.94,7. Aug 2025,-,FALSE,terapeak_rolex_p33.html
Rolex 501B Endlinks für 78360 Band,165.37,Festpreis,6.25,0,1,165.37,24. Aug 2025,-,FALSE,terapeak_rolex_p33.html
Tudor Oyster Prince Ref. 7946 Automatik ETA 2451 Vintage 60er Rolex defekt,429.8,Auktion,0,100,1,429.8,2. Okt 2025,74,FALSE,terapeak_rolex_p33.html
"Rolex 8106 Unruh für cal. 1556, 1570, 1575, 1675 GMT",300.3,Festpreis,30.03,0,1,300.3,13. Okt 2025,-,FALSE,terapeak_rolex_p33.html
Rolex 7855 Unruh für cal. 1530,350.89,Festpreis,20.05,0,1,350.89,9. Dez 2025,-,FALSE,terapeak_rolex_p33.html
ROLEX Rotor I oscilating weight cal. 2130...2135 in sehr gutem Zustand,142.12,Festpreis,14.71,0,1,142.12,19. Feb 2026,-,FALSE,terapeak_rolex_p33.html
"Rolex 7980 Unruh für cal. 1555, 1560, 1565, 1565 GMT",406.94,Festpreis,36.62,0,1,406.94,15. Apr 2026,-,FALSE,terapeak_rolex_p33.html
"Rolex 24-600-8 krone Ø 6,1mm",90.98,Festpreis,20.22,0,1,90.98,1. Okt 2025,-,FALSE,terapeak_rolex_p33.html
Rolex Krone gold ca. 5 mm,45.46,Auktion,6.26,0,1,45.46,30. Sep 2025,1,FALSE,terapeak_rolex_p33.html
"Rolex 8106 Unruh für cal. 1556, 1570, 1575, 1575 GMT",351.44,Festpreis,30.12,0,1,351.44,21. Okt 2025,-,FALSE,terapeak_rolex_p33.html
Rolex Datumsscheibe GMT Master II Kaliber 3135,125.78,Festpreis,19.12,0,1,125.78,15. Mai 2026,-,FALSE,terapeak_rolex_p33.html
Uhr Strap Ersatz Schraube Pins Links für Rolex Uhr Band Armband Armband,27.65,Festpreis,0,100,1,27.65,26. Jun 2023,-,FALSE,terapeak_rolex_p33.html
"Rolex 3135 145, 3130 Komplette Einheit Automatikwerk/Rotor",321.87,Festpreis,24.82,0,1,321.87,19. Sep 2023,-,FALSE,terapeak_rolex_p33.html
Rolex 1803 18038 day date links glieder bracelet part 8385 president,590.65,Festpreis,6.56,0,1,590.65,24. Jun 2023,-,FALSE,terapeak_rolex_p33.html
Rolex Krone Datejust 36mm Vintage Stahl,18.62,Festpreis,5.11,0,1,18.62,29. Aug 2023,-,FALSE,terapeak_rolex_p33.html
Rolex Schließe in 750er Gold mit Neutralem Lederarmband 20mm Siehe Bilder,93.7,Auktion,5.56,0,1,93.7,10. Dez 2023,10,FALSE,terapeak_rolex_p33.html
FEDERSTEGE Engelkemper auch seltene Längen Konvolut Uhrenwerkstatt-Auflösung,24.75,Festpreis,0,100,1,24.75,5. Sep 2024,-,FALSE,terapeak_rolex_p33.html
Rolex  Schließe / Clasp 93250 - AB3 Code,242.72,Festpreis,4.84,0,1,242.72,14. Jan 2025,-,FALSE,terapeak_rolex_p33.html
Rolex Daytona Stahl Link Glied,81.47,Festpreis,5.67,0,1,81.47,5. Mrz 2025,-,FALSE,terapeak_rolex_p33.html
2x ROLEX BANDGLIED GLIED 116610 114060 116600 116660 114200 116900 Link,165.34,Festpreis,6.24,0,1,165.34,18. Aug 2025,-,FALSE,terapeak_rolex_p33.html
"Aufzugswelle für Uhren Rolex 10 1/2 "" 51",6,Festpreis,7.93,0,1,6,8. Jul 2025,-,FALSE,terapeak_rolex_p33.html
Rolex Etui Kartenetui Ledermäppchen Mappe Warranty Card Holder,37.97,Auktion,6.19,0,1,37.97,19. Jan 2026,1,FALSE,terapeak_rolex_p33.html
"Rolex Oyster Swimpruf Hangtag 2 Pieces, 2 Rolex Anhänger",1,Auktion,6.98,0,1,1,24. Mrz 2026,2,FALSE,terapeak_rolex_p33.html
Rolex GMT Insert für Ref 16700,94.46,Auktion,24.86,0,1,94.46,9. Jun 2026,1,FALSE,terapeak_rolex_p33.html
"Rolex Rotor, Schwungmasse, cal 4030 570, neu in Originalverpackung",244.7,Festpreis,5.64,0,1,244.7,20. Jun 2023,-,FALSE,terapeak_rolex_p34.html
Bandglied Rolex Datejust 41 Ref. 126334/126300 Jubilee,78.99,Festpreis,0,100,1,78.99,11. Feb 2024,-,FALSE,terapeak_rolex_p34.html
Rolex Ledermäppchen Geneve Dokumentenhülle Hülle Leder Etui Karten top Zustand,4.63,Auktion,5.08,0,1,4.63,9. Mai 2024,1,FALSE,terapeak_rolex_p34.html
"Rolex 2100 T-Schliff Schlitz-Schraubendreher 1,7 mm für Oyster-Bänder, unbenutzt",121.75,Festpreis,4.95,0,1,121.75,13. Dez 2024,-,FALSE,terapeak_rolex_p34.html
"Rolex Oyster Armband 97200 z.B. für Submariner 114060, neu/eingeschweißt, Wempe",1616.78,Festpreis,0,100,1,1616.78,30. Dez 2024,-,FALSE,terapeak_rolex_p34.html
OMEGA 550 551 552 560 561 562 563 564 565 750 751 752 Part.1208 MAINSPRING New,34.35,Festpreis,8.03,0,1,34.35,8. Mrz 2025,-,FALSE,terapeak_rolex_p34.html
OMEGA 550 551 552 560 561 562 563 564 565 750 751 752 Part.1208 MAINSPRING Geb,23.68,Festpreis,3.78,0,1,23.68,15. Jun 2025,-,FALSE,terapeak_rolex_p34.html
Omega Cal. 240-1-2-3-4-5-250-251-252-R13.5-R13.5SC Part. 1208 Main Spring New,13.02,Festpreis,0,100,1,13.02,5. Feb 2026,-,FALSE,terapeak_rolex_p34.html
Omega Cal 19.4 T1 T2 Mainspring  Zugfeder Passend Cal 19.4 T1 T2 Part. 1208 Neu,12.15,Festpreis,4.86,0,1,12.15,21. Sep 2025,-,FALSE,terapeak_rolex_p34.html
Uhr Strap Ersatz Schraube Pins Links für Rolex Uhr Band Armband Armband,21,Festpreis,0,100,1,21,26. Jun 2025,-,FALSE,terapeak_rolex_p34.html
Rolex 1400 Lünette,83.39,Festpreis,6.07,0,1,83.39,27. Mai 2025,-,FALSE,terapeak_rolex_p34.html
Rolex Lieferumfang Neu Blisterverpackung Cal. 1525 - 7956,250.73,Festpreis,40.11,0,1,250.73,9. Aug 2025,-,FALSE,terapeak_rolex_p34.html
Rolex Box 60.01.2 mit u.a. Kalender Tuch Umkarton dazu Passport 68.08.03,200.76,Auktion,6.96,0,1,200.76,21. Dez 2025,1,FALSE,terapeak_rolex_p34.html
"Bullonge T-Schliff Schraubendreher, 1,6 mm, z.B. für Rolex Oyster Armband, neuw.",25.04,Festpreis,6.22,0,1,25.04,31. Mai 2026,-,FALSE,terapeak_rolex_p34.html
Verlängerungsglied bicolor 18kt für Rolex Herren Uhren Armband,149.38,Auktion,7.97,0,1,149.38,7. Jun 2026,1,FALSE,terapeak_rolex_p34.html
ROLEX JUBILEE STAHL ARMBAND ERSATZGLIED 16MM FÜR HERREN BAND,49.96,Festpreis,0,100,1,49.96,21. Nov 2024,-,FALSE,terapeak_rolex_p34.html
ROLEX ERSATZGLIED GLIED STAHL OYSTERQUARTZ 15MM HERREN VINTAGE RAR,149.88,Festpreis,0,100,1,149.88,24. Mai 2026,-,FALSE,terapeak_rolex_p34.html
ROLEX OYSTER ARMBAND ERSATZGLIED 18K 750 MASSIV GOLD ROSE GOLD 16MM TOP ZUSTAND,469.54,Festpreis,0,100,1,469.54,29. Jun 2023,-,FALSE,terapeak_rolex_p34.html
BREITLING LEDER ARMBAND DORNSCHLIESSE 16MM 18K 750 MASSIV GOLD BUCKLE,431.27,Festpreis,9.58,0,1,431.27,19. Sep 2024,-,FALSE,terapeak_rolex_p34.html
ROLEX OYSTER HERREN GOLD ARMBAND ERSATZGLIED 18K 750 MASSIV GOLD 15MM FÜR 16628,484.42,Festpreis,10.11,0,1,484.42,15. Sep 2025,-,FALSE,terapeak_rolex_p34.html
ROLEX PRÄSIDENT ARMBAND ERSATZGLIED GLIED LINK 10MM 18K 750 GOLD TRIDOR LADY,520.4,Festpreis,0,100,1,520.4,5. Feb 2024,-,FALSE,terapeak_rolex_p34.html
ROLEX VINTAGE OYSTER REPARATUR SEGMENT 93160N VINTAGE RAR 2,282.38,Festpreis,0,100,2,564.76,19. Jun 2023,-,FALSE,terapeak_rolex_p34.html
ROLEX HERREN LÜNETTE BEZEL 18K 750 GOLD HERREN GRÖßE VINTAGE FÜR 1505,444.78,Festpreis,10.13,0,1,444.78,23. Jan 2026,-,FALSE,terapeak_rolex_p34.html
ROLEX OYSTER ARMBAND STAHL/GOLD ERSATZGLIED GLIED LINK 14MM,163.12,Festpreis,0,100,1,163.12,26. Sep 2023,-,FALSE,terapeak_rolex_p34.html
"ROLEX ERSATZGLIED GLIED STAHL/ROSE GOLD OYSTER BAND 15,5MM NEUE VERSION",249.99,Festpreis,9.43,0,1,249.99,28. Jun 2023,-,FALSE,terapeak_rolex_p34.html
ROLEX HERREN LÜNETTE BEZEL 18K 750 WEISSGOLD HERREN GRÖßE VINTAGE FÜR 16014,280.52,Festpreis,9.35,0,1,280.52,2. Sep 2023,-,FALSE,terapeak_rolex_p34.html
ROLEX LEDER ARMBAND DORNSCHLIESSE CLASP BUCKLE 14MM STAHL VERGOLDET,155.08,Festpreis,0,100,1,155.08,15. Jul 2024,-,FALSE,terapeak_rolex_p34.html
ROLEX LEDER ARMBAND DORNSCHLIESSE CLASP BUCKLE 10MM STAHL VERGOLDET,93.9,Festpreis,9.39,0,1,93.9,29. Jun 2023,-,FALSE,terapeak_rolex_p35.html
ROLEX ANKER ANCHOR 300M 1000 FEETS VINTAGE RAR 2,130.11,Festpreis,0,100,1,130.11,2. Jun 2026,-,FALSE,terapeak_rolex_p35.html
ROLEX JUBILEE STAHL ARMBAND ANSTOSS STÜCK 10MM FÜR DAMEN BAND STAHL/GOLD,169.76,Festpreis,0,100,1,169.76,28. Dez 2024,-,FALSE,terapeak_rolex_p35.html
ROLEX GOLD KRONE CROWN FÜR DAMEN DATE 69240 VINTAGE RAR,145.43,Festpreis,0,100,1,145.43,8. Dez 2025,-,FALSE,terapeak_rolex_p35.html
ROLEX JUBILEE STAHL ARMBAND ERSATZGLIED 15MM FÜR HERREN BAND,45.47,Festpreis,0,100,1,45.47,27. Aug 2023,-,FALSE,terapeak_rolex_p35.html
ROLEX LEDER ARMBAND DORNSCHLIESSE CLASP BUCKLE 10MM STAHL,94.88,Festpreis,9.49,0,1,94.88,27. Dez 2023,-,FALSE,terapeak_rolex_p35.html
ROLEX GOLD KRONE CROWN FÜR HERREN DATEJUST 16013 VINTAGE RAR,161.29,Festpreis,0,100,1,161.29,24. Apr 2024,-,FALSE,terapeak_rolex_p35.html
ROLEX ANSTOSS FÜR JUBILEE BAND 20MM STAHL/GOLD 455 RAR VINTAGE 4,103.35,Festpreis,9.4,0,1,103.35,4. Jan 2024,-,FALSE,terapeak_rolex_p35.html
ROLEX PLEXY GLAS FÜR DATEJUST 36 VINTAGE NEU VERPACKT B25-118-J1 FÜR 1600 1601,281.17,Festpreis,9.37,0,1,281.17,18. Jul 2024,-,FALSE,terapeak_rolex_p35.html
ROLEX PRÄSIDENT ARMBAND ERSATZGLIED LINK GLIED 18K 750 MASSIVGOLD 16MM,460.63,Festpreis,0,100,1,460.63,11. Sep 2023,-,FALSE,terapeak_rolex_p35.html
ROLEX ANSTOSS FÜR JUBILEE BAND 19MM STAHL/GOLD 474 RAR VINTAGE END LINK 474,230.83,Festpreis,9.24,0,1,230.83,30. Jun 2024,-,FALSE,terapeak_rolex_p35.html
ROLEX JUBILEE STAHL ARMBAND ERSATZGLIED 15MM FÜR HERREN BAND,63.08,Festpreis,0,100,1,63.08,6. Mai 2024,-,FALSE,terapeak_rolex_p35.html
"ROLEX OYSTER HERREN GOLD ARMBAND ERSATZGLIED 18K 750 MASSIV WEISSGOLD 15,5MM",455.07,Festpreis,0,100,2,910.14,9. Sep 2024,-,FALSE,terapeak_rolex_p35.html
ROLEX LEDER ARMBAND DORNSCHLIESSE CLASP BUCKLE 16MM STAHL,141.06,Festpreis,0,100,1,141.06,16. Dez 2023,-,FALSE,terapeak_rolex_p35.html
ROLEX JUBILEE DAMEN STAHL/GOLD ERSATZGLIED GLIED LINK 14MM NEUE VERSION MASSIV,168.01,Festpreis,0,100,1,168.01,9. Jul 2024,-,FALSE,terapeak_rolex_p35.html
"ROLEX ERSATZGLIED GLIED 750 MASSIV GELBGOLDGOLD OYSTER BAND 15,5MM NEUE VERSION",505.58,Festpreis,0,100,1,505.58,21. Apr 2024,-,FALSE,terapeak_rolex_p35.html
ROLEX ERSATZGLIED GLIED STAHL JUBILEE 16MM STAHL/GOLD NEUE VERSION 116233,120.96,Festpreis,9.3,0,1,120.96,31. Mrz 2024,-,FALSE,terapeak_rolex_p35.html
ROLEX LEDER ARMBAND DORNSCHLIESSE CLASP BUCKLE 10MM STAHL 18K 750 MASSIV GOLD,160.49,Festpreis,0,100,1,160.49,23. Apr 2024,-,FALSE,terapeak_rolex_p35.html
ROLEX JUBILEE STAHL ARMBAND FALTSCHLIESSE 16MM 78753 Z10 VINTAGE SCHÖNER ZUSTAND,277,Festpreis,9.24,0,1,277,14. Feb 2024,-,FALSE,terapeak_rolex_p35.html
ROLEX ANSTOSS FÜR OYSTER BAND 20MM STAHL 78360 580 RAR VINTAGE END LINKS,142.75,Festpreis,9.52,0,1,142.75,31. Dez 2023,-,FALSE,terapeak_rolex_p35.html
ROLEX PRÄSIDENT ARMBAND ERSATZGLIED GLIED LINK 18MM 18K GOLD ROSE DAY DATE 41,479.99,Festpreis,0,100,1,479.99,21. Sep 2024,-,FALSE,terapeak_rolex_p35.html
ROLEX VINTAGE 18K 750 MASSIV GOLD ARMBAND ERSATZGLIED GLIED 8MM NIETEN ARMBAND,321.28,Festpreis,9.18,0,4,1285.13,12. Nov 2024,-,FALSE,terapeak_rolex_p35.html
ROLEX LEDER ARMBAND DORNSCHLIESSE CLASP BUCKLE 10MM STAHL,112.78,Festpreis,0,100,1,112.78,15. Jan 2025,-,FALSE,terapeak_rolex_p35.html
ROLEX LEDER ARMBAND FALTSCHLIESSE 16MM 18K 750 MASSIV GOLD DEPLOYMENT CLASP 3,1402.5,Festpreis,0,100,1,1402.5,9. Apr 2024,-,FALSE,terapeak_rolex_p35.html
ROLEX JUBILEE STAHL ARMBAND FALTSCHLIESSE 16MM 62523H18 D12 VINTAGE SCHÖN 2,186.88,Festpreis,0,100,1,186.88,26. Mai 2024,-,FALSE,terapeak_rolex_p35.html
ROLEX LEDER ARMBAND FALTSCHLIESSE 16MM 18K 750 MASSIV GOLD DEPLOYMENT CLASP 3,1403.21,Festpreis,9.36,0,1,1403.21,29. Mai 2024,-,FALSE,terapeak_rolex_p35.html
ROLEX LEDER ARMBAND DORNSCHLIESSE CLASP BUCKLE 10MM STAHL VERGOLDET 2,239.94,Festpreis,0,100,1,239.94,14. Mai 2025,-,FALSE,terapeak_rolex_p35.html
ROLEX LEDER ARMBAND DORNSCHLIESSE CLASP BUCKLE 16MM STAHL VERGOLDET,191.99,Festpreis,0,100,1,191.99,17. Dez 2024,-,FALSE,terapeak_rolex_p35.html
ROLEX OYSTER ARMBAND ERSATZGLIED GLIED LINK 16MM 18K 750 MASSIV ROSE GOLD NEUE V,547.71,Festpreis,0,100,1,547.71,8. Jun 2026,-,FALSE,terapeak_rolex_p35.html
"ROLEX ERSATZGLIED GLIED 750 MASSIV GELBGOLDGOLD OYSTER BAND 15,5MM NEUE VERSION",547.71,Festpreis,0,100,2,1095.41,7. Jun 2026,-,FALSE,terapeak_rolex_p35.html
"Rolex Oyster Glied für Daytona etc. 116520 116500 116710 16520 126334 15,5mm",122.02,Festpreis,6.18,0,1,122.02,9. Okt 2024,-,FALSE,terapeak_rolex_p35.html
ROLEX ARMBAND FALTSCHLIESSE 78350 FALTSCHLIESSE DEPLOYMENT CLASP NEUWERTIG,398.18,Festpreis,9.98,0,1,398.18,25. Mrz 2026,-,FALSE,terapeak_rolex_p35.html
ROLEX ARMBAND FALTSCHLIESSE 63113 FALTSCHLIESSE DEPLOYMENT CLASP NEUWERTIG,365.21,Festpreis,9.13,0,1,365.21,19. Nov 2024,-,FALSE,terapeak_rolex_p35.html
ROLEX LEDER ARMBAND DORNSCHLIESSE CLASP BUCKLE 16MM STAHL,189.96,Festpreis,0,100,1,189.96,3. Sep 2024,-,FALSE,terapeak_rolex_p35.html
ROLEX HERREN ARMBAND ERSATZGLIED OYSTER STAHL/STAHL 15.5MM MATT 93150,59.52,Festpreis,0,100,1,59.52,22. Sep 2024,-,FALSE,terapeak_rolex_p35.html
ROLEX JUBILEE GLIED 12MM DAMEN NEUE VERSION RAR MASSIV 2,96,Festpreis,9.6,0,3,287.99,23. Sep 2024,-,FALSE,terapeak_rolex_p35.html
ROLEX OYSTER STAHL ARMBAND FALTSCHLIESSE 15MM 78360 S16  VINTAGE SCHÖNER ZUSTAND,337.08,Festpreis,9.63,0,1,337.08,28. Sep 2024,-,FALSE,terapeak_rolex_p35.html
ROLEX OYSTER STAHL ARMBAND FALTSCHLIESSE 14MM 72163 R1 STAHL/ 18K GOLD,447.25,Festpreis,8.94,0,1,447.25,7. Feb 2025,-,FALSE,terapeak_rolex_p35.html
ROLEX JUBILEE STAHL/GOLD ARMBAND ANSTOSS STÜCK 16MM FÜR HERREN BAND,120.28,Festpreis,0,100,1,120.28,3. Okt 2024,-,FALSE,terapeak_rolex_p35.html
ROLEX OYSTER STAHL ARMBAND FALTSCHLIESSE 15MM 78360 G11 VINTAGE SCHÖNER ZUSTAND,352.85,Festpreis,10.08,0,1,352.85,28. Apr 2026,-,FALSE,terapeak_rolex_p35.html
ROLEX HERREN LÜNETTE BEZEL 18K 750 GOLD HERREN DAY DATE 36 MIT BRILLIANTEN,903.97,Festpreis,0,100,1,903.97,4. Okt 2024,-,FALSE,terapeak_rolex_p35.html
ROLEX PRÄSIDENT ARMBAND FALTSCHLIESSE 16MM 18K 750 GOLD DEPLOYMENT CLASP 8385,1807.8,Festpreis,9.04,0,1,1807.8,16. Feb 2025,-,FALSE,terapeak_rolex_p35.html
ROLEX PRÄSIDENT ARMBAND ERSATZGLIED GLIED LINK 16MM 18K 750 GOLD TRIDOR HERREN,518.67,Festpreis,0,100,1,518.67,28. Jan 2026,-,FALSE,terapeak_rolex_p35.html
"Rolex Oyster Glied für Daytona etc. 116520 116500 116710 16520 126334 15,5mm",113.85,Festpreis,5.76,0,1,113.85,11. Jan 2025,-,FALSE,terapeak_rolex_p35.html
ROLEX OYSTER ARMBAND STAHL/GOLD ERSATZGLIED GLIED LINK 13MM,196.81,Festpreis,0,100,1,196.81,19. Jun 2025,-,FALSE,terapeak_rolex_p35.html
ROLEX ANSTÖSSE FÜR OYSTER BAND 20MM STAHL 585 RAR NEU B32-585-0-K2,399.58,Festpreis,8.88,0,1,399.58,11. Feb 2025,-,FALSE,terapeak_rolex_p35.html
Rolex Oyster Glied Rose Everose Gold 40mm Yachtmaster,179.32,Festpreis,4.92,0,1,179.32,31. Dez 2024,-,FALSE,terapeak_rolex_p35.html
ROLEX HERREN ARMBAND FALTSCHLIESSE 9315 FALTSCHLIESSE DEPLOYMENT CLASP NEUWERTIG,353.69,Festpreis,9.07,0,1,353.69,11. Dez 2024,-,FALSE,terapeak_rolex_p36.html
ROLEX LEDER ARMBAND DORNSCHLIESSE BUCKLE 18MM 18K 750 MASSIV GOLD GELBGOLD,745.35,Festpreis,0,100,1,745.35,30. Mrz 2025,-,FALSE,terapeak_rolex_p36.html
ROLEX LEDER ARMBAND FALTSCHLIESSE 18MM 18K 750 MASSIV WEISSGOLD DEPLOYMENT CLASP,2141.48,Festpreis,10.08,0,1,2141.48,17. Aug 2025,-,FALSE,terapeak_rolex_p36.html
ROLEX ANSTOSS FÜR OYSTER BAND 20MM STAHL/GOLD 401B RAR VINTAGE SUBMARINER,221.66,Festpreis,10.08,0,1,221.66,11. Dez 2025,-,FALSE,terapeak_rolex_p36.html
ROLEX JUBILEE ERSATZGLIED GLIED LINK 16MM 18K 750 MASSIV GOLD ALTE VERSION,396.74,Festpreis,9.92,0,4,1586.97,22. Nov 2025,-,FALSE,terapeak_rolex_p36.html
ROLEX JUBILEE HERREN STAHL ERSATZGLIED GLIED LINK 15MM NEUE VERSION ROSE GOLD,147.84,Festpreis,0,100,1,147.84,3. Jun 2025,-,FALSE,terapeak_rolex_p36.html
"Rolex Oyster - Ersatzglied - 750/- Gold / Stahl - 15,50 mm - neuwertig",262.49,Festpreis,43.6,0,1,262.49,9. Feb 2025,-,FALSE,terapeak_rolex_p36.html
Rolex Jubilee - Ersatzglied - Link Gold für GMT 16718 & DJ 16018 / 16238 - 16mm,379.4,Festpreis,0,100,1,379.4,3. Feb 2025,-,FALSE,terapeak_rolex_p36.html
"Rolex Jubilee - Doppelglied - Stahl / 750/- Gold - 15,50 mm - NEU",243.72,Festpreis,0,100,1,243.72,24. Apr 2025,-,FALSE,terapeak_rolex_p36.html
ROLEX LEDER ARMBAND DORNSCHLIESSE CLASP BUCKLE 14MM STAHL VERGOLDET,146.69,Festpreis,0,100,1,146.69,15. Apr 2025,-,FALSE,terapeak_rolex_p36.html
Rolex Krone in Gold Tubus mit Dichtung.,90.1,Auktion,5.57,0,1,90.1,22. Feb 2025,1,FALSE,terapeak_rolex_p36.html
ROLEX PRÄSIDENT ARMBAND ERSATZGLIED GLIED LINK 10MM 18K 750 GOLD BORKE,248.48,Festpreis,0,100,1,248.48,3. Nov 2025,-,FALSE,terapeak_rolex_p36.html
ROLEX PRÄSIDENT ARMBAND ERSATZGLIED GLIED 18K 750 MASSIVGOLD 16MM BRILLIANTEN,600.7,Festpreis,0,100,1,600.7,17. Nov 2025,-,FALSE,terapeak_rolex_p36.html
Uhr Strap Ersatz Schraube Pins Links für Rolex Uhr Band Armband Armband,20.38,Festpreis,0,100,1,20.38,13. Jun 2025,-,FALSE,terapeak_rolex_p36.html
ROLEX HERREN LÜNETTE BEZEL 18K 750 GOLD AUßEN 39MM FÜR DATEJUST 41,952.56,Festpreis,0,100,1,952.56,29. Okt 2025,-,FALSE,terapeak_rolex_p36.html
ROLEX OYSTERQUARTZ ARMBAND ERSATZGLIED LINK GLIED 18K 750 MASSIVGOLD 16MM,378.61,Festpreis,0,100,1,378.61,31. Okt 2025,-,FALSE,terapeak_rolex_p36.html
ROLEX OYSTERQUARTZ ARMBAND ERSATZGLIED LINK GLIED 18K 750 MASSIVGOLD 16MM,406.96,Festpreis,0,100,1,406.96,25. Mrz 2026,-,FALSE,terapeak_rolex_p36.html
Rolex Schlüsselanhänger Krone Stahl,119.1,Auktion,5.46,0,1,119.1,5. Nov 2025,1,FALSE,terapeak_rolex_p36.html
ROLEX LEDER ARMBAND DORNSCHLIESSE CLASP BUCKLE 14MM STAHL,150.43,Festpreis,0,100,1,150.43,3. Jan 2026,-,FALSE,terapeak_rolex_p36.html
Rolex Basecap - grün,15.04,Auktion,5.51,0,1,15.04,10. Jan 2026,1,FALSE,terapeak_rolex_p36.html
"ROLEX OYSTER ARMBAND ERSATZGLIED GLIED LINK 15,5MM 18K 750 MASSIV ROSE GOLD",497.18,Festpreis,14.91,0,1,497.18,10. Jun 2026,-,FALSE,terapeak_rolex_p36.html
"ROLEX OYSTER GOLD ARMBAND ERSATZGLIED 18K 750 MASSIV WEISSGOLD 15,5MM FULL LINK",597.91,Festpreis,0,100,1,597.91,12. Mrz 2026,-,FALSE,terapeak_rolex_p36.html
ROLEX LEDER ARMBAND DORNSCHLIESSE BUCKLE 16MM 18K 750 MASSIV WEISS WEISSGOLD,547.33,Festpreis,9.95,0,1,547.33,5. Apr 2026,-,FALSE,terapeak_rolex_p36.html
Rolex cal. 3030 Flume Unruh Deckstein Federsteg Krone Zahnräder Uhrenteile 44p43,6.03,Auktion,0.75,0,1,6.03,10. Mai 2024,3,FALSE,terapeak_rolex_p36.html
Artikelnr. 375417254095,46.81,Festpreis,13.95,0,2,93.61,6. Jun 2024,-,FALSE,terapeak_rolex_p36.html
Artikelnr. 375417254147,56.23,Festpreis,13.97,0,2,112.46,7. Jun 2024,-,FALSE,terapeak_rolex_p36.html
ROLEX Oyster Ersatzglied 14 mm Stahl passend für z.B. Datejust 31 Glied #03,65.75,Festpreis,0,100,1,65.75,28. Jul 2025,-,FALSE,terapeak_rolex_p36.html
ROLEX Jubilee Ersatzglied 10 mm Stahl Gold passend für Datejust 26 Glied #14-15,89.83,Festpreis,17.46,0,2,179.66,4. Aug 2025,-,FALSE,terapeak_rolex_p36.html
ROLEX Jubilee Ersatzglied 10 mm Stahl Gold passend für Datejust 26 Glied #11-13,26.28,Auktion,0,100,1,26.28,23. Nov 2025,9,FALSE,terapeak_rolex_p36.html
Vintage Rolex 6238 6239 6236 6262 DAYTONA 24-P3-0 Pushers,406.08,Festpreis,40.61,0,1,406.08,21. Feb 2026,-,FALSE,terapeak_rolex_p36.html
Rolex Sea-Dweller 16600 16660 Ventil Helium Valve B24-V53-1-Y1,107.39,Festpreis,15.16,0,1,107.39,8. Feb 2026,-,FALSE,terapeak_rolex_p36.html
Rolex Sea-Dweller 16600 16660 Ventil Helium Valve B24-V53-1-Y1,106.66,Festpreis,15.07,0,1,106.66,13. Mai 2026,-,FALSE,terapeak_rolex_p36.html
Saphir-Uhrenglas für Rolex Datejust Midsize 68273 25 mm Neu,8.42,Festpreis,0,100,2,16.83,12. Okt 2023,-,FALSE,terapeak_rolex_p37.html
"Konvolut aus Taschenuhr Teilen | 8x Werk | 3x Gehäuse | ... | ROLEX, ELGIN, EDMA",104.76,Auktion,5.51,0,1,104.76,17. Sep 2023,17,FALSE,terapeak_rolex_p37.html
Rolex Stundenrad Doppelverzahnung Cal. 1535 1525 1570 7952 Hour wheel H 1.8 mm,71.8,Festpreis,22.43,0,1,71.8,25. Nov 2024,-,FALSE,terapeak_rolex_p37.html
Rolex SERVICE ETUI REISE VERPACKUNG UHRENBOX TRAVEL,23.68,Festpreis,2.56,0,1,23.68,15. Dez 2023,-,FALSE,terapeak_rolex_p37.html
Rolex Daytona Datejust Sky Dweller Lady Oyster Perpetual Day Date Magazine,29.6,Festpreis,13.94,0,1,29.6,31. Okt 2024,-,FALSE,terapeak_rolex_p37.html
Rolex Shirts Armband Nieten Genietet Armband Links Oldtimer,28.52,Festpreis,13.76,0,1,28.52,15. Feb 2024,-,FALSE,terapeak_rolex_p37.html
ROLEX GMT MASTER Inlay Insert Bezel Lünette Coke 16700 16710 16760 Vintage Faded,182.61,Festpreis,5.14,0,1,182.61,17. Mai 2024,-,FALSE,terapeak_rolex_p37.html
Saphir-Uhrenglas für Rolex Datejust Midsize 68273 25 mm Neu,8.34,Festpreis,0,100,1,8.34,6. Apr 2024,-,FALSE,terapeak_rolex_p37.html
Uhr Strap Ersatz Schraube Pins Links für Rolex Uhr Band Armband Armband,21.7,Festpreis,0,100,1,21.7,13. Feb 2024,-,FALSE,terapeak_rolex_p37.html
Rolex Präsident Borke Band 750/18kt Gelbgold 10 mm Ersatz/ Erweiterungsglied,188.94,Festpreis,0,100,3,566.81,7. Apr 2026,-,FALSE,terapeak_rolex_p37.html
ROLEX Submariner ZEIGERSATZ HANDSET Tritium  6536/ 1  - 6538 Für 1030 Werke,362.5,Festpreis,9.2,0,1,362.5,6. Mrz 2025,-,FALSE,terapeak_rolex_p37.html
"Rolex Bubble Gehäuse für Bastler, Ref. 5015 # 545383, 32 mm        11/30",141.86,Auktion,6.44,0,1,141.86,9. Mrz 2025,8,FALSE,terapeak_rolex_p37.html
Rolex Jersey Verschluß Armband Jubilee Closure Link B32-20493-L1,71.44,Festpreis,14.41,0,1,71.44,9. Mai 2025,-,FALSE,terapeak_rolex_p37.html
ULTRA RARE VINTAGE TUDOR SUBMARINER 7016 9411 0 79090 SCHNEEFLOCKEN ZEIGER SET,170.96,Festpreis,90.03,0,1,170.96,28. Jul 2025,-,FALSE,terapeak_rolex_p37.html
Zifferblatt für Rolex Submariner,47.24,Auktion,0,100,1,47.24,26. Sep 2025,1,FALSE,terapeak_rolex_p37.html
"Rolex Pearlmaster Glieder 13mm 18k Ref 80298, 80318",736.78,Festpreis,6.16,0,1,736.78,11. Nov 2025,-,FALSE,terapeak_rolex_p37.html
ORIG ROLEX / TUDOR  KRONE CROWN STAHL TRIPLOCK 7mm STEEL SUBMARINER für 2824 - 2,125.37,Auktion,9.93,0,1,125.37,8. Dez 2025,1,FALSE,terapeak_rolex_p37.html
ROLEX Garantie Mäppchen Etui rot Vintage 101.60.55 sehr guter Zustand,28.91,Festpreis,15.96,0,1,28.91,8. Apr 2026,-,FALSE,terapeak_rolex_p37.html
Rolex Swimpruf Hang Tag 90er Jahre,18.68,Festpreis,0,100,1,18.68,15. Nov 2023,-,FALSE,terapeak_rolex_p37.html
Rolex Swimpruf Explorer 2 16570,18.61,Festpreis,0,100,1,18.61,31. Mrz 2024,-,FALSE,terapeak_rolex_p37.html
Rolex Swimpruf Datejust Gold,23.38,Festpreis,0,100,1,23.38,29. Jul 2024,-,FALSE,terapeak_rolex_p37.html
Rolex Swimpruf GMT-Master 16710 DLRO,23.53,Festpreis,14.03,0,1,23.53,12. Aug 2024,-,FALSE,terapeak_rolex_p37.html
Rolex Swimpruf Submariner Ceramic 116610 LN,27.13,Festpreis,0,100,1,27.13,27. Jan 2025,-,FALSE,terapeak_rolex_p37.html
Rolex Swimpruf Date 116264,32.94,Festpreis,0,100,1,32.94,3. Aug 2023,-,FALSE,terapeak_rolex_p37.html
Rolex Oyster Gehäuseöffner Werkzeug,46.85,Auktion,5.14,0,1,46.85,17. Jan 2024,1,FALSE,terapeak_rolex_p37.html
AUFZUGSWELLE STEM Rolex KALIBER 1530-1535 Premium Qualität,12.66,Festpreis,0,100,2,25.31,26. Jan 2025,-,FALSE,terapeak_rolex_p37.html
"Konvolut Aufzugswellen für z.B. Junghans, Rolex, Tissot, uvm",52.5,Auktion,5.53,0,1,52.5,21. Jan 2024,8,FALSE,terapeak_rolex_p37.html
"ROLEX Oyster Armband Stahl Gold 18 K Ersatzglied Link 15,5MM Für Submariner, GMT",186.16,Festpreis,5.6,0,1,186.16,29. Mai 2024,-,FALSE,terapeak_rolex_p37.html
Rolex lot parts set uhrmachernachlass,648.22,Auktion,9.81,0,1,648.22,10. Apr 2024,13,FALSE,terapeak_rolex_p38.html
"ROLEX 24-530-0 OYSTER  CROWN SS EDELSTAHL OYSTER STAHL VINTAGE 5,3mm mit Tubus",71.1,Festpreis,5.61,0,1,71.1,22. Mai 2024,-,FALSE,terapeak_rolex_p38.html
"Konvolut Uhrenersatzteile, Unruhwellen für u.A. IWC, Omega, Tissot, uvm",83.75,Auktion,6.5,0,1,83.75,4. Aug 2024,12,FALSE,terapeak_rolex_p38.html
Rolex Oyster O-ring Dichtung Referenz.17010 - 17013 Armbanduhren 1 Stück,9.62,Festpreis,0,100,1,9.62,28. Sep 2024,-,FALSE,terapeak_rolex_p38.html
Echte Rolex Oyster Faltschliesse Stahl/Gold für Submariner,364.11,Festpreis,5,0,1,364.11,28. Nov 2024,-,FALSE,terapeak_rolex_p38.html
Zugfeder  Omega 1040 Kaliber Mainspring 1208.Cal.1040,18.13,Festpreis,2.45,0,1,18.13,11. Dez 2024,-,FALSE,terapeak_rolex_p38.html
"Rolex Krone 24-530-8. 5,3mm. gebraucht",95.83,Festpreis,0,100,1,95.83,26. Jun 2025,-,FALSE,terapeak_rolex_p38.html
Rolex Uhrwerk Cal.282,164.71,Festpreis,11.97,0,1,164.71,4. Aug 2025,-,FALSE,terapeak_rolex_p38.html
Rolex Uhrwerk Cal.1400,125.01,Festpreis,11.99,0,1,125.01,25. Jun 2025,-,FALSE,terapeak_rolex_p38.html
Rolex Oyster Swimpruf Hang Tag Preisschild Anhänger  Grün green 14060M,15.05,Festpreis,2,0,1,15.05,18. Okt 2025,-,FALSE,terapeak_rolex_p38.html
Rolex Oyster Swimpruf Hang Tag Preisschild Anhänger  Grün green,10.11,Festpreis,2.02,0,1,10.11,13. Sep 2025,-,FALSE,terapeak_rolex_p38.html
Rolex Oyster Swimpruf Hang Tag Preisschild Anhänger  Grün green,9.99,Festpreis,1.99,0,1,9.99,30. Okt 2025,-,FALSE,terapeak_rolex_p38.html
Rolex Oyster Swimpruf Hang Tag Preisschild Anhänger Grün green 116264,12.04,Festpreis,2,0,1,12.04,28. Okt 2025,-,FALSE,terapeak_rolex_p38.html
"Rolex Krone 24-530 Gelbgold 5,3mm.",118.84,Festpreis,0,100,1,118.84,18. Nov 2025,-,FALSE,terapeak_rolex_p38.html
AUFZUGSWELLE STEM Rolex Cal.4130 Premium Qualität,18.9,Festpreis,0,100,1,18.9,12. Jun 2026,-,FALSE,terapeak_rolex_p38.html
"Rolex 116610, 114060 Keramik Einlage - Rolex Ceramic Insert",457.93,Auktion,6.3,0,1,457.93,2. Mrz 2026,1,FALSE,terapeak_rolex_p38.html
"Rolex 3135 Rotor Neu , New",122.14,Auktion,6.3,0,1,122.14,17. Apr 2026,1,FALSE,terapeak_rolex_p38.html
"rolex 3130 / 3135 generic ratchet wheel, part no. 3135-305",29.02,Festpreis,3.01,0,1,29.02,2. Jun 2026,-,FALSE,terapeak_rolex_p38.html
ROLEX 2130-452 453 SCHELLE KLÖTZCHENTRÄGER OYSTER PERPETUAL PART RESTORE REPAIR,79.35,Festpreis,6.89,0,1,79.35,20. Mrz 2026,-,FALSE,terapeak_rolex_p38.html
ROLEX 2130 DIAL ZIFFERBLATT GOLD LADY OYSTER PERPETUAL PART RESTORE REPAIR,42.35,Festpreis,6.54,0,1,42.35,21. Jun 2023,-,FALSE,terapeak_rolex_p38.html
ROLEX WOOD GOLF PITCH GABEL RARE WEISS HOLZ SPORT LUXUS OYSTER DAYTONA CUP,8.47,Festpreis,6.54,0,5,42.34,3. Aug 2023,-,FALSE,terapeak_rolex_p38.html
ROLEX 2130-432 UNRUH BALANCE MAINSPRING WELLE PLATEAU REIF 2130 PART SPARE,109.21,Festpreis,6.6,0,1,109.21,6. Aug 2023,-,FALSE,terapeak_rolex_p38.html
ROLEX PLATINE MAINPLATE BUBBLEBACK OYSTER PERPETUAL A630 630 PART TEIL REPAIR,261.79,Festpreis,58.02,0,1,261.79,1. Feb 2025,-,FALSE,terapeak_rolex_p38.html
ROLEX WHEEL BRIDGE RARE BUBBLEBACK OYSTER PERPETUAL A630 630 PART TEIL REPAIR,165.8,Festpreis,58.02,0,1,165.8,4. Feb 2025,-,FALSE,terapeak_rolex_p38.html
ROLEX CENTER WHEEL PINION CANON 3724 OYSTER PERPETUAL A630 630 PART TEIL REPAIR,109.37,Festpreis,16.4,0,1,109.37,28. Okt 2023,-,FALSE,terapeak_rolex_p38.html
ROLEX LEVER ANKER ANCRE BUBBLEBACK OYSTER PERPETUAL A630 630 PART TEIL REPAIR,95.81,Festpreis,27.78,0,1,95.81,13. Jul 2023,-,FALSE,terapeak_rolex_p38.html
ROLEX ROTOR WEIGHT + SCREW BUBBLEBACK OYSTER PERPETUAL A630 630 PART TEIL REPAIR,155.23,Festpreis,6.35,0,1,155.23,25. Okt 2023,-,FALSE,terapeak_rolex_p38.html
ROLEX YOKE BASCULE VINTAGE BUBBLEBACK OYSTER PERPETUAL 630 A630 PART TEIL REPAIR,68.02,Festpreis,47.24,0,1,68.02,15. Jan 2024,-,FALSE,terapeak_rolex_p38.html
ROLEX SETTING LEVER TIRETT BUBBLEBACK OYSTER PERPETUAL 630 A630 PART TEIL REPAIR,109.19,Festpreis,6.47,0,1,109.19,31. Jul 2024,-,FALSE,terapeak_rolex_p38.html
ROLEX 2235-360 MINUTE WHEEL MINUTEN PART SPARE REPAIR OYSTER PERPETUAL 2035 2030,30.08,Festpreis,29.08,0,1,30.08,6. Dez 2025,-,FALSE,terapeak_rolex_p38.html
"ROLEX 24-604-0 OYSTER KRONE CROWN SS EDELSTAHL OYSTER STAHL VINTAGE 6,0mm RARE",61.41,Festpreis,26.78,0,1,61.41,21. Sep 2023,-,FALSE,terapeak_rolex_p38.html
TUDOR HYDRONAUT 1200 KRONE CROWN SS EDELSTAHL STAHL VINTAGE  RARE,70.68,Festpreis,29.28,0,1,70.68,10. Jul 2025,-,FALSE,terapeak_rolex_p38.html
"ROLEX 24-704-8 OYSTER KRONE CROWN YG MONOBLOC OYSTER GOLD VINTAGE 7,0mm RARE",277.53,Festpreis,7.07,0,1,277.53,2. Mrz 2026,-,FALSE,terapeak_rolex_p38.html
ROLEX SUBMARINER INLAY BEZEL INSERT LÜNETTE EINLAGE RING SCHWARZ SUPERLUMINOVA,122.92,Festpreis,6.25,0,1,122.92,28. Dez 2024,-,FALSE,terapeak_rolex_p38.html
ROLEX GLASHALTERING GLAS HOLDING RING EDELSTAHL SAPHIRGLAS SAPPHIRE CRYSTAL PART,111.84,Festpreis,6.3,0,1,111.84,28. Sep 2023,-,FALSE,terapeak_rolex_p38.html
ROLEX 3135 31XX ROTOR BRIDGE AUTOMATIK BARREL DEVICE  UNRUH SPARE REPAIR PART,42.2,Festpreis,46.89,0,1,42.2,24. Jan 2024,-,FALSE,terapeak_rolex_p38.html
ROLEX 3135-310 RAD WHEEL PART SPARE REPAIR OYSTER FEDERHAUS DATE RESTORE BARREL,42.67,Festpreis,6.31,0,1,42.67,19. Okt 2023,-,FALSE,terapeak_rolex_p39.html
Frühling Büro Rolex 1120 1130 1135 1160 1161 1166 Kompatibel Swiss Made Vintage,21.91,Festpreis,9.96,0,1,21.91,17. Jun 2025,-,FALSE,terapeak_rolex_p39.html
Zenith 3019 1499 Umlenkhebel Dell'Inverter El Primero 400 Renvoi D',33.12,Festpreis,9.46,0,1,33.12,10. Aug 2023,-,FALSE,terapeak_rolex_p39.html
ROLEX GLASHALTERING GMT GLAS HOLDING RING EDELSTAHL SAPHIRGLAS SAPPHIRE PART,125.47,Festpreis,29.11,0,1,125.47,29. Okt 2025,-,FALSE,terapeak_rolex_p39.html
ROLEX 3035 3135 GMT HANDSET YG GELB GOLD OYSTER PERPETUAL SET RARE ZEIGER,189.05,Festpreis,7.07,0,1,189.05,8. Feb 2026,-,FALSE,terapeak_rolex_p39.html
ROLEX  3075 ZEIGER YG GELB GOLD OYSTER PERPETUAL RARE TRITIUM HAND LANCETTE,186.28,Festpreis,6.97,0,1,186.28,14. Jan 2026,-,FALSE,terapeak_rolex_p39.html
ROLEX 3075 ZEIGER HOUR HAND STUNDE TRITIUM MERCEDES EXPLORER GMT VINTAGE PART,64.23,Festpreis,23.17,0,1,64.23,15. Aug 2024,-,FALSE,terapeak_rolex_p39.html
ROLEX 3135 31XX WHEEL BRIDGE AUTOMATIK BRÜCKE  UHRWERK UNRUH SPARE REPAIR PART,33.1,Festpreis,6.57,0,1,33.1,7. Jan 2024,-,FALSE,terapeak_rolex_p39.html
ROLEX 3135 130 WINDING BRIDGE AUFZUGSBRÜCKE BRÜCKE  SPARE REPAIR OYSTER RESTORE,34.69,Festpreis,6.51,0,1,34.69,24. Jun 2023,-,FALSE,terapeak_rolex_p39.html
ROLEX A296 AUTOMATIC BRIDGE ROTOR BRÜCKE SPARE REPAIR OYSTER RESTORE,87.87,Festpreis,21.89,0,1,87.87,30. Dez 2024,-,FALSE,terapeak_rolex_p39.html
ROLEX SUBMARINER GMT MASTER ZEIGER HANDS GOLD MINUTE 3035 3135 1570 1575 1560,54,Festpreis,28.47,0,1,54,8. Jun 2025,-,FALSE,terapeak_rolex_p39.html
ROLEX 1575 GMT 1 SEKUNDENZEIGER HAND SUBMARINER GILT GOLD  TRITIUM,65.9,Festpreis,47.07,0,1,65.9,3. Aug 2023,-,FALSE,terapeak_rolex_p39.html
ROLEX 3135-510 DRIVING WHEEL PART SPARE REPAIR OYSTER AUTOMATIK AUTOMATIC RAD,25.41,Festpreis,6.54,0,1,25.41,18. Jun 2023,-,FALSE,terapeak_rolex_p39.html
ROLEX 1530-7917 RAD AUTOMATIC PART SPARE REPAIR OYSTER PERPETUAL RESTORE,45.47,Festpreis,7.02,0,1,45.47,1. Okt 2025,-,FALSE,terapeak_rolex_p39.html
"ROLEX 24-704-0 OYSTER KRONE CROWN SET EDELSTAHL OYSTER STAHL TUBUS 7,0mm RARE",103.03,Festpreis,6.57,0,1,103.03,12. Aug 2023,-,FALSE,terapeak_rolex_p39.html
"ROLEX 24-724-0 OYSTER KRONE CROWN SS EDELSTAHL OYSTER STAHL 7,0mm RARE",97.59,Festpreis,47.12,0,1,97.59,21. Nov 2023,-,FALSE,terapeak_rolex_p39.html
"ROLEX 24-531-8 OYSTER KRONE CROWN YG MONOBLOC OYSTER GOLD VINTAGE 5,3mm RARE",157.65,Festpreis,9.72,0,1,157.65,13. Mai 2024,-,FALSE,terapeak_rolex_p39.html
"ROLEX 24-530-8 OYSTER KRONE CROWN YG GOLD OYSTER YELLOWGOLD VINTAGE 5,3mm RARE",118.37,Festpreis,7.07,0,1,118.37,2. Mrz 2026,-,FALSE,terapeak_rolex_p39.html
ROLEX A295 720 740 BIG BUBBLE BACK AUTOMATIK ROTOR CHRONOMETER WHEEL WECHSELRAD,70.75,Festpreis,6.47,0,1,70.75,22. Feb 2024,-,FALSE,terapeak_rolex_p39.html
ROLEX A295 720 740 BIG BUBBLE BACK AUTOMATIK ROTOR CHRONOMETER OSCILLATING WEIGH,86.3,Festpreis,27.81,0,1,86.3,29. Aug 2024,-,FALSE,terapeak_rolex_p39.html
Einsatz Keramik Schwarz Innenausstattung Rosen Gold Kompatibel Für Rolex 116515,68.42,Festpreis,0,100,1,68.42,16. Mrz 2025,-,FALSE,terapeak_rolex_p39.html
ROLEX GMT MASTER INLAY BEZEL INSERT LÜNETTE COKE 16700 16710 16760 VINTAGE FADED,174.02,Festpreis,6.81,0,1,174.02,7. Mai 2025,-,FALSE,terapeak_rolex_p39.html
ROLEX 2235 HAND SET YG GELB GOLD LADY OYSTER PERPETUAL DATEJUST RARE ZEIGERSATZ,53.38,Festpreis,6.29,0,1,53.38,22. Feb 2025,-,FALSE,terapeak_rolex_p39.html
ARMBAND STRETCH REPARATUR FÜR ROLEX JUBILEE BAND BICOLOR / EDELSTAHL SERVICE,335.17,Festpreis,6.68,0,1,335.17,21. Jul 2023,-,FALSE,terapeak_rolex_p39.html
Frühling Büro Rolex 1520 1525 1530 1535 1555 1560 1570 Kompatibel Swiss Made,14.52,Festpreis,9.3,0,1,14.52,28. Okt 2024,-,FALSE,terapeak_rolex_p39.html
ROLEX BUBBLEBACK ZEIGER HANDS HANDSET VINTAGE ZEIGERSATZ OYSTER PERPETUAL,94.59,Festpreis,29.33,0,1,94.59,27. Jul 2025,-,FALSE,terapeak_rolex_p39.html
ROLEX BUBBLEBACK ZEIGER HANDS HANDSET VINTAGE ZEIGERSATZ OYSTER PERPETUAL,102.49,Festpreis,27.02,0,1,102.49,5. Dez 2023,-,FALSE,terapeak_rolex_p39.html
ROLEX BUBBLEBACK ZEIGER HANDS HANDSET VINTAGE ZEIGERSATZ OYSTER PERPETUAL,97.45,Festpreis,28.99,0,1,97.45,21. Feb 2024,-,FALSE,terapeak_rolex_p39.html
ROLEX BUBBLEBACK ZEIGER HANDS HANDSET VINTAGE ZEIGERSATZ OYSTER PERPETUAL,89.18,Festpreis,61.99,0,1,89.18,3. Sep 2024,-,FALSE,terapeak_rolex_p39.html
ROLEX BUBBLEBACK ZEIGER HANDS HANDSET VINTAGE ZEIGERSATZ OYSTER PERPETUAL,100.34,Festpreis,26.46,0,1,100.34,22. Okt 2023,-,FALSE,terapeak_rolex_p39.html
ROLEX Scheibe für Unruh cal 1530 1570 part 7866 balance wheel roller plateau,52.14,Festpreis,18.8,0,4,208.55,24. Okt 2024,-,FALSE,terapeak_rolex_p4.html
ROLEX Krone Crown Datejust 16200 36 mm GMT 16710 16700 Explorer II 24-604-0 6 mm,127.57,Festpreis,9.44,0,4,510.3,2. Apr 2025,-,FALSE,terapeak_rolex_p4.html
Uhr Strap Ersatz Schraube Pins Links für Rolex Uhr Band Armband Armband,24.16,Festpreis,0,100,4,96.63,23. Apr 2026,-,FALSE,terapeak_rolex_p4.html
Aufzugswelle passend für Diverse Rolex Kaliber Armbanduhr Welle Winding Stem,11.91,Festpreis,3.64,0,4,47.61,8. Okt 2023,-,FALSE,terapeak_rolex_p4.html
Zugfeder passend für Rlx 3035 3055 3075 3085 Kaliber Mainspring 3035-5009,23.23,Festpreis,4.31,0,4,92.92,10. Mai 2026,-,FALSE,terapeak_rolex_p4.html
"Rolex Krone 24-600-8. 6,0mm. Gebraucht aber im guten Zustand.",77.19,Festpreis,24.04,0,8,617.5,6. Mai 2025,-,FALSE,terapeak_rolex_p4.html
Rolex cal. 2030-2035. 4430 Anker /Pallet fork  Neu,94.91,Festpreis,19.98,0,4,379.65,12. Nov 2025,-,FALSE,terapeak_rolex_p4.html
Federstege 20mm x 2mm für Rolex vintage Springbars,19.41,Festpreis,4.47,0,4,77.62,28. Apr 2025,-,FALSE,terapeak_rolex_p4.html
"SMOOTH BEZEL RING for ROLEX DATEJUST 36mm 1600, 16000",60.11,Festpreis,4.9,0,5,300.54,19. Mai 2026,-,FALSE,terapeak_rolex_p4.html
Winding Stem Wickelschaft für 3035 3030 Bewegung Handle Bar Stem Reperatur-Teile,5.44,Festpreis,1.96,0,9,49.02,13. Mai 2024,-,FALSE,terapeak_rolex_p4.html
ROLEX VINTAGE JUBILEE ARMBAND SEGMENT 20MM STAHL STEEL VINTAGE RAR,177.33,Festpreis,9.6,50,4,709.3,30. Okt 2025,-,FALSE,terapeak_rolex_p4.html
ROLEX HERREN ARMBAND ERSATZGLIED OYSTER STAHL/STAHL 15.5MM MATT 93150,75.23,Festpreis,10.11,75,5,376.14,26. Jul 2025,-,FALSE,terapeak_rolex_p4.html
ROLEX HERREN ARMBAND ERSATZGLIED OYSTER STAHL/STAHL 15.5MM NEUE VERSION,79.83,Festpreis,8.88,75,4,319.31,8. Jan 2026,-,FALSE,terapeak_rolex_p4.html
Uhr Strap Ersatz Schraube Pins Links für Rolex Uhr Band Armband Armband,22.25,Festpreis,0,100,4,89.02,18. Mrz 2024,-,FALSE,terapeak_rolex_p4.html
Schraubtubus Generisch mit Dichtungen kompatibel zu Rolex Tubus 24-6020,23.85,Festpreis,4.03,50,4,95.37,25. Aug 2025,-,FALSE,terapeak_rolex_p4.html
#A19 ORIG ROLEX BANDGLIED GLIED 116500 116710 116520 116400 116300 126334 126300,81.47,Festpreis,11.7,0,5,407.37,18. Jul 2024,-,FALSE,terapeak_rolex_p4.html
#1302 ROLEX 24-604-0 KRONE CROWN STAHL OYSTER 6mm DATEJUST GMT MASTER 16014,132.03,Festpreis,24.71,0,4,528.12,15. Mai 2025,-,FALSE,terapeak_rolex_p4.html
#A19 ROLEX BANDGLIED GLIED 116500 116710 116520 116400 116300 126334 126300,95.22,Festpreis,6.95,0,11,1047.45,10. Mai 2026,-,FALSE,terapeak_rolex_p4.html
Glas Kunststoff Kompatibel zu Rolex 25-117 1500 1510 1550 1625 Vintage Air King,9.55,Festpreis,9.61,0,5,47.74,6. Jun 2025,-,FALSE,terapeak_rolex_p4.html
Glas Kunststoff Kompatibel Rolex 25-135 16000 16003 16013 16014 16030 16250 Dj,9.32,Festpreis,9.42,0,7,65.23,15. Mai 2025,-,FALSE,terapeak_rolex_p4.html
"#1758 ORIG. ROLEX 15,4mm GLIED LINK OYSTER DATEJUST 78360 OYSTERBAND 16200",100.62,Festpreis,12.53,0,6,603.68,26. Mai 2026,-,FALSE,terapeak_rolex_p4.html
ROLEX BUBBLEBACK ZEIGER HANDS HANDSET VINTAGE ZEIGERSATZ OYSTER PERPETUAL,116.39,Festpreis,59.81,0,1,116.39,28. Apr 2024,-,FALSE,terapeak_rolex_p40.html
ROLEX A260 / 645 BUBBLEBACK ZEIGER HANDS HANDSET ZEIGERSATZ OYSTER PERPETUAL,209.86,Festpreis,27.43,0,1,209.86,9. Okt 2024,-,FALSE,terapeak_rolex_p40.html
ROLEX A260 / 645 BUBBLEBACK ZEIGER HANDS HANDSET ZEIGERSATZ OYSTER PERPETUAL,232.55,Festpreis,21.98,0,1,232.55,13. Dez 2024,-,FALSE,terapeak_rolex_p40.html
ROLEX BUBBLEBACK ZEIGER HANDS HANDSET VINTAGE ZEIGERSATZ OYSTER PERPETUAL,121.9,Festpreis,25.84,0,1,121.9,8. Jan 2025,-,FALSE,terapeak_rolex_p40.html
ROLEX BUBBLEBACK ZEIGER HANDS HANDSET VINTAGE ZEIGERSATZ OYSTER PERPETUAL,165.49,Festpreis,65.19,0,1,165.49,7. Dez 2025,-,FALSE,terapeak_rolex_p40.html
ROLEX BUBBLEBACK ZEIGER HANDS HANDSET VINTAGE ZEIGERSATZ OYSTER PERPETUAL,112.79,Festpreis,27.26,0,1,112.79,3. Jul 2023,-,FALSE,terapeak_rolex_p40.html
ROLEX BUBBLEBACK ZEIGER HANDS HANDSET VINTAGE ZEIGERSATZ OYSTER PERPETUAL,140.4,Festpreis,29.08,0,1,140.4,11. Aug 2025,-,FALSE,terapeak_rolex_p40.html
ROLEX BUBBLEBACK ZEIGER HANDS HANDSET VINTAGE ZEIGERSATZ OYSTER PERPETUAL,128.18,Festpreis,65.57,0,1,128.18,15. Mai 2026,-,FALSE,terapeak_rolex_p40.html
ROLEX BUBBLEBACK ZEIGER HANDS HANDSET VINTAGE ZEIGERSATZ OYSTER PERPETUAL,77.29,Festpreis,26.22,0,1,77.29,5. Okt 2023,-,FALSE,terapeak_rolex_p40.html
ROLEX A260 / 645 BUBBLEBACK ZEIGER HANDS HANDSET ZEIGERSATZ OYSTER PERPETUAL,185.14,Festpreis,59.49,0,1,185.14,13. Nov 2024,-,FALSE,terapeak_rolex_p40.html
ROLEX A260 / 645 BUBBLEBACK ZEIGER HANDS HANDSET ZEIGERSATZ OYSTER PERPETUAL,201.37,Festpreis,65.1,0,1,201.37,4. Dez 2025,-,FALSE,terapeak_rolex_p40.html
ROLEX BUBBLEBACK ZEIGER HANDS HANDSET VINTAGE ZEIGERSATZ OYSTER PERPETUAL,148.11,Festpreis,65.66,0,1,148.11,21. Jan 2026,-,FALSE,terapeak_rolex_p40.html
ROLEX BUBBLEBACK ZEIGER HANDS HANDSET VINTAGE ZEIGERSATZ OYSTER PERPETUAL,91.64,Festpreis,66.18,0,1,91.64,4. Feb 2026,-,FALSE,terapeak_rolex_p40.html
ROLEX BUBBLEBACK ZEIGER HANDS HANDSET VINTAGE ZEIGERSATZ OYSTER PERPETUAL,110.39,Festpreis,61.17,0,1,110.39,10. Aug 2024,-,FALSE,terapeak_rolex_p40.html
ROLEX BUBBLEBACK ZEIGER HANDS HANDSET VINTAGE ZEIGERSATZ OYSTER PERPETUAL,114.12,Festpreis,63.23,0,1,114.12,29. Mai 2025,-,FALSE,terapeak_rolex_p40.html
ROLEX BUBBLEBACK ZEIGER HANDS HANDSET VINTAGE ZEIGERSATZ OYSTER PERPETUAL,110.45,Festpreis,61.2,0,1,110.45,6. Nov 2024,-,FALSE,terapeak_rolex_p40.html
ROLEX BUBBLEBACK ZEIGER HANDS HANDSET VINTAGE ZEIGERSATZ OYSTER PERPETUAL,111.97,Festpreis,60.65,0,1,111.97,27. Jan 2024,-,FALSE,terapeak_rolex_p40.html
ROLEX BUBBLEBACK ZEIGER HANDS HANDSET VINTAGE ZEIGERSATZ OYSTER PERPETUAL,84.8,Festpreis,6.55,0,1,84.8,14. Okt 2024,-,FALSE,terapeak_rolex_p40.html
ROLEX BUBBLEBACK ZEIGER HANDS HANDSET VINTAGE ZEIGERSATZ OYSTER PERPETUAL,120.45,Festpreis,22.91,0,1,120.45,15. Jul 2024,-,FALSE,terapeak_rolex_p40.html
ROLEX BUBBLEBACK ZEIGER HANDS HANDSET VINTAGE ZEIGERSATZ OYSTER PERPETUAL,114.57,Festpreis,60.31,0,1,114.57,11. Dez 2023,-,FALSE,terapeak_rolex_p40.html
"ROLEX 5,4mm BUBBLEBACK OYSTER KRONE CROWN SS EDELSTAHL PATENT STAHL VINTAGE",118.82,Festpreis,36.74,0,1,118.82,12. Okt 2024,-,FALSE,terapeak_rolex_p40.html
"ROLEX 5,4mm BUBBLEBACK OYSTER KRONE CROWN SS EDELSTAHL PATENT STAHL VINTAGE",64.85,Festpreis,27.26,0,1,64.85,3. Jul 2023,-,FALSE,terapeak_rolex_p40.html
ROLEX BUBBLEBACK ZEIGER HAND SINGLE VINTAGE ZEIGER LOOSE OYSTER PERPETUAL,65.26,Festpreis,60.6,0,1,65.26,1. Aug 2024,-,FALSE,terapeak_rolex_p40.html
ROLEX BUBBLEBACK ZEIGER HAND SINGLE VINTAGE ZEIGER LOOSE OYSTER PERPETUAL,64.94,Festpreis,26.91,0,1,64.94,11. Dez 2023,-,FALSE,terapeak_rolex_p40.html
ROLEX DATEJUST WIDEBOY HOUR HAND STUNDEN ZEIGER GOLD ORO LANCETTE WIDE BOY DJ,65.23,Festpreis,6.48,0,1,65.23,24. Mrz 2024,-,FALSE,terapeak_rolex_p40.html
ROLEX GMT MASTER 2 II VINTAGE  16713 DIAL ZIFFERBLATT  FADED CADRAN 40MM,190.93,Festpreis,6.82,0,1,190.93,19. Apr 2025,-,FALSE,terapeak_rolex_p40.html
"NEU / NEW ROLEX 24-704-0 OYSTER KRONE CROWN SS EDELSTAHL OYSTER STAHL 7,0mm",112.02,Festpreis,6.54,0,1,112.02,3. Aug 2023,-,FALSE,terapeak_rolex_p40.html
ORIG. ROLEX HOOKED SEVEN 7 SILBER 1560 1570 1530 1520 Datumsscheibe Date Disc,214.13,Festpreis,26.42,0,1,214.13,18. Okt 2023,-,FALSE,terapeak_rolex_p40.html
ROLEX 1570 1575 ZEIGER YG GELB GOLD OYSTER PERPETUAL DATEJUST 1601 1600 TRITIUM,76.65,Festpreis,6.66,0,1,76.65,13. Jul 2023,-,FALSE,terapeak_rolex_p40.html
"ROLEX 24-530-0 OYSTER KRONE + TUBUS CROWN SS EDELSTAHL OYSTER STAHL 5,3mm RARE",93.3,Festpreis,27.33,0,1,93.3,16. Aug 2023,-,FALSE,terapeak_rolex_p40.html
"ROLEX 24-531-0 OYSTER KRONE + TUBUS CROWN SS EDELSTAHL OYSTER STAHL 5,3mm RARE",92.57,Festpreis,6.5,0,1,92.57,4. Sep 2023,-,FALSE,terapeak_rolex_p40.html
ROLEX 24-600-0 OYSTER KRONE + TUBUS CROWN SS EDELSTAHL OYSTER STAHL 6mm RARE,92.82,Festpreis,6.51,0,1,92.82,26. Jun 2023,-,FALSE,terapeak_rolex_p40.html
#833 ROLEX GMT MASTER 2 II VINTAGE 16760 16710 DIAL ZIFFERBLATT 3135 CHRONOMETER,324.57,Festpreis,27.77,0,1,324.57,24. Jul 2023,-,FALSE,terapeak_rolex_p40.html
#833 ROLEX GMT MASTER 2 II VINTAGE 16760 16710 DIAL ZIFFERBLATT 3135 VINTAGE,324.16,Festpreis,61.07,0,1,324.16,4. Jul 2023,-,FALSE,terapeak_rolex_p40.html
#835 RESTORED ROLEX SUBMARINER DATE 16610 / 16800 SCHWARZ ZIFFERBLATT 3035 3135,121.58,Festpreis,27.33,0,1,121.58,16. Aug 2023,-,FALSE,terapeak_rolex_p40.html
#835 ROLEX GMT MASTER 2 II VINTAGE 16760 16710 DIAL ZIFFERBLATT 3135 CHRONOMETER,282.07,Festpreis,58.66,0,1,282.07,4. Okt 2023,-,FALSE,terapeak_rolex_p41.html
#835 ROLEX GMT MASTER 2 II VINTAGE 16760 16710 DIAL ZIFFERBLATT 3135 CHRONOMETER,241.37,Festpreis,6.15,0,1,241.37,18. Jan 2025,-,FALSE,terapeak_rolex_p41.html
#835 ROLEX GMT MASTER 2 II VINTAGE 16760 16710 DIAL ZIFFERBLATT 3135 CHRONOMETER,295.46,Festpreis,27.2,0,1,295.46,20. Nov 2023,-,FALSE,terapeak_rolex_p41.html
#907 ROLEX INLAY BEZEL INSERT LÜNETTE SUBMARINER 16610 16800 SCHWARZ BLACK,145.03,Festpreis,26.45,0,1,145.03,2. Okt 2023,-,FALSE,terapeak_rolex_p41.html
"#891 ROLEX 24-530-0 OYSTER KRONE TUBUS CROWN SS EDELSTAHL OYSTER 5,3mm SET",102.39,Festpreis,26.31,0,1,102.39,8. Okt 2023,-,FALSE,terapeak_rolex_p41.html
#891 ROLEX 24-603-0 OYSTER KRONE TUBUS CROWN SS EDELSTAHL OYSTER 6mm SET,105.46,Festpreis,6.38,0,1,105.46,23. Apr 2024,-,FALSE,terapeak_rolex_p41.html
#891 ROLEX 24-603-0 OYSTER KRONE TUBUS CROWN SS EDELSTAHL OYSTER 6mm SET,109.05,Festpreis,6.31,0,1,109.05,17. Okt 2023,-,FALSE,terapeak_rolex_p41.html
"#891 ROLEX 24-530-8 OYSTER KRONE TUBUS CROWN YG GOLD OYSTER 5,3mm SET",129.8,Festpreis,6.83,0,1,129.8,6. Jun 2025,-,FALSE,terapeak_rolex_p41.html
#1033 ROLEX DAY DATE 1803 PIE PAN WEIß RESTORED  DIAL  ZIFFERBLATT,520.83,Festpreis,6.17,0,1,520.83,6. Jan 2025,-,FALSE,terapeak_rolex_p43.html
#1033 DEFEKT ROLEX GMT MASTER DIAL CAL. 3135 3035 REF 16713 ZIFFERBLATT,83.49,Festpreis,26.91,0,1,83.49,11. Dez 2023,-,FALSE,terapeak_rolex_p43.html
#1033 DEFEKT ROLEX PERPETUAL DATE DIAL CAL. 3135 3035 REF 15203 ZIFFERBLATT,84.35,Festpreis,6.51,0,1,84.35,17. Jul 2024,-,FALSE,terapeak_rolex_p43.html
#1033 DEFEKT ROLEX PERPETUAL DATEJUST LADY (26) DIAL CAL 2035 2135 ZIFFERBLATT,53.77,Festpreis,27.36,0,1,53.77,16. Jan 2024,-,FALSE,terapeak_rolex_p43.html
#1064 ROLEX 1530 1520 1560 1570 DATUMSSCHEIBE DATE DISC OPEN 6 & 9 SILBER,155.63,Festpreis,6.92,0,1,155.63,6. Apr 2026,-,FALSE,terapeak_rolex_p43.html
#1100 +1337 ROLEX DATEJUST 36 ROMAN CAL 3035 3135 REF 16234 16014 2ZIFFERBLATT,388.68,Festpreis,0,100,1,388.68,28. Jan 2025,-,FALSE,terapeak_rolex_p43.html
#1100 RESTORED ROLEX DATEJUST 36 ROMAN CAL 3035 3135 REF 16234 16014 ZIFFERBLATT,137.76,Festpreis,6.84,0,1,137.76,10. Jun 2025,-,FALSE,terapeak_rolex_p43.html
#1033 ROLEX DAYTONA 16520 ZENITH 4030 RESTORED SCHWARZ BLACK DIAL  ZIFFERBLATT,781.35,Festpreis,26.66,0,1,781.35,21. Apr 2024,-,FALSE,terapeak_rolex_p43.html
ROLEX 1570 1575 1675 GMT HANDSET YG GELB GOLD OYSTER PERPETUAL SET RARE ZEIGER,270.74,Festpreis,6.49,0,1,270.74,2. Feb 2024,-,FALSE,terapeak_rolex_p44.html
ROLEX BUBBLEBACK ZEIGER HAND LOT VINTAGE ZEIGER LOOSE OYSTER PERPETUAL,176.56,Festpreis,60.4,0,1,176.56,11. Feb 2024,-,FALSE,terapeak_rolex_p44.html
#1132 ROLEX 3035 3135 HANDSET ZEIGER ZEIGERSATZ GMT MASTER PEPSI RAR STAHL,351.74,Festpreis,26.84,0,1,351.74,2. Apr 2024,-,FALSE,terapeak_rolex_p44.html
#1167 ROLEX 2235 BRÜCKE RÄDERWERK PART SPARE REPAIR OYSTER PERPETUAL BRIDGE,72.07,Festpreis,26.13,0,1,72.07,24. Feb 2025,-,FALSE,terapeak_rolex_p44.html
#1237 ROLEX STELLDRÜCKER ROSEGOLD STELLSTIFT CELLINI CORRECTOR PIN PUSHER,734.15,Festpreis,67.84,0,1,734.15,3. Dez 2024,-,FALSE,terapeak_rolex_p44.html
#1237 NEU ROLEX B32-33329-D1 BANDGLIED 126600  17mm OYSTER GLIED LINK EDELSTAHL,156.68,Festpreis,6.41,0,1,156.68,24. Apr 2024,-,FALSE,terapeak_rolex_p44.html
#1122 ROLEX 3235-105 PLATINE FEDERHAUSBRÜCKE BARREL BRIDGE WERKSPLATINE PART,60.78,Festpreis,27.12,0,1,60.78,2. Jun 2024,-,FALSE,terapeak_rolex_p44.html
#1122 ROLEX 3235-105 PLATINE FEDERHAUSBRÜCKE BARREL BRIDGE WERKSPLATINE PART,54.14,Festpreis,27.78,0,1,54.14,9. Sep 2024,-,FALSE,terapeak_rolex_p44.html
#1122 ROLEX 3235-105 PLATINE FEDERHAUSBRÜCKE BARREL BRIDGE WERKSPLATINE PART,60.27,Festpreis,6.44,0,1,60.27,13. Mai 2024,-,FALSE,terapeak_rolex_p44.html
#1122 ROLEX 3235-140 PLATINE AUTOMATIKBRÜCKE AUTOMATIC BRIDGE WERKSPLATINE PART,51.48,Festpreis,27.15,0,1,51.48,21. Mai 2024,-,FALSE,terapeak_rolex_p44.html
A12 ROLEX 1570 1575 ZEIGER YG GELB GOLD OYSTER PERPETUAL DATEJUST 1601 1600,67.29,Festpreis,26.41,0,1,67.29,8. Dez 2024,-,FALSE,terapeak_rolex_p44.html
"#1027 ZIFFERBLATT FÜR ROLEX 6694 OYSTERDATE 27,7mm PRECISION CAL: 1225 1215 ROT",143.29,Festpreis,25.86,0,1,143.29,19. Dez 2024,-,FALSE,terapeak_rolex_p44.html
"#1027 ZIFFERBLATT FÜR ROLEX DAY DATE 18038 18238 28,7mm CAL: 3055 3155 WEIß",184.97,Festpreis,26.69,0,1,184.97,27. Jun 2024,-,FALSE,terapeak_rolex_p44.html
"ROLEX 24-704-0 OYSTER KRONE CROWN SS EDELSTAHL OYSTER STAHL VINTAGE 7,0mm RARE",99.29,Festpreis,29.08,0,1,99.29,3. Sep 2025,-,FALSE,terapeak_rolex_p44.html
ROLEX Oyster Armband Glied Bracelet Link Oyster Perpetual 36 Stahl Steel,32.26,Auktion,4.57,0,1,32.26,18. Jun 2024,2,FALSE,terapeak_rolex_p44.html
#1171 ROLEX B56002-Y5 SCHRAUBE BATTERIEKONTAKT 5035 5055 OYSTERQUARTZ SCREW,29,Festpreis,26.87,0,1,29,27. Mrz 2025,-,FALSE,terapeak_rolex_p45.html
#1171 ROLEX 5055 5035 6012 BATTERIEKONTAKT ELEKTRONIK CONTACT OYSTERQUARTZ,108.5,Festpreis,27.29,0,1,108.5,11. Aug 2024,-,FALSE,terapeak_rolex_p45.html
#1285 ROLEX 24-704-8 OYSTER KRONE CROWN YG MONOBLOC OYSTER GOLD DAYTONA,141.58,Festpreis,6.56,0,1,141.58,5. Apr 2025,-,FALSE,terapeak_rolex_p45.html
Tiges Rolex 1030-6946 1035 1036 1040 1055 1065 1066 Kompatibel Neu Perfekt,16.67,Festpreis,9.26,0,1,16.67,20. Jun 2024,-,FALSE,terapeak_rolex_p45.html
#1289 ORIG. ROLEX 116400GV MiLGAUSS G212521 SWIMPRUF HANG TAG ANHÄNGER SCHILD,31.45,Festpreis,0,100,1,31.45,26. Nov 2024,-,FALSE,terapeak_rolex_p45.html
#1289 ORIG. ROLEX 16610LV SUBMARINER V949606 SWIMPRUF HANG TAG ANHÄNGER SCHILD,42.69,Festpreis,0,100,1,42.69,9. Jun 2025,-,FALSE,terapeak_rolex_p45.html
#1289 ORIG. ROLEX  OYSTER SWIMPRUF HANG TAG ANHÄNGER HANGTAG GREEN TAG,26.72,Festpreis,0,100,1,26.72,26. Nov 2024,-,FALSE,terapeak_rolex_p45.html
#1289 ORIG. ROLEX X SERIAL OYSTER SWIMPRUF HANG TAG ANHÄNGER HANGTAG GREEN TAG,29.9,Festpreis,7.03,0,1,29.9,27. Jul 2025,-,FALSE,terapeak_rolex_p45.html
#1289 ORIG. ROLEX  OYSTER SWIMPRUF HANG TAG ANHÄNGER HANGTAG GREEN TAG,27.53,Festpreis,0,100,1,27.53,29. Okt 2024,-,FALSE,terapeak_rolex_p45.html
#1289 ORIG. ROLEX S SERIAL OYSTER SWIMPRUF HANG TAG ANHÄNGER HANGTAG GREEN TAG,27.78,Festpreis,0,100,1,27.78,9. Aug 2024,-,FALSE,terapeak_rolex_p45.html
"#1291 ROLEX BOOKLET ""YOUR ROLEX OYSTER"" ENGLISCH BESCHREIBUNG ANLEITUNG ZUBEHÖR",24.81,Festpreis,0,100,1,24.81,10. Sep 2024,-,FALSE,terapeak_rolex_p45.html
"#1291 ROLEX BOOKLET ""IHRE ROLEX OYSTER"" DEUTSCH BESCHREIBUNG ANLEITUNG ZUBEHÖR",39.29,Festpreis,13.56,0,1,39.29,29. Jan 2025,-,FALSE,terapeak_rolex_p45.html
"#1289 ROLEX BOOKLET ""ROLEX DATEJUST"" DEUTSCH BESCHREIBUNG ANLEITUNG ZUBEHÖR",31.5,Festpreis,0,100,1,31.5,6. Dez 2024,-,FALSE,terapeak_rolex_p45.html
#1302 ORIG. ROLEX 24-703-0 KRONE TUBUS CROWN STAHL OYSTER VINTAGE 7mm SUBMARINER,93.52,Festpreis,6.51,0,1,93.52,17. Mrz 2025,-,FALSE,terapeak_rolex_p45.html
#1302 ORIG. ROLEX 24-703-0 KRONE TUBUS CROWN STAHL OYSTER VINTAGE 7mm SUBMARINER,92.97,Festpreis,6.48,0,1,92.97,2. Apr 2025,-,FALSE,terapeak_rolex_p45.html
#1302 ORIG. ROLEX 24-703-0 KRONE TUBUS CROWN STAHL OYSTER VINTAGE 7mm SUBMARINER,122.43,Festpreis,28.37,0,1,122.43,13. Apr 2025,-,FALSE,terapeak_rolex_p45.html
#1302 ORIG. ROLEX 24-703-0 KRONE TUBUS CROWN STAHL OYSTER VINTAGE 7mm SUBMARINER,115.61,Festpreis,6.99,0,1,115.61,1. Jun 2026,-,FALSE,terapeak_rolex_p45.html
#1302 ORIG. ROLEX 24-703-0 KRONE TUBUS CROWN STAHL OYSTER VINTAGE 7mm SUBMARINER,100.45,Festpreis,7,0,1,100.45,31. Aug 2025,-,FALSE,terapeak_rolex_p45.html
#1302 ORIG. ROLEX 24-703-0 KRONE TUBUS CROWN STAHL OYSTER VINTAGE 7mm SUBMARINER,132.88,Festpreis,29.25,0,1,132.88,11. Sep 2025,-,FALSE,terapeak_rolex_p45.html
#1302 ORIG. ROLEX 24-703-0 KRONE TUBUS CROWN STAHL OYSTER VINTAGE 7mm SUBMARINER,125.46,Festpreis,6.98,0,1,125.46,29. Okt 2025,-,FALSE,terapeak_rolex_p45.html
#1302 ORIG. ROLEX 24-703-0 KRONE TUBUS CROWN STAHL OYSTER VINTAGE 7mm SUBMARINER,97.11,Festpreis,6.76,0,1,97.11,4. Mai 2025,-,FALSE,terapeak_rolex_p45.html
#1302 ORIG. ROLEX 24-703-0 KRONE TUBUS CROWN STAHL OYSTER VINTAGE 7mm SUBMARINER,125.42,Festpreis,6.97,0,1,125.42,20. Aug 2025,-,FALSE,terapeak_rolex_p45.html
#1302 ORIG. ROLEX 24-703-0 KRONE TUBUS CROWN STAHL OYSTER VINTAGE 7mm SUBMARINER,122.23,Festpreis,28.36,0,1,122.23,15. Apr 2025,-,FALSE,terapeak_rolex_p45.html
#1302 ORIG. ROLEX 24-703-0 KRONE TUBUS CROWN STAHL OYSTER VINTAGE 7mm SUBMARINER,125.42,Festpreis,7.07,0,1,125.42,18. Sep 2025,-,FALSE,terapeak_rolex_p45.html
#1302 ORIG. ROLEX 24-703-0 KRONE TUBUS CROWN STAHL OYSTER VINTAGE 7mm SUBMARINER,93.83,Festpreis,27.27,0,1,93.83,19. Jul 2024,-,FALSE,terapeak_rolex_p45.html
#1302 ROLEX 3135-110 PLATINE RÄDERWERK BRÜCKE WHEEL BRIDGE WERKSPLATINE PART,56.58,Festpreis,6.28,0,1,56.58,17. Feb 2025,-,FALSE,terapeak_rolex_p45.html
#1302 ROLEX 3135-130 PLATINE AUFZUG BRÜCKE WINDING BRIDGE WERKSPLATINE PART,155.19,Festpreis,29.09,0,1,155.19,28. Okt 2025,-,FALSE,terapeak_rolex_p45.html
#1302 ROLEX 3135-105 PLATINE FEDERHAUS BRÜCKE BARREL BRIDGE WERKSPLATINE PART,62.8,Festpreis,29.09,0,1,62.8,5. Dez 2025,-,FALSE,terapeak_rolex_p45.html
#1302 ORIG ROLEX 24-704-0 KRONE TUBUS CROWN STAHL OYSTER TRIPLOCK 7mm SUBMARINER,123.8,Festpreis,28.69,0,1,123.8,5. Nov 2025,-,FALSE,terapeak_rolex_p45.html
#1302 ORIG ROLEX 24-704-0 KRONE TUBUS CROWN STAHL OYSTER TRIPLOCK 7mm SUBMARINER,91.34,Festpreis,6.69,0,1,91.34,14. Mai 2025,-,FALSE,terapeak_rolex_p45.html
#1302 ORIG ROLEX 24-704-0 KRONE TUBUS CROWN STAHL OYSTER TRIPLOCK 7mm SUBMARINER,133.91,Festpreis,6.99,0,1,133.91,13. Jan 2026,-,FALSE,terapeak_rolex_p45.html
#1302 ROLEX 24-704-0 KRONE TUBUS CROWN STAHL OYSTER TRIPLOCK 7mm SUBMARINER,123.47,Festpreis,27.18,0,1,123.47,17. Mrz 2025,-,FALSE,terapeak_rolex_p45.html
#1302 ORIG ROLEX 24-704-0 KRONE CROWN STAHL OYSTER TRIPLOCK 7mm SUBMARINER 16610,90.04,Festpreis,6.27,0,1,90.04,22. Nov 2024,-,FALSE,terapeak_rolex_p45.html
#1302 ORIG ROLEX 24-704-0 KRONE CROWN STAHL OYSTER TRIPLOCK 7mm SUBMARINER 16610,80.69,Festpreis,26,0,1,80.69,31. Dez 2024,-,FALSE,terapeak_rolex_p45.html
#1302 ROLEX 24-803-0 KRONE CROWN STAHL OYSTER 8mm SEA DWELLER 116660 DEEPSEA,219.5,Festpreis,6.94,0,1,219.5,12. Nov 2025,-,FALSE,terapeak_rolex_p45.html
#1302 ROLEX 24-724-0 KRONE CROWN STAHL OYSTER 7mm MILGAUSS SKY DWELLER,131.13,Festpreis,29.26,0,1,131.13,8. Jul 2025,-,FALSE,terapeak_rolex_p45.html
#1302 ROLEX 24-604-0 KRONE CROWN STAHL OYSTER 6mm DATEJUST GMT MASTER 16014,140.21,Festpreis,29.05,0,1,140.21,20. Jul 2025,-,FALSE,terapeak_rolex_p45.html
#1302 ROLEX 24-604-0 KRONE CROWN STAHL OYSTER 6mm DATEJUST GMT MASTER 16014,140.31,Festpreis,29.07,0,1,140.31,6. Mrz 2026,-,FALSE,terapeak_rolex_p45.html
#1302 ROLEX 24-604-0 KRONE CROWN STAHL OYSTER 6mm DATEJUST GMT MASTER 16014,119.92,Festpreis,6.94,0,1,119.92,22. Okt 2025,-,FALSE,terapeak_rolex_p45.html
"#A19 ROLEX BANDGLIED GLIED 15,4mm BREITE OYSTER EDELSTAHL POLIERTE MITTE TOP",89.94,Festpreis,6.58,0,1,89.94,18. Aug 2024,-,FALSE,terapeak_rolex_p45.html
"#A19 ROLEX 2x BANDGLIED GLIED 15,4mm BREITE OYSTER EDELSTAHL POLIERTE MITTE TOP",169.71,Festpreis,6.54,0,1,169.71,20. Jul 2024,-,FALSE,terapeak_rolex_p46.html
#1328 ROLEX 3035 3135 HANDS ZEIGER ZEIGER GMT MASTER EXPLORER 2 RAR STAHL LUMI,150.18,Festpreis,27.29,0,1,150.18,12. Aug 2024,-,FALSE,terapeak_rolex_p46.html
#1337 ROLEX PERPETUAL DATE LADY (26) DIAL CAL 2035 2135 ZIFFERBLATT,127.59,Festpreis,29.37,0,1,127.59,23. Jan 2026,-,FALSE,terapeak_rolex_p46.html
#A29 ROLEX SUBMARINER 5512 GILT BROWN TROPICAL DIAL CHRONOMETER 1966 FOUR LINER,5141.96,Festpreis,35.29,0,1,5141.96,16. Aug 2025,-,FALSE,terapeak_rolex_p46.html
#1302 ROLEX 24-803-0 KRONE CROWN STAHL OYSTER 8mm SEA DWELLER 116660 DEEPSEA,218.69,Festpreis,6.95,0,1,218.69,25. Okt 2025,-,FALSE,terapeak_rolex_p46.html
#1347 NEU / NEW ROLEX 25-116 ACRYLGLAS GMT MASTER 1675 EX 2 1655 FACTORY SEALED,262.6,Festpreis,58.86,0,2,525.19,5. Dez 2024,-,FALSE,terapeak_rolex_p46.html
"#1355 NEU ORIG. ROLEX 15,4mm BANDGLIED OYSTER GMT EXPLORER 14270 16710 16760",150.46,Festpreis,6.97,0,1,150.46,6. Dez 2025,-,FALSE,terapeak_rolex_p46.html
"#1355 NEU ORIG. ROLEX 15,4mm BANDGLIED OYSTER GMT EXPLORER 14270 16710 16760",145.79,Festpreis,6.75,0,1,145.79,21. Mai 2025,-,FALSE,terapeak_rolex_p46.html
"#1355 NEU ORIG. ROLEX 15,4mm BANDGLIED OYSTER GMT DAYTONA YACHTMASTER 16622",151.2,Festpreis,7,0,1,151.2,27. Jun 2025,-,FALSE,terapeak_rolex_p46.html
#1355 NEU ORIG. ROLEX 126713 BANDGLIED JUBILEE GMT STAHL / GOLD GLIED LINK NEW,264.02,Festpreis,59.18,0,1,264.02,10. Dez 2024,-,FALSE,terapeak_rolex_p46.html
#1355 NEU ORIG. ROLEX 11mm BANDGLIED OYSTER LADY DAMEN STAHL/GOLD GLIED LINK NEW,115.05,Festpreis,6.15,0,1,115.05,19. Jan 2025,-,FALSE,terapeak_rolex_p46.html
#1355 NEU ORIG. ROLEX 14mm BANDGLIED OYSTER MEDIUM STAHL/GOLD GLIED LINK NEW,139.75,Festpreis,6.48,0,1,139.75,22. Okt 2024,-,FALSE,terapeak_rolex_p46.html
#1355 NEU ORIG. ROLEX 16mm BANDGLIED JUBILEE SUPERJUBI STAHL/GOLD GLIED LINK NEW,184.14,Festpreis,28.1,0,1,184.14,12. Mai 2025,-,FALSE,terapeak_rolex_p46.html
"#1355 NEU ORIG. ROLEX 15,4mm BANDGLIED JUBILEE STAHL/GOLD GLIED LINK NEW",172.5,Festpreis,7.06,0,1,172.5,25. Dez 2025,-,FALSE,terapeak_rolex_p46.html
#1356 NEU / NEW ROLEX 25-125 ACRYLGLAS TUDOR SUBMARINER 9411 PLEXYGLAS 94110,220.63,Festpreis,25.6,0,1,220.63,12. Jan 2025,-,FALSE,terapeak_rolex_p46.html
#1356 NEU / NEW ROLEX 25-16 ACRYLGLAS SUBMARINER 5508 NCG JAMES BOND PLEXYGLAS,344.1,Festpreis,58.86,0,1,344.1,5. Dez 2024,-,FALSE,terapeak_rolex_p46.html
"#1365 USED ORIG. ROLEX 15,3mm BANDGLIED OYSTERQUARTZ 17013 STAHL/GOLD GLIED",222.97,Festpreis,6.2,0,1,222.97,19. Dez 2024,-,FALSE,terapeak_rolex_p46.html
"#1365 USED ORIG. ROLEX 15,2mm BANDGLIED OYSTERQUARTZ 17013 STAHL/GOLD GLIED",226.05,Festpreis,6.28,0,1,226.05,13. Dez 2024,-,FALSE,terapeak_rolex_p46.html
#1364 NEU / NEW ROLEX B25-114   CRYSTAL GLAS DAY DATE 1803 1804 1802 1807,254.46,Festpreis,66.16,0,1,254.46,25. Sep 2025,-,FALSE,terapeak_rolex_p46.html
#1386 NEU / NEW ROLEX 25-135 ACRYLGLAS DATEJUST 16000 16014 16013 FACTORY SEALED,205.19,Festpreis,0,100,1,205.19,2. Jan 2025,-,FALSE,terapeak_rolex_p46.html
#1389 ROLEX BANDGLIED GLIED 116500 116710 116520 116400 116300 126334 126300,81.34,Festpreis,6.28,0,1,81.34,29. Jan 2025,-,FALSE,terapeak_rolex_p46.html
#1389 ROLEX BANDGLIED GLIED 116500 116710 116520 116400 116300 126334 126300,81.9,Festpreis,6.32,0,1,81.9,14. Nov 2024,-,FALSE,terapeak_rolex_p46.html
#1389 ROLEX 78200 OYSTER ARMBAND GMT MASTER 116710LN BRACELET EASYLINK GMT 2,1404.52,Festpreis,66.38,0,1,1404.52,27. Sep 2024,-,FALSE,terapeak_rolex_p46.html
#1399 ORIG. ROLEX SKY DWELLER DEKO DISPLAY TAG SCHAUFENSTER KONZI SCHILD,58.1,Festpreis,6.21,0,1,58.1,2. Mrz 2025,-,FALSE,terapeak_rolex_p46.html
#1403 NEU / NEW ROLEX B25-7024-1-C1  116400 116900 AIRKING MILGAUSS CRYSTAL GLAS,341.31,Festpreis,26.05,0,1,341.31,30. Dez 2024,-,FALSE,terapeak_rolex_p46.html
#1403 NEU / NEW ROLEX B25-7036-1-C1  126300 126334 228238 226659 CRYSTAL GLAS,385.92,Festpreis,6.24,0,1,385.92,25. Nov 2024,-,FALSE,terapeak_rolex_p46.html
#1410 ROLEX BANDGLIED GLIED 116500 116710 116520 116400 116300 126334 126300,88.97,Festpreis,6.19,0,1,88.97,8. Feb 2025,-,FALSE,terapeak_rolex_p46.html
#1422 ROLEX DATEJUST 36 LINEN CAL 3035 3135  BLAU REF 16234 16014 ZIFFERBLATT,535.31,Festpreis,0,100,1,535.31,2. Jan 2025,-,FALSE,terapeak_rolex_p46.html
#1422 ROLEX DATEJUST 36 LINEN CAL 3035 3135  BLAU REF 16234 16014 ZIFFERBLATT,573.64,Festpreis,8.38,0,1,573.64,11. Jan 2025,-,FALSE,terapeak_rolex_p47.html
#1422 ROLEX DATEJUST 36 BLUE CAL 3035 3135  BLAU REF 16234 16014 ZIFFERBLATT,592.28,Festpreis,8.66,0,1,592.28,30. Nov 2024,-,FALSE,terapeak_rolex_p47.html
#1431 ROLEX ZIFFERBLATT DAYTONA GOLD SCHWARZ 116508 116528 116518 116503,1003.83,Festpreis,23.23,0,1,1003.83,6. Mrz 2025,-,FALSE,terapeak_rolex_p47.html
#1464 NEU / NEW ROLEX 25-135 ACRYLGLAS DATEJUST 16000 16014 16013 FACTORY SEALED,206.25,Festpreis,6.23,0,1,206.25,23. Jan 2025,-,FALSE,terapeak_rolex_p47.html
#1464 NEU / NEW ROLEX 25-135 ACRYLGLAS DATEJUST 16000 16014 16013 FACTORY SEALED,226.29,Festpreis,28.53,0,1,226.29,23. Apr 2025,-,FALSE,terapeak_rolex_p47.html
Glas Kunststoff 25-114 Kompatibel Rolex 1802 1803 1804 1810 1814 1815 Day-Date,8.93,Festpreis,9.01,0,3,26.78,14. Feb 2025,-,FALSE,terapeak_rolex_p47.html
Glas Kunststoff Kompatibel Rolex 25-127 1680-0 1680-8 Submariner Date Swiss Made,8.84,Festpreis,8.93,0,1,8.84,12. Feb 2025,-,FALSE,terapeak_rolex_p47.html
Glas Kunststoff Kompatibel Für Rolex 25-3 Tropic 6508 6615 6710 6800 Oyster Lady,9.06,Festpreis,12.59,0,1,9.06,2. Sep 2025,-,FALSE,terapeak_rolex_p47.html
Glas Esalite Kompatibel Für Rolex 25-116 1655 1675 16750 16753 Swiss Made H.Q,16.79,Festpreis,9.33,0,1,16.79,31. Mrz 2025,-,FALSE,terapeak_rolex_p47.html
Glas Esalite Kompatibel Für Rolex 25-145 15000 15010 15038 15505 Swiss Made H.Q,18.57,Festpreis,9.33,0,1,18.57,12. Mrz 2025,-,FALSE,terapeak_rolex_p47.html
#1512 ROLEX DATEJUST 36 BLUE CAL 3035 3135  BLAU REF 16234 16014 ZIFFERBLATT,580.25,Festpreis,34.81,0,1,580.25,2. Feb 2025,-,FALSE,terapeak_rolex_p47.html
#1512 ROLEX DATEJUST 36 BLUE CAL 3035 3135  BLAU REF 16234 16014 ZIFFERBLATT,548.03,Festpreis,38.93,0,1,548.03,3. Aug 2025,-,FALSE,terapeak_rolex_p47.html
"Glas verlux Cyclop 25-124 Rolex Ref.nr. 7017, 7019, 7020 Etc 332/315 Plexi",12.72,Festpreis,9.79,0,1,12.72,26. Mai 2025,-,FALSE,terapeak_rolex_p47.html
Glas Tropic 25-121 Kompatibel Für Rolex TUDOR xs212.460 Oysterdate Precision,14.99,Festpreis,9.99,0,1,14.99,16. Jul 2025,-,FALSE,terapeak_rolex_p47.html
Glas Saphir Kompatibel zu Rolex TUDOR 25-316C=25-315C Blister 79260 79270,59.38,Festpreis,9.9,0,1,59.38,12. Jun 2025,-,FALSE,terapeak_rolex_p47.html
Glas Saphir Kompatibel zu Rolex TUDOR 25-270-C Blister 72000 75190 75090 76000,56.64,Festpreis,9.44,0,1,56.64,6. Apr 2025,-,FALSE,terapeak_rolex_p47.html
"#1405 USED ORIG. ROLEX 15,4mm BANDGLIED OYSTERQUARTZ 17013 STAHL/GOLD GLIED",230.86,Festpreis,57.72,0,1,230.86,11. Feb 2025,-,FALSE,terapeak_rolex_p47.html
Glas Tropic 25-121 Kompatibel Für Rolex TUDOR Oysterdate Precision Princess,9.91,Festpreis,10.01,0,1,9.91,12. Aug 2025,-,FALSE,terapeak_rolex_p47.html
#1542 ROLEX DATEJUST 36 BLUE CAL 3035 3135  BLAU REF 16234 116200 ZIFFERBLATT,652.98,Festpreis,36.38,0,1,652.98,31. Mrz 2025,-,FALSE,terapeak_rolex_p47.html
USED ROLEX 16710 16700 16760 16750 HANDSET ZEIGER ZEIGERSATZ GMT MASTER STAHL,391.62,Festpreis,65.78,0,1,391.62,20. Sep 2025,-,FALSE,terapeak_rolex_p47.html
USED ROLEX 16710 16700 16760 16750 HANDSET ZEIGER ZEIGERSATZ GMT MASTER STAHL,389.39,Festpreis,65.74,0,1,389.39,15. Dez 2025,-,FALSE,terapeak_rolex_p47.html
#1302 ROLEX 24-604-0 KRONE CROWN STAHL OYSTER 6mm DATEJUST GMT MASTER 16014,135.68,Festpreis,6.74,0,1,135.68,11. Mai 2025,-,FALSE,terapeak_rolex_p47.html
#1563 ROLEX ZIFFERBLATT SUBMARINER DATE 16613 16803 FADED 3135 3035 RESTORED,171.93,Festpreis,27.7,0,1,171.93,13. Mai 2025,-,FALSE,terapeak_rolex_p47.html
ROLEX EXPLORER 2 16550 DIAL ZIFFERBLATT SL LUMINOVA GLOSSY 16570 CADRAN RARE,455.73,Festpreis,9.49,0,1,455.73,16. Jul 2025,-,FALSE,terapeak_rolex_p47.html
#1578 ORIG. ROLEX CPO HANG TAG ANHÄNGER HANGTAG WHITE TAG SIEGEL,202.93,Festpreis,7.06,0,1,202.93,8. Jul 2025,-,FALSE,terapeak_rolex_p47.html
#1589 ORIG. ROLEX 24-703-0 KRONE TUBUS CROWN STAHL OYSTER VINTAGE 7mm SUBMARINER,83.64,Festpreis,6.84,0,1,83.64,10. Jun 2025,-,FALSE,terapeak_rolex_p48.html
#1589 ROLEX 24-604-8 KRONE CROWN GOLD OYSTER 6mm DATEJUST GMT MASTER 16233,136.85,Festpreis,6.8,0,1,136.85,2. Jun 2025,-,FALSE,terapeak_rolex_p48.html
"#1589 ROLEX 24-530-8 OYSTER KRONE TUBUS YG GOLD OYSTER YELLOWGOLD VINTAGE 5,3mm",79.54,Festpreis,28.83,0,1,79.54,7. Apr 2026,-,FALSE,terapeak_rolex_p48.html
"#1589 ROLEX 24-530-8 OYSTER KRONE TUBUS YG GOLD OYSTER YELLOWGOLD VINTAGE 5,3mm",80.12,Festpreis,29.05,0,1,80.12,27. Okt 2025,-,FALSE,terapeak_rolex_p48.html
"#1589 ROLEX 24-530-8 OYSTER KRONE TUBUS YG GOLD OYSTER YELLOWGOLD VINTAGE 5,3mm",73.93,Festpreis,28.21,0,1,73.93,30. Mai 2025,-,FALSE,terapeak_rolex_p48.html
#1589 ROLEX 3135-105 PLATINE FEDERHAUS BRÜCKE BARREL BRIDGE WERKSPLATINE PART,63.8,Festpreis,7.04,0,1,63.8,4. Jul 2025,-,FALSE,terapeak_rolex_p48.html
#1589 USED ORIG. ROLEX 3135 SERIF DATUMSSCHEIBE DATE DISC WEIß WHITE 3130 3175,70.45,Festpreis,7,0,1,70.45,29. Aug 2025,-,FALSE,terapeak_rolex_p48.html
#1589 USED ORIG. ROLEX 3135 DATUMSSCHEIBE DATE DISC WEIß WHITE 3130 3175,90.79,Festpreis,7.01,0,1,90.79,22. Dez 2025,-,FALSE,terapeak_rolex_p48.html
#1589 USED ORIG. ROLEX 3135 DATUMSSCHEIBE DATE DISC WEIß WHITE 3130 3175,89.5,Festpreis,6.91,0,1,89.5,22. Mrz 2026,-,FALSE,terapeak_rolex_p48.html
#1589 USED ORIG. ROLEX 3135 DATUMSSCHEIBE DATE DISC GOLD CHAMPAGNER 3130 3175,70.77,Festpreis,7.03,0,1,70.77,12. Dez 2025,-,FALSE,terapeak_rolex_p48.html
USED ROLEX 16710 16700 16760 16750 HANDSET ZEIGER ZEIGERSATZ GMT MASTER STAHL,217.84,Festpreis,30.08,0,1,217.84,28. Jan 2026,-,FALSE,terapeak_rolex_p48.html
#1590 ROLEX 24-704-8 OYSTER DAYTONA 116523 KRONE CROWN YG GOLD OYSTER YELLOWGOLD,158.69,Festpreis,6.89,0,1,158.69,20. Mrz 2026,-,FALSE,terapeak_rolex_p48.html
Oyster Vintage Mariage Rolei Uhrengehäuse Bronze 45 mm Saphirglas Rolex Krone,198.97,Festpreis,6.49,0,1,198.97,22. Aug 2025,-,FALSE,terapeak_rolex_p48.html
ORIG ROLEX DAY DATE PAVEE 118238 18238 GOLD YG STRIPE ZEIGERSATZ HANDSET ZEIGER,399.61,Festpreis,6.94,0,1,399.61,20. Mai 2026,-,FALSE,terapeak_rolex_p48.html
#1346 ROLEX 24-603-8 KRONE  CROWN GOLD VINTAGE SCREWDOWN OYSTER DATEJUST 1601,133.6,Festpreis,6.98,0,1,133.6,19. Aug 2025,-,FALSE,terapeak_rolex_p48.html
#1438 ROLEX DAY DATE 1803 PIE PAN BLACK SCHWARZ MATT STEP DIAL ZIFFERBLATT,2120.35,Festpreis,166.6,0,1,2120.35,10. Jul 2025,-,FALSE,terapeak_rolex_p48.html
DEFEKT ROLEX 3135 432-G1 UNRUHE BLAU BALANCE WHEEL BROKEN NOT WORK SPARE REPAIR,198.95,Festpreis,6.92,0,1,198.95,30. Jul 2025,-,FALSE,terapeak_rolex_p48.html
Glas verlux Kompatibel Rolex 25-116 1655 1675 16750 16753 Gmt xs302.450 Plexi,15.09,Festpreis,12.58,0,1,15.09,29. Aug 2025,-,FALSE,terapeak_rolex_p48.html
#1607 GEBRAUCHT ROLEX 25-318 MILGAUSS GV GRÜN GLAS CRYSTAL SAPHIRGLAS USED,207.46,Festpreis,7.21,0,1,207.46,28. Jan 2026,-,FALSE,terapeak_rolex_p48.html
10 Federstege 20mm für Uhren der Marke Rolex,16.14,Festpreis,9.11,0,1,16.14,28. Dez 2025,-,FALSE,terapeak_rolex_p48.html
"#1615 USED ROLEX 15,4mm SUBMARINER SEA DWELLER EXPLORER BANDGLIED OYSTER STAHL",90.79,Festpreis,7.01,0,1,90.79,2. Sep 2025,-,FALSE,terapeak_rolex_p48.html
#1616 RESTORED ROLEX SUBMARINER DATE 16618 16613 16803 16808 ZIFFERBLATT DIAL,181.11,Festpreis,6.97,0,1,181.11,20. Aug 2025,-,FALSE,terapeak_rolex_p48.html
Set mit 110 Federstegen für Rolex und Tudor Uhren,36.97,Festpreis,0,100,1,36.97,28. Mrz 2026,-,FALSE,terapeak_rolex_p48.html
Bandschrauben Set für Metallarmbänder von RLX Uhren,47.48,Festpreis,0,100,1,47.48,2. Feb 2026,-,FALSE,terapeak_rolex_p48.html
#1617 NEU ROLEX 126610 SUBMARINER DATE 3235 ZIFFERBLATT DIAL CADRAN 126610LN,994.61,Festpreis,24.86,0,1,994.61,22. Mrz 2026,-,FALSE,terapeak_rolex_p48.html
#1617 NEU ROLEX 124060 SUBMARINER 3230 ZIFFERBLATT DIAL CADRAN 124060LN,1211.42,Festpreis,166.57,0,1,1211.42,25. Aug 2025,-,FALSE,terapeak_rolex_p48.html
#1617 ORIG. ROLEX SUBMARINER 126610 CERAMIC KERAMIK BEZEL INSERT SCHWARZ LÜNETTE,451.14,Festpreis,9.53,0,1,451.14,12. Jan 2026,-,FALSE,terapeak_rolex_p48.html
Glas Kunststoff Kompatibel Rolex 25-145 15000 15010 15038 15505 5700 Oyster Date,10.04,Festpreis,12.66,0,3,30.11,9. Sep 2025,-,FALSE,terapeak_rolex_p48.html
"#1630 ORIG ROLEX 15,4mm CLASP LINK 62523H JUBILEE STAHL GOLD EDELSTAHL GMT DJ",131.22,Festpreis,29.27,0,1,131.22,6. Sep 2025,-,FALSE,terapeak_rolex_p48.html
#1631 ROLEX OYSTER BANDGLIED GLIED 116500 116710 116520 116200 116234 116264,127.86,Festpreis,6.83,0,1,127.86,16. Mrz 2026,-,FALSE,terapeak_rolex_p48.html
#1630 ROLEX 24-604-0 KRONE CROWN STAHL OYSTER 6mm DATEJUST GMT MASTER 16014,95.4,Festpreis,6.98,0,1,95.4,9. Okt 2025,-,FALSE,terapeak_rolex_p48.html
#1644 ROLEX AIR KING CAL 3000 3030 SILBER SILVER 14000 14010 14000M ZIFFERBLATT,202.25,Festpreis,7.03,0,1,202.25,25. Sep 2025,-,FALSE,terapeak_rolex_p48.html
#1642 GEBRAUCHT ROLEX 25-7000-J1 DAYTONA 116500 116520 CRYSTAL SAPHIRGLAS USED,190.33,Festpreis,6.96,0,1,190.33,9. Okt 2025,-,FALSE,terapeak_rolex_p48.html
Glas Esalite Kompatibel Rolex 25-118 1600 1601 1602 1603 1604 Swiss Made H.Q,19.92,Festpreis,12.51,0,1,19.92,13. Okt 2025,-,FALSE,terapeak_rolex_p48.html
Glas verlux Kompatibel Rolex 25-116 1655 1675 16750 16753 Gmt xs302.450 Plexi,15.14,Festpreis,12.61,0,1,15.14,7. Okt 2025,-,FALSE,terapeak_rolex_p49.html
"#1665 USED ROLEX 24-530-8 OYSTER KRONE YG GOLD OYSTER YELLOWGOLD VINTAGE 5,3mm",80.78,Festpreis,7.02,0,1,80.78,19. Dez 2025,-,FALSE,terapeak_rolex_p49.html
#1665 ORIG ROLEX 24-704-0 KRONE TUBUS CROWN STAHL OYSTER TRIPLOCK 7mm STEEL 2,131.64,Festpreis,7.04,0,1,131.64,23. Jan 2026,-,FALSE,terapeak_rolex_p49.html
#1665 ORIG ROLEX 24-704-0 KRONE TUBUS CROWN STAHL OYSTER TRIPLOCK 7mm STEEL 4,128.93,Festpreis,28.77,0,1,128.93,20. Mrz 2026,-,FALSE,terapeak_rolex_p49.html
#1665 ORIG ROLEX 24-704-0 KRONE TUBUS CROWN STAHL OYSTER TRIPLOCK 7mm STEEL 4,123.09,Festpreis,28.9,0,1,123.09,26. Nov 2025,-,FALSE,terapeak_rolex_p49.html
#1665 ORIG ROLEX 24-704-0 KRONE TUBUS CROWN STAHL OYSTER TRIPLOCK 7mm STEEL 5,131.6,Festpreis,7.04,0,1,131.6,22. Apr 2026,-,FALSE,terapeak_rolex_p49.html
#1665 ORIG ROLEX 24-704-0 KRONE TUBUS CROWN STAHL OYSTER TRIPLOCK 7mm STEEL 6,130.18,Festpreis,29.04,0,1,130.18,27. Mai 2026,-,FALSE,terapeak_rolex_p49.html
Glas Esalite Kompatibel Für Rolex 25-116 1655 1675 16750 16753 Swiss Made H.Q,19.86,Festpreis,12.47,0,1,19.86,12. Nov 2025,-,FALSE,terapeak_rolex_p49.html
Glas Esalite Kompatibel Rolex 25-127 1680-0 1680-8 Submariner Swiss Made H.Q,19.88,Festpreis,12.48,0,1,19.88,27. Nov 2025,-,FALSE,terapeak_rolex_p49.html
90 Federstege speziell für Rolex und Tudor Uhren,39.78,Festpreis,0,100,1,39.78,10. Nov 2025,-,FALSE,terapeak_rolex_p49.html
Glas Kunststoff Kompatibel Für Rolex 25-108 6494 6694 Oyster Date Precision,9.91,Festpreis,12.52,0,1,9.91,17. Nov 2025,-,FALSE,terapeak_rolex_p49.html
"#1691 ORIG. ROLEX 15,4mm GLIED LINK OYSTER SUBMARINER 93150 78360 OYSTERBAND",111.05,Festpreis,29.28,0,1,111.05,7. Jan 2026,-,FALSE,terapeak_rolex_p49.html
"#1691 ORIG. ROLEX 15,4mm 2x GLIED LINK OYSTER SUBMARINER 93150 93160A OYSTERBAND",171.19,Festpreis,6.96,0,1,171.19,17. Nov 2025,-,FALSE,terapeak_rolex_p49.html
Saphir-Uhrenglas für Rolex Datejust Midsize 68273 25 mm Neu,10.98,Festpreis,0,100,1,10.98,27. Dez 2025,-,FALSE,terapeak_rolex_p49.html
"#1758 ORIG. ROLEX 15,4mm GLIED LINK OYSTER DAYTONA 16520 OYSTERBAND 78390",130.29,Festpreis,6.97,0,2,260.57,5. Mrz 2026,-,FALSE,terapeak_rolex_p49.html
#1758 ROLEX DIVER EXTENSION GLIED LINK OYSTER SUBMARINER 16610 SEADWELLER 16600,93.41,Festpreis,65.29,0,1,93.41,9. Jan 2026,-,FALSE,terapeak_rolex_p49.html
ROLEX 1210-7500 Feder Kompatibel Swiss Made Hauptfeder Normale Präzision,18.23,Festpreis,12.66,0,1,18.23,23. Jan 2026,-,FALSE,terapeak_rolex_p49.html
"#1769 ORIG. ROLEX 15,4mm GLIED LINK OYSTER SUBMARINER 93150 93160 14060 16660",103.04,Festpreis,6.95,0,1,103.04,4. Mrz 2026,-,FALSE,terapeak_rolex_p49.html
Kunstglas Kompatibel Mit Rolex 25-117 1500 1510 1550 1625 Vintage Air King,9.93,Festpreis,12.54,0,1,9.93,20. Jan 2026,-,FALSE,terapeak_rolex_p49.html
#1778 GEBRAUCHT ROLEX 25-7035-J1 SUBMARINER 16610 16800 CRYSTAL SAPHIRGLAS USED,200.68,Festpreis,29.1,0,1,200.68,29. Mai 2026,-,FALSE,terapeak_rolex_p49.html
#1778 NEU / NEW ROLEX 3155 3156 DAY DATE TAGESSCHEIBE DAY WHEEL DEUTSCH GERMAN,273.88,Festpreis,7.05,0,1,273.88,11. Mai 2026,-,FALSE,terapeak_rolex_p49.html
Tubus kompatibel zum Rolex Tubus 24-6020,24,Festpreis,0,100,1,24,30. Mai 2026,-,FALSE,terapeak_rolex_p49.html
Rolex Watch Parts 3135 540 Reversing  Wheel. Brand NEW (RO-26),62.34,Festpreis,9.67,0,4,249.36,25. Mrz 2024,-,FALSE,terapeak_rolex_p5.html
Saphir-Uhrenglas für Rolex Datejust Midsize 68273 25 mm Neu,9.37,Festpreis,0,100,3,28.12,14. Sep 2024,-,FALSE,terapeak_rolex_p5.html
Rolex Daytona Transparent Gehäuseboden Kompatibel Modell 116500 16523 116520,52.91,Festpreis,0,100,4,211.66,22. Dez 2025,-,FALSE,terapeak_rolex_p5.html
Verlängerungsglied bicolor 18kt kompatibel zum Rolex Oyster Herren Armband 62523,181.5,Festpreis,0,100,3,544.5,17. Mrz 2026,-,FALSE,terapeak_rolex_p5.html
Bodendichtung in Uhrmacherqualität Dichtung Gehäusedichtung kompatibel für Rolex,7.81,Festpreis,0,100,3,23.42,8. Feb 2026,-,FALSE,terapeak_rolex_p5.html
2 Federstege mit Schulter kompatibel zu Rolex + Federstegwerkzeug,6.75,Festpreis,0,100,3,20.25,12. Okt 2025,-,FALSE,terapeak_rolex_p5.html
"Acryl Ersatzglas kompatibel Rolex  Oyster Perpetual Medium, Speedking 6745, 6751",32.01,Festpreis,0,100,3,96.01,2. Jun 2026,-,FALSE,terapeak_rolex_p5.html
"Zugfeder 7500 für Rolex 1220 1,55 mm x 0,104 mm x 9 mm",24.66,Festpreis,0,100,3,73.98,27. Feb 2025,-,FALSE,terapeak_rolex_p5.html
Faltschließe kompatibel für Rolex Submariner Oyster Armband klassische Version,84.01,Festpreis,8.31,0,3,252.02,21. Mai 2025,-,FALSE,terapeak_rolex_p5.html
"Stellhebelfeder/ Winkelhebelfeder 445 für Rolex 600, 620, 630, 635, 640, 645, NA",60.27,Festpreis,9.98,33,3,180.82,4. Mrz 2026,-,FALSE,terapeak_rolex_p5.html
Uhr Strap Ersatz Schraube Pins Links für Rolex Uhr Band Armband Armband,23.2,Festpreis,0,100,3,69.59,6. Feb 2026,-,FALSE,terapeak_rolex_p5.html
"Stahllünette kompatibel und passend zu Rolex Submariner vintage Ref. 1680, 5512,",106.24,Festpreis,0,100,3,318.72,13. Dez 2025,-,FALSE,terapeak_rolex_p5.html
Zugfeder kompatibel für Rolex Automatik Uhrwerke,30,Festpreis,8.4,67,3,90,26. Aug 2024,-,FALSE,terapeak_rolex_p5.html
Spezial Federsteg Sortiment kompatibel und passend für Rolex 110 Stück,44.61,Festpreis,0,100,3,133.84,17. Mrz 2025,-,FALSE,terapeak_rolex_p5.html
ROLEX ERSATZGLIED GLIED LINK JUBILEE STAHL/GOLD POLIERT 10MM FÜR STAHL ARMBAND,67.34,Festpreis,0,100,4,269.36,11. Jul 2024,-,FALSE,terapeak_rolex_p5.html
"Saphir Ersatzglas, Cyclop, kompatibel zu ROLEX Submariner 126610",58.92,Festpreis,0,100,3,176.75,9. Feb 2026,-,FALSE,terapeak_rolex_p5.html
ROLEX ERSATZGLIED GLIED LINK JUBILEE STAHL/GOLD POLIERT 10MM FÜR STAHL ARMBAND,69.39,Festpreis,0,100,4,277.54,8. Sep 2024,-,FALSE,terapeak_rolex_p5.html
Stecker Zenith El Primero Movado 3019 Phc 400 401 405 Part 401 Winding Stem,73.16,Festpreis,0,100,3,219.48,12. Nov 2024,-,FALSE,terapeak_rolex_p5.html
ROLEX Lady Damen Precision Zifferblatt Silver Gold Dial SWISS Ø 13 mm vintage,121.96,Festpreis,20.07,0,3,365.88,25. Sep 2025,-,FALSE,terapeak_rolex_p5.html
ROLEX DAYTONA 18K 750 MASSIVGOLD DRÜCKER VINTAGE RAR PUSHER,501.87,Festpreis,10.05,0,3,1505.63,6. Mrz 2026,-,FALSE,terapeak_rolex_p5.html
ROLEX JUBILEE STAHL ARMBAND ERSATZGLIED 16MM FÜR HERREN BAND,61.54,Festpreis,0,100,4,246.15,18. Nov 2025,-,FALSE,terapeak_rolex_p5.html
"rolex 3130 / 3135 generic sliding pinion, part no. 3135-205",24.76,Festpreis,2.97,0,3,74.29,1. Dez 2025,-,FALSE,terapeak_rolex_p5.html
"rolex 3130 / 3135 generic setting wheel , part no. 3135-250",18.94,Festpreis,3.34,0,6,113.59,9. Jan 2026,-,FALSE,terapeak_rolex_p5.html
ROLEX PRÄSIDENT ARMBAND ERSATZGLIED LINK GLIED 18K 750 MASSIVGOLD 16MM BORKE,399.25,Festpreis,0,100,3,1197.75,2. Mrz 2026,-,FALSE,terapeak_rolex_p5.html
"Rolex Oyster Anchor For Submariner, 300 Meters, 1,000 Ft Underwater  (Z416)",59.14,Festpreis,8.59,33,3,177.43,27. Dez 2025,-,FALSE,terapeak_rolex_p5.html
ROLEX 👑 BUCHERER ZÜRICH SPOON LÖFFEL ⭐️ 100% AUTHENTIC ❗️ NEW ❗️EU SHIPPING,28.6,Festpreis,4.03,0,3,85.82,5. Okt 2025,-,FALSE,terapeak_rolex_p5.html
24-5330-0 ¦ Tubus für Krone ¦ Tube for crown ¦ passend für Rolex ¦ Made in Swiss,27.4,Festpreis,8.55,0,3,82.21,24. Jul 2024,-,FALSE,terapeak_rolex_p5.html
29-0531 ¦ Dichtung für Krone passend für Rolex ¦ Gasket for Crown,9.24,Festpreis,6.12,67,6,55.45,6. Mai 2024,-,FALSE,terapeak_rolex_p5.html
24-7000 ¦ Tubus passend für Rolex ¦ Tube compatible for Rolex,65.31,Festpreis,12.91,0,4,261.23,7. Jan 2025,-,FALSE,terapeak_rolex_p5.html
29-0531 ¦ Dichtung für Krone passend für Rolex ¦ Gasket for Crown,9.36,Festpreis,5.93,33,6,56.15,11. Jun 2025,-,FALSE,terapeak_rolex_p5.html
Rolex Sapphire Crystal 25-7000- C1 Saphirglas LOGO Daytona 116520 116500,89.02,Festpreis,25.29,0,3,267.05,2. Mrz 2026,-,FALSE,terapeak_rolex_p5.html
ROLEX Mutter für Kalenderrad cal 1565 1575 GMT part 8035 calender wheel nut,48.33,Festpreis,10.74,0,3,144.99,8. Jun 2025,-,FALSE,terapeak_rolex_p5.html
ROLEX Submariner Daytona GMT Hang Tag Siegel No Hologram vintage 80's,61.63,Festpreis,10.49,0,3,184.89,22. Jan 2025,-,FALSE,terapeak_rolex_p5.html
ROLEX Datumkorrektor Korrektorrad cal 3035 part 5097 5096 Date Corrector Wheel,67.58,Festpreis,11.07,0,3,202.73,24. Feb 2026,-,FALSE,terapeak_rolex_p5.html
ROLEX Datejust Day-Date 36 mm Gold Sekundenzeiger Second Hand cal 3035 3135,57.27,Festpreis,6.85,0,3,171.81,7. Mai 2026,-,FALSE,terapeak_rolex_p5.html
ROLEX Umkehrrad cal 2130 2135 part 540 Reversing Wheels 2 Stück Alte Version,182.36,Festpreis,19.76,0,3,547.08,1. Okt 2025,-,FALSE,terapeak_rolex_p5.html
ROLEX Schraube für Winkelhebel cal 1530 - 1570 1575 7882 screw for setting lever,28.74,Festpreis,15.21,0,11,316.13,3. Sep 2025,-,FALSE,terapeak_rolex_p5.html
ROLEX Raste für Winkelhebel Day Date cal 3055 part 5120 jumper for setting lever,65.72,Festpreis,10.72,0,3,197.17,29. Okt 2025,-,FALSE,terapeak_rolex_p5.html
Glas Kunststoff Kompatibel zu Rolex 25-116 1655 1675 16750 16753 Gmt - Freccione,10.08,Festpreis,12.72,0,2,20.16,9. Feb 2026,-,FALSE,terapeak_rolex_p50.html
Glas Kunststoff Kompatibel Rolex 25-127 1680-0 1680-8 Submariner Date Swiss Made,9.2,Festpreis,12.78,0,2,18.4,14. Feb 2026,-,FALSE,terapeak_rolex_p50.html
Kunststoffglas Kompatibel Mit Rolex 25-39 Tropic 1665 Superdome,30.47,Festpreis,12.7,0,1,30.47,3. Feb 2026,-,FALSE,terapeak_rolex_p50.html
Glas Kunststoff Kompatibel Für Rolex 25-129 6900 6919 6920 6933 Datejust Lady,10.68,Festpreis,12.72,0,1,10.68,28. Feb 2026,-,FALSE,terapeak_rolex_p50.html
Tropic Glas 25-13 Kompatibel Rolex Tudor 5502 5516 6594 7926 7963 7965 7967,15.37,Festpreis,12.81,0,1,15.37,11. Feb 2026,-,FALSE,terapeak_rolex_p50.html
3x LOT ROLEX DIAL DATEJUST  SILVER & BLACK REF 16234 16014 1601 1603 ZIFFERBLATT,580.19,Festpreis,39.7,0,1,580.19,9. Feb 2026,-,FALSE,terapeak_rolex_p50.html
#1834 NEU ROLEX B25-295-CY1-C1 SAPHIRGLAS 16610 16800 16700 SUBMARINER GLAS,382.86,Festpreis,29.22,0,1,382.86,9. Apr 2026,-,FALSE,terapeak_rolex_p50.html
NEW Rolex B25/7036-J1 Sapphire Glass Datejust 116300  116334  116301  126300,439.02,Festpreis,56.15,0,1,439.02,17. Feb 2026,-,FALSE,terapeak_rolex_p50.html
ROLEX 1210-7500 Feder Kompatibel Swiss Made Hauptfeder Normale Präzision,18.27,Festpreis,12.69,0,1,18.27,24. Feb 2026,-,FALSE,terapeak_rolex_p50.html
Frühling Büro Rolex 1120 1130 1135 1160 1161 1166 Kompatibel Swiss Made Vintage,28.01,Festpreis,12.5,0,1,28.01,11. Mrz 2026,-,FALSE,terapeak_rolex_p50.html
ROLEX Sea-Dweller 16600 Extension Tool Kit Set mit Anker Charm 1220m 4000Ft,317.16,Festpreis,4.39,0,1,317.16,2. Mrz 2026,-,FALSE,terapeak_rolex_p50.html
#1876 NEU ROLEX B25-206 SAPHIRGLAS 69173 69174 LADY DATEJUST LASER CROWN GLAS,233.31,Festpreis,7.05,0,1,233.31,11. Mai 2026,-,FALSE,terapeak_rolex_p50.html
Kunstglas Kompatibel Mit Rolex 25-117 1500 1510 1550 1625 Vintage Air King,9.83,Festpreis,12.41,0,1,9.83,1. Apr 2026,-,FALSE,terapeak_rolex_p50.html
Glas Kunststoff Kompatibel Für Rolex 25-108 6494 6694 Oyster Date Precision,9.86,Festpreis,12.44,0,1,9.86,5. Apr 2026,-,FALSE,terapeak_rolex_p50.html
#1942 NEU / NEW ROLEX 25-118 ACRYLGLAS 1601 1603 1600 1608 PLEXY FACTORY SEALED,304.45,Festpreis,65.97,0,1,304.45,13. Mai 2026,-,FALSE,terapeak_rolex_p50.html
Glas Esalite Kompatibel Für Rolex 25-116 1655 1675 16750 16753 Swiss Made H.Q,20.19,Festpreis,12.67,0,1,20.19,21. Apr 2026,-,FALSE,terapeak_rolex_p50.html
#1969 NEU ROLEX 3155 3156 RUSSIA DAY DATE TAGESSCHEIBE DAY WHEEL WHITE SEALED,222.1,Festpreis,75.72,0,1,222.1,23. Apr 2026,-,FALSE,terapeak_rolex_p50.html
Tubus kompatibel zum Rolex Tubus 24-7030,23.94,Festpreis,9.02,0,1,23.94,4. Jun 2026,-,FALSE,terapeak_rolex_p50.html
Artikelnr. 406940763444,9.01,Festpreis,12.52,0,1,9.01,28. Mai 2026,-,FALSE,terapeak_rolex_p50.html
ROLEX Krone Bubbleback Oyster Crown Stahl Steel vintage 40's 50's  Ø 5 mm,144.31,Festpreis,23.41,0,3,432.93,11. Jun 2025,-,FALSE,terapeak_rolex_p6.html
ROLEX Stoßsicherung für Unruh cal 1530 1570 - 7931 balance lower shock setting,52.93,Festpreis,23.49,0,4,211.72,26. Jan 2025,-,FALSE,terapeak_rolex_p6.html
ROLEX Lady Datejust 6917 69170 GMT-Master 1675 Krone Crown Edelstahl Steel Ø5 mm,110.05,Festpreis,11,0,3,330.16,2. Mrz 2026,-,FALSE,terapeak_rolex_p6.html
ROLEX Mitnehmerrad Umkehrrad cal 2030 2035 - 4479 4480 driving reversing wheel,147.81,Festpreis,14.21,0,3,443.43,2. Dez 2025,-,FALSE,terapeak_rolex_p6.html
ROLEX Scheibe für Unruh cal 1530 1570 part 7866 balance wheel roller plateau,67.9,Festpreis,20.07,0,3,203.71,16. Apr 2026,-,FALSE,terapeak_rolex_p6.html
ROLEX Datejust 16200 16220 36 mm Lünette Bezel Engine Turned f Saphirglas Steel,180.43,Festpreis,15.83,0,3,541.28,2. Jun 2026,-,FALSE,terapeak_rolex_p6.html
Uhr Strap Ersatz Schraube Pins Links für Rolex Uhr Band Armband Armband,19.77,Festpreis,0,100,3,59.31,26. Mai 2024,-,FALSE,terapeak_rolex_p6.html
"Schrauben - Kompatibel Rolex - Schraubstift - Bar - Jubilee Armband,...",7.4,Festpreis,6.41,0,3,22.2,23. Jun 2025,-,FALSE,terapeak_rolex_p6.html
Schrauben - Rolex kompatibel - Schraubstift - Schraubstangen - Uhrenarmband -x2,7.57,Festpreis,6.44,0,3,22.71,6. Aug 2025,-,FALSE,terapeak_rolex_p6.html
Zugfeder passend für Rolex 3035 3055 3075 3085 Kaliber Mainspring 3035-5009,22.52,Festpreis,5.52,0,3,67.55,30. Sep 2024,-,FALSE,terapeak_rolex_p6.html
Zugfeder passend für Rolex 4030 Zenith 3019 3019 PHC Kaliber Mainspring 4030-311,23.01,Festpreis,4.39,0,3,69.03,15. Apr 2025,-,FALSE,terapeak_rolex_p6.html
Faltschliesse Silber passend für porsche design p6750 p6780 edelstahl,15.97,Festpreis,2.81,0,3,47.91,16. Mrz 2024,-,FALSE,terapeak_rolex_p6.html
Zugfeder passend für 2130- 311 Rolex Kaliber Armbanduhr Mainspring 771,21.45,Festpreis,5.75,0,3,64.35,11. Jun 2026,-,FALSE,terapeak_rolex_p6.html
Zugfeder passend für Omega 625 635 Tissot 2141 2142 Kaliber Mainspring 1208,20.37,Festpreis,3.25,0,3,61.1,18. Jul 2024,-,FALSE,terapeak_rolex_p6.html
Rolex Cal. 2135 Datumanzeiger Champagne 21mm.,97.71,Festpreis,26.28,0,3,293.13,16. Apr 2026,-,FALSE,terapeak_rolex_p6.html
Zugfeder passend für Omega 625 Kaliber Mainspring Tissot 2141,24.07,Festpreis,5.87,0,3,72.21,24. Feb 2026,-,FALSE,terapeak_rolex_p6.html
Rolex cal. 2030-2035. 4427 Zentrumsekundentrieb Neu,50.15,Festpreis,26.72,0,3,150.44,8. Dez 2025,-,FALSE,terapeak_rolex_p6.html
Rolex cal. 3135. 421  Anker /Pallet fork  Neu,80.09,Festpreis,27.4,0,3,240.29,3. Mai 2026,-,FALSE,terapeak_rolex_p6.html
Saphir-Uhrenglas für Rolex Datejust Midsize 68273 25 mm Neu,11.49,Festpreis,0,100,3,34.47,2. Aug 2023,-,FALSE,terapeak_rolex_p6.html
Glasdichtung f. Rolex Tudor 14 Varianten Sapphire Crystal Watch Gasket Sub GMT,20.19,Festpreis,9.4,0,5,100.93,18. Apr 2026,-,FALSE,terapeak_rolex_p6.html
ROLEX PRÄSIDENT ARMBAND ERSATZGLIED GLIED LINK 10MM 18K 750 GOLD,275.81,Festpreis,0,100,3,827.45,24. Jun 2025,-,FALSE,terapeak_rolex_p6.html
"ROLEX OYSTER ARMBAND STAHL/GOLD ERSATZGLIED GLIED LINK 15,5MM",196.5,Festpreis,9.41,67,4,786.02,19. Nov 2024,-,FALSE,terapeak_rolex_p6.html
ROLEX Lady Glied Armband Link 18KT GOLD 10mm Element 750,217.27,Festpreis,0,100,3,651.83,5. Sep 2024,-,FALSE,terapeak_rolex_p6.html
ROLEX PRÄSIDENT ARMBAND ERSATZGLIED GLIED LINK 10MM 18K 750 GOLD,331.31,Festpreis,0,100,3,993.93,7. Dez 2025,-,FALSE,terapeak_rolex_p6.html
End Links Band Anstoß 20mm kompatibel Rolex GMT II  Oyster matt/poliert,26.84,Festpreis,9.78,0,4,107.34,28. Apr 2026,-,FALSE,terapeak_rolex_p6.html
AUFZUGSWELLE STEM Rolex KALIBER 3000-3035-3055-3075-3185 Premium Qualität,13.59,Festpreis,0,100,7,95.09,11. Feb 2026,-,FALSE,terapeak_rolex_p6.html
AUFZUGSWELLE STEM Rolex KALIBER 2030-2035 Premium Qualität,11.08,Festpreis,8.06,67,3,33.23,26. Apr 2026,-,FALSE,terapeak_rolex_p6.html
Rolex Submariner GMT Master O-ring Dichtung Ref.16610/116610-16710/116710,8.73,Festpreis,0,100,4,34.92,19. Mai 2026,-,FALSE,terapeak_rolex_p6.html
ERSATZ AUFZUGSWELLE STEM TIGE FÜR KALIBER 2030 2035 ROLEX LADY DATEJUST,11.41,Festpreis,28.83,67,3,34.21,3. Nov 2025,-,FALSE,terapeak_rolex_p6.html
ERSATZ AUFZUGSWELLE STEM TIGE FÜR KALIBER 1210 1215 1225 ROLEX PRECISION,11.4,Festpreis,6.97,67,3,34.2,3. Jun 2026,-,FALSE,terapeak_rolex_p6.html
#A19 NEU ORIG. ROLEX BANDGLIED GLIED 97200 SUBMARINER SEA DWELLER KERAMIK MODELL,93.83,Festpreis,14.34,0,3,281.49,10. Feb 2026,-,FALSE,terapeak_rolex_p6.html
#1316 ROLEX ANKERRAD ESCAPE WHEEL 1520 1525 1560 1530 1570 1575 7841 8051,59.14,Festpreis,33.37,0,3,177.43,22. Apr 2026,-,FALSE,terapeak_rolex_p6.html
"#1462 ROLEX 15,4mm BANDGLIED JUBILEE STAHL EDELSTAHL GLIED 126300 126334 126234",92.79,Festpreis,6.51,0,4,371.18,6. Mai 2026,-,FALSE,terapeak_rolex_p6.html
90 Federstege speziell für Rolex und Tudor Uhren,39.8,Festpreis,0,100,3,119.41,9. Nov 2025,-,FALSE,terapeak_rolex_p6.html
#A19 ORIG ROLEX BANDGLIED GLIED 116500 116710 116520 116200 116234 116264 116244,112.13,Festpreis,14.56,0,4,448.55,12. Feb 2026,-,FALSE,terapeak_rolex_p6.html
Tubus kompatibel zum Rolex Tubus 24-6020,24.05,Festpreis,9.06,0,3,72.17,20. Jan 2026,-,FALSE,terapeak_rolex_p6.html
Tubus kompatibel zum Rolex Tubus 24-7030,24,Festpreis,9.21,67,3,72.01,20. Mai 2026,-,FALSE,terapeak_rolex_p7.html
Rolex  Oyster HANGTAG,17.45,Festpreis,4.58,0,2,34.9,5. Jun 2026,-,FALSE,terapeak_rolex_p7.html
Orig. Rolex Oyster Stahl Gold Glied 15.3mm Datejust Submariner Gmt  Skydweller,156.05,Festpreis,6.04,0,2,312.09,16. Apr 2025,-,FALSE,terapeak_rolex_p7.html
AUTHENTIC ROLEX SINGLE CROWN HOLOGRAM HANGTAG RED  (RT-R),31.85,Festpreis,5.06,0,2,63.7,8. Mai 2026,-,FALSE,terapeak_rolex_p7.html
Vintage Gelb Metallic Rolex 6204 Stil Uhr Goldfarbene Zeiger für ETA 2824 2836,25.85,Festpreis,0,100,2,51.7,11. Feb 2024,-,FALSE,terapeak_rolex_p7.html
"Schraube - Kompatible Rolex - Pin für Glieder, Armband, Armband - Edelstahl...",5.21,Festpreis,6.91,0,2,10.42,20. Nov 2025,-,FALSE,terapeak_rolex_p7.html
"Schraubstange - Für Rolex Armband / Strap Jubilee, Oyster, Dayton - 2 Stück",5.45,Festpreis,6.96,50,2,10.91,18. Mai 2026,-,FALSE,terapeak_rolex_p7.html
Rolex Daytona Transparent Gehäuseboden Kompatibel Modell 116500 16523 116520,43.27,Festpreis,0,100,2,86.52,16. Apr 2026,-,FALSE,terapeak_rolex_p7.html
Armbandglied Stahl gebürstet/poliert kompatibel zum Rolex Jubilé 63130,50.08,Festpreis,0,100,2,100.15,2. Dez 2025,-,FALSE,terapeak_rolex_p7.html
90x Federstege Set Spezial für Rolex mit/ohne Schulter 13/17/19/20mm Eichmüller,46.6,Festpreis,0,100,2,93.2,6. Dez 2023,-,FALSE,terapeak_rolex_p7.html
Acryl Ersatzglas kompatibel zu Rolex für Submariner Date 1680,22.39,Festpreis,0,100,2,44.78,8. Mrz 2025,-,FALSE,terapeak_rolex_p7.html
ROLEX ERSATZGLIED GLIED LINK OYSTER STAHL/GOLD POLIERT 14MM VINTAGE RAR SCHÖN,167.97,Festpreis,0,100,2,335.93,3. Jan 2026,-,FALSE,terapeak_rolex_p7.html
"Zugfeder, generisch, für Rolex 1200, 1210, 1215",23.87,Festpreis,0,100,2,47.74,23. Sep 2024,-,FALSE,terapeak_rolex_p7.html
"Saphir Ersatzglas, Cyclop, kompatibel zu ROLEX Sea-Dweller 126600",60.34,Festpreis,10.14,50,2,120.67,24. Jan 2026,-,FALSE,terapeak_rolex_p7.html
ROLEX ERSATZGLIED GLIED LINK JUBILEE STAHL/GOLD POLIERT 10MM FÜR STAHL ARMBAND,73.37,Festpreis,18.91,50,3,220.13,28. Feb 2025,-,FALSE,terapeak_rolex_p7.html
Lünetten-Inlay schwarz/gold kompatibel zu Rolex GMT-Master I 1675/3 1675/8 16753,34.95,Festpreis,0,100,2,69.9,31. Okt 2025,-,FALSE,terapeak_rolex_p7.html
Faltschließe poliert und gebürstet kompatibel zu Rolex Deepsea Sea Dweller 12666,60.89,Festpreis,9.95,50,2,121.77,30. Jan 2026,-,FALSE,terapeak_rolex_p7.html
Orig. ROLEX OYSTER GMT Master 2 Manual Bedienungsanleitung Englisch 596.02 * TOP,20.61,Festpreis,3.48,50,2,41.21,11. Jun 2026,-,FALSE,terapeak_rolex_p7.html
Aufzugswelle / Aufzugswellen kompatible zu Rolex,24.35,Festpreis,0,100,2,48.69,20. Aug 2025,-,FALSE,terapeak_rolex_p7.html
Glasdichtung kompatibel Rolex Cyclop 25-295-C1 Datejust DayDate Turnograph,10.15,Festpreis,0,100,2,20.29,28. Nov 2024,-,FALSE,terapeak_rolex_p7.html
"Acryl Ersatzglas kompatibel Rolex  Oyster Perpetual Datejust Lady 6520, 6700",22.36,Festpreis,0,100,2,44.73,16. Jan 2026,-,FALSE,terapeak_rolex_p7.html
"Saphir Ersatzglas kompatibel zu ROLEX Day-Date 16263, 18026, 18946",55.16,Festpreis,0,100,2,110.32,16. Mai 2024,-,FALSE,terapeak_rolex_p7.html
2/4PCS Wasserdicht Uhren Bezel Gasket Between Case fur SUBMARINER 116613 116610,14.08,Festpreis,0,100,2,28.15,2. Jul 2024,-,FALSE,terapeak_rolex_p7.html
Schraubtubus generisch mit Dichtungen kompatibel zu Rolex Tubus 24-6020,28.97,Festpreis,0,100,2,57.95,4. Sep 2025,-,FALSE,terapeak_rolex_p7.html
Schraubtubus generisch mit Dichtungen kompatibel zu Rolex Tubus 24-7030,38.8,Festpreis,9.92,50,2,77.6,1. Nov 2025,-,FALSE,terapeak_rolex_p7.html
"ROLEX Oyster Armband Stahl Gold Ersatzglied Link 15,5MM Für Submariner, GMT uvm",205.76,Festpreis,6.08,0,2,411.53,26. Jan 2024,-,FALSE,terapeak_rolex_p7.html
Stahlarmband mit Faltschließe Jubile Style kompatibel mit Rolex Uhren 17 mm,38.29,Festpreis,0,100,2,76.58,14. Mai 2026,-,FALSE,terapeak_rolex_p7.html
Endstück 10 mm 12 Uhr  für Faltschließe kompatibel zu RLX Jubilé Armband,42.96,Festpreis,0,100,2,85.92,17. Okt 2025,-,FALSE,terapeak_rolex_p8.html
ROLEX Schrauben Set 2 Stück für Zifferblatt cal 1530 1570 1575 screws for dial,32.72,Festpreis,13.19,0,2,65.44,19. Jan 2026,-,FALSE,terapeak_rolex_p8.html
ROLEX ERSATZGLIED GLIED STAHL OYSTER BAND 14MM VINTAGE RAR NEUE VERSION,106.86,Festpreis,0,100,2,213.72,17. Feb 2026,-,FALSE,terapeak_rolex_p8.html
Rsatz 3135-5100 Uhr Befestigungsschraube für 3135 Uhrwerk,7.03,Festpreis,2.14,0,5,35.13,22. Dez 2023,-,FALSE,terapeak_rolex_p8.html
Rolex NIETEN ARMBAND 16MM STAHL ERSATZGLIED GLIED LINK,91.58,Festpreis,0,100,2,183.15,24. Jun 2025,-,FALSE,terapeak_rolex_p8.html
ROLEX ANSTOSS FÜR JUBILEE BAND 20MM STAHL/GOLD 455 RAR VINTAGE 4,131.29,Festpreis,9.3,50,2,262.59,13. Jan 2025,-,FALSE,terapeak_rolex_p8.html
ROLEX Krone 18 KT Gold Crown 6 mm 24-603-8 Datejust 16233 16238 Day-Date 18038,176.44,Festpreis,23.87,0,2,352.87,17. Apr 2024,-,FALSE,terapeak_rolex_p8.html
ROLEX PRÄSIDENT ARMBAND ERSATZGLIED LINK GLIED 18K 750 MASSIVGOLD 16MM WEISSGOLD,363.96,Festpreis,0,100,4,1455.85,1. Dez 2024,-,FALSE,terapeak_rolex_p8.html
ROLEX Oyster Swimpruf Hang Tag Preisschild grün green Hangtag Price / Preischild,14.69,Festpreis,1.47,0,2,29.37,27. Apr 2024,-,FALSE,terapeak_rolex_p8.html
ROLEX Oyster Armband Glied 7836 Bracelet Link Folded Gefaltet 17 mm vintage,148.95,Festpreis,13.47,0,2,297.88,9. Dez 2025,-,FALSE,terapeak_rolex_p8.html
ROLEX Krone 18 kt Gold Datejust Lady 6917 69173 GMT 1675 Crown 24-530-8 5.3 mm,143.3,Festpreis,6.27,0,2,286.59,25. Feb 2025,-,FALSE,terapeak_rolex_p8.html
ROLEX PRÄSIDENT ARMBAND ERSATZGLIED LINK GLIED 18K 750 MASSIVGOLD 16MM WEISSGOLD,437.38,Festpreis,0,100,3,1312.14,28. Mai 2026,-,FALSE,terapeak_rolex_p8.html
"rolex 3130 / 3135 generic stem , part no. 3135-201",9.88,Festpreis,2.96,0,2,19.76,12. Nov 2025,-,FALSE,terapeak_rolex_p8.html
"rolex 3130 / 3135 generic jewel for oscillating weight upper, part no. 3135-9570",25.27,Festpreis,2.81,0,2,50.54,6. Jun 2025,-,FALSE,terapeak_rolex_p8.html
ROLEX Lady Jubilee Armbandglied Glied Stahl Gold bracelet link steel /gold 10mm,80.49,Festpreis,7.04,0,2,160.97,19. Nov 2025,-,FALSE,terapeak_rolex_p8.html
"ROLEX OYSTERQUARTZ ARMBAND STAHL/GOLD ERSATZGLIED GLIED LINK 15,5MM",226.23,Festpreis,0,100,2,452.47,8. Feb 2026,-,FALSE,terapeak_rolex_p8.html
ROLEX JUBILEE STAHL ARMBAND ERSATZGLIED 16MM FÜR HERREN BAND,64.05,Festpreis,0,100,5,320.26,27. Mrz 2026,-,FALSE,terapeak_rolex_p8.html
ROLEX JUBILEE STAHL ERSATZGLIED 16MM HERREN BAND ALTE VERSION STAHL ROSE GOLD,79.72,Festpreis,0,100,2,159.45,27. Mai 2026,-,FALSE,terapeak_rolex_p8.html
"Rolex Oyster Anchor For Submariner, 300 Meters, 1,000 Ft Underwater  (Z416)",59.69,Festpreis,7.56,0,2,119.37,2. Jun 2026,-,FALSE,terapeak_rolex_p8.html
"Ladies President Link For Rolex 69168, 69178, 69278, 69198, Borke Glied 10mm",202.32,Festpreis,6.26,0,3,606.95,6. Okt 2025,-,FALSE,terapeak_rolex_p8.html
24-6330-1 ¦ Tubus für Krone ¦ Tube for crown ¦ passend für Rolex ¦ Made in Swiss,32.01,Festpreis,10.63,0,2,64.03,29. Okt 2025,-,FALSE,terapeak_rolex_p8.html
Rolex Sapphire Crystal 25- 206C Saphirglas Datejust Lady 26mm,46.44,Festpreis,25.19,0,2,92.87,16. Dez 2025,-,FALSE,terapeak_rolex_p8.html
Rolex Sapphire Crystal 25- 295C-C1 Saphirglas LOGO Datejust Submariner GMT,118.1,Festpreis,25.02,0,2,236.18,4. Mai 2026,-,FALSE,terapeak_rolex_p8.html
Rolex Sapphire Crystal Sea-Dweller 44mm 116660 Saphirglas LOGO Dome,149.38,Festpreis,25.23,0,2,298.75,7. Mrz 2026,-,FALSE,terapeak_rolex_p8.html
ROLEX PRÄSIDENT ARMBAND ERSATZGLIED GLIED LINK 10MM 18K 750 GOLD,194.99,Festpreis,6.19,0,2,389.99,2. Jun 2026,-,FALSE,terapeak_rolex_p8.html
ROLEX Mitnehmerrad Umkehrrad cal 3135 3155 3185 510 540 driving reversing wheel,116.71,Festpreis,12.6,0,2,233.42,24. Mrz 2025,-,FALSE,terapeak_rolex_p8.html
ROLEX Klötzchen für Stoppfeder STUD for Balance stop spring cal 2130 2135 - 246,34.87,Festpreis,12.75,0,2,69.75,20. Aug 2024,-,FALSE,terapeak_rolex_p8.html
ROLEX Rotor Schwungmasse cal 3135 3155 3185 part 570 oscillating weight Top,127.67,Festpreis,18.57,0,2,255.33,7. Jun 2024,-,FALSE,terapeak_rolex_p9.html
ROLEX Mitnehmerrad cal 1210 1215 part 7517 driving wheel over third wheel,55.02,Festpreis,13.03,0,2,110.05,28. Mai 2025,-,FALSE,terapeak_rolex_p9.html
ROLEX Krone Crown Datejust 16200 36 mm GMT 16710 16700 Explorer II cal 3135 6 mm,112.98,Festpreis,12.49,0,2,225.95,6. Mai 2024,-,FALSE,terapeak_rolex_p9.html
"Silberner Druckknopfsatz für Rolex Daytona 116520, 116515, 116500",58.43,Festpreis,0,100,2,116.85,26. Jan 2024,-,FALSE,terapeak_rolex_p9.html
ROLEX Umkehrrad cal 2130 2135 part 540 Reversing Wheels 2 Stück Alte Version,132.97,Festpreis,18.73,0,2,265.95,19. Mrz 2024,-,FALSE,terapeak_rolex_p9.html
Glidelock Faltschließe aus gebürstetem Stahl für Rolex Submariner GMT I& II 16mm,30.95,Festpreis,0,100,2,61.9,4. Nov 2024,-,FALSE,terapeak_rolex_p9.html
ROLEX Umkehrrad cal 2130 2135 part 540 Reversing Wheels 2 Stück Alte Version,145.42,Festpreis,18.71,0,2,290.85,29. Mai 2024,-,FALSE,terapeak_rolex_p9.html
ROLEX Rotor Schwungmasse cal 3135 3155 3185 part 570 oscillating weight rotor,151.57,Festpreis,18.31,0,2,303.15,18. Feb 2026,-,FALSE,terapeak_rolex_p9.html
ROLEX Welle für Schwungmasse Rotor Achse Axle oscillating weight cal 3035 5064,36.1,Festpreis,5.34,0,2,72.19,23. Jan 2026,-,FALSE,terapeak_rolex_p9.html
ROLEX Wippe für Kupplungstrieb Hebel cal 3035 5035 part 5039 yoke sliding pinion,36.95,Festpreis,6.63,0,2,73.89,10. Sep 2024,-,FALSE,terapeak_rolex_p9.html
ROLEX Schraube für Winkelhebel cal 1210 1215 1220 part 7562 setting lever screw,26.88,Festpreis,13.33,0,2,53.76,21. Jan 2026,-,FALSE,terapeak_rolex_p9.html
ROLEX Umkehrräder 2 Stück montiert cal 1530 1570 1575 - 7912 reversing wheels,145.66,Festpreis,12.72,0,2,291.3,26. Jul 2024,-,FALSE,terapeak_rolex_p9.html
ROLEX Klemmscheibe für Schwungmasse cal 2030 2035 4478 spring clip for rotor,32.42,Festpreis,6.68,0,2,64.84,14. Sep 2024,-,FALSE,terapeak_rolex_p9.html
ROLEX Oyster Armband Glied Bracelet Link Stahl Steel MASSIV GMT Master 15.5mm,96.18,Festpreis,6.48,0,2,192.35,20. Nov 2023,-,FALSE,terapeak_rolex_p9.html
ROLEX Umkehrrad cal 2130 2135 part 540 Reversing Wheels 2 Stück Alte Version,163.22,Festpreis,18.76,0,2,326.44,13. Aug 2024,-,FALSE,terapeak_rolex_p9.html
ROLEX Oysterquartz Schrauben für Batterie Bügel Screws cal 5035 5055 part 56002,36.12,Festpreis,20.42,0,8,288.96,17. Jun 2025,-,FALSE,terapeak_rolex_part_p1.html
Feder Hand Zugfeder Valjoux 23 72 78 88 90 236 235 730 Part 770 N.O.S,37.27,Festpreis,0,100,2,74.53,26. Mrz 2025,-,FALSE,terapeak_rolex_part_p2.html
Stecker Zenith El Primero Movado 3019 Phc 400 401 405 Part 401 Winding Stem,77.71,Festpreis,0,100,1,77.71,12. Nov 2024,-,FALSE,terapeak_rolex_part_p3.html
