item_number,title,price_eur,currency,condition,seller_type,sold_date_iso,sold_date_raw,is_sold,shipping_eur,free_shipping,best_offer,location,seller,url,source_page
145799561518,Rolex Oyster Katalog 1999 Broschüre Preiseliste  Schweiz,59.99,EUR,Gebraucht,Gewerblich,2026-07-13,13. Jul 2026,1,0.0,1,1,,"treffpunktnr.1 99,7% positiv (2.773)",https://www.ebay.de/itm/145799561518,ebay_sold_p1.html
205498921219,"Rolex 1530-7853....Screws for balance bridge,barrel bridge,train wheel bridge",45.0,EUR,Neu,Gewerblich,2026-07-13,13. Jul 2026,1,20.0,0,0,"Sofort-Kaufen +EUR 20,00 Lieferung  Spanien Ähnliche aktive Angebote ansehen Solch einen Artikel verkaufen",eisntimeparts 100% positiv (15),https://www.ebay.de/itm/205498921219,ebay_sold_p1.html
127918038171,"OMEGA 2531.80 41mm SEAMASTER PROFESSIONAL ZIFFERBLATT 30,5mm Superluminova",149.0,EUR,Gebraucht,Gewerblich,2026-07-13,13. Jul 2026,1,143.04,0,1,,almawatches 100% positiv (3.677),https://www.ebay.de/itm/127918038171,ebay_sold_p1.html
365966712887,Original Rolex Ringe Lünette - 15200 - 1500 - Air King - 15000 - Precision,60.0,EUR,Gebraucht,Privat,2026-07-03,3. Jul 2026,1,20.0,0,0,"Sofort-Kaufen +EUR 20,00 Lieferung  Italien Ähnliche aktive Angebote ansehen Solch einen Artikel verkaufen",passioneorologi22 100% positiv (33),https://www.ebay.de/itm/365966712887,ebay_sold_p1.html
318095696231,"Rolex Edelstahl Bandglied Glied für GMT-Master II Ref. 116710LN 15,51 mm link",109.0,EUR,Gebraucht,Gewerblich,2026-07-10,10. Jul 2026,1,0.0,1,1,,eBay Top-Service,https://www.ebay.de/itm/318095696231,ebay_sold_p1.html
366525923296,Large Official Rolex Green 100% Cotton Cleaning Cloth – Authentic,65.0,EUR,Neu (Sonstige),Privat,2026-07-13,13. Jul 2026,1,1.0,0,0,"1 Gebot +EUR 12,00 Lieferung  Spanien Ähnliche aktive Angebote ansehen Solch einen Artikel verkaufen",karkund0 100% positiv (15),https://www.ebay.de/itm/366525923296,ebay_sold_p1.html
178032032501,Rolex Datejust Handbuch Anleitung booklet Deutsch 553.53 De - 1.2020,49.0,EUR,Neu (Sonstige),Privat,2026-07-13,13. Jul 2026,1,1.1,0,0,,frankenhain16 100% positiv (685),https://www.ebay.de/itm/178032032501,ebay_sold_p1.html
397720351026,Gehäuseöffner Für Rolex Uhren Uhrmacherwerkzeug Sets Für Gerillte Gehäuseböden,13.9,EUR,Neu,Gewerblich,2026-07-13,13. Jul 2026,1,0.0,1,0,,"caicaifa 99,6% positiv (12.194)",https://www.ebay.de/itm/397720351026,ebay_sold_p1.html
227425789901,Rolex 1040 6982 gebraucht Disengaging Wheel,328.9,EUR,Gebraucht,Gewerblich,2026-07-13,13. Jul 2026,1,29.0,0,1,"oder Preisvorschlag +EUR 29,00 Lieferung  Italien Ähnliche aktive Angebote ansehen Solch einen Artikel verkaufen",*rarecollections 100% positiv (1.384),https://www.ebay.de/itm/227425789901,ebay_sold_p1.html
227429167693,Guter Zustand Rolex 1040 6987 gebraucht Ankerfederstein für Second,108.9,EUR,Gebraucht,Gewerblich,2026-07-13,13. Jul 2026,1,29.0,0,1,"oder Preisvorschlag +EUR 29,00 Lieferung  Italien Ähnliche aktive Angebote ansehen Solch einen Artikel verkaufen",*rarecollections 100% positiv (1.384),https://www.ebay.de/itm/227429167693,ebay_sold_p1.html
267717689056,lünette lünette rolex datejust 36mm,180.0,EUR,Neu (Sonstige),Privat,2026-07-13,13. Jul 2026,1,15.0,0,1,"oder Preisvorschlag +EUR 15,00 Lieferung  Italien Ähnliche aktive Angebote ansehen Solch einen Artikel verkaufen",giacoromel 100% positiv (76),https://www.ebay.de/itm/267717689056,ebay_sold_p1.html
168086536837,5537 Uhrenwerkzeug Uhrenöffner Gehäuseöffner Reparatur Set für Rolex und Tudor,17.36,EUR,Neu,Gewerblich,2026-07-13,13. Jul 2026,1,0.0,1,0,,"szhk_chen 99,8% positiv (10.185)",https://www.ebay.de/itm/168086536837,ebay_sold_p1.html
305208587362,Leuchtpunkt Leuchtperle Perle Lume Dot für Rolex Submariner Sea Dweller u.a.,16.5,EUR,Neu (Sonstige),Gewerblich,2026-07-13,13. Jul 2026,1,1.0,0,0,,"electroflash 99,4% positiv (13.304)",https://www.ebay.de/itm/305208587362,ebay_sold_p1.html
406751848533,Gehäuseöffner Für Rolex Uhren Uhrmacherwerkzeug Sets Für Gerillte Gehäuseböden,13.79,EUR,Neu,Gewerblich,2026-07-13,13. Jul 2026,1,0.0,1,0,,"amireux 99,5% positiv (10.139)",https://www.ebay.de/itm/406751848533,ebay_sold_p1.html
172716328354,Schraubkrone kompatibel zu Rolex Kronen 5.3 - 7.0 mm für Rolex Uhren,17.95,EUR,Neu,Gewerblich,2026-07-13,13. Jul 2026,1,0.0,1,0,,watchparts24 100% positiv (71.339),https://www.ebay.de/itm/172716328354,ebay_sold_p1.html
404647696351,#1033 ORIGINAL ROLEX DATEJUST 36mm CAL 3035 3135 REF 16234 16014 ZIFFERBLATT,195.49,EUR,Gebraucht,Gewerblich,2026-07-13,13. Jul 2026,1,187.67,0,0,,state_of_time 100% positiv (3.802),https://www.ebay.de/itm/404647696351,ebay_sold_p1.html
185062738922,"Zeigerspiel ""Datejust"" style kompatibel zu Rolex Kal. 3035/3135",21.95,EUR,Neu,Gewerblich,2026-07-13,13. Jul 2026,1,0.0,1,0,,watchparts24 100% positiv (71.339),https://www.ebay.de/itm/185062738922,ebay_sold_p1.html
357653252029,"Original Rolex Krone 7mm Gold für Submariner 16613, 16618 / Daytona 16523",219.0,EUR,Gebraucht,Gewerblich,2026-07-13,13. Jul 2026,1,0.0,1,1,,"sandtuhr 99,8% positiv (54.529)",https://www.ebay.de/itm/357653252029,ebay_sold_p1.html
115917192103,ROLEX 2135 Zug Cod. 220 Kaliber: 2130 (TOP ZUSTAND),49.0,EUR,Gebraucht,Gewerblich,2026-07-13,13. Jul 2026,1,19.0,0,0,"Sofort-Kaufen +EUR 19,00 Lieferung  Italien Ähnliche aktive Angebote ansehen Solch einen Artikel verkaufen","fornitura_boccacci 99,9% positiv (4.089)",https://www.ebay.de/itm/115917192103,ebay_sold_p1.html
168515237699,Ultra Rare Genuine Rolex Box 76.80.3 Box 70/80er Jahre 1675 5513 16750 1680,220.0,EUR,Gebraucht,Privat,2026-07-13,13. Jul 2026,1,15.0,0,1,"Preisvorschlag akzeptiert +EUR 15,00 Lieferung  Italien Ähnliche aktive Angebote ansehen Solch einen Artikel verkaufen",caronda 100% positiv (1.037),https://www.ebay.de/itm/168515237699,ebay_sold_p1.html
137427062494,Original Rolex Submariner Black Luminova Dial 16610 16800 168000 Swiss Made,900.0,EUR,Gebraucht,Privat,2026-07-13,13. Jul 2026,1,35.0,0,0,"Sofort-Kaufen +EUR 35,00 Lieferung  Dänemark Ähnliche aktive Angebote ansehen Solch einen Artikel verkaufen",odder1 100% positiv (671),https://www.ebay.de/itm/137427062494,ebay_sold_p1.html
176996983989,"Lünetten-Inlay blau/rot ""Pepsi"" kompatibel zu Rolex GMT-Master II 16710",39.95,EUR,Neu,Gewerblich,2026-07-13,13. Jul 2026,1,0.0,1,0,,watchparts24 100% positiv (71.339),https://www.ebay.de/itm/176996983989,ebay_sold_p1.html
206171834079,ROLEX JUBILEE STAHL ARMBAND ERSATZGLIED 16MM FÜR HERREN BAND,78.0,EUR,Gebraucht,Gewerblich,2026-07-13,13. Jul 2026,1,0.0,1,1,,"luxus-freund24 99,5% positiv (41.881)",https://www.ebay.de/itm/206171834079,ebay_sold_p1.html
185349350095,ROLEX 2130 2135 300 RATSCHE KOMPATIBEL Rolex CLICK SWISS GENERIC,28.0,EUR,Neu,Gewerblich,2026-07-13,13. Jul 2026,1,13.0,0,0,"Sofort-Kaufen +EUR 13,00 Lieferung  Italien Ähnliche aktive Angebote ansehen Solch einen Artikel verkaufen","watchparts-italy 99,5% positiv (3.454)",https://www.ebay.de/itm/185349350095,ebay_sold_p1.html
406375026165,"ROLEX 3135 Sekundenrad Cod. 3135-360 H: 590 Kaliber: 3135, 3136 (TOP S...",44.0,EUR,Gebraucht,Gewerblich,2026-07-13,13. Jul 2026,1,19.0,0,0,"Sofort-Kaufen +EUR 19,00 Lieferung  Italien Ähnliche aktive Angebote ansehen Solch einen Artikel verkaufen","fornitura_boccacci 99,9% positiv (4.089)",https://www.ebay.de/itm/406375026165,ebay_sold_p1.html
116847770467,GENERIC kompatible Schwingmasseachse für ROLEX Cal. 2130-2135 (NEU),25.0,EUR,Neu,Gewerblich,2026-07-13,13. Jul 2026,1,19.0,0,0,"Sofort-Kaufen +EUR 19,00 Lieferung  Italien Ähnliche aktive Angebote ansehen Solch einen Artikel verkaufen","fornitura_boccacci 99,9% positiv (4.089)",https://www.ebay.de/itm/116847770467,ebay_sold_p1.html
116852751160,GENERIC kompatibel ROLEX 3135 Ref. 568 Achse der oszillierenden Masse Calib: 31...,20.0,EUR,Neu,Gewerblich,2026-07-13,13. Jul 2026,1,19.0,0,0,"Sofort-Kaufen +EUR 19,00 Lieferung  Italien Ähnliche aktive Angebote ansehen Solch einen Artikel verkaufen","fornitura_boccacci 99,9% positiv (4.089)",https://www.ebay.de/itm/116852751160,ebay_sold_p1.html
318203166765,Rolex Ersatz Set 3 Original Zeiger Datejust 31mm 6827 (& andere) N O S 049,85.0,EUR,Neu (Sonstige),Privat,2026-07-13,13. Jul 2026,1,15.0,0,0,"Sofort-Kaufen +EUR 15,00 Lieferung  Italien Ähnliche aktive Angebote ansehen Solch einen Artikel verkaufen",filzu54 100% positiv (77),https://www.ebay.de/itm/318203166765,ebay_sold_p1.html
127860505043,Gehäuseöffner Für Rolex Uhren Uhrmacherwerkzeug Sets Für Gerillte Gehäuseböden,13.99,EUR,Neu,Gewerblich,2026-07-13,13. Jul 2026,1,0.0,1,0,,eBay Top-Service,https://www.ebay.de/itm/127860505043,ebay_sold_p1.html
153881807401,"Minutenrohr für ROLEX Cal. 1600, cannon pinion, part 1858",75.0,EUR,Neu,Gewerblich,2026-07-13,13. Jul 2026,1,4.9,0,1,,pacardt 100% positiv (4.883),https://www.ebay.de/itm/153881807401,ebay_sold_p1.html
191094160633,2x SPALTPINS Stege Uhrenarmbänder Armbänder Gliederband Wechsel Reparatur Teil Pin,3.96,EUR,Neu,Gewerblich,2026-07-13,13. Jul 2026,1,8.15,0,0,"Sofort-Kaufen +EUR 8,15 Lieferung  Großbritannien Ähnliche aktive Angebote ansehen Solch einen Artikel verkaufen","redroosteruk 99,6% positiv (229.716)",https://www.ebay.de/itm/191094160633,ebay_sold_p1.html
277741273826,NEW Rolex 3255-2119 Day Indicator Disc Datum DAY-DATE Weiß Russisch Neu,628.0,EUR,Neu,Gewerblich,2026-07-13,13. Jul 2026,1,25.0,0,1,"oder Preisvorschlag +EUR 25,00 Lieferung  Italien Ähnliche aktive Angebote ansehen Solch einen Artikel verkaufen",millerighetime_by_arriwatch 100% positiv (913),https://www.ebay.de/itm/277741273826,ebay_sold_p1.html
164288227370,Plexiglas für 25-117 Rolex Crystal Glass Uhrenglas Verre 1500 1501 1625 5700,8.9,EUR,Neu,Gewerblich,2026-07-13,13. Jul 2026,1,13.5,0,0,"Sofort-Kaufen +EUR 13,50 Lieferung  Italien Ähnliche aktive Angebote ansehen Solch einen Artikel verkaufen","sabaec 99,9% positiv (22.965)",https://www.ebay.de/itm/164288227370,ebay_sold_p1.html
405182368723,#1346 ROLEX 6628 ZIFFERBLATT DIAL 31mm MEDIUM DATE BROWN TROPICAL GILT CHOCOLATE,499.99,EUR,Gebraucht,Gewerblich,2026-07-13,13. Jul 2026,1,479.99,0,0,,state_of_time 100% positiv (3.802),https://www.ebay.de/itm/405182368723,ebay_sold_p1.html
137490618722,Patrizzi Pocket Rolex Cosmograph Daytona 16500-116500,50.0,EUR,Gebraucht,Privat,2026-07-13,13. Jul 2026,1,0.0,1,1,Preisvorschlag akzeptiert Gratis Lieferung  Italien Ähnliche aktive Angebote ansehen Solch einen Artikel verkaufen,marcomortimer 100% positiv (78),https://www.ebay.de/itm/137490618722,ebay_sold_p1.html
172276010846,Verlängerungsglied neue Version kompatibel zum Rolex Oyster Herren Armband 77200,69.95,EUR,Neu,Gewerblich,2026-07-13,13. Jul 2026,1,0.0,1,0,,watchparts24 100% positiv (71.339),https://www.ebay.de/itm/172276010846,ebay_sold_p1.html
334518455804,B25-295-c12-c1 Original Saphir Rolex für Submariner 116610,390.0,EUR,Neu,Privat,2026-07-13,13. Jul 2026,1,18.0,0,0,"Sofort-Kaufen +EUR 18,00 Lieferung  Frankreich Ähnliche aktive Angebote ansehen Solch einen Artikel verkaufen",dinovip 100% positiv (6),https://www.ebay.de/itm/334518455804,ebay_sold_p1.html
403937093387,#184 ROLEX ZIFFERBLATT DIAL DATEJUST CAL: 3035 3135 16013 16223 TRITIUM 36MM,155.42,EUR,Gebraucht,Gewerblich,2025-12-20,20. Dez 2025,1,6.95,0,0,,state_of_time 100% positiv (3.802),https://www.ebay.de/itm/403937093387,ebay_sold_p1.html
146144227181,Einsatz Original Rolex GMT MASTER 2 16710 16700,350.0,EUR,Gebraucht,Privat,2026-07-13,13. Jul 2026,1,10.0,0,1,"oder Preisvorschlag +EUR 10,00 Lieferung  Frankreich Ähnliche aktive Angebote ansehen Solch einen Artikel verkaufen",jiwarrodd 100% positiv (77),https://www.ebay.de/itm/146144227181,ebay_sold_p1.html
198364648229,BREGUET LE COLLEZIONI 2013 - 2014 +LE QUAI DE L'HORLOGE NR 2 - 3 AUF ITALIENISCH,30.0,EUR,Gebraucht,Privat,2026-07-13,13. Jul 2026,1,25.0,0,1,"oder Preisvorschlag +EUR 25,00 Lieferung  Italien Ähnliche aktive Angebote ansehen Solch einen Artikel verkaufen",amphicar_it 100% positiv (508),https://www.ebay.de/itm/198364648229,ebay_sold_p1.html
311546537251,"2 - 15 MM SCHRAUBE FÜR ROLEX SUBMARINER, GMT OYSTER UHRENARMBAND LINK EDELSTAHL",15.58,EUR,Neu,Gewerblich,2026-07-13,13. Jul 2026,1,6.25,0,0,"Sofort-Kaufen +EUR 6,25 Lieferung  Vereinigte Staaten von Amerika Ähnliche aktive Angebote ansehen Solch einen Artikel verkaufen","ewatchparts 99,9% positiv (225.083)",https://www.ebay.de/itm/311546537251,ebay_sold_p1.html
185543248036,ROLEX KALIBER 1225 1215 REF. 7590 MITTELRAD - CENTER WHEEL,129.0,EUR,Gebraucht,Gewerblich,2026-07-12,12. Jul 2026,1,13.0,0,0,"Sofort-Kaufen +EUR 13,00 Lieferung  Italien Ähnliche aktive Angebote ansehen Solch einen Artikel verkaufen","watchparts-italy 99,5% positiv (3.454)",https://www.ebay.de/itm/185543248036,ebay_sold_p1.html
236908104793,"Rolex 723 Cal. Unruhwelle 13"" 72A NEU OLD STOCK ORIGINAL",58.0,EUR,Neu,Privat,2026-07-12,12. Jul 2026,1,14.0,0,0,"Sofort-Kaufen +EUR 14,00 Lieferung  Italien Ähnliche aktive Angebote ansehen Solch einen Artikel verkaufen",glide257 100% positiv (1.190),https://www.ebay.de/itm/236908104793,ebay_sold_p1.html
397695866251,NOS ORIGINALTEIL 6677 UHRWERK ROLEX KALIBER 1130 @ EINE SEKUNDE RITZEL REIBUNG,19.99,EUR,Neu,Gewerblich,2026-07-12,12. Jul 2026,1,6.0,0,0,"Sofort-Kaufen +EUR 6,00 Lieferung  Frankreich Ähnliche aktive Angebote ansehen Solch einen Artikel verkaufen","france_monnaies 99,2% positiv (42.543)",https://www.ebay.de/itm/397695866251,ebay_sold_p1.html
336037606200,ROLEX SUBMARINER MILSUB 5517 5513 5512 BLACK INSERT,90.0,EUR,Neu (Sonstige),Gewerblich,2026-07-12,12. Jul 2026,1,7.0,0,0,,old-crowns-com 100% positiv (289),https://www.ebay.de/itm/336037606200,ebay_sold_p1.html
188378176278,Zifferblatt Zifferblatt Bubble Celebration Datejust All Model 36mm Cal. 3035 3135,249.0,EUR,Neu (Sonstige),Gewerblich,2026-07-12,12. Jul 2026,1,30.0,0,1,"oder Preisvorschlag +EUR 30,00 Lieferung  Italien Ähnliche aktive Angebote ansehen Solch einen Artikel verkaufen",debswatch 100% positiv (37),https://www.ebay.de/itm/188378176278,ebay_sold_p1.html
157739186948,"Schraubstange - Für Rolex Armband / Strap Jubilee, Oyster, Dayton - 2 Stück",5.44,EUR,Neu (Sonstige),Gewerblich,2026-07-12,12. Jul 2026,1,6.95,0,0,"Sofort-Kaufen +EUR 6,95 Lieferung  Frankreich Ähnliche aktive Angebote ansehen Solch einen Artikel verkaufen","timed_horlogerie 80,3% positiv (270)",https://www.ebay.de/itm/157739186948,ebay_sold_p1.html
160895244339,UHRZEIGER FÜR ROLEX GMT UHR GEALTERT VINTAGE GEHÄUSE # 16753 16758 16550 SILBER,57.28,EUR,Neu,Gewerblich,2026-07-12,12. Jul 2026,1,10.42,0,0,"Sofort-Kaufen +EUR 10,42 Lieferung  Vereinigte Staaten von Amerika Ähnliche aktive Angebote ansehen Solch einen Artikel verkaufen","ewatchparts 99,9% positiv (225.083)",https://www.ebay.de/itm/160895244339,ebay_sold_p1.html
800201613503,Zifferblatt Rolex Datejust 16234 Mickey Mouse Miki Mause,130.0,EUR,Neu (Sonstige),Privat,2026-07-12,12. Jul 2026,1,30.0,0,1,"oder Preisvorschlag +EUR 30,00 Lieferung  Italien Ähnliche aktive Angebote ansehen Solch einen Artikel verkaufen",fa_628642 100% positiv (18),https://www.ebay.de/itm/800201613503,ebay_sold_p1.html
358343682298,Rolex Oyster Perpetual 1002/1003/5500 Dial Black Gloss,890.0,EUR,Gebraucht,Gewerblich,2026-07-12,12. Jul 2026,1,19.0,0,1,,luxewatchesgermany 100% positiv (92),https://www.ebay.de/itm/358343682298,ebay_sold_p1.html
227188688343,Rolex 2130-0915 Wie Neu Dämpfer Unruh Oben 2130 2135 Shock,53.9,EUR,Gebraucht,Gewerblich,2026-07-12,12. Jul 2026,1,29.0,0,1,"oder Preisvorschlag +EUR 29,00 Lieferung  Italien Ähnliche aktive Angebote ansehen Solch einen Artikel verkaufen",*rarecollections 100% positiv (1.384),https://www.ebay.de/itm/227188688343,ebay_sold_p1.html
163761489547,Plexiglas für 25-135 Rolex Crystal Glass Uhrenglas Verre 16000 16014 16250,8.9,EUR,Neu,Gewerblich,2026-07-12,12. Jul 2026,1,13.5,0,0,"Sofort-Kaufen +EUR 13,50 Lieferung  Italien Ähnliche aktive Angebote ansehen Solch einen Artikel verkaufen","sabaec 99,9% positiv (22.965)",https://www.ebay.de/itm/163761489547,ebay_sold_p1.html
160820712405,OYSTER UHRENGEHÄUSE SCHRAUBBODEN STANZÖFFNER FÜR ROLEX SEADWELLER DEEPSEA 116660 TQ,26.01,EUR,Neu,Gewerblich,2026-07-12,12. Jul 2026,1,10.42,0,0,"Sofort-Kaufen +EUR 10,42 Lieferung  Vereinigte Staaten von Amerika Ähnliche aktive Angebote ansehen Solch einen Artikel verkaufen","ewatchparts 99,9% positiv (225.083)",https://www.ebay.de/itm/160820712405,ebay_sold_p1.html
134974042835,Genuine Rolex White Date Wheel Disc Calendar Watch Caliber 3135 3175 3185 3186,200.0,EUR,Gebraucht,Privat,2026-07-12,12. Jul 2026,1,22.0,0,0,"Sofort-Kaufen +EUR 22,00 Lieferung  Dänemark Ähnliche aktive Angebote ansehen Solch einen Artikel verkaufen",odder1 100% positiv (671),https://www.ebay.de/itm/134974042835,ebay_sold_p1.html
404320707761,ONE NEW Original Sealed  Rolex Link with Fitting C 62523 H19 Reference: 32-20563,180.0,EUR,Neu,Gewerblich,2026-07-12,12. Jul 2026,1,20.0,0,0,"Sofort-Kaufen +EUR 20,00 Lieferung  Spanien Ähnliche aktive Angebote ansehen Solch einen Artikel verkaufen","17jewelswatches 97,1% positiv (256)",https://www.ebay.de/itm/404320707761,ebay_sold_p1.html
236575137960,"Ersatz Uhrenkrone Silber – kompatibel mit Rolex – Ø 5,3 / 6 / 7mm",11.99,EUR,Neu (Sonstige),Gewerblich,2026-07-12,12. Jul 2026,1,3.1,0,0,,"pickly24 93,8% positiv (434)",https://www.ebay.de/itm/236575137960,ebay_sold_p1.html
310304839680,"UHR HANDGEALTERT FÜR VINTAGE ROLEX 1030,1560 REF:6569,6634,6427 1210 UHR SILBER",62.49,EUR,Neu,Gewerblich,2026-07-12,12. Jul 2026,1,10.42,0,0,"Sofort-Kaufen +EUR 10,42 Lieferung  Vereinigte Staaten von Amerika Ähnliche aktive Angebote ansehen Solch einen Artikel verkaufen","ewatchparts 99,9% positiv (225.083)",https://www.ebay.de/itm/310304839680,ebay_sold_p1.html
116329842710,ROLEX 2235 Datumsrad Cod. 2235-625 Calib: 2235 (TOP ZUSTAND),30.0,EUR,Gebraucht,Gewerblich,2026-07-12,12. Jul 2026,1,19.0,0,0,"Sofort-Kaufen +EUR 19,00 Lieferung  Italien Ähnliche aktive Angebote ansehen Solch einen Artikel verkaufen","fornitura_boccacci 99,9% positiv (4.089)",https://www.ebay.de/itm/116329842710,ebay_sold_p1.html
278156054935,Rolex Datejust 34 Zifferblatt,10.0,EUR,Gebraucht,Privat,2026-07-12,12. Jul 2026,1,1.0,0,0,,123michael456 100% positiv (741),https://www.ebay.de/itm/278156054935,ebay_sold_p1.html
366336846868,Original Rolex 15000 Gehäuse - restauriert - mit Lünette und Plexi 1981 Datum 34mm,250.0,EUR,Gebraucht,Privat,2026-07-12,12. Jul 2026,1,35.0,0,1,"Preisvorschlag akzeptiert +EUR 35,00 Lieferung  Italien Ähnliche aktive Angebote ansehen Solch einen Artikel verkaufen",passioneorologi22 100% positiv (33),https://www.ebay.de/itm/366336846868,ebay_sold_p1.html
168200505027,ORIGINAL ROLEX EXPLORER REF. 1016 Vintage Booklet English ENG 1962,159.0,EUR,Gebraucht,Gewerblich,2026-07-12,12. Jul 2026,1,0.0,1,1,,shw-goldsilver 100% positiv (557),https://www.ebay.de/itm/168200505027,ebay_sold_p1.html
168230189607,ORIGINAL ROLEX SUBMARINER 6204 Vintage Booklet Deutsch DE,265.0,EUR,Gebraucht,Gewerblich,2026-07-12,12. Jul 2026,1,0.0,1,1,,shw-goldsilver 100% positiv (557),https://www.ebay.de/itm/168230189607,ebay_sold_p1.html
333986386530,Rolex Original Wechselrad Kaliber 3235-260,60.0,EUR,Neu (Sonstige),Privat,2026-07-12,12. Jul 2026,1,4.99,0,1,,mefi0406 100% positiv (99),https://www.ebay.de/itm/333986386530,ebay_sold_p1.html
163328570355,O-Ring Bodendichtung für Rolex 29-325-10 Gasket Case Back 1675 5513 16750,4.0,EUR,Neu,Gewerblich,2026-07-12,12. Jul 2026,1,13.5,0,0,"Sofort-Kaufen +EUR 13,50 Lieferung  Italien Ähnliche aktive Angebote ansehen Solch einen Artikel verkaufen","sabaec 99,9% positiv (22.965)",https://www.ebay.de/itm/163328570355,ebay_sold_p1.html
184961577532,"Eta Valjoux 7750 7751 7753 7754 Zugfeder, Hauptfeder",18.0,EUR,Neu (Sonstige),Gewerblich,2026-07-12,12. Jul 2026,1,13.0,0,0,"Sofort-Kaufen +EUR 13,00 Lieferung  Italien Letzter Artikel Ähnliche aktive Angebote ansehen Solch einen Artikel verkaufen","watchparts-italy 99,5% positiv (3.454)",https://www.ebay.de/itm/184961577532,ebay_sold_p1.html
377335427046,"ROLEX PEPSI BASEL ORIGINAL, GMT 16710 oder 16700",450.0,EUR,Neu (Sonstige),Privat,2026-07-12,12. Jul 2026,1,15.0,0,1,"Preisvorschlag akzeptiert +EUR 15,00 Lieferung  Italien Ähnliche aktive Angebote ansehen Solch einen Artikel verkaufen",eleobagl0 100% positiv (7),https://www.ebay.de/itm/377335427046,ebay_sold_p1.html
267429862530,Rolex Uhrenteile 4130-120 Unruhbrücke Teil 120 Original,201.1,EUR,Gebraucht,Gewerblich,2026-02-11,11. Feb 2026,1,5.17,0,0,"Sofort-Kaufen +EUR 5,17 Lieferung  Indien Ähnliche aktive Angebote ansehen Solch einen Artikel verkaufen",luxurylegend 100% positiv (876),https://www.ebay.de/itm/267429862530,ebay_sold_p1.html
267429863294,Rolex 4160-140 Upper Automatic Device Bridge Part 140 Yacht Master II 4161-140,42.45,EUR,Gebraucht,Gewerblich,2026-01-08,8. Jan 2026,1,20.53,0,0,"Sofort-Kaufen +EUR 20,53 Lieferung  Indien Ähnliche aktive Angebote ansehen Solch einen Artikel verkaufen",luxurylegend 100% positiv (876),https://www.ebay.de/itm/267429863294,ebay_sold_p1.html
267429862969,Original Rolex Daytona 4130-140 Upper Automatic Device Bridge Part 140,63.97,EUR,Gebraucht,Gewerblich,2026-02-10,10. Feb 2026,1,20.53,0,0,"Sofort-Kaufen +EUR 20,53 Lieferung  Indien Ähnliche aktive Angebote ansehen Solch einen Artikel verkaufen",luxurylegend 100% positiv (876),https://www.ebay.de/itm/267429862969,ebay_sold_p1.html
358525428936,Rolex GMT Master 16700/16750/16760/16710 Black Tritium Dial/Zifferblatt,799.0,EUR,Gebraucht,Gewerblich,2026-07-12,12. Jul 2026,1,19.0,0,1,,luxewatchesgermany 100% positiv (92),https://www.ebay.de/itm/358525428936,ebay_sold_p1.html
267700925630,Rolex Air King 5500 Papagei Duck Zifferblatt Zifferblatt,180.0,EUR,Neu (Sonstige),Privat,2026-07-12,12. Jul 2026,1,15.0,0,1,"Preisvorschlag akzeptiert +EUR 15,00 Lieferung  Italien Ähnliche aktive Angebote ansehen Solch einen Artikel verkaufen",giacoromel 100% positiv (76),https://www.ebay.de/itm/267700925630,ebay_sold_p1.html
406511543504,#1758 ROLEX DIVER EXTENSION GLIED LINK OYSTER SUBMARINER 16610 SEADWELLER 16600,79.99,EUR,Gebraucht,Gewerblich,2026-07-12,12. Jul 2026,1,6.95,0,0,,state_of_time 100% positiv (3.802),https://www.ebay.de/itm/406511543504,ebay_sold_p1.html
178127784535,Gehäuseöffner Für Rolex Uhren Uhrmacherwerkzeug Sets Für Gerillte Gehäuseböden,13.99,EUR,Neu,Gewerblich,2026-07-12,12. Jul 2026,1,0.0,1,0,,eBay Top-Service,https://www.ebay.de/itm/178127784535,ebay_sold_p1.html
336603596013,Rolex Karte Garantie leer. Leere Karte anpassbar mit Ihren Informationen.,200.0,EUR,Neu,Privat,2026-07-12,12. Jul 2026,1,5.0,0,1,"oder Preisvorschlag +EUR 5,00 Lieferung  Frankreich Ähnliche aktive Angebote ansehen Solch einen Artikel verkaufen","manille0313 92,3% positiv (70)",https://www.ebay.de/itm/336603596013,ebay_sold_p1.html
117128976390,Original Rolex Ersatzteil Lünette / Keramik Einsatz für GMT Master 2,890.0,EUR,Gebraucht,Privat,2026-07-12,12. Jul 2026,1,10.49,0,1,,mamcoom 100% positiv (2.114),https://www.ebay.de/itm/117128976390,ebay_sold_p1.html
205097870008,Rolex 16570 16550 Stahl Top Zustand Lünetteneinsatz Explorer 2,349.0,EUR,Gebraucht,Gewerblich,2026-01-12,12. Jan 2026,1,29.0,0,1,"oder Preisvorschlag +EUR 29,00 Lieferung  Italien Ähnliche aktive Angebote ansehen Solch einen Artikel verkaufen",watchmydial 100% positiv (460),https://www.ebay.de/itm/205097870008,ebay_sold_p1.html
160570211602,"3 KUNSTSTOFF PLEXI UHRENGLAS FÜR ROLEX 1500 DATE 25-117 1550, 1625, 5700, 5700",41.64,EUR,Neu,Gewerblich,2026-07-11,11. Jul 2026,1,10.42,0,0,"Sofort-Kaufen +EUR 10,42 Lieferung  Vereinigte Staaten von Amerika Ähnliche aktive Angebote ansehen Solch einen Artikel verkaufen","ewatchparts 99,9% positiv (225.083)",https://www.ebay.de/itm/160570211602,ebay_sold_p1.html
166232501697,"Plexiglas für 25-19 30,35mm 19 Rolex Crystal Glass Uhrenglas Verre 5512 5513",8.9,EUR,Neu,Gewerblich,2026-07-11,11. Jul 2026,1,13.5,0,0,"Sofort-Kaufen +EUR 13,50 Lieferung  Italien Ähnliche aktive Angebote ansehen Solch einen Artikel verkaufen","sabaec 99,9% positiv (22.965)",https://www.ebay.de/itm/166232501697,ebay_sold_p1.html
166232509406,"Plexiglas für 25-39 30,60mm #39 Rolex Crystal Glass Uhrenglas Verre 1665",8.9,EUR,Neu,Gewerblich,2026-07-11,11. Jul 2026,1,13.5,0,0,"Sofort-Kaufen +EUR 13,50 Lieferung  Italien Ähnliche aktive Angebote ansehen Solch einen Artikel verkaufen","sabaec 99,9% positiv (22.965)",https://www.ebay.de/itm/166232509406,ebay_sold_p1.html
186304113810,ROLEX 3030 3035 5064 SCHWINGENDE MASSEACHSE KOMPATIBEL FIT ROTOR AXLE,27.0,EUR,Neu,Gewerblich,2026-07-11,11. Jul 2026,1,13.0,0,0,"Sofort-Kaufen +EUR 13,00 Lieferung  Italien Ähnliche aktive Angebote ansehen Solch einen Artikel verkaufen","watchparts-italy 99,5% positiv (3.454)",https://www.ebay.de/itm/186304113810,ebay_sold_p1.html
385151033954,Rolex Submariner Gmt-Master Daytona Datejust Oyster Lünettenabdeckung Bezel Protector,25.0,EUR,Neu (Sonstige),Gewerblich,2026-07-11,11. Jul 2026,1,14.9,0,0,"Sofort-Kaufen +EUR 14,90 Lieferung  Italien Ähnliche aktive Angebote ansehen Solch einen Artikel verkaufen","luxurytime.shop 99,8% positiv (2.110)",https://www.ebay.de/itm/385151033954,ebay_sold_p1.html
227425796743,Guter Zustand Rolex 1040 6980 gebraucht Radstopper Stop Wheel,328.9,EUR,Gebraucht,Gewerblich,2026-07-11,11. Jul 2026,1,29.0,0,1,"oder Preisvorschlag +EUR 29,00 Lieferung  Italien Letzter Artikel Ähnliche aktive Angebote ansehen Solch einen Artikel verkaufen",*rarecollections 100% positiv (1.384),https://www.ebay.de/itm/227425796743,ebay_sold_p1.html
316638001339,Rolex Lünettenschutz bezel protector Ref. N227 für Oyster Perpetual 36 126000,17.0,EUR,Gebraucht,Gewerblich,2026-07-11,11. Jul 2026,1,0.0,1,0,,eBay Top-Service,https://www.ebay.de/itm/316638001339,ebay_sold_p1.html
163761490951,Plexiglas für 25-118 Rolex Crystal Glass Uhrenglas Verre 1600 1601 1603 1611,8.9,EUR,Neu,Gewerblich,2026-07-11,11. Jul 2026,1,13.5,0,0,"Sofort-Kaufen +EUR 13,50 Lieferung  Italien Ähnliche aktive Angebote ansehen Solch einen Artikel verkaufen","sabaec 99,9% positiv (22.965)",https://www.ebay.de/itm/163761490951,ebay_sold_p1.html
404543455114,#935 ORIGINAL ROLEX DATEJUST DAY DATE 36mm 3035 3135 GG ZEIGER VINTAGE HANDS,156.39,EUR,Gebraucht,Gewerblich,2025-12-28,28. Dez 2025,1,6.95,0,0,,state_of_time 100% positiv (3.802),https://www.ebay.de/itm/404543455114,ebay_sold_p1.html
195942489541,"Rolex Glied Stahl für Oysterband , 14 mm breit , komplett matt !",79.0,EUR,Gebraucht,Gewerblich,2026-07-11,11. Jul 2026,1,5.0,0,0,,"uhrenfachzentrum 99,6% positiv (1.645)",https://www.ebay.de/itm/195942489541,ebay_sold_p1.html
227421102343,"Rolex Daytona, von der Geburt bis zum Mythos. Rolex Daytona a legend is born. 2006",360.0,EUR,Gebraucht,Privat,2026-07-11,11. Jul 2026,1,25.0,0,1,"Preisvorschlag akzeptiert +EUR 25,00 Lieferung  Italien Ähnliche aktive Angebote ansehen Solch einen Artikel verkaufen",fenka225 100% positiv (200),https://www.ebay.de/itm/227421102343,ebay_sold_p1.html
800139764337,Rolex DayDate Zifferblatt 18038 18238 36mm,250.0,EUR,Neu (Sonstige),Privat,2026-07-11,11. Jul 2026,1,15.0,0,1,"oder Preisvorschlag +EUR 15,00 Lieferung  Italien Ähnliche aktive Angebote ansehen Solch einen Artikel verkaufen",fa_628642 100% positiv (18),https://www.ebay.de/itm/800139764337,ebay_sold_p1.html
116488773696,"GENERIC Zugfeder kompatibel für ROLEX Cal. 3130 3135 Kaliber: 3130, 313...",18.0,EUR,Neu,Gewerblich,2026-07-11,11. Jul 2026,1,19.0,0,0,"Sofort-Kaufen +EUR 19,00 Lieferung  Italien Ähnliche aktive Angebote ansehen Solch einen Artikel verkaufen","fornitura_boccacci 99,9% positiv (4.089)",https://www.ebay.de/itm/116488773696,ebay_sold_p1.html
352636156700,ETA Originalteile 2776 / 2772 (2750) TUDOR (ROLEX) N.O.S.,3.0,EUR,Neu (Sonstige),Privat,2026-07-11,11. Jul 2026,1,5.0,0,0,"Sofort-Kaufen +EUR 5,00 Lieferung  Frankreich Ähnliche aktive Angebote ansehen Solch einen Artikel verkaufen",no-morpho 100% positiv (1.586),https://www.ebay.de/itm/352636156700,ebay_sold_p1.html
257567518063,Aufkleber Sticker Logo Rolex GMT MASTER Gold Zifferblatt Uhr,14.9,EUR,Neu (Sonstige),Privat,2026-07-11,11. Jul 2026,1,9.9,0,0,"Sofort-Kaufen +EUR 9,90 Lieferung  Italien Ähnliche aktive Angebote ansehen Solch einen Artikel verkaufen",lelekas69 100% positiv (1.539),https://www.ebay.de/itm/257567518063,ebay_sold_p1.html
133048786641,Rolex Rose Gold Day-Date Link 228239 - Original Roségold Shirt Day Date,790.0,EUR,Neu (Sonstige),Gewerblich,2025-12-26,26. Dez 2025,1,30.0,0,1,"oder Preisvorschlag +EUR 30,00 Lieferung  Italien Ähnliche aktive Angebote ansehen Solch einen Artikel verkaufen",afadsrl 100% positiv (2.101),https://www.ebay.de/itm/133048786641,ebay_sold_p1.html
277813787564,Rolex Sapphire Crystal 25-7039 Saphirglas LOGO 268622 268655 268621,68.0,EUR,Neu,Gewerblich,2026-07-11,11. Jul 2026,1,25.0,0,0,"Sofort-Kaufen +EUR 25,00 Lieferung  Italien Ähnliche aktive Angebote ansehen Solch einen Artikel verkaufen",millerighetime_by_arriwatch 100% positiv (913),https://www.ebay.de/itm/277813787564,ebay_sold_p1.html
336037613624,INSERT PEARL DOT PIP for Rolex 5512 5513 1680 1665 Tudor 7928 7016 79090 5508 65,30.0,EUR,Neu,Gewerblich,2026-07-11,11. Jul 2026,1,7.0,0,0,,old-crowns-com 100% positiv (289),https://www.ebay.de/itm/336037613624,ebay_sold_p1.html
185572565246,ROLEX 3030 3035 5093 KALENDERRADMUTTER SWISS MADE Calendar wheel n,19.5,EUR,Neu,Gewerblich,2026-07-11,11. Jul 2026,1,13.0,0,0,"Sofort-Kaufen +EUR 13,00 Lieferung  Italien Ähnliche aktive Angebote ansehen Solch einen Artikel verkaufen","watchparts-italy 99,5% positiv (3.454)",https://www.ebay.de/itm/185572565246,ebay_sold_p1.html
307054300982,ROLEX Datejust 1600 36 mm Lünette Smooth Bezel für Plexi Stahl Steel original,150.0,EUR,Gebraucht,Gewerblich,2026-07-11,11. Jul 2026,1,7.0,0,0,,luxini_hamburg 100% positiv (3.973),https://www.ebay.de/itm/307054300982,ebay_sold_p1.html
160987489041,ROLEX 3000 3030 3035 3055 3075 3085 FEDER HANDFEDER,26.0,EUR,Neu (Sonstige),Gewerblich,2026-07-11,11. Jul 2026,1,6.0,0,0,"Sofort-Kaufen +EUR 6,00 Lieferung  Frankreich Ähnliche aktive Angebote ansehen Solch einen Artikel verkaufen",ocoeurdutemps 100% positiv (12.322),https://www.ebay.de/itm/160987489041,ebay_sold_p1.html
162129381132,Auto Achse für Schwingmasse passend für Rolex Kaliber 2230,18.76,EUR,Neu,Gewerblich,2026-07-11,11. Jul 2026,1,13.08,0,0,"Sofort-Kaufen +EUR 13,08 Lieferung  Vereinigte Staaten von Amerika Ähnliche aktive Angebote ansehen Solch einen Artikel verkaufen","watchpartusa 99,8% positiv (44.142)",https://www.ebay.de/itm/162129381132,ebay_sold_p1.html
127967639739,Rolex Endglieder 450j für Jubilee Armband für GMT Original,300.0,EUR,Gebraucht,Privat,2026-07-11,11. Jul 2026,1,6.19,0,1,,unnold123 100% positiv (1.216),https://www.ebay.de/itm/127967639739,ebay_sold_p1.html
383802521161,Aluminum Lünette Ceramic Bezel Insert Watch Ring Für 40mm Ro lex GMT Uhr Zubehör,6.64,EUR,Neu,Gewerblich,2026-07-11,11. Jul 2026,1,7.01,0,0,"Sofort-Kaufen +EUR 7,01 Lieferung  China Ähnliche aktive Angebote ansehen Solch einen Artikel verkaufen","gemeshop-88 99,3% positiv (7.514)",https://www.ebay.de/itm/383802521161,ebay_sold_p1.html
336248585748,1675 Midcase Set (Replacement Case for old Rolex GMT MASTER),360.0,EUR,Neu,Gewerblich,2026-07-11,11. Jul 2026,1,7.0,0,0,,old-crowns-com 100% positiv (289),https://www.ebay.de/itm/336248585748,ebay_sold_p1.html
397914590031,The Rolex Magazine - Ausgabe 3 bis 8,30.0,EUR,Neu (Sonstige),Privat,2026-07-11,11. Jul 2026,1,20.0,0,0,"Sofort-Kaufen +EUR 20,00 Lieferung  Italien Ähnliche aktive Angebote ansehen Solch einen Artikel verkaufen",vintageadvenue 100% positiv (27),https://www.ebay.de/itm/397914590031,ebay_sold_p1.html
168500940849,Selten Original Vintage Rolex Datejust Oysterquartz 17013 Garantie italienisch 1982,125.0,EUR,Gebraucht,Privat,2026-07-11,11. Jul 2026,1,16.0,0,1,"oder Preisvorschlag +EUR 16,00 Lieferung  Italien Ähnliche aktive Angebote ansehen Solch einen Artikel verkaufen",caronda 100% positiv (1.037),https://www.ebay.de/itm/168500940849,ebay_sold_p1.html
383906025197,Rolex 3135-140 Auto Device Upper Bridge Genuine parts Original Teile,85.0,EUR,Neu (Sonstige),Gewerblich,2026-07-11,11. Jul 2026,1,6.0,0,0,,"sekowatchworld 99,1% positiv (1.120)",https://www.ebay.de/itm/383906025197,ebay_sold_p1.html
377287710992,"ROLEX PEPSI BASEL ORIGINAL, GMT 16710 oder 16700",450.0,EUR,Neu (Sonstige),Privat,2026-07-11,11. Jul 2026,1,15.0,0,1,"Preisvorschlag akzeptiert +EUR 15,00 Lieferung  Italien Ähnliche aktive Angebote ansehen Solch einen Artikel verkaufen",eleobagl0 100% positiv (7),https://www.ebay.de/itm/377287710992,ebay_sold_p1.html
204374854735,ROLEX Datejust 1600 1601 1602 1603 Zeiger Hands cal 1570 Tritium vintage,150.0,EUR,Gebraucht,Gewerblich,2026-07-11,11. Jul 2026,1,7.0,0,1,,riohausgmbh 100% positiv (725),https://www.ebay.de/itm/204374854735,ebay_sold_p1.html
800154266745,Rolex Datejust 1601 1603 Cal. Pink Dial 1570,130.0,EUR,Neu (Sonstige),Privat,2026-07-10,10. Jul 2026,1,15.0,0,1,"oder Preisvorschlag +EUR 15,00 Lieferung  Italien Ähnliche aktive Angebote ansehen Solch einen Artikel verkaufen",fa_628642 100% positiv (18),https://www.ebay.de/itm/800154266745,ebay_sold_p1.html
310413141518,LÜNETTENEINSATZ VERBLASST SCHWARZ AUF GRAU FÜR ROLEX SUBMARINER 1665 5508 1680 7928 GRAU,67.7,EUR,Neu,Gewerblich,2026-07-10,10. Jul 2026,1,10.42,0,0,"Sofort-Kaufen +EUR 10,42 Lieferung  Vereinigte Staaten von Amerika Ähnliche aktive Angebote ansehen Solch einen Artikel verkaufen","ewatchparts 99,9% positiv (225.083)",https://www.ebay.de/itm/310413141518,ebay_sold_p1.html
266460996202,Rolex Daytona Booklet Set 6 Teilig deutsch 7-1997,399.0,EUR,Gebraucht,Gewerblich,2026-07-10,10. Jul 2026,1,0.0,1,1,,blackpen4810 100% positiv (9.414),https://www.ebay.de/itm/266460996202,ebay_sold_p1.html
384719262085,Lünette Bezel Inlay Blau Rot kompatibel zu Rolex GMT Master Pepsi # 16700 16710,38.0,EUR,Neu (Sonstige),Gewerblich,2026-07-10,10. Jul 2026,1,5.0,0,0,,"sekowatchworld 99,1% positiv (1.120)",https://www.ebay.de/itm/384719262085,ebay_sold_p1.html
387399443511,Lünette Inlay bezel grün green Keramik kompatibel zu Rolex Submariner 116610LV,65.0,EUR,Neu (Sonstige),Gewerblich,2026-07-10,10. Jul 2026,1,5.0,0,0,,"sekowatchworld 99,1% positiv (1.120)",https://www.ebay.de/itm/387399443511,ebay_sold_p1.html
137464642312,Rolex 62523H Jubilee Armband 20mm für Modelle z.B.16013 16233 NEU!!,1898.88,EUR,Neu,Privat,2026-07-10,10. Jul 2026,1,3.0,0,0,,geislar 100% positiv (992),https://www.ebay.de/itm/137464642312,ebay_sold_p1.html
226902742417,Rolex 1030 6960 Screw for Setting Lever Blister Schraube für den Messhebel all,25.8,EUR,Neu (Sonstige),Gewerblich,2026-07-09,9. Jul 2026,1,29.0,0,1,"oder Preisvorschlag +EUR 29,00 Lieferung  Italien Ähnliche aktive Angebote ansehen Solch einen Artikel verkaufen",*rarecollections 100% positiv (1.384),https://www.ebay.de/itm/226902742417,ebay_sold_p1.html
205521474402,Genuine Rolex 1520 1530 1570 310 Barrel Complete Mainspring & Arbor used (R295),50.0,EUR,Gebraucht,Gewerblich,2026-07-10,10. Jul 2026,1,5.0,0,0,,kian-werke 100% positiv (7.720),https://www.ebay.de/itm/205521474402,ebay_sold_p1.html
800166956721,Zifferblatt Rolex Date 1500 Micky Maus Miki Mause,130.0,EUR,Neu (Sonstige),Privat,2026-07-10,10. Jul 2026,1,15.0,0,1,"oder Preisvorschlag +EUR 15,00 Lieferung  Italien Ähnliche aktive Angebote ansehen Solch einen Artikel verkaufen",fa_628642 100% positiv (18),https://www.ebay.de/itm/800166956721,ebay_sold_p1.html
176770758914,Faltschließe poliert und gebürstet kompatibel zu Rolex,59.95,EUR,Neu,Gewerblich,2026-07-10,10. Jul 2026,1,0.0,1,0,,watchparts24 100% positiv (71.339),https://www.ebay.de/itm/176770758914,ebay_sold_p1.html
184989549120,ROLEX GMT SUBMARINER 316-116710 116610 Lünettendichtung GHIERA BEZEL GASKET,17.5,EUR,Neu (Sonstige),Gewerblich,2026-07-10,10. Jul 2026,1,13.0,0,0,"Sofort-Kaufen +EUR 13,00 Lieferung  Italien Ähnliche aktive Angebote ansehen Solch einen Artikel verkaufen","watchparts-italy 99,5% positiv (3.454)",https://www.ebay.de/itm/184989549120,ebay_sold_p1.html
163684172498,Saphirglas für 25-286 Rolex Sapphire Glass 14000 14010 14060 14203 14233,20.9,EUR,Neu,Gewerblich,2026-07-10,10. Jul 2026,1,13.5,0,0,"Sofort-Kaufen +EUR 13,50 Lieferung  Italien Ähnliche aktive Angebote ansehen Solch einen Artikel verkaufen","sabaec 99,9% positiv (22.965)",https://www.ebay.de/itm/163684172498,ebay_sold_p1.html
316667513408,"Rolex Lünettenschutz bezel protector Ref. N170 für Submariner, GMT-Master 114060",34.0,EUR,Gebraucht,Gewerblich,2026-07-10,10. Jul 2026,1,0.0,1,0,,eBay Top-Service,https://www.ebay.de/itm/316667513408,ebay_sold_p1.html
226316695734,Gehäuseöffner Für Rolex Uhren Uhrmacherwerkzeug Sets Für Gerillte Gehäuseböden,13.59,EUR,Neu,Gewerblich,2026-07-10,10. Jul 2026,1,0.0,1,1,,"pulchra-global 99,8% positiv (3.630)",https://www.ebay.de/itm/226316695734,ebay_sold_p1.html
800068570150,rolex 6694 türkis dial precision oyster date Zifferblatt,130.0,EUR,Neu (Sonstige),Privat,2026-07-10,10. Jul 2026,1,25.0,0,1,"oder Preisvorschlag +EUR 25,00 Lieferung  Italien Letzter Artikel Ähnliche aktive Angebote ansehen Solch einen Artikel verkaufen",fa_628642 100% positiv (18),https://www.ebay.de/itm/800068570150,ebay_sold_p1.html
397758079543,Rastfeder für Lünette Rolex GMT Master Click Spring for Bezel Ref.31716628,27.99,EUR,Neu,Gewerblich,2026-07-10,10. Jul 2026,1,0.0,1,0,,dreamuniversesari 100% positiv (1.205),https://www.ebay.de/itm/397758079543,ebay_sold_p1.html
206057911425,2 Stück Original Rolex 2230 2235 - 429 Unruhwelle Balance Staff Open Box,49.0,EUR,Neu (Sonstige),Gewerblich,2026-07-10,10. Jul 2026,1,5.0,0,0,,kian-werke 100% positiv (7.720),https://www.ebay.de/itm/206057911425,ebay_sold_p1.html
116968343084,Rolex Blank Garantie - Garantie in Weiß_ Original 100% Extra Rare,4800.0,EUR,Gebraucht,Privat,2026-07-10,10. Jul 2026,1,35.0,0,1,"Preisvorschlag akzeptiert +EUR 35,00 Lieferung  Griechenland Ähnliche aktive Angebote ansehen Solch einen Artikel verkaufen",vag2012 100% positiv (120),https://www.ebay.de/itm/116968343084,ebay_sold_p1.html
224287403429,Hochwertig Pepsi Blau & Rot Weiß Zahlen Blende Einsatz Für Rolex Gmt Master II,13.02,EUR,Neu (Sonstige),Privat,2026-07-10,10. Jul 2026,1,0.0,1,0,Sofort-Kaufen Gratis Lieferung  Vereinigte Staaten von Amerika Ähnliche aktive Angebote ansehen Solch einen Artikel verkaufen,"hnswatchstrap 97,7% positiv (9.060)",https://www.ebay.de/itm/224287403429,ebay_sold_p1.html
127949437566,Eslabones para pulseraJubille Rolex Lady-Datejust  69178 18k,201.0,EUR,Neu (Sonstige),Privat,2026-07-10,10. Jul 2026,1,2.0,0,0,"2 Gebote EUR 350,00 Sofort-Kaufen +EUR 8,10 Lieferung  Spanien Ähnliche aktive Angebote ansehen Solch einen Artikel verkaufen",bg54y_15 100% positiv (12),https://www.ebay.de/itm/127949437566,ebay_sold_p1.html
389804742731,Gehäuseöffner Für Rolex Uhren Uhrmacherwerkzeug Sets Für Gerillte Gehäuseböden,13.76,EUR,Neu,Gewerblich,2026-06-15,15. Jun 2026,1,0.0,1,0,,"yanqiuwangluo55 99,7% positiv (1.470)",https://www.ebay.de/itm/389804742731,ebay_sold_p1.html
147306878062,Gehäuseöffner Für Rolex Uhren Uhrmacherwerkzeug Sets Für Gerillte Gehäuseböden,12.99,EUR,Neu,Gewerblich,2026-06-20,20. Jun 2026,1,0.0,1,0,,eBay Top-Service,https://www.ebay.de/itm/147306878062,ebay_sold_p1.html
227335143329,Guter Zustand Rolex Dial 14270 Gebraucht Explorer Zifferblatt Schwarz Tritium 114270 Bl,438.9,EUR,Gebraucht,Gewerblich,2026-07-10,10. Jul 2026,1,29.0,0,1,"oder Preisvorschlag +EUR 29,00 Lieferung  Italien Ähnliche aktive Angebote ansehen Solch einen Artikel verkaufen",*rarecollections 100% positiv (1.384),https://www.ebay.de/itm/227335143329,ebay_sold_p1.html
277367012369,NEW Rolex 316-114200-J2 Bezel Gasket Air King Date 115200 x1pc Neu im Blister,78.0,EUR,Brand New - Neu Original,,2026-07-10,10. Jul 2026,1,25.0,0,1,"oder Preisvorschlag +EUR 25,00 Lieferung  Italien Ähnliche aktive Angebote ansehen Solch einen Artikel verkaufen",millerighetime_by_arriwatch 100% positiv (913),https://www.ebay.de/itm/277367012369,ebay_sold_p1.html
405999559570,GENERIC Kompatibile ROLEX 3186 Ref. 657 Springstundenklammer Kaliber: 31...,29.0,EUR,Neu,Gewerblich,2026-07-10,10. Jul 2026,1,19.0,0,0,"Sofort-Kaufen +EUR 19,00 Lieferung  Italien Ähnliche aktive Angebote ansehen Solch einen Artikel verkaufen","fornitura_boccacci 99,9% positiv (4.089)",https://www.ebay.de/itm/405999559570,ebay_sold_p1.html
405528174335,#889 VINTAGE ORIGINAL ROLEX BALANCE WHEEL UNRUH 1030 CALIBER FOR REPAIR,371.81,EUR,Gebraucht,Gewerblich,2026-07-10,10. Jul 2026,1,6.95,0,0,,state_of_time 100% positiv (3.802),https://www.ebay.de/itm/405528174335,ebay_sold_p1.html
276183993152,Rolex Sapphire Crystal 25-206C Saphirglas Datejust Lady 26mm Top Qualität,48.0,EUR,TOP QUALITÄT - OHNE LOGO,,2026-07-10,10. Jul 2026,1,25.0,0,0,"Sofort-Kaufen +EUR 25,00 Lieferung  Italien Ähnliche aktive Angebote ansehen Solch einen Artikel verkaufen",millerighetime_by_arriwatch 100% positiv (913),https://www.ebay.de/itm/276183993152,ebay_sold_p1.html
183674754733,FIT Rolex 25-117 Cyclope Plexiglas für Datum 1500 Slow Shot 1570 Aftermarket,9.0,EUR,Neu (Sonstige),Gewerblich,2026-07-10,10. Jul 2026,1,13.0,0,0,"Sofort-Kaufen +EUR 13,00 Lieferung  Italien Ähnliche aktive Angebote ansehen Solch einen Artikel verkaufen","watchparts-italy 99,5% positiv (3.454)",https://www.ebay.de/itm/183674754733,ebay_sold_p1.html
178100942516,Rolex 2230-140,40.0,EUR,Neu (Sonstige),Privat,2026-07-10,10. Jul 2026,1,15.0,0,1,"oder Preisvorschlag +EUR 15,00 Lieferung  Italien Ähnliche aktive Angebote ansehen Solch einen Artikel verkaufen",caiapalm 100% positiv (406),https://www.ebay.de/itm/178100942516,ebay_sold_p1.html
226902741390,NEU Rolex Balance 2230-432 Volantino Balanciere Achse 2235 OK No Spirale,59.2,EUR,Gebraucht,Gewerblich,2026-02-24,24. Feb 2026,1,29.0,0,1,"Preisvorschlag akzeptiert +EUR 29,00 Lieferung  Italien Ähnliche aktive Angebote ansehen Solch einen Artikel verkaufen",*rarecollections 100% positiv (1.384),https://www.ebay.de/itm/226902741390,ebay_sold_p1.html
226902741724,NEU Rolex Balance 3135-432 Volantino Balanciere Achse OK No Spirale 3135 3175,78.5,EUR,Gebraucht,Gewerblich,2026-04-24,24. Apr 2026,1,29.0,0,1,"Preisvorschlag akzeptiert +EUR 29,00 Lieferung  Italien Ähnliche aktive Angebote ansehen Solch einen Artikel verkaufen",*rarecollections 100% positiv (1.384),https://www.ebay.de/itm/226902741724,ebay_sold_p1.html
236056468293,Uhrmacherwerkzeug Set Uhren Gerillte Reparatur Gehäuseöffner für Rolex Uhren,16.91,EUR,Neu,Gewerblich,2025-05-31,31. Mai 2025,1,0.0,1,0,Sofort-Kaufen Gratis Lieferung  Tschechische Republik Ähnliche aktive Angebote ansehen Solch einen Artikel verkaufen,carlryans 100% positiv (344),https://www.ebay.de/itm/236056468293,ebay_sold_p1.html
142851876520,Ersatzteile Rolex 1300 1315 Original Original - Ricambi Originali,75.0,EUR,Neu,Gewerblich,2026-07-10,10. Jul 2026,1,30.0,0,0,"Sofort-Kaufen +EUR 30,00 Lieferung  Italien Ähnliche aktive Angebote ansehen Solch einen Artikel verkaufen",afadsrl 100% positiv (2.101),https://www.ebay.de/itm/142851876520,ebay_sold_p1.html
116847839673,GENERIC kompatible Nockenfeder für ROLEX Cal 3035 (NEU),20.0,EUR,Neu,Gewerblich,2026-07-10,10. Jul 2026,1,19.0,0,0,"Sofort-Kaufen +EUR 19,00 Lieferung  Italien Ähnliche aktive Angebote ansehen Solch einen Artikel verkaufen","fornitura_boccacci 99,9% positiv (4.089)",https://www.ebay.de/itm/116847839673,ebay_sold_p1.html
800281316716,TUDOR Submariner Case mit Krone 79090 Original Oyster Case by Rolex Geneva,750.0,EUR,Gebraucht,Privat,2026-07-10,10. Jul 2026,1,3.0,0,0,,vintagerlx 100% positiv (70),https://www.ebay.de/itm/800281316716,ebay_sold_p1.html
187083824648,Original Rolex Cal. 2135 Werkteilhalter für Platine,59.95,EUR,Neu,Gewerblich,2026-07-09,9. Jul 2026,1,0.0,1,0,,watchparts24 100% positiv (71.339),https://www.ebay.de/itm/187083824648,ebay_sold_p1.html
188378152301,Zifferblatt Zifferblatt Green Zirconi Datejust All Model 36mm Cal. 3035 3135,299.0,EUR,Neu (Sonstige),Gewerblich,2026-07-10,10. Jul 2026,1,30.0,0,1,"oder Preisvorschlag +EUR 30,00 Lieferung  Italien Ähnliche aktive Angebote ansehen Solch einen Artikel verkaufen",debswatch 100% positiv (37),https://www.ebay.de/itm/188378152301,ebay_sold_p1.html
178070300159,Rolex Unruhbrücke komplett 3235,200.0,EUR,Neu (Sonstige),Privat,2026-07-10,10. Jul 2026,1,20.0,0,1,"oder Preisvorschlag +EUR 20,00 Lieferung  Italien Ähnliche aktive Angebote ansehen Solch einen Artikel verkaufen",caiapalm 100% positiv (406),https://www.ebay.de/itm/178070300159,ebay_sold_p1.html
162039546143,Saphirglas passend für Rolex 16200 16610 18000 18038 18238 25-295-C,26.01,EUR,Neu,Gewerblich,2026-07-10,10. Jul 2026,1,13.32,0,0,"Sofort-Kaufen +EUR 13,32 Lieferung  Vereinigte Staaten von Amerika Ähnliche aktive Angebote ansehen Solch einen Artikel verkaufen","watchpartusa 99,8% positiv (44.142)",https://www.ebay.de/itm/162039546143,ebay_sold_p1.html
406694088075,Gehäuseöffner für gerillte Gehäuseböden für Rolex Uhren Uhrmacherwerkzeug Satz,11.55,EUR,Neu,Gewerblich,2026-07-09,9. Jul 2026,1,0.0,1,1,,"ksudadd 99,8% positiv (5.947)",https://www.ebay.de/itm/406694088075,ebay_sold_p1.html
293109105245,"FÜR ROLEX GMT MASTER II LÜNETTENDICHTUNG FÜR 116710, 126710 NEUES MODELL",17.72,EUR,Neu (Sonstige),Gewerblich,2026-07-10,10. Jul 2026,1,13.05,0,0,"Sofort-Kaufen +EUR 13,05 Lieferung  Vereinigte Staaten von Amerika Ähnliche aktive Angebote ansehen Solch einen Artikel verkaufen","watchespartsoutlet 99,7% positiv (3.272)",https://www.ebay.de/itm/293109105245,ebay_sold_p1.html
172539228870,Spezial Edelstahl  Federsteg mit Schulter kompatibel zu Rolex - 2 Stück,6.95,EUR,Neu,Gewerblich,2026-07-10,10. Jul 2026,1,0.0,1,0,,watchparts24 100% positiv (71.339),https://www.ebay.de/itm/172539228870,ebay_sold_p1.html
310304839595,KUNSTSTOFF PLEXI UHRENGLAS FÜR 31MM ROLEX MIDSIZE JUNIOR #25-104 6624 6628,16.63,EUR,Neu,Gewerblich,2026-07-09,9. Jul 2026,1,6.25,0,0,"Sofort-Kaufen +EUR 6,25 Lieferung  Vereinigte Staaten von Amerika Ähnliche aktive Angebote ansehen Solch einen Artikel verkaufen","ewatchparts 99,9% positiv (225.083)",https://www.ebay.de/itm/310304839595,ebay_sold_p1.html
398133220325,Katalog Vintage 1994 Rolex Oyster Booklet 48 Seiten Catalog List of All Models,10.0,EUR,Gebraucht,Privat,2026-07-09,9. Jul 2026,1,1.0,0,0,"1 Gebot +EUR 18,00 Lieferung  Italien Ähnliche aktive Angebote ansehen Solch einen Artikel verkaufen","dacampo 92,9% positiv (48)",https://www.ebay.de/itm/398133220325,ebay_sold_p1.html
133682794584,Rolex Glas Plexiglas 25 109,68.8,EUR,Neu,Gewerblich,2026-07-09,9. Jul 2026,1,13.0,0,1,"oder Preisvorschlag +EUR 13,00 Lieferung  Italien Ähnliche aktive Angebote ansehen Solch einen Artikel verkaufen","taccalamela 99,4% positiv (4.321)",https://www.ebay.de/itm/133682794584,ebay_sold_p1.html
147138833232,"Rolex Garantieheft ""Your Rolex Oyster""",900.0,EUR,Gebraucht,Privat,2026-07-09,9. Jul 2026,1,10.0,0,1,"oder Preisvorschlag +EUR 10,00 Lieferung  Italien Letzter Artikel Ähnliche aktive Angebote ansehen Solch einen Artikel verkaufen",oro-vintage 100% positiv (630),https://www.ebay.de/itm/147138833232,ebay_sold_p1.html
406989435393,"Rolex Katalog + Preisliste 2009, NEU, ungelesen",15.0,EUR,Neu,Privat,2026-07-09,9. Jul 2026,1,2.9,0,1,,makra-5627 100% positiv (93),https://www.ebay.de/itm/406989435393,ebay_sold_p1.html
310304838964,DATUM SCHEIBE ROULETTE FÜR ROLEX TURNOGRAPH 3130/3135 16250 16253 16263 16264 ROT/BK,52.07,EUR,Neu,Gewerblich,2026-07-09,9. Jul 2026,1,10.42,0,0,"Sofort-Kaufen +EUR 10,42 Lieferung  Vereinigte Staaten von Amerika Ähnliche aktive Angebote ansehen Solch einen Artikel verkaufen","ewatchparts 99,9% positiv (225.083)",https://www.ebay.de/itm/310304838964,ebay_sold_p1.html
183283696424,Edelstahl - Faltschließe kompatibel Rolex Oyster Stahlarmband neue Version (SEL),99.95,EUR,Neu,Gewerblich,2026-07-09,9. Jul 2026,1,0.0,1,0,,watchparts24 100% positiv (71.339),https://www.ebay.de/itm/183283696424,ebay_sold_p1.html
188351156159,Zifferblatt Zifferblatt Donald Duck Date 15200 15210 15000 Cal. 3135,279.0,EUR,Neu (Sonstige),Gewerblich,2026-07-09,9. Jul 2026,1,30.0,0,1,"oder Preisvorschlag +EUR 30,00 Lieferung  Italien Ähnliche aktive Angebote ansehen Solch einen Artikel verkaufen",debswatch 100% positiv (37),https://www.ebay.de/itm/188351156159,ebay_sold_p1.html
188336599441,Zifferblatt Zifferblatt Donald Duck kompatibel Rolex Datejust 1601 1603 Cal. 1570,279.0,EUR,Neu (Sonstige),Gewerblich,2026-07-09,9. Jul 2026,1,30.0,0,1,"oder Preisvorschlag +EUR 30,00 Lieferung  Italien Ähnliche aktive Angebote ansehen Solch einen Artikel verkaufen",debswatch 100% positiv (37),https://www.ebay.de/itm/188336599441,ebay_sold_p1.html
178134578590,Rolex 3000-3035-5068 - Automatik Inversion Wheel,75.0,EUR,Gebraucht,Privat,2026-07-09,9. Jul 2026,1,20.0,0,1,"oder Preisvorschlag +EUR 20,00 Lieferung  Italien Ähnliche aktive Angebote ansehen Solch einen Artikel verkaufen",refanoro79 100% positiv (244),https://www.ebay.de/itm/178134578590,ebay_sold_p1.html
227333708034,Caseback Rolex DAYTONA 2100 For Model 116520,750.0,EUR,Gebraucht,Privat,2026-07-09,9. Jul 2026,1,30.0,0,1,"Preisvorschlag akzeptiert +EUR 30,00 Lieferung  Spanien Ähnliche aktive Angebote ansehen Solch einen Artikel verkaufen",rioferni2 100% positiv (721),https://www.ebay.de/itm/227333708034,ebay_sold_p1.html
227381574584,Rolex 3035 5006 Wie Neu Ladegerätebrücke 3000 3055 3075,64.9,EUR,Gebraucht,Gewerblich,2026-07-09,9. Jul 2026,1,29.0,0,1,"oder Preisvorschlag +EUR 29,00 Lieferung  Italien Ähnliche aktive Angebote ansehen Solch einen Artikel verkaufen",*rarecollections 100% positiv (1.384),https://www.ebay.de/itm/227381574584,ebay_sold_p1.html
164685617301,RITZEL COULANT KUPPLUNGSRAD ROLEX LADY 2130 2135 Ref. 205 407,59.0,EUR,Neu (Sonstige),Gewerblich,2026-07-09,9. Jul 2026,1,6.0,0,1,"oder Preisvorschlag +EUR 6,00 Lieferung  Frankreich Letzter Artikel Ähnliche aktive Angebote ansehen Solch einen Artikel verkaufen",ocoeurdutemps 100% positiv (12.322),https://www.ebay.de/itm/164685617301,ebay_sold_p1.html
186955135289,ROLEX 2235 220 Tiretto Compatible Swiss Made - Rolex 2235-220 Setting lever Swi,55.0,EUR,Gebraucht,Gewerblich,2026-07-09,9. Jul 2026,1,13.0,0,0,"Sofort-Kaufen +EUR 13,00 Lieferung  Italien Ähnliche aktive Angebote ansehen Solch einen Artikel verkaufen","watchparts-italy 99,5% positiv (3.454)",https://www.ebay.de/itm/186955135289,ebay_sold_p1.html
226134182164,Rolex Insert Bezel Faded Pepsi 16700/16710 Gmt,550.0,EUR,Gebraucht,Privat,2026-07-09,9. Jul 2026,1,20.0,0,1,"Preisvorschlag akzeptiert +EUR 20,00 Lieferung  Frankreich Ähnliche aktive Angebote ansehen Solch einen Artikel verkaufen",philnic-36 100% positiv (157),https://www.ebay.de/itm/226134182164,ebay_sold_p1.html
205593311068,Rastfeder für Lünette Rolex Submariner 16610 Click Spring for Bezel 317-16800,35.0,EUR,Neu (Sonstige),Gewerblich,2026-07-09,9. Jul 2026,1,7.0,0,0,,riohausgmbh 100% positiv (725),https://www.ebay.de/itm/205593311068,ebay_sold_p1.html
164194562082,Plexiglas für 25-12 Rolex Crystal Glass Uhrenglas Verre 1002 1008 5500,8.9,EUR,Neu,Gewerblich,2026-07-09,9. Jul 2026,1,13.5,0,0,"Sofort-Kaufen +EUR 13,50 Lieferung  Italien Ähnliche aktive Angebote ansehen Solch einen Artikel verkaufen","sabaec 99,9% positiv (22.965)",https://www.ebay.de/itm/164194562082,ebay_sold_p1.html
405066734519,#1302 ORIG ROLEX 24-704-0 KRONE CROWN STAHL OYSTER TRIPLOCK 7mm SUBMARINER,99.78,EUR,Gebraucht,Gewerblich,2026-07-09,9. Jul 2026,1,6.95,0,0,,state_of_time 100% positiv (3.802),https://www.ebay.de/itm/405066734519,ebay_sold_p1.html
388658151282,Rolex Datejust 31 Set Zeigerkugeln Roségold Rose Gold Hands Cal. 2235 luminova,90.0,EUR,Gebraucht,Gewerblich,2026-07-09,9. Jul 2026,1,14.9,0,1,"Preisvorschlag akzeptiert +EUR 14,90 Lieferung  Italien Ähnliche aktive Angebote ansehen Solch einen Artikel verkaufen","luxurytime.shop 99,8% positiv (2.110)",https://www.ebay.de/itm/388658151282,ebay_sold_p1.html
136792312350,Rolex Ladies Datejust Silver Dial 69160 69174 79160 79174 2035 2135 2235 Date,150.0,EUR,Gebraucht,Privat,2026-07-09,9. Jul 2026,1,22.0,0,0,"Sofort-Kaufen +EUR 22,00 Lieferung  Dänemark Ähnliche aktive Angebote ansehen Solch einen Artikel verkaufen",odder1 100% positiv (671),https://www.ebay.de/itm/136792312350,ebay_sold_p1.html
336021854055,"Federstege 20mm x 1,8mm für Rolex vintage Springbars",20.0,EUR,Neu,Gewerblich,2026-07-09,9. Jul 2026,1,7.0,0,0,,old-crowns-com 100% positiv (289),https://www.ebay.de/itm/336021854055,ebay_sold_p1.html
137439371139,Rolex 1555 8007 Calendar Yoke Jewel 1570 8007 NEU SEALED BLISTER,30.0,EUR,Neu,Privat,2026-07-09,9. Jul 2026,1,10.0,0,1,"Preisvorschlag akzeptiert +EUR 10,00 Lieferung  Frankreich Ähnliche aktive Angebote ansehen Solch einen Artikel verkaufen",e-watch_parts 100% positiv (15),https://www.ebay.de/itm/137439371139,ebay_sold_p1.html
205610834193,ROLEX Your Rolex Oyster Booklet USA English 1.2002 (YR),29.0,EUR,Gebraucht,Gewerblich,2026-07-09,9. Jul 2026,1,2.0,0,0,,kian-werke 100% positiv (7.720),https://www.ebay.de/itm/205610834193,ebay_sold_p1.html
206138054426,Rolex Submariner 594.52 Eng - 1.2002 English Booklet,49.0,EUR,Gebraucht,Gewerblich,2026-07-09,9. Jul 2026,1,5.0,0,0,,kian-werke 100% positiv (7.720),https://www.ebay.de/itm/206138054426,ebay_sold_p1.html
137464388298,Rolex Uhrwerk Perpetual mit Zifferblatt und Zeiger (52),323.0,EUR,Gebraucht,Gewerblich,2026-07-09,9. Jul 2026,1,12.0,0,0,,fair-deal-germany 100% positiv (997),https://www.ebay.de/itm/137464388298,ebay_sold_p1.html
358775692219,Rolex Submariner 5513/12 Tritium black Dial Perfect Rare Spider,2190.0,EUR,Gebraucht,Gewerblich,2026-07-09,9. Jul 2026,1,19.0,0,0,,luxewatchesgermany 100% positiv (92),https://www.ebay.de/itm/358775692219,ebay_sold_p1.html
197005094924,Werkzeug für Rolex 3135 für Autobrücke (Automatic device holder for Rolex 3135),29.0,EUR,Gebraucht,Gewerblich,2026-07-09,9. Jul 2026,1,0.0,1,0,Sofort-Kaufen Gratis Lieferung  Frankreich Ähnliche aktive Angebote ansehen Solch einen Artikel verkaufen,captain-corsica 100% positiv (950),https://www.ebay.de/itm/197005094924,ebay_sold_p1.html
198469989123,ROLEX Garantie Warranty Karte Schein Zertifikat Papier Booklet Original 1995,156.0,EUR,Gebraucht,Privat,2026-07-09,9. Jul 2026,1,12.0,0,0,,maxi3jd4232 100% positiv (227),https://www.ebay.de/itm/198469989123,ebay_sold_p1.html
800040740429,Rolex Explorer II 16570 Green Tag Green Oyster Swimpruf,29.99,EUR,Gebraucht,Gewerblich,2026-07-09,9. Jul 2026,1,12.5,0,0,"Sofort-Kaufen +EUR 12,50 Lieferung  Italien Ähnliche aktive Angebote ansehen Solch einen Artikel verkaufen",only_quality_stuff_new2026 100% positiv (48),https://www.ebay.de/itm/800040740429,ebay_sold_p1.html
406464124644,#1691 ORIGINAL ROLEX OYSTER BANDGLIED 16220 16710 16700 16760 14270 16570 78360,99.99,EUR,Gebraucht,Gewerblich,2026-01-06,6. Jan 2026,1,6.95,0,0,,state_of_time 100% positiv (3.802),https://www.ebay.de/itm/406464124644,ebay_sold_p1.html
406464119990,#1691 ORIGINAL ROLEX OYSTER BANDGLIED 16220 16710 16700 16760 14270 16570 78360,99.99,EUR,Gebraucht,Gewerblich,2025-12-29,29. Dez 2025,1,6.95,0,0,,state_of_time 100% positiv (3.802),https://www.ebay.de/itm/406464119990,ebay_sold_p1.html
206154014144,Rolex Cal.2030/2035 Ref.4410 Platin,243.0,EUR,Gebraucht,Gewerblich,2026-07-09,9. Jul 2026,1,18.0,0,0,"Sofort-Kaufen +EUR 18,00 Lieferung  Italien Ähnliche aktive Angebote ansehen Solch einen Artikel verkaufen",combattiamolacrisi 100% positiv (8.907),https://www.ebay.de/itm/206154014144,ebay_sold_p1.html
277880745927,NEU Rolex 24-V53-2 Valvola Gas elio Sea-Dweller 16600 | 16660 NOS im Blister,278.0,EUR,Neu,Gewerblich,2026-07-09,9. Jul 2026,1,25.0,0,0,"Sofort-Kaufen +EUR 25,00 Lieferung  Italien Letzter Artikel Ähnliche aktive Angebote ansehen Solch einen Artikel verkaufen",millerighetime_by_arriwatch 100% positiv (913),https://www.ebay.de/itm/277880745927,ebay_sold_p1.html
185590896326,"Lünetten-Inlay blau/rot ""Pepsi"" kompatibel zu Rolex GMT-Master I 1675 16750",39.95,EUR,Neu,Gewerblich,2026-07-09,9. Jul 2026,1,0.0,1,0,,watchparts24 100% positiv (71.339),https://www.ebay.de/itm/185590896326,ebay_sold_p1.html
336004466716,Gehäuseöffner Für Rolex Uhren Uhrmacherwerkzeug Sets Für Gerillte Gehäuseböden,13.99,EUR,Neu,Gewerblich,2026-07-09,9. Jul 2026,1,0.0,1,0,,"dfaster8 99,2% positiv (9.646)",https://www.ebay.de/itm/336004466716,ebay_sold_p1.html
127918039091,OMEGA 2531.80 41mm SEAMASTER PROFESSIONAL Bezel lünette Inlay Alu,219.0,EUR,Gebraucht,Gewerblich,2026-07-09,9. Jul 2026,1,5.9,0,1,,almawatches 100% positiv (3.677),https://www.ebay.de/itm/127918039091,ebay_sold_p1.html
226902741382,NEU Neu Rolex 3135-9633 Jewel for Cam Yoke Schmuck Auslöser Datum,33.4,EUR,Gebraucht,Gewerblich,2026-01-30,30. Jan 2026,1,29.0,0,1,"oder Preisvorschlag +EUR 29,00 Lieferung  Italien Ähnliche aktive Angebote ansehen Solch einen Artikel verkaufen",*rarecollections 100% positiv (1.384),https://www.ebay.de/itm/226902741382,ebay_sold_p1.html
186237158517,FIT ROLEX SUBMARINER 16813 16808 16613 BLAUER RINGEINSATZ Aftermarket,22.0,EUR,Gebraucht,Gewerblich,2026-07-09,9. Jul 2026,1,13.0,0,0,"Sofort-Kaufen +EUR 13,00 Lieferung  Italien Letzter Artikel Ähnliche aktive Angebote ansehen Solch einen Artikel verkaufen","watchparts-italy 99,5% positiv (3.454)",https://www.ebay.de/itm/186237158517,ebay_sold_p1.html
226902741269,NEW Neu Rolex 3135-639 Intermediate Data correct wheel Ricambio,59.2,EUR,Gebraucht,Gewerblich,2026-02-17,17. Feb 2026,1,29.0,0,1,"Preisvorschlag akzeptiert +EUR 29,00 Lieferung  Italien Ähnliche aktive Angebote ansehen Solch einen Artikel verkaufen",*rarecollections 100% positiv (1.384),https://www.ebay.de/itm/226902741269,ebay_sold_p1.html
364458400548,ROLEX JUBILEE STAHL/GOLD ARMBAND ERSATZGLIED 16MM FÜR HERREN BAND ALTE VERSION,89.0,EUR,Gebraucht,Gewerblich,2026-07-09,9. Jul 2026,1,0.0,1,1,,"luxus-freund24 99,5% positiv (41.881)",https://www.ebay.de/itm/364458400548,ebay_sold_p1.html
800067484962,Rolex 25-135 Vetro Plexi Glas Kristall 16000 | 16013 | 16014 BLISTER,159.0,EUR,Neu,Gewerblich,2026-07-09,9. Jul 2026,1,12.5,0,1,"oder Preisvorschlag +EUR 12,50 Lieferung  Italien Letzter Artikel Ähnliche aktive Angebote ansehen Solch einen Artikel verkaufen",only_quality_stuff_new2026 100% positiv (48),https://www.ebay.de/itm/800067484962,ebay_sold_p1.html
287441003755,Rolex 3519 Super Rare Überholbar Rolex Precision Lady,155.0,EUR,Gebraucht,Privat,2026-07-09,9. Jul 2026,1,1.0,0,0,"1 Gebot +EUR 70,00 Lieferung  Italien Ähnliche aktive Angebote ansehen Solch einen Artikel verkaufen",davidone70 100% positiv (440),https://www.ebay.de/itm/287441003755,ebay_sold_p1.html
171819198395,MASSANFERTIGUNG ARMBAND ENDGLIED FÜR ROLEX DATEJUST 1601 16013 16220 16233 16234 GLÄNZEND CNTR,57.28,EUR,Neu,Gewerblich,2026-07-09,9. Jul 2026,1,10.42,0,0,"Sofort-Kaufen +EUR 10,42 Lieferung  Vereinigte Staaten von Amerika Ähnliche aktive Angebote ansehen Solch einen Artikel verkaufen","ewatchparts 99,9% positiv (225.083)",https://www.ebay.de/itm/171819198395,ebay_sold_p1.html
222947414186,"Rolex 1100 1120 6604 Center Wheel With Cannon Pinion, Original Rolex NOS Sealed",200.39,EUR,Neu,Gewerblich,2026-07-09,9. Jul 2026,1,18.98,0,0,"Sofort-Kaufen +EUR 18,98 Lieferung  Vereinigte Staaten von Amerika Ähnliche aktive Angebote ansehen Solch einen Artikel verkaufen",only-genuine-parts 100% positiv (3.709),https://www.ebay.de/itm/222947414186,ebay_sold_p1.html
168116128310,1:1 Vintage Big Lollipop Watch Hand for Rolex 6538 Big Crown Submariner Cal 1030,85.0,EUR,Gebraucht,Privat,2026-07-09,9. Jul 2026,1,6.49,0,1,,letsbuyit2236 100% positiv (559),https://www.ebay.de/itm/168116128310,ebay_sold_p1.html
197244542160,Gehäuseöffner Für Rolex Uhren Uhrmacherwerkzeug Sets Für Gerillte Gehäuseböden,13.99,EUR,Neu,Gewerblich,2026-07-08,8. Jul 2026,1,0.0,1,0,,"autoisolatorworld1012 99,3% positiv (19.372)",https://www.ebay.de/itm/197244542160,ebay_sold_p1.html
116245168120,ROLEX 3035 Sekundenrad H. 625 Cod. 3035-5014 Neuzustand outside Dal Bl...,40.0,EUR,Gebraucht,Gewerblich,2026-07-08,8. Jul 2026,1,19.0,0,0,"Sofort-Kaufen +EUR 19,00 Lieferung  Italien Ähnliche aktive Angebote ansehen Solch einen Artikel verkaufen","fornitura_boccacci 99,9% positiv (4.089)",https://www.ebay.de/itm/116245168120,ebay_sold_p1.html
267698921178,dial dial green green rolex submariner hulk,210.0,EUR,Neu (Sonstige),Privat,2026-07-08,8. Jul 2026,1,15.0,0,1,"oder Preisvorschlag +EUR 15,00 Lieferung  Italien Ähnliche aktive Angebote ansehen Solch einen Artikel verkaufen",giacoromel 100% positiv (76),https://www.ebay.de/itm/267698921178,ebay_sold_p1.html
310127939507,Auto Achse für Schwingmasse passend für Rolex Kaliber 2130 2135 -568,18.76,EUR,Neu,Gewerblich,2026-07-08,8. Jul 2026,1,13.08,0,0,"Sofort-Kaufen +EUR 13,08 Lieferung  Vereinigte Staaten von Amerika Ähnliche aktive Angebote ansehen Solch einen Artikel verkaufen","watchpartusa 99,8% positiv (44.142)",https://www.ebay.de/itm/310127939507,ebay_sold_p1.html
126598973486,Original ROLEX NOS GMT Master BLACK Inlay Bezel Lünette 1675 3 1675 Insert Gold,269.0,EUR,Neu (Sonstige),Gewerblich,2026-07-08,8. Jul 2026,1,5.9,0,1,,almawatches 100% positiv (3.677),https://www.ebay.de/itm/126598973486,ebay_sold_p1.html
267697041515,Zifferblatt Zifferblatt Pink Rolex Datejust 1601-1603,180.0,EUR,Neu (Sonstige),Privat,2026-07-08,8. Jul 2026,1,15.0,0,1,"Preisvorschlag akzeptiert +EUR 15,00 Lieferung  Italien Ähnliche aktive Angebote ansehen Solch einen Artikel verkaufen",giacoromel 100% positiv (76),https://www.ebay.de/itm/267697041515,ebay_sold_p1.html
168510843801,Ultra Rare Original Rolex Tag Geneva Bienne Cosc Day Date Submariner Gmt Year '80,95.0,EUR,Neu (Sonstige),Privat,2026-07-08,8. Jul 2026,1,15.0,0,1,"Preisvorschlag akzeptiert +EUR 15,00 Lieferung  Italien Ähnliche aktive Angebote ansehen Solch einen Artikel verkaufen",caronda 100% positiv (1.037),https://www.ebay.de/itm/168510843801,ebay_sold_p1.html
198468051801,Rolex 3135 Unruh komplett original neu parachrom balance complete blau,355.0,EUR,Neu (Sonstige),Privat,2026-07-08,8. Jul 2026,1,3.0,0,0,"3 Gebote +EUR 29,00 Lieferung  Italien Ähnliche aktive Angebote ansehen Solch einen Artikel verkaufen",thecostantino2012 100% positiv (230),https://www.ebay.de/itm/198468051801,ebay_sold_p1.html
205216826988,ROLEX SUBMARINER 16800 ORIGINAL GARANTIEZERTIFIKAT 1977,450.0,EUR,Gebraucht,Privat,2026-07-08,8. Jul 2026,1,20.0,0,1,"Preisvorschlag akzeptiert +EUR 20,00 Lieferung  Italien Ähnliche aktive Angebote ansehen Solch einen Artikel verkaufen",goodeal399 100% positiv (239),https://www.ebay.de/itm/205216826988,ebay_sold_p1.html
193282913709,ROLEX 3130 3131 3175 3135 3155 3185 AXE DE MASSE OSZILLATING WEIGHT AXLE 568,69.0,EUR,Neu (Sonstige),Gewerblich,2026-07-08,8. Jul 2026,1,6.0,0,0,"Sofort-Kaufen +EUR 6,00 Lieferung  Frankreich Letzter Artikel Ähnliche aktive Angebote ansehen Solch einen Artikel verkaufen",ocoeurdutemps 100% positiv (12.322),https://www.ebay.de/itm/193282913709,ebay_sold_p1.html
800080074132,Rolex DayDate Zifferblatt 18038 18238 36mm,230.0,EUR,Neu (Sonstige),Privat,2026-07-08,8. Jul 2026,1,25.0,0,1,"oder Preisvorschlag +EUR 25,00 Lieferung  Italien Ähnliche aktive Angebote ansehen Solch einen Artikel verkaufen",fa_628642 100% positiv (18),https://www.ebay.de/itm/800080074132,ebay_sold_p1.html
164552544919,Dichtungen Komplettsatz Dichtungen für Tudor Submariner 76100 - 79090 - 79190,14.9,EUR,Neu,Gewerblich,2026-07-08,8. Jul 2026,1,13.5,0,0,"Sofort-Kaufen +EUR 13,50 Lieferung  Italien Ähnliche aktive Angebote ansehen Solch einen Artikel verkaufen","sabaec 99,9% positiv (22.965)",https://www.ebay.de/itm/164552544919,ebay_sold_p1.html
115932272946,"ROLEX 3235 Cod. 220 Streifen Kaliber: 3235, 3255, 3285 (TOP ZUSTAND)",54.0,EUR,Gebraucht,Gewerblich,2026-07-08,8. Jul 2026,1,19.0,0,0,"Sofort-Kaufen +EUR 19,00 Lieferung  Italien Ähnliche aktive Angebote ansehen Solch einen Artikel verkaufen","fornitura_boccacci 99,9% positiv (4.089)",https://www.ebay.de/itm/115932272946,ebay_sold_p1.html
800273020102,Rolex Magazin Issue #06 – Magazin / Katalog,20.0,EUR,Gebraucht,Privat,2026-07-08,8. Jul 2026,1,1.0,0,0,,niccoz 100% positiv (51),https://www.ebay.de/itm/800273020102,ebay_sold_p1.html
115919935527,ROLEX 4130 Daytona Chrono Sekundenrad alte Version Cod. 4130-360 Kaliber:...,116.0,EUR,Gebraucht,Gewerblich,2026-07-08,8. Jul 2026,1,19.0,0,0,"Sofort-Kaufen +EUR 19,00 Lieferung  Italien Ähnliche aktive Angebote ansehen Solch einen Artikel verkaufen","fornitura_boccacci 99,9% positiv (4.089)",https://www.ebay.de/itm/115919935527,ebay_sold_p1.html
257590895529,Aufkleber Sticker Logo Rolex Submariner Zifferblatt Uhr,7.5,EUR,Neu (Sonstige),Privat,2026-07-08,8. Jul 2026,1,9.9,0,0,"Sofort-Kaufen +EUR 9,90 Lieferung  Italien Letzter Artikel Ähnliche aktive Angebote ansehen Solch einen Artikel verkaufen",lelekas69 100% positiv (1.539),https://www.ebay.de/itm/257590895529,ebay_sold_p1.html
295423061019,ROLEX Trieb für Schwungmasse cal 1530 1570 part 7910 oscillating weight pinion,39.0,EUR,Gebraucht,Gewerblich,2026-07-08,8. Jul 2026,1,7.0,0,0,,luxini_hamburg 100% positiv (3.973),https://www.ebay.de/itm/295423061019,ebay_sold_p1.html
203157627278,Rolex Cal.1602 Ref.360 Ersatzteil,50.0,EUR,Neu (Sonstige),Gewerblich,2026-07-08,8. Jul 2026,1,18.0,0,0,"Sofort-Kaufen +EUR 18,00 Lieferung  Italien Ähnliche aktive Angebote ansehen Solch einen Artikel verkaufen",combattiamolacrisi 100% positiv (8.907),https://www.ebay.de/itm/203157627278,ebay_sold_p1.html
800154243469,Zifferblatt rotes Zifferblatt Rolex Datejust 1601 1603 Cal. 1570,130.0,EUR,Neu (Sonstige),Privat,2026-07-08,8. Jul 2026,1,35.0,0,1,"oder Preisvorschlag +EUR 35,00 Lieferung  Italien Ähnliche aktive Angebote ansehen Solch einen Artikel verkaufen",fa_628642 100% positiv (18),https://www.ebay.de/itm/800154243469,ebay_sold_p1.html
318039081632,Rolex GMT-Master II (2) Handbuch booklet Englisch IMR-GMT-EN-18 - 10.2019,89.0,EUR,Gebraucht,Gewerblich,2026-07-08,8. Jul 2026,1,0.0,1,1,,eBay Top-Service,https://www.ebay.de/itm/318039081632,ebay_sold_p1.html
185478001804,ROLEX 1530 1570 7906 OSZILLIERENDE MASSENACHSE KOMPATIBEL rolex rotor axle s,30.0,EUR,Neu,Gewerblich,2026-07-08,8. Jul 2026,1,13.0,0,0,"Sofort-Kaufen +EUR 13,00 Lieferung  Italien Ähnliche aktive Angebote ansehen Solch einen Artikel verkaufen","watchparts-italy 99,5% positiv (3.454)",https://www.ebay.de/itm/185478001804,ebay_sold_p1.html
226715440168,Gehäuseöffner Für Rolex Uhren Uhrmacherwerkzeug Sets Für Gerillte Gehäuseböden,13.99,EUR,Neu,Gewerblich,2026-07-08,8. Jul 2026,1,0.0,1,0,,"autocarrepair666 99,5% positiv (35.924)",https://www.ebay.de/itm/226715440168,ebay_sold_p1.html
323642389288,Aufzugswelle passend für Diverse Rolex Kaliber Armbanduhr Welle Winding Stem,12.99,EUR,Neu (Sonstige),Gewerblich,2026-07-08,8. Jul 2026,1,3.49,0,0,,"uhrenexpert 99,3% positiv (21.349)",https://www.ebay.de/itm/323642389288,ebay_sold_p1.html
116321082880,ROLEX Reifenabdeckung OYSTER Vintage 66 13mm x Nietenband Reißverschluss Nr. 7204 (...,79.0,EUR,Gebraucht,Gewerblich,2026-07-08,8. Jul 2026,1,19.0,0,0,"Sofort-Kaufen +EUR 19,00 Lieferung  Italien Ähnliche aktive Angebote ansehen Solch einen Artikel verkaufen","fornitura_boccacci 99,9% positiv (4.089)",https://www.ebay.de/itm/116321082880,ebay_sold_p1.html
800281332728,TUDOR 79090 ORIGINAL OYSTER CASE BY ROLEX GENEVA DECKEL CASEBACK,450.0,EUR,Gebraucht,Privat,2026-07-08,8. Jul 2026,1,1.0,0,0,,vintagerlx 100% positiv (70),https://www.ebay.de/itm/800281332728,ebay_sold_p1.html
127877349352,Rolex Cellini Uhrwerk Cal. 1602. Zifferblatt. Krone. Original.,429.0,EUR,Gebraucht,Privat,2026-07-08,8. Jul 2026,1,35.0,0,1,"Preisvorschlag akzeptiert +EUR 35,00 Lieferung  Italien Ähnliche aktive Angebote ansehen Solch einen Artikel verkaufen",trovarobelucca 100% positiv (231),https://www.ebay.de/itm/127877349352,ebay_sold_p1.html
322639649500,"Saphirglas 29,4 mm mit Dichtung für ROLEX SUBMARINER 25-286C 14000 14010 14203",34.99,EUR,Neu,Gewerblich,2026-07-08,8. Jul 2026,1,3.49,0,1,,"uhrenexpert 99,3% positiv (21.349)",https://www.ebay.de/itm/322639649500,ebay_sold_p1.html
154957252175,"BERGEON 5523-2 Dübel zum Öffnen und Schließen der Rolex mit Rillen Ø 22,5 mm",39.99,EUR,Neu,Gewerblich,2026-07-08,8. Jul 2026,1,7.99,0,0,"Sofort-Kaufen +EUR 7,99 Lieferung  Frankreich Ähnliche aktive Angebote ansehen Solch einen Artikel verkaufen","elisabeth9679 97,4% positiv (75.166)",https://www.ebay.de/itm/154957252175,ebay_sold_p1.html
227411459553,Schwarze MK3 Rolex Submariner 5513 LÜNETTENEINSATZ,500.0,EUR,Neu (Sonstige),Privat,2026-07-08,8. Jul 2026,1,0.0,1,0,"1 Gebot +EUR 50,00 Lieferung  Frankreich Kostenloser Rückversand Ähnliche aktive Angebote ansehen Solch einen Artikel verkaufen",artinwatchesuk 100% positiv (83),https://www.ebay.de/itm/227411459553,ebay_sold_p1.html
185768594055,"Acryl Ersatzglas kompatibel zu Rolex Datejust Ref. 16000 Cal. 3035 1810, 1812",49.95,EUR,Neu,Gewerblich,2026-07-08,8. Jul 2026,1,0.0,1,0,,watchparts24 100% positiv (71.339),https://www.ebay.de/itm/185768594055,ebay_sold_p1.html
307036460556,"Rolex Edelstahl Bandglied Glied für GMT-Master II Ref. 116710LN 15,51 mm link",79.0,EUR,Neu (Sonstige),Privat,2026-07-08,8. Jul 2026,1,5.19,0,1,,gn1979 100% positiv (3.002),https://www.ebay.de/itm/307036460556,ebay_sold_p1.html
185572565271,ROLEX 3135-568 ACHSE SCHWINGE SWISS MADE Aftermarket - 3135 568 Rotor Axl,23.0,EUR,Neu,Gewerblich,2026-07-08,8. Jul 2026,1,13.0,0,0,"Sofort-Kaufen +EUR 13,00 Lieferung  Italien Ähnliche aktive Angebote ansehen Solch einen Artikel verkaufen","watchparts-italy 99,5% positiv (3.454)",https://www.ebay.de/itm/185572565271,ebay_sold_p1.html
276198274432,Rolex Sapphire Crystal 25-7000-C1 Saphirglas LOGO Daytona 116520 116500,88.0,EUR,TOP QUALITÄT - MIT LOGO,,2026-07-08,8. Jul 2026,1,25.0,0,0,"Sofort-Kaufen +EUR 25,00 Lieferung  Italien Ähnliche aktive Angebote ansehen Solch einen Artikel verkaufen",millerighetime_by_arriwatch 100% positiv (913),https://www.ebay.de/itm/276198274432,ebay_sold_p1.html
226902741590,Used Gebraucht KOMPATIBLE Lünette Komplett für Rolex 6240 6241 6264 6263 Dayto,720.3,EUR,Gebraucht,Gewerblich,2026-07-08,8. Jul 2026,1,29.0,0,1,"oder Preisvorschlag +EUR 29,00 Lieferung  Italien Ähnliche aktive Angebote ansehen Solch einen Artikel verkaufen",*rarecollections 100% positiv (1.384),https://www.ebay.de/itm/226902741590,ebay_sold_p1.html
185949119285,ROLEX ORIGINAL 20xx - PIEZAS INDIVIDUALES / INDIVIDUAL PARTS NOS,10.0,EUR,Neu (Sonstige),Gewerblich,2026-07-08,8. Jul 2026,1,18.0,0,0,"Sofort-Kaufen +EUR 18,00 Lieferung  Spanien Ähnliche aktive Angebote ansehen Solch einen Artikel verkaufen",joseherrero.eu 100% positiv (433),https://www.ebay.de/itm/185949119285,ebay_sold_p1.html
166712380608,Rolex 2130 2135 Part 205 Pignon Coulant Sliding Pinion Slide NOS,24.9,EUR,Neu (Sonstige),Gewerblich,2026-07-08,8. Jul 2026,1,13.5,0,0,"Sofort-Kaufen +EUR 13,50 Lieferung  Italien Ähnliche aktive Angebote ansehen Solch einen Artikel verkaufen","sabaec 99,9% positiv (22.965)",https://www.ebay.de/itm/166712380608,ebay_sold_p1.html
226655676901,Rolex Lady Datejust Gold 69178 Garantie Garantie Garantie 1987,270.0,EUR,Neu (Sonstige),Privat,2026-07-08,8. Jul 2026,1,20.0,0,0,"Sofort-Kaufen +EUR 20,00 Lieferung  Italien Ähnliche aktive Angebote ansehen Solch einen Artikel verkaufen",watchbox70 100% positiv (190),https://www.ebay.de/itm/226655676901,ebay_sold_p1.html
336182968264,REPLACEMENT PART ROLEX ORIGINAL CALIBRE.5035 - PART 56002. Blister con 5 Pzas.,50.0,EUR,Neu,Gewerblich,2026-07-08,8. Jul 2026,1,16.0,0,0,"Sofort-Kaufen +EUR 16,00 Lieferung  Spanien Ähnliche aktive Angebote ansehen Solch einen Artikel verkaufen","dimar2018 99,8% positiv (11.466)",https://www.ebay.de/itm/336182968264,ebay_sold_p1.html
163779270864,Plexiglas für 25-108 Rolex Crystal Glass Uhrenglas Verre 6494 6694,8.9,EUR,Neu,Gewerblich,2026-07-08,8. Jul 2026,1,13.5,0,0,"Sofort-Kaufen +EUR 13,50 Lieferung  Italien Ähnliche aktive Angebote ansehen Solch einen Artikel verkaufen","sabaec 99,9% positiv (22.965)",https://www.ebay.de/itm/163779270864,ebay_sold_p1.html
186452564906,ROLEX 3135 540 Original Inverter Rad - Genuine rolex reversing wheel,60.0,EUR,Neu,Gewerblich,2026-07-08,8. Jul 2026,1,13.0,0,0,"Sofort-Kaufen +EUR 13,00 Lieferung  Italien Ähnliche aktive Angebote ansehen Solch einen Artikel verkaufen","watchparts-italy 99,5% positiv (3.454)",https://www.ebay.de/itm/186452564906,ebay_sold_p1.html
295423088664,ROLEX Submariner 1680 Sekundenzeiger Gold Second Hand cal 1570 Tritium NOS,144.0,EUR,Gebraucht,Gewerblich,2026-07-08,8. Jul 2026,1,7.0,0,1,,luxini_hamburg 100% positiv (3.973),https://www.ebay.de/itm/295423088664,ebay_sold_p1.html
226902742326,NEU Neu Rolex 3235 174 Screw Case Stop-Gehäuse 3230 3255 3285,16.2,EUR,Gebraucht,Gewerblich,2026-07-08,8. Jul 2026,1,29.0,0,1,"oder Preisvorschlag +EUR 29,00 Lieferung  Italien Letzter Artikel Ähnliche aktive Angebote ansehen Solch einen Artikel verkaufen",*rarecollections 100% positiv (1.384),https://www.ebay.de/itm/226902742326,ebay_sold_p1.html
226902742477,NEU Neu Rolex 3235 161 Trense Flansch Gehäuse Stoppergehäuse 3230 3255 3285,16.2,EUR,Gebraucht,Gewerblich,2026-07-08,8. Jul 2026,1,29.0,0,1,"oder Preisvorschlag +EUR 29,00 Lieferung  Italien Ähnliche aktive Angebote ansehen Solch einen Artikel verkaufen",*rarecollections 100% positiv (1.384),https://www.ebay.de/itm/226902742477,ebay_sold_p1.html
276190368928,Rolex 25-318-1 Milgauss Green Crystal Glas 116400GV mit Original Dichtung,188.0,EUR,TOP QUALITÄT - MIT ORIGINAL DICHTUNG,,2026-07-08,8. Jul 2026,1,25.0,0,0,"Sofort-Kaufen +EUR 25,00 Lieferung  Italien Ähnliche aktive Angebote ansehen Solch einen Artikel verkaufen",millerighetime_by_arriwatch 100% positiv (913),https://www.ebay.de/itm/276190368928,ebay_sold_p1.html
187350467896,ROLEX ORIGINAL 21xx - PIEZAS INDIVIDUALES / INDIVIDUAL PARTS NOS,5.0,EUR,Neu (Sonstige),Gewerblich,2026-07-08,8. Jul 2026,1,18.0,0,0,"Sofort-Kaufen +EUR 18,00 Lieferung  Spanien Ähnliche aktive Angebote ansehen Solch einen Artikel verkaufen",joseherrero.eu 100% positiv (433),https://www.ebay.de/itm/187350467896,ebay_sold_p1.html
389374903583,WATCH LÜNETTE BEZEL INLAY COMPATIBLE FOR ROLEX 40MM DAYTONA STEEL 16520 116520,55.0,EUR,Neu (Sonstige),Gewerblich,2026-07-08,8. Jul 2026,1,6.0,0,0,,"sekowatchworld 99,1% positiv (1.120)",https://www.ebay.de/itm/389374903583,ebay_sold_p1.html
117289425207,ROLEX Zifferblatt schwarz OYSTER Perpetual Date Submariner ’’Swiss T - 25’’’ Ref 16610 C...,249.0,EUR,Gebraucht,Gewerblich,2026-07-08,8. Jul 2026,1,19.0,0,0,"Sofort-Kaufen +EUR 19,00 Lieferung  Italien Ähnliche aktive Angebote ansehen Solch einen Artikel verkaufen","fornitura_boccacci 99,9% positiv (4.089)",https://www.ebay.de/itm/117289425207,ebay_sold_p1.html
205998194713,"1 X Rolex Original Ersatzteil, Aufzugwelle Winding stem Cal. 4130 201 (R128)",35.0,EUR,Neu,Gewerblich,2026-07-07,7. Jul 2026,1,5.0,0,0,,kian-werke 100% positiv (7.720),https://www.ebay.de/itm/205998194713,ebay_sold_p2.html
389979679141,Rolex 24-604-0 Krone Stahl Steel Crown 116234 | 16710 | 114270 Original,85.0,EUR,Gebraucht,Gewerblich,2026-07-07,7. Jul 2026,1,12.5,0,1,"oder Preisvorschlag +EUR 12,50 Lieferung  Italien Ähnliche aktive Angebote ansehen Solch einen Artikel verkaufen",only_quality_stuff_new2026 100% positiv (48),https://www.ebay.de/itm/389979679141,ebay_sold_p2.html
336247089944,Glasdichtung f Rolex Saphirglas 63 Varianten Submariner GMT Watch Crystal Gasket,19.9,EUR,Neu,Gewerblich,2026-07-07,7. Jul 2026,1,0.0,1,0,,"master-watch-parts 99,9% positiv (15.133)",https://www.ebay.de/itm/336247089944,ebay_sold_p2.html
227088738723,Garantie Garantie Rolex Explorer II 16570 Garantie,260.0,EUR,Neu,Privat,2026-07-07,7. Jul 2026,1,18.0,0,0,"Sofort-Kaufen +EUR 18,00 Lieferung  Italien Ähnliche aktive Angebote ansehen Solch einen Artikel verkaufen",watchbox70 100% positiv (190),https://www.ebay.de/itm/227088738723,ebay_sold_p2.html
204992736192,Rolex Factory Service The Care Of Your Rolex Vintage Booklet perfect condition,15.0,EUR,Gebraucht,Gewerblich,2026-07-07,7. Jul 2026,1,2.0,0,0,,kian-werke 100% positiv (7.720),https://www.ebay.de/itm/204992736192,ebay_sold_p2.html
202793019969,Booklet - Rolex Factory Service -The Care of Your Rolex (English) - U.S.   (21),14.0,EUR,Gebraucht,Gewerblich,2026-07-07,7. Jul 2026,1,5.0,0,0,,kian-werke 100% positiv (7.720),https://www.ebay.de/itm/202793019969,ebay_sold_p2.html
116002223326,ROLEX 2130 Auspuffrad Cod. 2130-410 Calib: 2130 (IM BLISTER),89.0,EUR,Neu (Sonstige),Gewerblich,2026-07-07,7. Jul 2026,1,19.0,0,0,"Sofort-Kaufen +EUR 19,00 Lieferung  Italien Ähnliche aktive Angebote ansehen Solch einen Artikel verkaufen","fornitura_boccacci 99,9% positiv (4.089)",https://www.ebay.de/itm/116002223326,ebay_sold_p2.html
176114047107,Rol3000-3035-5038-Zugauslöser,80.0,EUR,Neu,Privat,2026-07-07,7. Jul 2026,1,20.0,0,0,"Sofort-Kaufen +EUR 20,00 Lieferung  Italien Ähnliche aktive Angebote ansehen Solch einen Artikel verkaufen",refanoro79 100% positiv (244),https://www.ebay.de/itm/176114047107,ebay_sold_p2.html
205894542262,ROLEX JUBILEE STAHL ERSATZGLIED 16MM HERREN BAND ALTE VERSION STAHL ROSE GOLD,89.0,EUR,Gebraucht,Gewerblich,2026-07-07,7. Jul 2026,1,0.0,1,1,,"luxus-freund24 99,5% positiv (41.881)",https://www.ebay.de/itm/205894542262,ebay_sold_p2.html
186467143473,FIT ROLEX GMT MASTER 16710 16700 PEPSI AFTER MARKET RINGEINSATZ,23.0,EUR,Gebraucht,Gewerblich,2026-07-07,7. Jul 2026,1,13.0,0,0,"Sofort-Kaufen +EUR 13,00 Lieferung  Italien Ähnliche aktive Angebote ansehen Solch einen Artikel verkaufen","watchparts-italy 99,5% positiv (3.454)",https://www.ebay.de/itm/186467143473,ebay_sold_p2.html
366525583494,rolex submariner date 1680 case back original vintage - boden funktionstüchtig orig.,490.0,EUR,Gebraucht,Privat,2026-07-07,7. Jul 2026,1,59.0,0,1,"oder Preisvorschlag +EUR 59,00 Lieferung  Italien Ähnliche aktive Angebote ansehen Solch einen Artikel verkaufen",mrkhs26 100% positiv (24),https://www.ebay.de/itm/366525583494,ebay_sold_p2.html
315694110173,Rolex Lady-Datejust Ref. 179171 Oyster Swimpruf Hang Tag Anhänger Grün Green,12.0,EUR,Gebraucht,Gewerblich,2026-07-06,6. Jul 2026,1,0.0,1,0,,eBay Top-Service,https://www.ebay.de/itm/315694110173,ebay_sold_p2.html
315504637378,Rolex Datejust 31 Ref. 178240 Oyster Swimpruf Hang Tag Anhänger Grün Green,12.0,EUR,Gebraucht,Gewerblich,2026-07-06,6. Jul 2026,1,0.0,1,0,,eBay Top-Service,https://www.ebay.de/itm/315504637378,ebay_sold_p2.html
163000022002,ROLEX 2030 2035 AUFZUGSTANGE Ref. 4438,33.0,EUR,Neu (Sonstige),Gewerblich,2026-07-07,7. Jul 2026,1,6.0,0,0,"Sofort-Kaufen +EUR 6,00 Lieferung  Frankreich Letzter Artikel Ähnliche aktive Angebote ansehen Solch einen Artikel verkaufen",ocoeurdutemps 100% positiv (12.322),https://www.ebay.de/itm/163000022002,ebay_sold_p2.html
186692702540,ROLEX 3235 421 Noch Original Ersatzteil ohne Blister / Genuine Pallet Fork Rol,125.0,EUR,Gebraucht,Gewerblich,2026-07-07,7. Jul 2026,1,13.0,0,0,"Sofort-Kaufen +EUR 13,00 Lieferung  Italien Ähnliche aktive Angebote ansehen Solch einen Artikel verkaufen","watchparts-italy 99,5% positiv (3.454)",https://www.ebay.de/itm/186692702540,ebay_sold_p2.html
117002240667,GENERIC kompatibel Acrylglas 25-143 für ROLEX Tudor 74000 75100 91520 Ø...,25.0,EUR,Neu,Gewerblich,2026-07-07,7. Jul 2026,1,19.0,0,0,"Sofort-Kaufen +EUR 19,00 Lieferung  Italien Ähnliche aktive Angebote ansehen Solch einen Artikel verkaufen","fornitura_boccacci 99,9% positiv (4.089)",https://www.ebay.de/itm/117002240667,ebay_sold_p2.html
167029461086,Unruhwelle Unruhwelle Unruhwelle Unruhwelle ROLEX 2030 2035 4433 NOS!,39.9,EUR,Neu (Sonstige),Gewerblich,2026-07-07,7. Jul 2026,1,13.5,0,1,"oder Preisvorschlag +EUR 13,50 Lieferung  Italien Ähnliche aktive Angebote ansehen Solch einen Artikel verkaufen","sabaec 99,9% positiv (22.965)",https://www.ebay.de/itm/167029461086,ebay_sold_p2.html
204859194683,"ROLEX 1530 Setting Lever Cod. 7881 Calib: 1520, 1525, 1530, 1570, 1555,  (R81)",40.0,EUR,Gebraucht,Gewerblich,2026-07-07,7. Jul 2026,1,5.0,0,0,,kian-werke 100% positiv (7.720),https://www.ebay.de/itm/204859194683,ebay_sold_p2.html
176751810635,Rolex Service In Weiß Französisch Sprache,49.9,EUR,Neu,Privat,2026-07-07,7. Jul 2026,1,100.0,0,1,"oder Preisvorschlag +EUR 100,00 Lieferung  Italien Ähnliche aktive Angebote ansehen Solch einen Artikel verkaufen",giandad 100% positiv (334),https://www.ebay.de/itm/176751810635,ebay_sold_p2.html
204607687675,Rolex Schließe 7835 Stahl Gold für 19mm Gehäuse Oyster Perpetual Date 1500 1501 1002,399.0,EUR,Gebraucht,Gewerblich,2025-12-19,19. Dez 2025,1,29.0,0,1,"Preisvorschlag akzeptiert +EUR 29,00 Lieferung  Italien Ähnliche aktive Angebote ansehen Solch einen Artikel verkaufen",watchmydial 100% positiv (460),https://www.ebay.de/itm/204607687675,ebay_sold_p2.html
254965378109,Original Rolex Kaliber 3235-231,120.0,EUR,Neu (Sonstige),Privat,2026-07-07,7. Jul 2026,1,25.0,0,0,"Sofort-Kaufen +EUR 25,00 Lieferung  Italien Ähnliche aktive Angebote ansehen Solch einen Artikel verkaufen",pasquale9359 100% positiv (123),https://www.ebay.de/itm/254965378109,ebay_sold_p2.html
115996996826,ROLEX 3185 Cod. 662 Korrekturrad Kaliber: 3185 (TOP ZUSTAND),44.0,EUR,Gebraucht,Gewerblich,2026-07-07,7. Jul 2026,1,19.0,0,0,"Sofort-Kaufen +EUR 19,00 Lieferung  Italien Ähnliche aktive Angebote ansehen Solch einen Artikel verkaufen","fornitura_boccacci 99,9% positiv (4.089)",https://www.ebay.de/itm/115996996826,ebay_sold_p2.html
278161576326,NEU Rolex 32-33442 Schraube Mesh 69200 Jubile GMT 126710 Original im Blister x1pc,22.0,EUR,Neu,Gewerblich,2026-07-07,7. Jul 2026,1,25.0,0,0,"Sofort-Kaufen +EUR 25,00 Lieferung  Italien Ähnliche aktive Angebote ansehen Solch einen Artikel verkaufen",millerighetime_by_arriwatch 100% positiv (913),https://www.ebay.de/itm/278161576326,ebay_sold_p2.html
276397732814,Rolex Sapphire Crystal 25- 7020- 1- C1 Saphirglas LOGO AR 124300 126900,118.0,EUR,TOP QUALITÄT - MIT LOGO - AUTO - ENTSPIEGELT - BLAU AR,,2026-07-07,7. Jul 2026,1,25.0,0,0,"Sofort-Kaufen +EUR 25,00 Lieferung  Italien Ähnliche aktive Angebote ansehen Solch einen Artikel verkaufen",millerighetime_by_arriwatch 100% positiv (913),https://www.ebay.de/itm/276397732814,ebay_sold_p2.html
137439249746,Rolex 3000-310 Neu Blister X1 Stück Lauf mit Welle,70.0,EUR,Neu,Privat,2026-07-07,7. Jul 2026,1,20.0,0,1,"oder Preisvorschlag +EUR 20,00 Lieferung  Frankreich Ähnliche aktive Angebote ansehen Solch einen Artikel verkaufen",e-watch_parts 100% positiv (15),https://www.ebay.de/itm/137439249746,ebay_sold_p2.html
206166174357,Plexi Glas Acrylic Crystal Cyclop Glass für Rolex Day Date 1803 cal 1570 25-114,39.0,EUR,Neu (Sonstige),Gewerblich,2026-07-07,7. Jul 2026,1,7.0,0,0,,riohausgmbh 100% positiv (725),https://www.ebay.de/itm/206166174357,ebay_sold_p2.html
115939903472,ROLEX 2230 Waagenabdeckung Cod. 2230-231 Calib: 2230 (TOP ZUSTAND),40.0,EUR,Gebraucht,Gewerblich,2026-07-07,7. Jul 2026,1,19.0,0,0,"Sofort-Kaufen +EUR 19,00 Lieferung  Italien Ähnliche aktive Angebote ansehen Solch einen Artikel verkaufen","fornitura_boccacci 99,9% positiv (4.089)",https://www.ebay.de/itm/115939903472,ebay_sold_p2.html
406630267845,"GENERIC kompatibel Acrylglas 25-30 für Rolex Oys 6420 6432 6757 Ø 29,5x...",25.0,EUR,Neu,Gewerblich,2026-07-07,7. Jul 2026,1,19.0,0,0,"Sofort-Kaufen +EUR 19,00 Lieferung  Italien Ähnliche aktive Angebote ansehen Solch einen Artikel verkaufen","fornitura_boccacci 99,9% positiv (4.089)",https://www.ebay.de/itm/406630267845,ebay_sold_p2.html
181871936269,Verlängerungsglied neue Version kompatibel zum Rolex Oyster Herren Armband 93250,69.95,EUR,Neu,Gewerblich,2026-07-07,7. Jul 2026,1,0.0,1,0,,watchparts24 100% positiv (71.339),https://www.ebay.de/itm/181871936269,ebay_sold_p2.html
227042715810,Blister NEU Nuovo Blister Rolex 4030-7502 Stud for Reduction Wheel X1,89.3,EUR,Neu (Sonstige),Gewerblich,2026-06-18,18. Jun 2026,1,29.0,0,1,"Preisvorschlag akzeptiert +EUR 29,00 Lieferung  Italien Ähnliche aktive Angebote ansehen Solch einen Artikel verkaufen",*rarecollections 100% positiv (1.384),https://www.ebay.de/itm/227042715810,ebay_sold_p2.html
164017862997,Saphirglas für 25-295C1 Rolex Sapphire Glass Datejust 1630 16200 16220,20.9,EUR,Neu,Gewerblich,2026-07-07,7. Jul 2026,1,13.5,0,0,"Sofort-Kaufen +EUR 13,50 Lieferung  Italien Ähnliche aktive Angebote ansehen Solch einen Artikel verkaufen","sabaec 99,9% positiv (22.965)",https://www.ebay.de/itm/164017862997,ebay_sold_p2.html
227252488367,Guter Zustand Rolex Dial 16610 Gebraucht Submariner Black 16800 Zifferblatt,273.9,EUR,Gebraucht,Gewerblich,2026-07-07,7. Jul 2026,1,29.0,0,1,"oder Preisvorschlag +EUR 29,00 Lieferung  Italien Ähnliche aktive Angebote ansehen Solch einen Artikel verkaufen",*rarecollections 100% positiv (1.384),https://www.ebay.de/itm/227252488367,ebay_sold_p2.html
405771976006,#A19 NEU ORIG. ROLEX BANDGLIED GLIED 116610 114060 116600 116660 114200 116900,119.99,EUR,Gebraucht,Gewerblich,2026-07-07,7. Jul 2026,1,6.95,0,0,,state_of_time 100% positiv (3.802),https://www.ebay.de/itm/405771976006,ebay_sold_p2.html
164000600245,Flachbodendichtung für Rolex 29-302-86 Gasket Case Back 1012 1601 16000,4.0,EUR,Neu,Gewerblich,2026-07-07,7. Jul 2026,1,13.5,0,0,"Sofort-Kaufen +EUR 13,50 Lieferung  Italien Ähnliche aktive Angebote ansehen Solch einen Artikel verkaufen","sabaec 99,9% positiv (22.965)",https://www.ebay.de/itm/164000600245,ebay_sold_p2.html
206166085739,Plexi Glas Acrylic Crystal Cyclop Glass für Rolex Lady Datejust 6917 25-129,39.0,EUR,Neu (Sonstige),Gewerblich,2026-07-07,7. Jul 2026,1,7.0,0,0,,riohausgmbh 100% positiv (725),https://www.ebay.de/itm/206166085739,ebay_sold_p2.html
187230468882,ROLEX Plexiglas 25-108 Cyclope Original Ersatzteil für Rolex Precision Date /,160.0,EUR,Neu,Gewerblich,2026-07-07,7. Jul 2026,1,13.0,0,0,"Sofort-Kaufen +EUR 13,00 Lieferung  Italien Ähnliche aktive Angebote ansehen Solch einen Artikel verkaufen","watchparts-italy 99,5% positiv (3.454)",https://www.ebay.de/itm/187230468882,ebay_sold_p2.html
187187232385,"ROLEX Date Plexiglas 25-117, Originalglas / ROLEX Date Plexy Glass 25-117",160.0,EUR,Neu,Gewerblich,2026-07-07,7. Jul 2026,1,13.0,0,0,"Sofort-Kaufen +EUR 13,00 Lieferung  Italien Ähnliche aktive Angebote ansehen Solch einen Artikel verkaufen","watchparts-italy 99,5% positiv (3.454)",https://www.ebay.de/itm/187187232385,ebay_sold_p2.html
187176362810,"ROLEX Datejust Plexiglas 25-135, Originalglas / ROLEX Datejust Date Plexy",160.0,EUR,Neu,Gewerblich,2026-07-07,7. Jul 2026,1,13.0,0,0,"Sofort-Kaufen +EUR 13,00 Lieferung  Italien Ähnliche aktive Angebote ansehen Solch einen Artikel verkaufen","watchparts-italy 99,5% positiv (3.454)",https://www.ebay.de/itm/187176362810,ebay_sold_p2.html
188546321632,Rolex CaseBack Fondello 2360 Submariner Gen Parts 116610 114060 126610 124060,899.0,EUR,Gebraucht,Gewerblich,2026-07-07,7. Jul 2026,1,60.0,0,1,"Preisvorschlag akzeptiert +EUR 60,00 Lieferung  Italien Ähnliche aktive Angebote ansehen Solch einen Artikel verkaufen",debswatch 100% positiv (37),https://www.ebay.de/itm/188546321632,ebay_sold_p2.html
403974844217,NEW Original Rolex White Dial For Ref.178240 Datejust 31mm.,200.0,EUR,Neu (Sonstige),Gewerblich,2026-07-07,7. Jul 2026,1,20.0,0,0,"Sofort-Kaufen +EUR 20,00 Lieferung  Spanien Ähnliche aktive Angebote ansehen Solch einen Artikel verkaufen","17jewelswatches 97,1% positiv (256)",https://www.ebay.de/itm/403974844217,ebay_sold_p2.html
389991898963,Rolex 1530 1570-7846 Anker Pallet Fork BLISTER Original,129.0,EUR,Neu,Gewerblich,2026-07-07,7. Jul 2026,1,12.5,0,1,"oder Preisvorschlag +EUR 12,50 Lieferung  Italien Ähnliche aktive Angebote ansehen Solch einen Artikel verkaufen",only_quality_stuff_new2026 100% positiv (48),https://www.ebay.de/itm/389991898963,ebay_sold_p2.html
267718118786,Zifferblatt Wimbledon Rolex Datejust 1601-1603,180.0,EUR,Neu (Sonstige),Privat,2026-07-07,7. Jul 2026,1,15.0,0,1,"oder Preisvorschlag +EUR 15,00 Lieferung  Italien Ähnliche aktive Angebote ansehen Solch einen Artikel verkaufen",giacoromel 100% positiv (76),https://www.ebay.de/itm/267718118786,ebay_sold_p2.html
164194560780,Plexiglas für 25-129 Rolex Crystal Glass Uhrenglas Verre 6900 6917 6921 6927,8.9,EUR,Neu,Gewerblich,2026-07-07,7. Jul 2026,1,13.5,0,0,"Sofort-Kaufen +EUR 13,50 Lieferung  Italien Ähnliche aktive Angebote ansehen Solch einen Artikel verkaufen","sabaec 99,9% positiv (22.965)",https://www.ebay.de/itm/164194560780,ebay_sold_p2.html
161982942345,Mainspring Feder Zugfeder Feder für Rolex 2030 2035,14.9,EUR,Neu,Gewerblich,2026-07-07,7. Jul 2026,1,13.5,0,1,"oder Preisvorschlag +EUR 13,50 Lieferung  Italien Letzter Artikel Ähnliche aktive Angebote ansehen Solch einen Artikel verkaufen","sabaec 99,9% positiv (22.965)",https://www.ebay.de/itm/161982942345,ebay_sold_p2.html
164554833728,Dichtungen komplett Kit Gaskets for Rolex Datejust Lady 6900- 6916- 6917- 6921,6.9,EUR,Neu,Gewerblich,2026-07-07,7. Jul 2026,1,13.5,0,0,"Sofort-Kaufen +EUR 13,50 Lieferung  Italien Ähnliche aktive Angebote ansehen Solch einen Artikel verkaufen","sabaec 99,9% positiv (22.965)",https://www.ebay.de/itm/164554833728,ebay_sold_p2.html
406464159642,#1691 ORIGINAL ROLEX OYSTER PUSHER DRÜCKER STAHL 116520 DAYTONA EDELSTAHL,279.99,EUR,Gebraucht,Gewerblich,2026-07-07,7. Jul 2026,1,6.95,0,0,,state_of_time 100% positiv (3.802),https://www.ebay.de/itm/406464159642,ebay_sold_p2.html
171702929596,"HANDWERKZEUG FÜR 6MM ENTFERNEN & SCHLIESSEN 36MM ROLEX DATEJUST, DATUM HERREN GEHÄUSE ROHREN",31.22,EUR,Neu,Gewerblich,2026-07-07,7. Jul 2026,1,10.42,0,0,"Sofort-Kaufen +EUR 10,42 Lieferung  Vereinigte Staaten von Amerika Ähnliche aktive Angebote ansehen Solch einen Artikel verkaufen","ewatchparts 99,9% positiv (225.083)",https://www.ebay.de/itm/171702929596,ebay_sold_p2.html
161522134272,KUNSTSTOFF PLEXI UHR GLAS FÜR ROLEX LADY DATEJUST 6516 6517 6519 6917 6919,16.63,EUR,Neu,Gewerblich,2026-07-07,7. Jul 2026,1,6.25,0,0,"Sofort-Kaufen +EUR 6,25 Lieferung  Vereinigte Staaten von Amerika Ähnliche aktive Angebote ansehen Solch einen Artikel verkaufen","ewatchparts 99,9% positiv (225.083)",https://www.ebay.de/itm/161522134272,ebay_sold_p2.html
162123439153,Hauptfeder passend Rolex Kaliber 3035 3075 3085 Swiss Made,21.84,EUR,Neu,Gewerblich,2026-07-07,7. Jul 2026,1,13.18,0,0,"Sofort-Kaufen +EUR 13,18 Lieferung  Vereinigte Staaten von Amerika Ähnliche aktive Angebote ansehen Solch einen Artikel verkaufen","watchpartusa 99,8% positiv (44.142)",https://www.ebay.de/itm/162123439153,ebay_sold_p2.html
310127937054,Einstellhebel Arretierung passend für Rolex Date Just Kaliber 2135 - 220,46.91,EUR,Neu,Gewerblich,2026-07-07,7. Jul 2026,1,14.0,0,0,"Sofort-Kaufen +EUR 14,00 Lieferung  Vereinigte Staaten von Amerika Ähnliche aktive Angebote ansehen Solch einen Artikel verkaufen","watchpartusa 99,8% positiv (44.142)",https://www.ebay.de/itm/310127937054,ebay_sold_p2.html
227352747473,Rolex 3135-0913 Wie Neu Kombikaston des Hemmungsrads Oben,45.1,EUR,Gebraucht,Gewerblich,2026-07-07,7. Jul 2026,1,29.0,0,1,"oder Preisvorschlag +EUR 29,00 Lieferung  Italien Ähnliche aktive Angebote ansehen Solch einen Artikel verkaufen",*rarecollections 100% positiv (1.384),https://www.ebay.de/itm/227352747473,ebay_sold_p2.html
297470433690,Original Rolex Daytona Rotor 4130,50.0,EUR,Gebraucht,Privat,2026-07-07,7. Jul 2026,1,6.99,0,1,,nipix68 100% positiv (86),https://www.ebay.de/itm/297470433690,ebay_sold_p2.html
186432119813,"FIT Rolex 25-12 Tropic Plexiglas für Airking,Oyster Perpetual 5500,1002",9.5,EUR,Neu,Gewerblich,2026-07-06,6. Jul 2026,1,13.0,0,0,"Sofort-Kaufen +EUR 13,00 Lieferung  Italien Ähnliche aktive Angebote ansehen Solch einen Artikel verkaufen","watchparts-italy 99,5% positiv (3.454)",https://www.ebay.de/itm/186432119813,ebay_sold_p2.html
184325071457,"Lünetten-Inlay ""Kermit"" grün kompatibel zu Rolex Submariner 16610LV",39.95,EUR,Neu,Gewerblich,2026-07-06,6. Jul 2026,1,0.0,1,0,,watchparts24 100% positiv (71.339),https://www.ebay.de/itm/184325071457,ebay_sold_p2.html
318077034114,Rolex Garantiehandbuch guarantee manual worldwide service booklet Ref. 563.84,39.0,EUR,Gebraucht,Gewerblich,2026-07-06,6. Jul 2026,1,0.0,1,0,,eBay Top-Service,https://www.ebay.de/itm/318077034114,ebay_sold_p2.html
310304839633,PEARL DOT LUME GREEN BEZEL INSERT FOR ROLEX SUBMARINER 16800 16808 16610 16613,26.01,EUR,Neu,Gewerblich,2026-07-06,6. Jul 2026,1,10.42,0,0,"Sofort-Kaufen +EUR 10,42 Lieferung  Vereinigte Staaten von Amerika Ähnliche aktive Angebote ansehen Solch einen Artikel verkaufen","ewatchparts 99,9% positiv (225.083)",https://www.ebay.de/itm/310304839633,ebay_sold_p2.html
186260180968,FIT ROLEX SUBMARINER 317-16610 16800 Feder GHIERA Bezel Click Spring Afterma,20.0,EUR,Gebraucht,Gewerblich,2026-07-06,6. Jul 2026,1,13.0,0,0,"Sofort-Kaufen +EUR 13,00 Lieferung  Italien Letzter Artikel Ähnliche aktive Angebote ansehen Solch einen Artikel verkaufen","watchparts-italy 99,5% positiv (3.454)",https://www.ebay.de/itm/186260180968,ebay_sold_p2.html
318550641025,"Rolex Daytona Ref. 16520 ""Zenith"" gebrauchter Serienwagen L245XXX",1900.0,EUR,Gebraucht,Privat,2026-07-06,6. Jul 2026,1,0.0,1,1,"1 Gebot Preisvorschlag akzeptiert +EUR 50,00 Lieferung  Italien Kostenloser Rückversand Ähnliche aktive Angebote ansehen Solch einen Artikel verkaufen",skx007custom 100% positiv (57),https://www.ebay.de/itm/318550641025,ebay_sold_p2.html
197737020589,PEPSI LÜNETTENEINSATZ ALUMINIUM FÜR ROLEX BLAU / ROT GMT MASTER 1675 16750 rote Rückseite,110.0,EUR,Neu,Privat,2026-07-06,6. Jul 2026,1,0.0,1,1,oder Preisvorschlag Gratis Lieferung  Frankreich Ähnliche aktive Angebote ansehen Solch einen Artikel verkaufen,rolexdial 100% positiv (74),https://www.ebay.de/itm/197737020589,ebay_sold_p2.html
317721432591,Rolex Oyster Perpetual Date Handbuch booklet Englisch 578.52 Eng - 7.2019,64.0,EUR,Gebraucht,Gewerblich,2026-07-04,4. Jul 2026,1,0.0,1,1,,eBay Top-Service,https://www.ebay.de/itm/317721432591,ebay_sold_p2.html
276172681631,NEU Rolex 3055-5135-105 Tagesanzeige Woche Deutsche Champagner 5055,388.0,EUR,BRANDNEU ORIGINAL - ORIGINAL NEU,,2026-07-06,6. Jul 2026,1,25.0,0,1,"oder Preisvorschlag +EUR 25,00 Lieferung  Italien Ähnliche aktive Angebote ansehen Solch einen Artikel verkaufen",millerighetime_by_arriwatch 100% positiv (913),https://www.ebay.de/itm/276172681631,ebay_sold_p2.html
317431759314,Rolex Oyster Perpetual Date Handbuch booklet Italienisch Ref. 578.55 I - 11.2016,54.0,EUR,Gebraucht,Gewerblich,2026-07-04,4. Jul 2026,1,0.0,1,1,,eBay Top-Service,https://www.ebay.de/itm/317431759314,ebay_sold_p2.html
397327699330,Rolex 1120 - 6649 Vis de tirette - Schraube für Einstellhebel,23.0,EUR,Gebraucht,Gewerblich,2026-07-06,6. Jul 2026,1,9.0,0,0,"Sofort-Kaufen +EUR 9,00 Lieferung  Frankreich Ähnliche aktive Angebote ansehen Solch einen Artikel verkaufen","manz15 99,5% positiv (8.231)",https://www.ebay.de/itm/397327699330,ebay_sold_p2.html
227254693733,Original Rolex 1130-1135-1160-1161 Teil 6648 Einstellhebel Nos,80.0,EUR,Neu (Sonstige),Privat,2026-07-06,6. Jul 2026,1,10.0,0,0,"Sofort-Kaufen +EUR 10,00 Lieferung  Italien Ähnliche aktive Angebote ansehen Solch einen Artikel verkaufen",cloxywatch 100% positiv (194),https://www.ebay.de/itm/227254693733,ebay_sold_p2.html
158057011638,ROLEX HERREN ARMBAND ERSATZGLIED OYSTER STAHL/GOLD 17MM,101.0,EUR,Gebraucht,Gewerblich,2026-07-06,6. Jul 2026,1,0.0,1,0,,phone_center 100% positiv (444),https://www.ebay.de/itm/158057011638,ebay_sold_p2.html
184961575786,FIT Rolex 25-118 Cyclope Plexiglas für Datejust 1600 Slow Shot 1570,9.0,EUR,Neu (Sonstige),Gewerblich,2026-07-06,6. Jul 2026,1,13.0,0,0,"Sofort-Kaufen +EUR 13,00 Lieferung  Italien Letzter Artikel Ähnliche aktive Angebote ansehen Solch einen Artikel verkaufen","watchparts-italy 99,5% positiv (3.454)",https://www.ebay.de/itm/184961575786,ebay_sold_p2.html
227230268556,ROLEX GMT PEPSI B315-16750-6-A1 CAL. 3075 EINSATZ RING LÜNETTE NEU S5,450.0,EUR,Neu,Privat,2026-07-06,6. Jul 2026,1,20.0,0,0,"Sofort-Kaufen +EUR 20,00 Lieferung  Italien Ähnliche aktive Angebote ansehen Solch einen Artikel verkaufen",watchbox70 100% positiv (190),https://www.ebay.de/itm/227230268556,ebay_sold_p2.html
116176279514,"ROLEX 1530 Umkehrrad Cod. 7912 Kaliber: 1520, 1530, 1535, 1555, 1556, ...",65.0,EUR,Gebraucht,Gewerblich,2026-07-06,6. Jul 2026,1,19.0,0,0,"Sofort-Kaufen +EUR 19,00 Lieferung  Italien Ähnliche aktive Angebote ansehen Solch einen Artikel verkaufen","fornitura_boccacci 99,9% positiv (4.089)",https://www.ebay.de/itm/116176279514,ebay_sold_p2.html
306873501106,Rolex Submariner Bedienungsanleitung Jahr 2009 Italienisch,120.0,EUR,Gebraucht,Gewerblich,2026-07-06,6. Jul 2026,1,25.0,0,1,"Preisvorschlag akzeptiert +EUR 25,00 Lieferung  Italien Ähnliche aktive Angebote ansehen Solch einen Artikel verkaufen",macava-6876 100% positiv (152),https://www.ebay.de/itm/306873501106,ebay_sold_p2.html
204428310226,ROLEX ANSTOSS FÜR JUBILEE BAND 20MM STAHL/GOLD 555 RAR VINTAGE,189.0,EUR,Gebraucht,Gewerblich,2026-07-06,6. Jul 2026,1,0.0,1,1,,"luxus-freund24 99,5% positiv (41.881)",https://www.ebay.de/itm/204428310226,ebay_sold_p2.html
287420363782,ROLEX SUBMARINER LÜNETTENEINSATZ INLAY BLAU FÜR 16610 16610LV 16613,5.5,EUR,Neu (Sonstige),Privat,2026-07-06,6. Jul 2026,1,4.0,0,0,,hemming_way 100% positiv (228),https://www.ebay.de/itm/287420363782,ebay_sold_p2.html
403926864275,ROLEX ZIFFERBLATT DIAL LADY CADRAN DATE 2035 6917 2030 2135 OYSTER PERPETUAL,99.01,EUR,Gebraucht,Gewerblich,2026-07-06,6. Jul 2026,1,6.95,0,0,,state_of_time 100% positiv (3.802),https://www.ebay.de/itm/403926864275,ebay_sold_p2.html
116392661280,ROLEX CAL. 2030 u. 2035 AUFZUGSFEDER PART No. 311  ~NOS~,24.9,EUR,Neu (Sonstige),Gewerblich,2026-07-06,6. Jul 2026,1,0.0,1,0,,"horlogerie2012 99,8% positiv (11.438)",https://www.ebay.de/itm/116392661280,ebay_sold_p2.html
266838695837,Original Ersatzteil Rolex Vintage 24-26812-8 Crown - Corona Original,190.0,EUR,Neu (Sonstige),Privat,2026-07-06,6. Jul 2026,1,15.0,0,1,"oder Preisvorschlag +EUR 15,00 Lieferung  Italien Ähnliche aktive Angebote ansehen Solch einen Artikel verkaufen",vanvan66 100% positiv (1.083),https://www.ebay.de/itm/266838695837,ebay_sold_p2.html
178055825429,Zifferblatt Rolex Oyster Perpetual Datejust,399.0,EUR,Gebraucht,Privat,2026-07-06,6. Jul 2026,1,15.9,0,1,"Preisvorschlag akzeptiert +EUR 15,90 Lieferung  Italien Ähnliche aktive Angebote ansehen Solch einen Artikel verkaufen","indy61i 95,7% positiv (385)",https://www.ebay.de/itm/178055825429,ebay_sold_p2.html
318220818404,Rolex Reinigungstuch für innere Vintage Box S Gr.,12.0,EUR,Gebraucht,Gewerblich,2026-07-06,6. Jul 2026,1,16.0,0,0,"Sofort-Kaufen +EUR 16,00 Lieferung  Spanien Letzter Artikel Ähnliche aktive Angebote ansehen Solch einen Artikel verkaufen","aswatches_parts 99,8% positiv (1.023)",https://www.ebay.de/itm/318220818404,ebay_sold_p2.html
165924103125,Plexiglas für 25-104 Rolex Crystal Glass Uhrenglas Verre 6466 6624 6630 6824,8.9,EUR,Neu,Gewerblich,2026-07-06,6. Jul 2026,1,13.5,0,0,"Sofort-Kaufen +EUR 13,50 Lieferung  Italien Ähnliche aktive Angebote ansehen Solch einen Artikel verkaufen","sabaec 99,9% positiv (22.965)",https://www.ebay.de/itm/165924103125,ebay_sold_p2.html
163684161414,Saphirglas für 25-206C Rolex Sapphire Glass 69048 69160 69173 69240 69623,19.9,EUR,Neu,Gewerblich,2026-07-06,6. Jul 2026,1,13.5,0,0,"Sofort-Kaufen +EUR 13,50 Lieferung  Italien Ähnliche aktive Angebote ansehen Solch einen Artikel verkaufen","sabaec 99,9% positiv (22.965)",https://www.ebay.de/itm/163684161414,ebay_sold_p2.html
204895655670,Rolex Oyster Perpetual Lady Dial Zephyr Plexy,329.0,EUR,Gebraucht,Gewerblich,2026-07-06,6. Jul 2026,1,29.0,0,1,"oder Preisvorschlag +EUR 29,00 Lieferung  Italien Ähnliche aktive Angebote ansehen Solch einen Artikel verkaufen",watchmydial 100% positiv (460),https://www.ebay.de/itm/204895655670,ebay_sold_p2.html
164359959685,Rolex 2130 2135 Teil 305 Rochet Ratschenrad Rocchetto NOS,19.9,EUR,Neu (Sonstige),Gewerblich,2026-07-06,6. Jul 2026,1,13.5,0,0,"Sofort-Kaufen +EUR 13,50 Lieferung  Italien Ähnliche aktive Angebote ansehen Solch einen Artikel verkaufen","sabaec 99,9% positiv (22.965)",https://www.ebay.de/itm/164359959685,ebay_sold_p2.html
336656666579,Rolex 31Mm Individueller Pink Diamant Zifferblatt Für Datejust/Präsidenten Uhren,362.38,EUR,Gebraucht,Gewerblich,2026-07-06,6. Jul 2026,1,0.0,1,0,Sofort-Kaufen Gratis Lieferung  Vereinigte Staaten von Amerika Ähnliche aktive Angebote ansehen Solch einen Artikel verkaufen,"goldumnyc 99,3% positiv (40.759)",https://www.ebay.de/itm/336656666579,ebay_sold_p2.html
800133604361,Rolex 24-600-0 Krone Stahl Steel Crown Twinlock #1 1500 | 1601 | 1655 | 6241,115.0,EUR,Gebraucht,Gewerblich,2026-07-06,6. Jul 2026,1,12.5,0,1,"oder Preisvorschlag +EUR 12,50 Lieferung  Italien Ähnliche aktive Angebote ansehen Solch einen Artikel verkaufen",only_quality_stuff_new2026 100% positiv (48),https://www.ebay.de/itm/800133604361,ebay_sold_p2.html
147319825064,"Rolex Ersatzglied 750 Gold, Link für Daydate, Datejust 1803/18038 u.a. 16,2 mm,",540.0,EUR,Refurbished,Gewerblich,2026-07-06,6. Jul 2026,1,8.9,0,1,,www.gold-oase 100% positiv (3.424),https://www.ebay.de/itm/147319825064,ebay_sold_p2.html
377225509661,Saphir-Uhrenglas für Rolex Datejust Midsize 68273 25 mm Neu,14.51,EUR,Neu,Gewerblich,2026-06-17,17. Jun 2026,1,0.0,1,1,oder Preisvorschlag Gratis Lieferung  China Ähnliche aktive Angebote ansehen Solch einen Artikel verkaufen,"freeasy1010 98,5% positiv (1.158)",https://www.ebay.de/itm/377225509661,ebay_sold_p2.html
167060539086,Saphir-Uhrenglas für Rolex Datejust Midsize 68273 25 mm Neu,15.22,EUR,Neu,Gewerblich,2026-04-08,8. Apr 2026,1,0.0,1,1,Preisvorschlag akzeptiert Gratis Lieferung  China Ähnliche aktive Angebote ansehen Solch einen Artikel verkaufen,"beautiful1008 97,9% positiv (1.490)",https://www.ebay.de/itm/167060539086,ebay_sold_p2.html
800154144063,"Rolex 32-20684 Stahlgitter Oyster Steel Link 16710 | 16570, 15,5mm Original",115.0,EUR,Gebraucht,Gewerblich,2026-07-06,6. Jul 2026,1,12.5,0,1,"oder Preisvorschlag +EUR 12,50 Lieferung  Italien Ähnliche aktive Angebote ansehen Solch einen Artikel verkaufen",only_quality_stuff_new2026 100% positiv (48),https://www.ebay.de/itm/800154144063,ebay_sold_p2.html
195394009340,Rolex Cal.2035 Datumsscheibe diam.mm.18,50.0,EUR,Gebraucht,Gewerblich,2026-07-06,6. Jul 2026,1,18.0,0,0,"Sofort-Kaufen +EUR 18,00 Lieferung  Italien Ähnliche aktive Angebote ansehen Solch einen Artikel verkaufen",combattiamolacrisi 100% positiv (8.907),https://www.ebay.de/itm/195394009340,ebay_sold_p2.html
198138490175,"Original ROLEX  Submariner 16610  Einlegering Lünette, Top Zustand",195.0,EUR,Gebraucht,Gewerblich,2026-07-06,6. Jul 2026,1,5.0,0,0,,"uhrenfachzentrum 99,6% positiv (1.645)",https://www.ebay.de/itm/198138490175,ebay_sold_p2.html
125119265512,Vetro Sternkreuz Cyclope 104 e 105 Plexi Rolex Datejust Boy rlx Kunststoff Kristall,44.9,EUR,Neu,Gewerblich,2026-07-06,6. Jul 2026,1,10.0,0,0,"Sofort-Kaufen +EUR 10,00 Lieferung  Italien Ähnliche aktive Angebote ansehen Solch einen Artikel verkaufen","azario_1873 99,8% positiv (35.563)",https://www.ebay.de/itm/125119265512,ebay_sold_p2.html
136873324035,Rolex Service Mondial / Manual de Garantie Booklet Referenz 563.81,19.0,EUR,Gebraucht,Privat,2026-07-06,6. Jul 2026,1,9.0,0,1,"oder Preisvorschlag +EUR 9,00 Lieferung  Italien Ähnliche aktive Angebote ansehen Solch einen Artikel verkaufen",watches_and_more77 100% positiv (70),https://www.ebay.de/itm/136873324035,ebay_sold_p2.html
365987812410,ROLEX PRÄSIDENT ARMBAND ERSATZGLIED GLIED LINK 10MM 18K 750 GOLD BORKE,369.0,EUR,Gebraucht,Gewerblich,2026-07-06,6. Jul 2026,1,0.0,1,1,,"luxus-freund24 99,5% positiv (41.881)",https://www.ebay.de/itm/365987812410,ebay_sold_p2.html
197237050672,Rolex Day-Date Booklet / Beschreibung 2005 Deutsch,15.0,EUR,Gebraucht,Gewerblich,2026-07-06,6. Jul 2026,1,5.0,0,0,,"uhrenfachzentrum 99,6% positiv (1.645)",https://www.ebay.de/itm/197237050672,ebay_sold_p2.html
204849312971,Tudor Brown Leather Wallet Card Holder Original braun,30.0,EUR,Neu (Sonstige),Gewerblich,2026-07-06,6. Jul 2026,1,5.0,0,0,,kian-werke 100% positiv (7.720),https://www.ebay.de/itm/204849312971,ebay_sold_p2.html
206390884944,"Rolex Oyster Anchor For Submariner, 300 Meters, 1,000 Ft Underwater  (Z416)",59.0,EUR,Gebraucht,Gewerblich,2026-07-06,6. Jul 2026,1,5.0,0,0,,kian-werke 100% positiv (7.720),https://www.ebay.de/itm/206390884944,ebay_sold_p2.html
277497813307,Rolex Sapphire Crystal 25- 295C-C1 Saphirglas LOGO Datejust Submariner GMT,118.0,EUR,Neu,Gewerblich,2026-07-06,6. Jul 2026,1,25.0,0,0,"Sofort-Kaufen +EUR 25,00 Lieferung  Italien Ähnliche aktive Angebote ansehen Solch einen Artikel verkaufen",millerighetime_by_arriwatch 100% positiv (913),https://www.ebay.de/itm/277497813307,ebay_sold_p2.html
277497817286,Rolex Sapphire Crystal 25-315 Sea-Dweller 44mm 116660 Saphirglas LOGO,148.0,EUR,Neu,Gewerblich,2026-07-06,6. Jul 2026,1,25.0,0,0,"Sofort-Kaufen +EUR 25,00 Lieferung  Italien Ähnliche aktive Angebote ansehen Solch einen Artikel verkaufen",millerighetime_by_arriwatch 100% positiv (913),https://www.ebay.de/itm/277497817286,ebay_sold_p2.html
277814267254,Rolex Sapphire Crystal 25-7016 124200 Saphirglas LOGO Top Qualität,68.0,EUR,Neu,Gewerblich,2026-07-06,6. Jul 2026,1,25.0,0,0,"Sofort-Kaufen +EUR 25,00 Lieferung  Italien Ähnliche aktive Angebote ansehen Solch einen Artikel verkaufen",millerighetime_by_arriwatch 100% positiv (913),https://www.ebay.de/itm/277814267254,ebay_sold_p2.html
227181113367,Rolex 3235-120 3255 3285 Paar Neu Unruhbrücke Balance Bridge,383.9,EUR,Gebraucht,Gewerblich,2026-07-06,6. Jul 2026,1,29.0,0,1,"oder Preisvorschlag +EUR 29,00 Lieferung  Italien Letzter Artikel Ähnliche aktive Angebote ansehen Solch einen Artikel verkaufen",*rarecollections 100% positiv (1.384),https://www.ebay.de/itm/227181113367,ebay_sold_p2.html
404443518182,#892 NOS NEU ORIGINAL ROLEX 1055 7123 BALANCE WHEEL UNRUH 1030 1035 DATEJUST SUB,599.99,EUR,Gebraucht,Gewerblich,2026-07-06,6. Jul 2026,1,9.5,0,0,,state_of_time 100% positiv (3.802),https://www.ebay.de/itm/404443518182,ebay_sold_p2.html
187526687525,Rolex 3135 - 315 Complete Barrel (ORIGINAL/ORIGINAL) 3130/3135/3155/3185/3186,33.0,EUR,Gebraucht,Gewerblich,2026-07-06,6. Jul 2026,1,13.0,0,0,"Sofort-Kaufen +EUR 13,00 Lieferung  Italien Ähnliche aktive Angebote ansehen Solch einen Artikel verkaufen","ecol3265 97,9% positiv (655)",https://www.ebay.de/itm/187526687525,ebay_sold_p2.html
365825113889,Rolex Tag Rot Grün Hologramm Vintage Zubehör Typ auswählen Original,8.15,EUR,Gebraucht,Gewerblich,2026-07-06,6. Jul 2026,1,0.0,1,0,"Sofort-Kaufen +EUR 9,22 Lieferung  Japan Kostenloser Rückversand Ähnliche aktive Angebote ansehen Solch einen Artikel verkaufen","dsjapan_4783 99,8% positiv (3.000)",https://www.ebay.de/itm/365825113889,ebay_sold_p2.html
365825113781,Rolex Calendar Karte Select Jahr 2000 - 2007 Original,6.55,EUR,Gebraucht,Gewerblich,2026-07-06,6. Jul 2026,1,0.0,1,0,"Sofort-Kaufen +EUR 9,22 Lieferung  Japan Kostenloser Rückversand Ähnliche aktive Angebote ansehen Solch einen Artikel verkaufen","dsjapan_4783 99,8% positiv (3.000)",https://www.ebay.de/itm/365825113781,ebay_sold_p2.html
178236744488,Rolex 3130 - 3135 - 3155 - 3175 - 3185 - 3186 ... / Hauptfeder / 770 / 311 / NEU,28.0,EUR,Neu,Privat,2026-07-06,6. Jul 2026,1,6.0,0,0,"Sofort-Kaufen +EUR 6,00 Lieferung  Frankreich Ähnliche aktive Angebote ansehen Solch einen Artikel verkaufen",leogoutaudier 100% positiv (51),https://www.ebay.de/itm/178236744488,ebay_sold_p2.html
196201579629,Manueller Aufzugfeder Valjoux 23 72 78 88 90 236 235 730 PART 770 N.O.S.,40.64,EUR,Neu (Sonstige),Gewerblich,2026-07-06,6. Jul 2026,1,0.0,1,0,Sofort-Kaufen Gratis Lieferung  Frankreich Letzter Artikel Ähnliche aktive Angebote ansehen Solch einen Artikel verkaufen,ocoeurdutemps 100% positiv (12.322),https://www.ebay.de/itm/196201579629,ebay_sold_p2.html
358589902840,Valjoux 72/23 Langhantel komplett,250.0,EUR,Neu,Privat,2026-07-06,6. Jul 2026,1,15.0,0,1,"oder Preisvorschlag +EUR 15,00 Lieferung  Italien Ähnliche aktive Angebote ansehen Solch einen Artikel verkaufen",disebast-40 100% positiv (74),https://www.ebay.de/itm/358589902840,ebay_sold_p2.html
178269001241,Rolex 2130 - 2135 / Mainspring / 770 / 311 / NEU,23.0,EUR,Neu,Privat,2026-07-05,5. Jul 2026,1,6.0,0,1,"oder Preisvorschlag +EUR 6,00 Lieferung  Frankreich Letzter Artikel Ähnliche aktive Angebote ansehen Solch einen Artikel verkaufen",leogoutaudier 100% positiv (51),https://www.ebay.de/itm/178269001241,ebay_sold_p2.html
366320405301,ROLEX DAY DATE 18238 - ZEIGERSPIEL HANDS - NEW UNVERBAUT RAR NOS,399.0,EUR,Gebraucht,Gewerblich,2026-07-05,5. Jul 2026,1,0.0,1,1,,"luxus-freund24 99,5% positiv (41.881)",https://www.ebay.de/itm/366320405301,ebay_sold_p2.html
198370414551,Rolex Sea-Dweller Deepsea Buch/Book  'The last Frontier' Tablebook' English,79.0,EUR,Gebraucht,Gewerblich,2026-07-05,5. Jul 2026,1,4.9,0,0,,timekeepers-bonn 100% positiv (31),https://www.ebay.de/itm/198370414551,ebay_sold_p2.html
398031035885,Rolex GMT-Master 1675 / 16750 Pepsi Bezel Insert Lunette Authentic,490.0,EUR,Neu,Privat,2026-06-29,29. Jun 2026,1,55.0,0,1,"Preisvorschlag akzeptiert +EUR 55,00 Lieferung  Frankreich Letzter Artikel Ähnliche aktive Angebote ansehen Solch einen Artikel verkaufen",pieuvre13 100% positiv (610),https://www.ebay.de/itm/398031035885,ebay_sold_p2.html
167404034437,Omega 5123 Silber Vetro Kristallglas Uhrenglas Verre 136.017 166.036 166.050,16.9,EUR,Neu,Gewerblich,2026-07-05,5. Jul 2026,1,13.5,0,0,"Sofort-Kaufen +EUR 13,50 Lieferung  Italien Letzter Artikel Ähnliche aktive Angebote ansehen Solch einen Artikel verkaufen","sabaec 99,9% positiv (22.965)",https://www.ebay.de/itm/167404034437,ebay_sold_p2.html
406335807647,"#1665 ORIGINAL ROLEX 24-480-0 KRONE & TUBUS CROWN TUBE STAHL OYSTER 4,8mm MONOBL",139.99,EUR,Gebraucht,Gewerblich,2026-07-05,5. Jul 2026,1,6.95,0,0,,state_of_time 100% positiv (3.802),https://www.ebay.de/itm/406335807647,ebay_sold_p2.html
126785797967,ROLEX Plexiglas ORIGINAL Plexi 25-127 1680 1680/8 NEU OVP Submariner Glas,299.0,EUR,Gebraucht,Gewerblich,2026-07-05,5. Jul 2026,1,6.9,0,1,,almawatches 100% positiv (3.677),https://www.ebay.de/itm/126785797967,ebay_sold_p2.html
323643886875,Datumslupe Vergrößerungslinse Saphir Uhrenglas für omega rolex panerai etc.,7.99,EUR,Neu,Gewerblich,2026-07-05,5. Jul 2026,1,3.49,0,0,,"uhrenexpert 99,3% positiv (21.349)",https://www.ebay.de/itm/323643886875,ebay_sold_p2.html
205097869978,Rolex 16570 16550 Stahl Top Zustand Lünetteneinsatz Explorer 2,349.0,EUR,Gebraucht,Gewerblich,2026-07-05,5. Jul 2026,1,29.0,0,1,"oder Preisvorschlag +EUR 29,00 Lieferung  Italien Ähnliche aktive Angebote ansehen Solch einen Artikel verkaufen",watchmydial 100% positiv (460),https://www.ebay.de/itm/205097869978,ebay_sold_p2.html
257216725708,Rolex Katalog mit Preisliste 2018/2019  neu aus Sammlerbestand !,22.0,EUR,Neu (Sonstige),Privat,2026-07-05,5. Jul 2026,1,3.5,0,1,,hanjodil 100% positiv (563),https://www.ebay.de/itm/257216725708,ebay_sold_p2.html
336439597782,ORIGINAL ROLEX CODE 4119209.05 GARANTIEKARTENHALTER like 4119209.34,30.0,EUR,Neu (Sonstige),Privat,2026-07-05,5. Jul 2026,1,12.0,0,0,"Sofort-Kaufen +EUR 12,00 Lieferung  Italien Ähnliche aktive Angebote ansehen Solch einen Artikel verkaufen",indecifrabile 100% positiv (1.216),https://www.ebay.de/itm/336439597782,ebay_sold_p2.html
166330152470,Saphirglas für 25-285 Rolex Sapphire Glass 16600 16660 Sea Dweller,49.9,EUR,Neu,Gewerblich,2026-07-05,5. Jul 2026,1,13.5,0,0,"Sofort-Kaufen +EUR 13,50 Lieferung  Italien Ähnliche aktive Angebote ansehen Solch einen Artikel verkaufen","sabaec 99,9% positiv (22.965)",https://www.ebay.de/itm/166330152470,ebay_sold_p2.html
147408506671,Rolex President Armband Glieder 750 6g,550.0,EUR,Gebraucht,Privat,2026-07-05,5. Jul 2026,1,1.1,0,1,,lelam-8042 100% positiv (20),https://www.ebay.de/itm/147408506671,ebay_sold_p2.html
178283906576,Rolex Kalender Calendars,200.0,EUR,Gebraucht,Privat,2026-07-05,5. Jul 2026,1,15.0,0,1,"Preisvorschlag akzeptiert +EUR 15,00 Lieferung  Frankreich Ähnliche aktive Angebote ansehen Solch einen Artikel verkaufen",smichel77 100% positiv (351),https://www.ebay.de/itm/178283906576,ebay_sold_p2.html
187679380412,"Rolex Midi Mesh/Link Stahl-Gold 750mm. 14 innen mm. 0,8",100.0,EUR,Gebraucht,Gewerblich,2026-07-05,5. Jul 2026,1,25.0,0,0,"Sofort-Kaufen +EUR 25,00 Lieferung  Italien Ähnliche aktive Angebote ansehen Solch einen Artikel verkaufen","montreamour 99,1% positiv (4.234)",https://www.ebay.de/itm/187679380412,ebay_sold_p2.html
406326052513,GENERIC kompatible Nockenfeder für ROLEX Cal 1555 1575 Ref. 8008 (NEU),20.0,EUR,Neu,Gewerblich,2026-07-05,5. Jul 2026,1,19.0,0,0,"Sofort-Kaufen +EUR 19,00 Lieferung  Italien Letzter Artikel Ähnliche aktive Angebote ansehen Solch einen Artikel verkaufen","fornitura_boccacci 99,9% positiv (4.089)",https://www.ebay.de/itm/406326052513,ebay_sold_p2.html
116338311498,"ROLEX 2130 Antriebswelle Cod. 2130-201 Kaliber: 2130, 2135 (TOP ZUSTAND)",15.0,EUR,Gebraucht,Gewerblich,2026-07-05,5. Jul 2026,1,19.0,0,0,"Sofort-Kaufen +EUR 19,00 Lieferung  Italien Letzter Artikel Ähnliche aktive Angebote ansehen Solch einen Artikel verkaufen","fornitura_boccacci 99,9% positiv (4.089)",https://www.ebay.de/itm/116338311498,ebay_sold_p2.html
115924943481,"ROLEX 2130 Führungsrad der Spule Cod. 2130-510 Kaliber: 2130, 2135 (O...",40.0,EUR,Gebraucht,Gewerblich,2026-07-05,5. Jul 2026,1,19.0,0,0,"Sofort-Kaufen +EUR 19,00 Lieferung  Italien Ähnliche aktive Angebote ansehen Solch einen Artikel verkaufen","fornitura_boccacci 99,9% positiv (4.089)",https://www.ebay.de/itm/115924943481,ebay_sold_p2.html
172149513848,Verlängerungsglied bicolor 18kt kompatibel zum Rolex Oyster Herren Armband 62523,269.95,EUR,Neu,Gewerblich,2026-07-05,5. Jul 2026,1,0.0,1,0,,watchparts24 100% positiv (71.339),https://www.ebay.de/itm/172149513848,ebay_sold_p2.html
267708469440,Zifferblatt Zifferblatt Mickey Mouse Rolex Datejust 36mm Quick Set Date,180.0,EUR,Neu (Sonstige),Privat,2026-07-05,5. Jul 2026,1,30.0,0,1,"oder Preisvorschlag +EUR 30,00 Lieferung  Italien Ähnliche aktive Angebote ansehen Solch einen Artikel verkaufen",giacoromel 100% positiv (76),https://www.ebay.de/itm/267708469440,ebay_sold_p2.html
116381511764,"ROLEX 3135 Schwungmasse Cod. 3135-570 Kaliber: 3130, 3131, 3135, 3136, 3155...",99.0,EUR,Gebraucht,Gewerblich,2025-12-10,10. Dez 2025,1,19.0,0,0,"Sofort-Kaufen +EUR 19,00 Lieferung  Italien Ähnliche aktive Angebote ansehen Solch einen Artikel verkaufen","fornitura_boccacci 99,9% positiv (4.089)",https://www.ebay.de/itm/116381511764,ebay_sold_p2.html
366320430909,ROLEX LEDER ARMBAND DORNSCHLIESSE BUCKLE 16MM 18K 750 MASSIV WEISS WEISSGOLD,799.0,EUR,Gebraucht,Gewerblich,2026-07-05,5. Jul 2026,1,0.0,1,1,,"luxus-freund24 99,5% positiv (41.881)",https://www.ebay.de/itm/366320430909,ebay_sold_p2.html
257583306168,ROLEX Explorer II 216700 Zifferblatt mit Fehlern,299.0,EUR,Neu (Sonstige),Privat,2026-07-05,5. Jul 2026,1,6.19,0,1,,crabchilli 100% positiv (801),https://www.ebay.de/itm/257583306168,ebay_sold_p2.html
267697042750,Zifferblatt Wimbledon Rolex Datejust 1601-1603,180.0,EUR,Neu (Sonstige),Privat,2026-07-05,5. Jul 2026,1,15.0,0,1,"Preisvorschlag akzeptiert +EUR 15,00 Lieferung  Italien Ähnliche aktive Angebote ansehen Solch einen Artikel verkaufen",giacoromel 100% positiv (76),https://www.ebay.de/itm/267697042750,ebay_sold_p2.html
168458237716,Rolex 1530/1570 Ref.7896 Schrauben/Screw Fixierung Uhrwerk Original NOS,80.0,EUR,Neu,Privat,2026-07-05,5. Jul 2026,1,10.0,0,1,"Preisvorschlag akzeptiert +EUR 10,00 Lieferung  Italien Ähnliche aktive Angebote ansehen Solch einen Artikel verkaufen",saccopg 100% positiv (458),https://www.ebay.de/itm/168458237716,ebay_sold_p2.html
397441626736,AUFZUGSWELLE STEM Rolex 1520/1525/1535-1556/1560/1565/1570-1580 Premium Qualität,15.99,EUR,Neu,Gewerblich,2026-07-05,5. Jul 2026,1,0.0,1,0,,dreamuniversesari 100% positiv (1.205),https://www.ebay.de/itm/397441626736,ebay_sold_p2.html
387351373716,Rolex Submariner Datejust Gmt Yacht Master Oyster Preisschild Price Tag,25.0,EUR,Neu,Gewerblich,2026-07-05,5. Jul 2026,1,14.9,0,0,"Sofort-Kaufen +EUR 14,90 Lieferung  Italien Ähnliche aktive Angebote ansehen Solch einen Artikel verkaufen","luxurytime.shop 99,8% positiv (2.110)",https://www.ebay.de/itm/387351373716,ebay_sold_p2.html
236333930845,REPLACEMENT PART ROLEX ORIGINAL CALIBRE.3035 - PART 5008.,90.0,EUR,Neu,Gewerblich,2026-07-05,5. Jul 2026,1,16.0,0,0,"Sofort-Kaufen +EUR 16,00 Lieferung  Spanien Letzter Artikel Ähnliche aktive Angebote ansehen Solch einen Artikel verkaufen","dimar2018 99,8% positiv (11.466)",https://www.ebay.de/itm/236333930845,ebay_sold_p2.html
117005916038,GENERIC kompatibles Set weiße Zeiger (Lumen) für ROLEX 16200 Kal. 3035/313...,30.0,EUR,Neu,Gewerblich,2026-07-05,5. Jul 2026,1,19.0,0,0,"Sofort-Kaufen +EUR 19,00 Lieferung  Italien Ähnliche aktive Angebote ansehen Solch einen Artikel verkaufen","fornitura_boccacci 99,9% positiv (4.089)",https://www.ebay.de/itm/117005916038,ebay_sold_p2.html
310829946375,12 KLEMMSCHRAUBE FÜR HERREN ROLEX 1601 1602 1603 1605 1611 1675 UHRWERK 1530-1570,36.43,EUR,Neu,Gewerblich,2026-07-05,5. Jul 2026,1,10.42,0,0,"Sofort-Kaufen +EUR 10,42 Lieferung  Vereinigte Staaten von Amerika Ähnliche aktive Angebote ansehen Solch einen Artikel verkaufen","ewatchparts 99,9% positiv (225.083)",https://www.ebay.de/itm/310829946375,ebay_sold_p2.html
287406065949,Rolex Automatik Bridge 3135-140,180.0,EUR,Neu,Privat,2026-07-05,5. Jul 2026,1,15.0,0,1,"Preisvorschlag akzeptiert +EUR 15,00 Lieferung  Frankreich Ähnliche aktive Angebote ansehen Solch einen Artikel verkaufen",jean-gtom-0 100% positiv (6),https://www.ebay.de/itm/287406065949,ebay_sold_p2.html
298472895103,ROLEX Datejust 16200 16220 36 mm Lünette Bezel Engine Turned f Saphirglas Steel,179.0,EUR,Gebraucht,Gewerblich,2026-07-05,5. Jul 2026,1,7.0,0,0,,luxini_hamburg 100% positiv (3.973),https://www.ebay.de/itm/298472895103,ebay_sold_p2.html
277699411590,NEU Rolex 25-7000 -J1 Original Daytona Saphirglas 16520 116520 116500 126500,448.0,EUR,NEW OLD STOCK SEALED - NEU IM ORIGINAL BLISTER,,2026-07-05,5. Jul 2026,1,25.0,0,1,"oder Preisvorschlag +EUR 25,00 Lieferung  Italien Ähnliche aktive Angebote ansehen Solch einen Artikel verkaufen",millerighetime_by_arriwatch 100% positiv (913),https://www.ebay.de/itm/277699411590,ebay_sold_p2.html
257536685045,Rolex Aftermarket Krone 7mm GOLD,14.9,EUR,Neu (Sonstige),Privat,2026-07-05,5. Jul 2026,1,13.9,0,0,"Sofort-Kaufen +EUR 13,90 Lieferung  Italien Ähnliche aktive Angebote ansehen Solch einen Artikel verkaufen",lelekas69 100% positiv (1.539),https://www.ebay.de/itm/257536685045,ebay_sold_p2.html
287436416092,Rolex Zifferblatt 16233 Kaliber 3135 Zifferblatt,405.0,EUR,Neu (Sonstige),Privat,2026-07-04,4. Jul 2026,1,1.0,0,0,"1 Gebot +EUR 25,00 Lieferung  Italien Ähnliche aktive Angebote ansehen Solch einen Artikel verkaufen",davidone70 100% positiv (440),https://www.ebay.de/itm/287436416092,ebay_sold_p2.html
236660232072,Rolex MK1 schwarzes Zifferblatt Luminova für Daytona Modell Ref 116520,1149.0,EUR,Gebraucht,Gewerblich,2026-07-04,4. Jul 2026,1,49.0,0,1,"Preisvorschlag akzeptiert +EUR 49,00 Lieferung  Frankreich Ähnliche aktive Angebote ansehen Solch einen Artikel verkaufen",spareswatch 100% positiv (556),https://www.ebay.de/itm/236660232072,ebay_sold_p2.html
177956177171,"Original Rolex Oyster 78350 Shirt für Air-King, Date, Daytona Armbänder 19mm",58.0,EUR,Gebraucht,Privat,2026-07-04,4. Jul 2026,1,20.0,0,1,"oder Preisvorschlag +EUR 20,00 Lieferung  Italien Ähnliche aktive Angebote ansehen Solch einen Artikel verkaufen",clotildeone 100% positiv (279),https://www.ebay.de/itm/177956177171,ebay_sold_p2.html
318211254229,Rolex Oyster Perpetual Date Booklet 578.55 I - 3.2018,50.0,EUR,Gebraucht,Gewerblich,2026-07-04,4. Jul 2026,1,16.0,0,0,"Sofort-Kaufen +EUR 16,00 Lieferung  Spanien Ähnliche aktive Angebote ansehen Solch einen Artikel verkaufen","aswatches_parts 99,8% positiv (1.023)",https://www.ebay.de/itm/318211254229,ebay_sold_p2.html
334636193307,"Saphirglas f. Rolex Datejust Day-Date 25-295C Sapphire Crystal Gasket 30,4mm Neu",39.9,EUR,Neu,Gewerblich,2026-07-04,4. Jul 2026,1,0.0,1,0,,"master-watch-parts 99,9% positiv (15.133)",https://www.ebay.de/itm/334636193307,ebay_sold_p2.html
226957504783,GEBRAUCHT Gebraucht Glas Rolex B25-286-C2-C1 115200 116261 15200 Saphir Sapphire,155.9,EUR,Gebraucht,Gewerblich,2026-07-04,4. Jul 2026,1,29.0,0,1,"oder Preisvorschlag +EUR 29,00 Lieferung  Italien Ähnliche aktive Angebote ansehen Solch einen Artikel verkaufen",*rarecollections 100% positiv (1.384),https://www.ebay.de/itm/226957504783,ebay_sold_p2.html
198051642024,Original Rolex Zifferblatt für Ref.6827 Cal.2035 Date Just 31mm.,150.0,EUR,Gebraucht,Gewerblich,2026-07-04,4. Jul 2026,1,18.0,0,0,"Sofort-Kaufen +EUR 18,00 Lieferung  Italien Ähnliche aktive Angebote ansehen Solch einen Artikel verkaufen",combattiamolacrisi 100% positiv (8.907),https://www.ebay.de/itm/198051642024,ebay_sold_p2.html
173822630121,LÜNETTENEINSATZ ALUMINIUM FÜR ÄLTERE ROLEX SEA DWELLER SCHWARZ 1665 TOP QUALITÄT,26.01,EUR,Neu,Gewerblich,2026-07-04,4. Jul 2026,1,10.42,0,0,"Sofort-Kaufen +EUR 10,42 Lieferung  Vereinigte Staaten von Amerika Ähnliche aktive Angebote ansehen Solch einen Artikel verkaufen","ewatchparts 99,9% positiv (225.083)",https://www.ebay.de/itm/173822630121,ebay_sold_p2.html
157971147913,Rolex Daytona Cosmograph 116520 Zifferblatt Original Schwarz/Black,1199.0,EUR,Gebraucht,Gewerblich,2026-07-04,4. Jul 2026,1,7.99,0,1,,erbschaftantreten99 100% positiv (1.862),https://www.ebay.de/itm/157971147913,ebay_sold_p2.html
304742111598,ROLEX Datejust 16030 16013 Sekundenzeiger Buckley Second Hand black cal 3035,80.1,EUR,Gebraucht,Gewerblich,2026-07-04,4. Jul 2026,1,7.0,0,1,,luxini_hamburg 100% positiv (3.973),https://www.ebay.de/itm/304742111598,ebay_sold_p2.html
406126140209,Rolex GMT Master Lünette Bezel Inlay Insert Schwarz black Ref. 16710 16700,280.0,EUR,Neu,Privat,2026-07-04,4. Jul 2026,1,6.19,0,1,,kampneub-0 100% positiv (71),https://www.ebay.de/itm/406126140209,ebay_sold_p2.html
235508698050,Rolex Book Mondani GMT 6542 1675 16750 16710 16700 16758 16718 16713 16753,499.0,EUR,Gebraucht,Gewerblich,2026-07-04,4. Jul 2026,1,49.0,0,1,"oder Preisvorschlag +EUR 49,00 Lieferung  Frankreich Ähnliche aktive Angebote ansehen Solch einen Artikel verkaufen",spareswatch 100% positiv (556),https://www.ebay.de/itm/235508698050,ebay_sold_p2.html
267715928647,lünette lünette rolex datejust 36mm,160.0,EUR,Neu (Sonstige),Privat,2026-07-04,4. Jul 2026,1,15.0,0,1,"oder Preisvorschlag +EUR 15,00 Lieferung  Italien Ähnliche aktive Angebote ansehen Solch einen Artikel verkaufen",giacoromel 100% positiv (76),https://www.ebay.de/itm/267715928647,ebay_sold_p2.html
184019539789,ROLEX 3135 9571 Rubin Unterer Rotor KOMPATIBEL swiss Jewel for rotor lower,22.0,EUR,Neu (Sonstige),Gewerblich,2026-07-04,4. Jul 2026,1,13.0,0,0,"Sofort-Kaufen +EUR 13,00 Lieferung  Italien Ähnliche aktive Angebote ansehen Solch einen Artikel verkaufen","watchparts-italy 99,5% positiv (3.454)",https://www.ebay.de/itm/184019539789,ebay_sold_p2.html
161521178859,SAPHIR UHRENGLAS FÜR 24MM ROLEX OYSTER PERPETUAL LADY 67183 67193 67194 ND,36.43,EUR,Neu,Gewerblich,2026-07-04,4. Jul 2026,1,10.42,0,0,"Sofort-Kaufen +EUR 10,42 Lieferung  Vereinigte Staaten von Amerika Ähnliche aktive Angebote ansehen Solch einen Artikel verkaufen","ewatchparts 99,9% positiv (225.083)",https://www.ebay.de/itm/161521178859,ebay_sold_p2.html
326557481173,Rolex cal. 2030-2035. 4427 Zentrumsekundentrieb Neu,50.0,EUR,Neu,Privat,2026-07-04,4. Jul 2026,1,20.0,0,0,"Sofort-Kaufen +EUR 20,00 Lieferung  Dänemark Ähnliche aktive Angebote ansehen Solch einen Artikel verkaufen",misser10 100% positiv (477),https://www.ebay.de/itm/326557481173,ebay_sold_p2.html
176248925504,Rolex 2030-4427 - Sekundenstift,70.0,EUR,Neu,Privat,2026-07-04,4. Jul 2026,1,20.0,0,0,"Sofort-Kaufen +EUR 20,00 Lieferung  Italien Ähnliche aktive Angebote ansehen Solch einen Artikel verkaufen",refanoro79 100% positiv (244),https://www.ebay.de/itm/176248925504,ebay_sold_p2.html
397751953467,ROLEX Oyster Perpetual Datejust 41 - Blue Roman Dial - with Hands,490.0,EUR,Gebraucht,Gewerblich,2026-07-04,4. Jul 2026,1,6.0,0,0,,w.watchparts 100% positiv (1.891),https://www.ebay.de/itm/397751953467,ebay_sold_p2.html
317730747838,"Rolex Lünettenschutz bezel protector Ref N106 für Yacht-Master 40 116622, 116621",34.0,EUR,Gebraucht,Gewerblich,2026-07-04,4. Jul 2026,1,0.0,1,0,,eBay Top-Service,https://www.ebay.de/itm/317730747838,ebay_sold_p2.html
147220729926,ROLEX YACHT MASTER 168622 ORIGINAL BOX BJ 2002 CASE,2200.0,EUR,Gebraucht,Privat,2026-07-04,4. Jul 2026,1,20.0,0,1,"Preisvorschlag akzeptiert +EUR 20,00 Lieferung  Italien Ähnliche aktive Angebote ansehen Solch einen Artikel verkaufen",oro-vintage 100% positiv (630),https://www.ebay.de/itm/147220729926,ebay_sold_p2.html
136051021497,Rolex Krone Gold 530/8,54.0,EUR,Gebraucht,Privat,2026-07-04,4. Jul 2026,1,6.19,0,1,,sash-1974 100% positiv (222),https://www.ebay.de/itm/136051021497,ebay_sold_p2.html
387810440984,Rolex Datejust Gmt Master Oyster Perpetual Tube Tube B24-5300 Steel Sealed,50.0,EUR,Neu,Gewerblich,2026-07-04,4. Jul 2026,1,14.9,0,1,"Preisvorschlag akzeptiert +EUR 14,90 Lieferung  Italien Ähnliche aktive Angebote ansehen Solch einen Artikel verkaufen","luxurytime.shop 99,8% positiv (2.110)",https://www.ebay.de/itm/387810440984,ebay_sold_p2.html
137458006215,Rolex Magazin - Edition 14 - 2026 - Uhren + Rolex Baumwolltasche 2023,20.0,EUR,Neu,Privat,2026-07-04,4. Jul 2026,1,1.0,0,0,"1 Gebot +EUR 15,00 Lieferung  Frankreich Ähnliche aktive Angebote ansehen Solch einen Artikel verkaufen",evelyne5593 100% positiv (700),https://www.ebay.de/itm/137458006215,ebay_sold_p2.html
323382957115,Aluminium Bezel Lünette Inlay Kompatibel für Rolex GMT MASTER I II SUBMARINER,16.99,EUR,Neu,Gewerblich,2026-07-04,4. Jul 2026,1,3.49,0,0,,"uhrenexpert 99,3% positiv (21.349)",https://www.ebay.de/itm/323382957115,ebay_sold_p2.html
162042684373,Flachbodendichtung für Rolex 29-292-85 Gasket Case Back 14000 14010 15200,4.0,EUR,Neu,Gewerblich,2026-07-04,4. Jul 2026,1,13.5,0,0,"Sofort-Kaufen +EUR 13,50 Lieferung  Italien Ähnliche aktive Angebote ansehen Solch einen Artikel verkaufen","sabaec 99,9% positiv (22.965)",https://www.ebay.de/itm/162042684373,ebay_sold_p2.html
166000201915,Plexiglas für 25-127 Rolex Submariner Crystal Glass Uhrenglas Verre 1680,8.9,EUR,Neu,Gewerblich,2026-07-04,4. Jul 2026,1,13.5,0,0,"Sofort-Kaufen +EUR 13,50 Lieferung  Italien Ähnliche aktive Angebote ansehen Solch einen Artikel verkaufen","sabaec 99,9% positiv (22.965)",https://www.ebay.de/itm/166000201915,ebay_sold_p2.html
226981109470,Rolex Submariner 16613 Garantie Garantie Garantie 2005,320.0,EUR,Neu (Sonstige),Privat,2026-07-04,4. Jul 2026,1,20.0,0,0,"Sofort-Kaufen +EUR 20,00 Lieferung  Italien Ähnliche aktive Angebote ansehen Solch einen Artikel verkaufen",watchbox70 100% positiv (190),https://www.ebay.de/itm/226981109470,ebay_sold_p2.html
136371273439,Lünette Watch Uhr Bezel Grün Green 16610 Submariner,29.0,EUR,Neu (Sonstige),Privat,2026-07-04,4. Jul 2026,1,9.0,0,1,"oder Preisvorschlag +EUR 9,00 Lieferung  Italien Ähnliche aktive Angebote ansehen Solch einen Artikel verkaufen",watches_and_more77 100% positiv (70),https://www.ebay.de/itm/136371273439,ebay_sold_p2.html
198329954117,GLAS ACRYL ROLEX OYSTER PERPETUAL REF 6719,38.0,EUR,Neu (Sonstige),Gewerblich,2026-07-04,4. Jul 2026,1,6.0,0,0,"Sofort-Kaufen +EUR 6,00 Lieferung  Frankreich Letzter Artikel Ähnliche aktive Angebote ansehen Solch einen Artikel verkaufen",ocoeurdutemps 100% positiv (12.322),https://www.ebay.de/itm/198329954117,ebay_sold_p2.html
197185943352,Rolex Datejust Booklet / Beschreibung 11.2010 Deutsch,15.0,EUR,Neu (Sonstige),Gewerblich,2026-07-04,4. Jul 2026,1,5.0,0,0,,"uhrenfachzentrum 99,6% positiv (1.645)",https://www.ebay.de/itm/197185943352,ebay_sold_p2.html
354236430127,Original Rolex Krone 6 mm Stahl für GMT und Explorer B24-603-0-G1 gebraucht,129.0,EUR,Gebraucht,Gewerblich,2026-07-04,4. Jul 2026,1,0.0,1,0,,"sandtuhr 99,8% positiv (54.529)",https://www.ebay.de/itm/354236430127,ebay_sold_p2.html
136996509233,Original Rolex Crown Gold B24-603-8-G1 f. Datejust GMT etc. NOS Unopened Sealed,275.0,EUR,Neu (Sonstige),Privat,2026-07-04,4. Jul 2026,1,22.0,0,0,"Sofort-Kaufen +EUR 22,00 Lieferung  Dänemark Ähnliche aktive Angebote ansehen Solch einen Artikel verkaufen",odder1 100% positiv (671),https://www.ebay.de/itm/136996509233,ebay_sold_p2.html
336420952713,"Saphirglas Rolex Submariner 40, 25-295 C2 16610, 16613, 16618 16800 16803 SUB 40",46.9,EUR,Neu,Gewerblich,2026-07-04,4. Jul 2026,1,0.0,1,0,,"master-watch-parts 99,9% positiv (15.133)",https://www.ebay.de/itm/336420952713,ebay_sold_p2.html
317738433781,Rolex Booklet Broschüre Booklet Oyster Perpetual Date 7.2009 Italienisch Original,28.0,EUR,Neu (Sonstige),Privat,2026-07-04,4. Jul 2026,1,13.0,0,1,"oder Preisvorschlag +EUR 13,00 Lieferung  Italien Ähnliche aktive Angebote ansehen Solch einen Artikel verkaufen",sell4passion8 100% positiv (116),https://www.ebay.de/itm/317738433781,ebay_sold_p2.html
285857421028,Rolex Booklet Booklet Booklet für Oyster Perpetual und Oyster Perpetual Date,25.0,EUR,Neu (Sonstige),Privat,2026-07-04,4. Jul 2026,1,30.0,0,1,"oder Preisvorschlag +EUR 30,00 Lieferung  Italien Ähnliche aktive Angebote ansehen Solch einen Artikel verkaufen",elvis76-76 100% positiv (274),https://www.ebay.de/itm/285857421028,ebay_sold_p2.html
168134373899,ROLEX Oyster Perpetual Date Booklet 7.2009 Englisch,29.0,EUR,Neu (Sonstige),Gewerblich,2026-07-04,4. Jul 2026,1,0.0,1,0,,"eupen-feine-uhren 84,6% positiv (108)",https://www.ebay.de/itm/168134373899,ebay_sold_p2.html
168134392427,ROLEX Oyster Perpetual Date Booklet 9.2010 Deutsch,39.0,EUR,Neu (Sonstige),Gewerblich,2026-07-04,4. Jul 2026,1,0.0,1,0,,"eupen-feine-uhren 84,6% positiv (108)",https://www.ebay.de/itm/168134392427,ebay_sold_p2.html
168134405236,ROLEX Oyster Perpetual Date Booklet 1.2011 Deutsch,39.0,EUR,Neu (Sonstige),Gewerblich,2026-07-04,4. Jul 2026,1,0.0,1,0,,"eupen-feine-uhren 84,6% positiv (108)",https://www.ebay.de/itm/168134405236,ebay_sold_p2.html
407029871964,Rolex Datejust 69173 26mm Lady Datejust 2135 Uhrwerk Cailber zerlegt Automatik,358.57,EUR,Gebraucht,Privat,2026-07-04,4. Jul 2026,1,13.0,0,0,,megenc_0 100% positiv (4),https://www.ebay.de/itm/407029871964,ebay_sold_p2.html
277699422102,NEU Rolex 25-T22 Crystal Vetro Plexi Glass Dome Explorer 1016 5518 6610,398.0,EUR,ORIGINAL NEW OLD STOCK - NEU IM ORIGINAL BLISTER,,2026-07-04,4. Jul 2026,1,25.0,0,1,"oder Preisvorschlag +EUR 25,00 Lieferung  Italien Ähnliche aktive Angebote ansehen Solch einen Artikel verkaufen",millerighetime_by_arriwatch 100% positiv (913),https://www.ebay.de/itm/277699422102,ebay_sold_p2.html
336134513087,Lünetten-Inlay blue blue blueberry für Rolex GMT-Master I 1675 16750 bezel inlay,40.0,EUR,Neu,Gewerblich,2026-07-03,3. Jul 2026,1,7.0,0,0,,old-crowns-com 100% positiv (289),https://www.ebay.de/itm/336134513087,ebay_sold_p2.html
336134509136,Lünetten-Inlay pepsi kompatibel zu Rolex GMT-Master I 1675 16750 bezel inlay,40.0,EUR,Neu,Gewerblich,2026-07-03,3. Jul 2026,1,7.0,0,0,,old-crowns-com 100% positiv (289),https://www.ebay.de/itm/336134509136,ebay_sold_p2.html
115922610734,"ROLEX 1530 Aufzugsritzel Cod. 1530-7870 Kaliber: 1520, 1535, 1560, 1565, 15...",50.0,EUR,Gebraucht,Gewerblich,2026-07-03,3. Jul 2026,1,19.0,0,0,"Sofort-Kaufen +EUR 19,00 Lieferung  Italien Ähnliche aktive Angebote ansehen Solch einen Artikel verkaufen","fornitura_boccacci 99,9% positiv (4.089)",https://www.ebay.de/itm/115922610734,ebay_sold_p2.html
395850017795,Rolex 1530-7932 Chaton de Balancier - In Einstellung für Balance,23.0,EUR,Gebraucht,Gewerblich,2026-07-03,3. Jul 2026,1,9.0,0,0,"Sofort-Kaufen +EUR 9,00 Lieferung  Frankreich Ähnliche aktive Angebote ansehen Solch einen Artikel verkaufen","manz15 99,5% positiv (8.231)",https://www.ebay.de/itm/395850017795,ebay_sold_p2.html
315698686777,Rolex Oyster Swimpruf Hang Tag Preisschild Anhänger Blanko leer Grün green,12.0,EUR,Gebraucht,Gewerblich,2026-07-03,3. Jul 2026,1,0.0,1,1,,eBay Top-Service,https://www.ebay.de/itm/315698686777,ebay_sold_p2.html
186467093505,FIT ROLEX GMT MASTER 16760 16710 16700 EINSATZ KOKSRING Aftermarket,19.0,EUR,Gebraucht,Gewerblich,2026-07-03,3. Jul 2026,1,13.0,0,0,"Sofort-Kaufen +EUR 13,00 Lieferung  Italien Ähnliche aktive Angebote ansehen Solch einen Artikel verkaufen","watchparts-italy 99,5% positiv (3.454)",https://www.ebay.de/itm/186467093505,ebay_sold_p2.html
188594606751,ROLEX OYSTERQUARTZ 19018 19019 17000 17014 17013 BOOKLET UND GELDBÖRSE ITALIEN 1980,250.0,EUR,Gebraucht,Privat,2026-07-03,3. Jul 2026,1,1.0,0,1,"1 Gebot Preisvorschlag akzeptiert +EUR 40,00 Lieferung  Italien Ähnliche aktive Angebote ansehen Solch einen Artikel verkaufen",meteora25 100% positiv (159),https://www.ebay.de/itm/188594606751,ebay_sold_p2.html
257529655670,Lot 4 Aufkleber Sticker Logo Rolex Gold Zifferblatt Uhr,14.9,EUR,Neu (Sonstige),Privat,2026-07-03,3. Jul 2026,1,9.9,0,0,"Sofort-Kaufen +EUR 9,90 Lieferung  Italien Ähnliche aktive Angebote ansehen Solch einen Artikel verkaufen",lelekas69 100% positiv (1.539),https://www.ebay.de/itm/257529655670,ebay_sold_p2.html
257603003026,Lot 10 Aufkleber Logo Krone Rolex Zifferblatt Uhr - für Marconibe 1992,25.0,EUR,Neu (Sonstige),Privat,2026-07-03,3. Jul 2026,1,13.9,0,0,"Sofort-Kaufen +EUR 13,90 Lieferung  Italien Ähnliche aktive Angebote ansehen Solch einen Artikel verkaufen",lelekas69 100% positiv (1.539),https://www.ebay.de/itm/257603003026,ebay_sold_p2.html
182359326553,"Saphir Ersatzglas kompatibel zu ROLEX Daytona 16520, 116520, 116599",49.95,EUR,Neu,Gewerblich,2026-07-03,3. Jul 2026,1,0.0,1,0,,watchparts24 100% positiv (71.339),https://www.ebay.de/itm/182359326553,ebay_sold_p2.html
389993333924,Rolex 32-23042 Stahlstrick Steel Link Oyster 116710 | 116520 Original,99.0,EUR,Gebraucht,Gewerblich,2026-07-03,3. Jul 2026,1,12.5,0,1,"oder Preisvorschlag +EUR 12,50 Lieferung  Italien Ähnliche aktive Angebote ansehen Solch einen Artikel verkaufen",only_quality_stuff_new2026 100% positiv (48),https://www.ebay.de/itm/389993333924,ebay_sold_p2.html
385476879254,Lünette Inlay blau kompatibel zu Rolex Submariner 1665 1680 5512 5513 TD 7928,28.0,EUR,Neu (Sonstige),Gewerblich,2026-07-03,3. Jul 2026,1,5.0,0,0,,"sekowatchworld 99,1% positiv (1.120)",https://www.ebay.de/itm/385476879254,ebay_sold_p2.html
144636171695,Ersatzteile Rolex 4130 Original Original - Ricambi Originali,10.0,EUR,Neu,Gewerblich,2026-07-03,3. Jul 2026,1,30.0,0,0,"Sofort-Kaufen +EUR 30,00 Lieferung  Italien Ähnliche aktive Angebote ansehen Solch einen Artikel verkaufen",afadsrl 100% positiv (2.101),https://www.ebay.de/itm/144636171695,ebay_sold_p2.html
404467108060,#907 ORIGINAL ROLEX 6916 LADY DATEJUST LÜNETTE BEZEL ENGINE TURNED EDELSTAHL,79.99,EUR,Gebraucht,Gewerblich,2026-07-03,3. Jul 2026,1,6.95,0,0,,state_of_time 100% positiv (3.802),https://www.ebay.de/itm/404467108060,ebay_sold_p2.html
373437584862,Original Rolex Krone 6 mm Stahl für Date Just  oder Date B24-600-0-G1 neu,299.0,EUR,Neu (Sonstige),Gewerblich,2026-07-03,3. Jul 2026,1,0.0,1,0,,"sandtuhr 99,8% positiv (54.529)",https://www.ebay.de/itm/373437584862,ebay_sold_p2.html
168494026746,Rolex Lady Datejust Uhrwerk,14.5,EUR,Gebraucht,Privat,2026-07-03,3. Jul 2026,1,3.0,0,0,"3 Gebote +EUR 10,00 Lieferung  Frankreich Ähnliche aktive Angebote ansehen Solch einen Artikel verkaufen",laneuvi 100% positiv (151),https://www.ebay.de/itm/168494026746,ebay_sold_p2.html
126598927429,ROLEX Datejust 2 DJ II 116300 BEZEL Lunette SMOOTH Steel 41mm Stahl,179.0,EUR,Gebraucht,Gewerblich,2026-07-03,3. Jul 2026,1,6.9,0,1,,almawatches 100% positiv (3.677),https://www.ebay.de/itm/126598927429,ebay_sold_p2.html
236173229406,Rolex blaues Motiv Zifferblatt für Datejust 36mm Modell Ref 126200 & 126234,1599.0,EUR,Gebraucht,Gewerblich,2026-07-03,3. Jul 2026,1,49.0,0,1,"oder Preisvorschlag +EUR 49,00 Lieferung  Frankreich Ähnliche aktive Angebote ansehen Solch einen Artikel verkaufen",spareswatch 100% positiv (556),https://www.ebay.de/itm/236173229406,ebay_sold_p2.html
135003532873,Original Rolex Oyster Stahl-Gold Trikot - Original Rolex Link 23052,250.0,EUR,Neu,Gewerblich,2025-12-17,17. Dez 2025,1,30.0,0,1,"Preisvorschlag akzeptiert +EUR 30,00 Lieferung  Italien Ähnliche aktive Angebote ansehen Solch einen Artikel verkaufen",afadsrl 100% positiv (2.101),https://www.ebay.de/itm/135003532873,ebay_sold_p2.html
205952396289,"Rolex Oyster Anchor For Submariner, 300 Meters, 1,000 Ft Underwater  (Z416)",59.0,EUR,Gebraucht,Gewerblich,2026-07-03,3. Jul 2026,1,5.0,0,0,,kian-werke 100% positiv (7.720),https://www.ebay.de/itm/205952396289,ebay_sold_p2.html
147382035617,Lunetta Inserto Alluminio Gmt 1675 16710 2 Disponibili Pepsi o Nera,13.0,EUR,Neu (Sonstige),Privat,2026-07-03,3. Jul 2026,1,6.0,0,0,"Sofort-Kaufen +EUR 6,00 Lieferung  Italien Ähnliche aktive Angebote ansehen Solch einen Artikel verkaufen",erreorologi-accessori-ricambi 100% positiv (36),https://www.ebay.de/itm/147382035617,ebay_sold_p2.html
336021854058,Federstege 20mm x 2mm für Rolex vintage Springbars,20.0,EUR,Neu,Gewerblich,2026-07-03,3. Jul 2026,1,7.0,0,0,,old-crowns-com 100% positiv (289),https://www.ebay.de/itm/336021854058,ebay_sold_p2.html
115922553797,"ROLEX 1530 Wagenheber Cod. 1530-7878 Kaliber: 1520, 1525, 1530, 1535, 1555, 1556, 1...",40.0,EUR,Gebraucht,Gewerblich,2026-07-03,3. Jul 2026,1,19.0,0,0,"Sofort-Kaufen +EUR 19,00 Lieferung  Italien Ähnliche aktive Angebote ansehen Solch einen Artikel verkaufen","fornitura_boccacci 99,9% positiv (4.089)",https://www.ebay.de/itm/115922553797,ebay_sold_p2.html
176975451682,KUPPLUNG O-Ring Dichtung für Rolex 29-292-85 Gasket Case Back 14000 14010 15200,4.0,EUR,Neu,Gewerblich,2026-07-03,3. Jul 2026,1,9.9,0,0,"Sofort-Kaufen +EUR 9,90 Lieferung  Italien Ähnliche aktive Angebote ansehen Solch einen Artikel verkaufen","watchbandman75 98,5% positiv (14.068)",https://www.ebay.de/itm/176975451682,ebay_sold_p2.html
116878693729,"ROLEX 2130, 2135 Inverter Cod. 540 (oder Umkehrrad) Kaliber: 2130, 2135...",79.0,EUR,Gebraucht,Gewerblich,2026-07-03,3. Jul 2026,1,19.0,0,0,"Sofort-Kaufen +EUR 19,00 Lieferung  Italien Ähnliche aktive Angebote ansehen Solch einen Artikel verkaufen","fornitura_boccacci 99,9% positiv (4.089)",https://www.ebay.de/itm/116878693729,ebay_sold_p2.html
277520726496,"NEU Rolex 24-5320-0 Röhre x Krone Stahl 5,3-6mm Vintage 530 603 im Blister",78.0,EUR,BRANDNEU IM BLISTER - NEU IM ORIGINAL BLISTER,,2026-07-03,3. Jul 2026,1,25.0,0,1,"oder Preisvorschlag +EUR 25,00 Lieferung  Italien Letzter Artikel Ähnliche aktive Angebote ansehen Solch einen Artikel verkaufen",millerighetime_by_arriwatch 100% positiv (913),https://www.ebay.de/itm/277520726496,ebay_sold_p2.html
277767865963,"NEU Rolex 24-531-8 Krone 5,3mm 18k Gold Original im Blister",328.0,EUR,Neu,Gewerblich,2026-07-03,3. Jul 2026,1,25.0,0,0,"Sofort-Kaufen +EUR 25,00 Lieferung  Italien Letzter Artikel Ähnliche aktive Angebote ansehen Solch einen Artikel verkaufen",millerighetime_by_arriwatch 100% positiv (913),https://www.ebay.de/itm/277767865963,ebay_sold_p2.html
198320774280,"Rolex Ladys Datejust Original Zifferblatt Ref 69174, mit Servicebox",75.0,EUR,Gebraucht,Privat,2026-07-03,3. Jul 2026,1,6.19,0,1,,snowberrylime 100% positiv (955),https://www.ebay.de/itm/198320774280,ebay_sold_p2.html
137439333395,Rolex Cal. 3000 Part 360 Second Wheel 3000-360,60.0,EUR,Neu,Privat,2026-07-03,3. Jul 2026,1,15.0,0,1,"oder Preisvorschlag +EUR 15,00 Lieferung  Frankreich Ähnliche aktive Angebote ansehen Solch einen Artikel verkaufen",e-watch_parts 100% positiv (15),https://www.ebay.de/itm/137439333395,ebay_sold_p2.html
226631276431,Rolex 2130-2135 Teil 315 Original Complete Barrel Bariletto,65.0,EUR,Gebraucht,Privat,2026-03-18,18. Mrz 2026,1,12.0,0,0,"Sofort-Kaufen +EUR 12,00 Lieferung  Italien Ähnliche aktive Angebote ansehen Solch einen Artikel verkaufen",cloxywatch 100% positiv (194),https://www.ebay.de/itm/226631276431,ebay_sold_p2.html
127838160489,Aufzugsstange für ROLEX 3130-3135-3155-3175-3185,12.0,EUR,Neu,Privat,2026-07-03,3. Jul 2026,1,6.0,0,0,"Sofort-Kaufen +EUR 6,00 Lieferung  Frankreich Letzter Artikel Ähnliche aktive Angebote ansehen Solch einen Artikel verkaufen",yatdun 100% positiv (297),https://www.ebay.de/itm/127838160489,ebay_sold_p2.html
287339003751,Rolex Submariner Booklet Set 1993 deutsch 6 teilig weitere Jahrgänge vorhanden,89.0,EUR,Gebraucht,Privat,2026-07-03,3. Jul 2026,1,6.0,0,0,,tictac01 100% positiv (818),https://www.ebay.de/itm/287339003751,ebay_sold_p2.html
276757491733,NEW Rolex 3135-568 Oszillierende Masse Stift Rotorachse Neu im Blister,68.0,EUR,BRAND NEW PACKED - NEU IM ORIGINAL BLISTER,,2026-07-03,3. Jul 2026,1,25.0,0,0,"Sofort-Kaufen +EUR 25,00 Lieferung  Italien Ähnliche aktive Angebote ansehen Solch einen Artikel verkaufen",millerighetime_by_arriwatch 100% positiv (913),https://www.ebay.de/itm/276757491733,ebay_sold_p2.html
276757558587,NEW Rolex 3135-340 kleines mittleres drittes Rad neu im Blister,68.0,EUR,BRAND NEW PACKED - ORIGINAL NEU IM BLISTER,,2026-07-03,3. Jul 2026,1,25.0,0,0,"Sofort-Kaufen +EUR 25,00 Lieferung  Italien Ähnliche aktive Angebote ansehen Solch einen Artikel verkaufen",millerighetime_by_arriwatch 100% positiv (913),https://www.ebay.de/itm/276757558587,ebay_sold_p2.html
276815544346,NEW Rolex 3155-360 Sekundenrad Neu im Blister,88.0,EUR,BRAND NEW PACKED - NEU IM ORIGINAL BLISTER,,2026-07-03,3. Jul 2026,1,25.0,0,1,"oder Preisvorschlag +EUR 25,00 Lieferung  Italien Ähnliche aktive Angebote ansehen Solch einen Artikel verkaufen",millerighetime_by_arriwatch 100% positiv (913),https://www.ebay.de/itm/276815544346,ebay_sold_p2.html
276815553156,NEW Rolex 3130-360 Sekundenrad Neu im Blister,68.0,EUR,BRAND NEW PACKED - NEU IM ORIGINAL BLISTER,,2026-07-03,3. Jul 2026,1,25.0,0,1,"oder Preisvorschlag +EUR 25,00 Lieferung  Italien Ähnliche aktive Angebote ansehen Solch einen Artikel verkaufen",millerighetime_by_arriwatch 100% positiv (913),https://www.ebay.de/itm/276815553156,ebay_sold_p2.html
226902741205,Guter Zustand Rolex 1570 8106 Grau Gebraucht Unruh 19800 Balance,493.9,EUR,Gebraucht,Gewerblich,2026-07-03,3. Jul 2026,1,29.0,0,1,"oder Preisvorschlag +EUR 29,00 Lieferung  Italien Ähnliche aktive Angebote ansehen Solch einen Artikel verkaufen",*rarecollections 100% positiv (1.384),https://www.ebay.de/itm/226902741205,ebay_sold_p2.html
205097868008,Rolex Cellini Midas Rare Blue Dial Silvered Version Custom,399.0,EUR,Gebraucht,Gewerblich,2026-07-03,3. Jul 2026,1,29.0,0,1,"oder Preisvorschlag +EUR 29,00 Lieferung  Italien Ähnliche aktive Angebote ansehen Solch einen Artikel verkaufen",watchmydial 100% positiv (460),https://www.ebay.de/itm/205097868008,ebay_sold_p2.html
404297670237,#754 ORIGINAL ROLEX DATEJUST MEDIUM 31MM ZIFFERBLATT DIAL ROMAN GREEN DIAMANT,439.99,EUR,Gebraucht,Gewerblich,2026-07-02,2. Jul 2026,1,6.95,0,0,,state_of_time 100% positiv (3.802),https://www.ebay.de/itm/404297670237,ebay_sold_p2.html
277575346597,Rolex Sapphire Crystal 25- 318C- C1 Saphirglas LOGO Datejust 41mm Day-Date 40,68.0,EUR,Neu,Gewerblich,2026-07-02,2. Jul 2026,1,25.0,0,0,"Sofort-Kaufen +EUR 25,00 Lieferung  Italien Ähnliche aktive Angebote ansehen Solch einen Artikel verkaufen",millerighetime_by_arriwatch 100% positiv (913),https://www.ebay.de/itm/277575346597,ebay_sold_p2.html
127942049676,Rolex singer dial original tropical 6223,364.0,EUR,Gebraucht,Gewerblich,2026-07-02,2. Jul 2026,1,15.0,0,0,"15 Gebote +EUR 50,00 Lieferung  Italien Ähnliche aktive Angebote ansehen Solch einen Artikel verkaufen",cecko80 100% positiv (11.326),https://www.ebay.de/itm/127942049676,ebay_sold_p2.html
302919932457,"FÜR ROLEX SUBMARINER LÜNETTENDICHTUNG 116610, 116613, 116614 NEUES MODELL",17.72,EUR,Neu (Sonstige),Gewerblich,2026-07-02,2. Jul 2026,1,13.05,0,0,"Sofort-Kaufen +EUR 13,05 Lieferung  Vereinigte Staaten von Amerika Ähnliche aktive Angebote ansehen Solch einen Artikel verkaufen","watchespartsoutlet 99,7% positiv (3.272)",https://www.ebay.de/itm/302919932457,ebay_sold_p2.html
178246667455,Rolex Buch Oyster Perpetual Datejust A Watch that Made History Nicholas Foulkes,71.0,EUR,Neu,Privat,2026-07-02,2. Jul 2026,1,0.0,1,0,,luki320 100% positiv (861),https://www.ebay.de/itm/178246667455,ebay_sold_p2.html
267714819380,bezel ghiera rolex datejust 36mm,160.0,EUR,Neu (Sonstige),Privat,2026-07-02,2. Jul 2026,1,15.0,0,1,"oder Preisvorschlag +EUR 15,00 Lieferung  Italien Ähnliche aktive Angebote ansehen Solch einen Artikel verkaufen",giacoromel 100% positiv (76),https://www.ebay.de/itm/267714819380,ebay_sold_p2.html
306775433321,Rolex Stahl Mesh Falten Folded Steel Link Daytona 7835 Original,149.0,EUR,Gebraucht,Privat,2026-07-02,2. Jul 2026,1,25.0,0,1,"Preisvorschlag akzeptiert +EUR 25,00 Lieferung  Italien Ähnliche aktive Angebote ansehen Solch einen Artikel verkaufen","vintage4boy 98,2% positiv (580)",https://www.ebay.de/itm/306775433321,ebay_sold_p2.html
377311913902,Rolex Sea Dweller 16600 Etui Kit Glied Verlängerung Erweiterung Für Fullset,100.0,EUR,Gebraucht,Privat,2026-07-02,2. Jul 2026,1,1.0,0,1,,"dxbf-86 99,5% positiv (331)",https://www.ebay.de/itm/377311913902,ebay_sold_p2.html
168509283713,Rare Genuine Rolex Box 10.00.01 Box 80er Rolex 15000 1675 16750 5513,260.0,EUR,Gebraucht,Privat,2026-07-02,2. Jul 2026,1,20.0,0,1,"Preisvorschlag akzeptiert +EUR 20,00 Lieferung  Italien Ähnliche aktive Angebote ansehen Solch einen Artikel verkaufen",caronda 100% positiv (1.037),https://www.ebay.de/itm/168509283713,ebay_sold_p2.html
116997353680,"GENERIC kompatibel Acrylglas 25-12 für ROLEX Air King 5500 Ø 29,3x28,2x...",30.0,EUR,Neu,Gewerblich,2026-07-02,2. Jul 2026,1,19.0,0,0,"Sofort-Kaufen +EUR 19,00 Lieferung  Italien Ähnliche aktive Angebote ansehen Solch einen Artikel verkaufen","fornitura_boccacci 99,9% positiv (4.089)",https://www.ebay.de/itm/116997353680,ebay_sold_p2.html
116309022905,"ROLEX 1530 Zugschraube Cod. 1530-7882 Kaliber: 1520, 1535, 1555, 1556, 156...",29.0,EUR,Gebraucht,Gewerblich,2026-07-02,2. Jul 2026,1,19.0,0,0,"Sofort-Kaufen +EUR 19,00 Lieferung  Italien Ähnliche aktive Angebote ansehen Solch einen Artikel verkaufen","fornitura_boccacci 99,9% positiv (4.089)",https://www.ebay.de/itm/116309022905,ebay_sold_p2.html
116271412981,"ROLEX 3135 Führungsrad der Spule Cod. 3135-510 Kaliber: 3155, 3156, 3...",40.0,EUR,Gebraucht,Gewerblich,2026-07-02,2. Jul 2026,1,19.0,0,0,"Sofort-Kaufen +EUR 19,00 Lieferung  Italien Ähnliche aktive Angebote ansehen Solch einen Artikel verkaufen","fornitura_boccacci 99,9% positiv (4.089)",https://www.ebay.de/itm/116271412981,ebay_sold_p2.html
236892428445,Rolex Uhren Katalog (D) 2021-2022 & Rolex Magazin (i) unbenutzt NEU,9.5,EUR,Neu,Privat,2026-07-02,2. Jul 2026,1,0.0,1,0,,stadtmichel 100% positiv (1.242),https://www.ebay.de/itm/236892428445,ebay_sold_p2.html
162681274692,Saphirglas für 25-246C Rolex Sapphire Glass 68240 68243 68273 68274 68623,19.9,EUR,Neu,Gewerblich,2026-07-02,2. Jul 2026,1,13.5,0,0,"Sofort-Kaufen +EUR 13,50 Lieferung  Italien Ähnliche aktive Angebote ansehen Solch einen Artikel verkaufen","sabaec 99,9% positiv (22.965)",https://www.ebay.de/itm/162681274692,ebay_sold_p2.html
800270715662,Rolex DayDate dial 18038 18238 36mm,249.86,EUR,Neu (Sonstige),Privat,2026-07-02,2. Jul 2026,1,25.0,0,1,"Preisvorschlag akzeptiert +EUR 25,00 Lieferung  Italien Letzter Artikel Ähnliche aktive Angebote ansehen Solch einen Artikel verkaufen",fa_628642 100% positiv (18),https://www.ebay.de/itm/800270715662,ebay_sold_p2.html
178276062451,Sehr seltenes Zifferblatt Rolex Datejust 1601-1603 schwarz vergoldet tropisch orange nur SWISS,1290.0,EUR,Gebraucht,Privat,2026-07-02,2. Jul 2026,1,30.0,0,1,"Preisvorschlag akzeptiert +EUR 30,00 Lieferung  Italien Ähnliche aktive Angebote ansehen Solch einen Artikel verkaufen",alessandrrinald_74 100% positiv (394),https://www.ebay.de/itm/178276062451,ebay_sold_p2.html
277699409090,NEU Rolex 25-127 Crystal Vetro Plexiglas Submariner 1680 Top Hat No Edge,428.0,EUR,ORIGINAL NEW OLD STOCK - NEU IM ORIGINAL BLISTER,,2026-07-02,2. Jul 2026,1,25.0,0,1,"oder Preisvorschlag +EUR 25,00 Lieferung  Italien Ähnliche aktive Angebote ansehen Solch einen Artikel verkaufen",millerighetime_by_arriwatch 100% positiv (913),https://www.ebay.de/itm/277699409090,ebay_sold_p2.html
366058285909,ROLEX HERREN ARMBAND ERSATZGLIED OYSTER STAHL/STAHL 15.5MM MATT 93150,89.0,EUR,Gebraucht,Gewerblich,2026-07-02,2. Jul 2026,1,0.0,1,1,,"luxus-freund24 99,5% positiv (41.881)",https://www.ebay.de/itm/366058285909,ebay_sold_p2.html
277813887684,Rolex Sapphire Crystal 25-246 67480 77080 Saphirglas LOGO Top Qualität,68.0,EUR,Neu,Gewerblich,2026-07-02,2. Jul 2026,1,25.0,0,0,"Sofort-Kaufen +EUR 25,00 Lieferung  Italien Ähnliche aktive Angebote ansehen Solch einen Artikel verkaufen",millerighetime_by_arriwatch 100% positiv (913),https://www.ebay.de/itm/277813887684,ebay_sold_p2.html
406181550486,#1628 ORIGINAL ROLEX 1555 1556 BALANCE WHEEL COMPLETE HAIRSPRING BLUE UNRUH,499.99,EUR,Gebraucht,Gewerblich,2025-12-15,15. Dez 2025,1,6.95,0,0,,state_of_time 100% positiv (3.802),https://www.ebay.de/itm/406181550486,ebay_sold_p2.html
205402439907,Rolex Cal.2030 Ref.4425,58.0,EUR,Neu,Gewerblich,2026-07-02,2. Jul 2026,1,18.0,0,0,"Sofort-Kaufen +EUR 18,00 Lieferung  Italien Ähnliche aktive Angebote ansehen Solch einen Artikel verkaufen",combattiamolacrisi 100% positiv (8.907),https://www.ebay.de/itm/205402439907,ebay_sold_p2.html
186125263514,Rolex 14060 Submariner No Date Zeiger Lanzette,100.0,EUR,Gebraucht,Gewerblich,2026-07-02,2. Jul 2026,1,30.0,0,1,"oder Preisvorschlag +EUR 30,00 Lieferung  Italien Ähnliche aktive Angebote ansehen Solch einen Artikel verkaufen","the-watchmaker 99,8% positiv (2.266)",https://www.ebay.de/itm/186125263514,ebay_sold_p2.html
236033813203,Rolex NOS Sealed Steel Bezel For Daytona Model Ref 116520 & 16520 Zenith,999.0,EUR,Gebraucht,Gewerblich,2025-12-30,30. Dez 2025,1,49.0,0,1,"Preisvorschlag akzeptiert +EUR 49,00 Lieferung  Frankreich Ähnliche aktive Angebote ansehen Solch einen Artikel verkaufen",spareswatch 100% positiv (556),https://www.ebay.de/itm/236033813203,ebay_sold_p2.html
267715443586,Rolex Jubilee 20mm Oro Acciaio 14K USA Datejust GMT 36mm Bracciale ORIGINALE,1190.0,EUR,Gebraucht,Privat,2026-07-02,2. Jul 2026,1,25.0,0,1,"Preisvorschlag akzeptiert +EUR 25,00 Lieferung  Italien Ähnliche aktive Angebote ansehen Solch einen Artikel verkaufen",fabiovr86 100% positiv (318),https://www.ebay.de/itm/267715443586,ebay_sold_p3.html
277704850643,NEW Rolex 3230-520 Automatisches Zwischenrad Neu im Blister,78.0,EUR,Neu,Gewerblich,2026-07-02,2. Jul 2026,1,25.0,0,0,"Sofort-Kaufen +EUR 25,00 Lieferung  Italien Ähnliche aktive Angebote ansehen Solch einen Artikel verkaufen",millerighetime_by_arriwatch 100% positiv (913),https://www.ebay.de/itm/277704850643,ebay_sold_p3.html
167902505206,WUCHTWELLE BALANCE STAFF FÜR ROLEX CAL 1530 1570 Teil 723,49.0,EUR,Neu (Sonstige),Gewerblich,2026-07-02,2. Jul 2026,1,6.0,0,0,"Sofort-Kaufen +EUR 6,00 Lieferung  Frankreich Ähnliche aktive Angebote ansehen Solch einen Artikel verkaufen",ocoeurdutemps 100% positiv (12.322),https://www.ebay.de/itm/167902505206,ebay_sold_p3.html
193249472046,ROLEX FEDER HANDFEDER 1520 1530 1560 1570 1580 TEIL. 7825,29.0,EUR,Neu (Sonstige),Gewerblich,2026-07-02,2. Jul 2026,1,6.0,0,0,"Sofort-Kaufen +EUR 6,00 Lieferung  Frankreich Ähnliche aktive Angebote ansehen Solch einen Artikel verkaufen",ocoeurdutemps 100% positiv (12.322),https://www.ebay.de/itm/193249472046,ebay_sold_p3.html
404023715215,PAIR of NEW Original Rolex Endlinks 401B Reference: 32-401B-3,480.0,EUR,Neu,Gewerblich,2026-07-02,2. Jul 2026,1,20.0,0,0,"Sofort-Kaufen +EUR 20,00 Lieferung  Spanien Ähnliche aktive Angebote ansehen Solch einen Artikel verkaufen","17jewelswatches 97,1% positiv (256)",https://www.ebay.de/itm/404023715215,ebay_sold_p3.html
167989671056,Rolex Magazin Magazin - Nr. 13 Land-Dweller - Italienische Ausgabe Uhren - 2025,40.0,EUR,Neu (Sonstige),Privat,2026-07-02,2. Jul 2026,1,15.0,0,1,"oder Preisvorschlag +EUR 15,00 Lieferung  Italien Ähnliche aktive Angebote ansehen Solch einen Artikel verkaufen",caronda 100% positiv (1.037),https://www.ebay.de/itm/167989671056,ebay_sold_p3.html
188273334503,Rolex 16803/16808/16613/16618 Insert Bezel (Original/Genuine),300.0,EUR,Gebraucht,Gewerblich,2026-07-02,2. Jul 2026,1,13.0,0,0,"Sofort-Kaufen +EUR 13,00 Lieferung  Italien Ähnliche aktive Angebote ansehen Solch einen Artikel verkaufen","ecol3265 97,9% positiv (655)",https://www.ebay.de/itm/188273334503,ebay_sold_p3.html
205327489198,Rolex GMT Master Dial tropical vintage 16700 16750,489.0,EUR,Gebraucht,Gewerblich,2025-12-21,21. Dez 2025,1,29.0,0,1,"Preisvorschlag akzeptiert +EUR 29,00 Lieferung  Italien Ähnliche aktive Angebote ansehen Solch einen Artikel verkaufen",watchmydial 100% positiv (460),https://www.ebay.de/itm/205327489198,ebay_sold_p3.html
206316459443,Rolex Zifferblatt Daydate 18038/18238,800.0,EUR,Gebraucht,Privat,2026-07-02,2. Jul 2026,1,50.0,0,1,"Preisvorschlag akzeptiert +EUR 50,00 Lieferung  Italien Ähnliche aktive Angebote ansehen Solch einen Artikel verkaufen",stepe4532 100% positiv (538),https://www.ebay.de/itm/206316459443,ebay_sold_p3.html
145659135320,5537 Uhrenwerkzeug Uhrenöffner Gehäuseöffner Schließer für Rolex Tudor Uhren,13.79,EUR,Neu,Gewerblich,2026-05-04,4. Mai 2026,1,0.0,1,0,,"2021happydeal 99,7% positiv (11.775)",https://www.ebay.de/itm/145659135320,ebay_sold_p3.html
236384714024,Rolex Zifferblatt Luminova für Daytona Zenith Modell Ref 16528 | 16518 | 16523,699.0,EUR,Gebraucht,Gewerblich,2026-07-02,2. Jul 2026,1,49.0,0,1,"oder Preisvorschlag +EUR 49,00 Lieferung  Frankreich Ähnliche aktive Angebote ansehen Solch einen Artikel verkaufen",spareswatch 100% positiv (556),https://www.ebay.de/itm/236384714024,ebay_sold_p3.html
276402920829,NEU Rolex 29-295-6-C5 Original Dichtung Daytona Glas 29-295-1-C5 x1pc,38.0,EUR,Brand New - Neu Original,,2026-07-02,2. Jul 2026,1,25.0,0,1,"oder Preisvorschlag +EUR 25,00 Lieferung  Italien Ähnliche aktive Angebote ansehen Solch einen Artikel verkaufen",millerighetime_by_arriwatch 100% positiv (913),https://www.ebay.de/itm/276402920829,ebay_sold_p3.html
276622123743,Rolex 24-6020-0 Original Stahlrohr x Krone 6mm 600 Vintage,68.0,EUR,ORIGINAL VINTAGE - TOP ZUSTAND,,2026-07-02,2. Jul 2026,1,25.0,0,1,"oder Preisvorschlag +EUR 25,00 Lieferung  Italien Ähnliche aktive Angebote ansehen Solch einen Artikel verkaufen",millerighetime_by_arriwatch 100% positiv (913),https://www.ebay.de/itm/276622123743,ebay_sold_p3.html
404298316468,#754 ORIGINAL ROLEX OYSTER PERPETUAL EXPLORER 2 16570 16550 ZIFFERBLATT DIAL,223.85,EUR,Gebraucht,Gewerblich,2026-07-02,2. Jul 2026,1,6.95,0,1,,state_of_time 100% positiv (3.803),https://www.ebay.de/itm/404298316468,ebay_sold_p3.html
404860597804,#622 ORIGINAL ROLEX 3035 DATUMSSCHEIBE DATE DISC WEIß WHITE OPEN 6 & 9 VINTAGE,127.49,EUR,Gebraucht,Gewerblich,2026-07-02,2. Jul 2026,1,6.95,0,0,,state_of_time 100% positiv (3.803),https://www.ebay.de/itm/404860597804,ebay_sold_p3.html
366438093121,ROLEX LEDER ARMBAND DORNSCHLIESSE 10MM 18K 750 MASSIV GOLD GELBGOLD RAR VINTAGE,699.0,EUR,Gebraucht,Gewerblich,2026-07-02,2. Jul 2026,1,0.0,1,1,,"luxus-freund24 99,5% positiv (41.881)",https://www.ebay.de/itm/366438093121,ebay_sold_p3.html
405049859705,#1290 ORIGINAL ROLEX HANG TAG HOLOGRAMM DATEJUST SUBMARINER GMT SIEGEL ANHÄNGER,19.99,EUR,Gebraucht,Gewerblich,2026-07-02,2. Jul 2026,1,6.95,0,0,,state_of_time 100% positiv (3.803),https://www.ebay.de/itm/405049859705,ebay_sold_p3.html
405049875427,#1289 ORIGINAL ROLEX 1993 / 1994 KALENDER CALENDAR KARTE CARD DATEJUST GMT,69.99,EUR,Gebraucht,Gewerblich,2026-07-02,2. Jul 2026,1,6.95,0,0,,state_of_time 100% positiv (3.803),https://www.ebay.de/itm/405049875427,ebay_sold_p3.html
276661869885,Rolex Saphirglas 25-7042 GMT 126720 Sprite Mancino Cyclope 9H LOGO AR,158.0,EUR,TOP QUALITÄT - MIT LOGO - AUTO ENTSPIEGELT,,2026-07-02,2. Jul 2026,1,25.0,0,0,"Sofort-Kaufen +EUR 25,00 Lieferung  Italien Ähnliche aktive Angebote ansehen Solch einen Artikel verkaufen",millerighetime_by_arriwatch 100% positiv (913),https://www.ebay.de/itm/276661869885,ebay_sold_p3.html
188192840825,Rolex Manual Booklet 27tlg Set Oyster Perpetual Datejust Submariner Anleitung,180.97,EUR,Gebraucht,Gewerblich,2026-07-02,2. Jul 2026,1,0.0,1,0,Sofort-Kaufen Gratis Lieferung  Japan Ähnliche aktive Angebote ansehen Solch einen Artikel verkaufen,mikais0 100% positiv (146),https://www.ebay.de/itm/188192840825,ebay_sold_p3.html
203919700442,ROLEX BOOKLET MANUAL ROLEX OYSTER PERPETUAL DATE 2008 ENGLISH UK,89.0,EUR,Gebraucht,Gewerblich,2026-07-02,2. Jul 2026,1,0.0,1,1,,"luxus-freund24 99,5% positiv (41.881)",https://www.ebay.de/itm/203919700442,ebay_sold_p3.html
403854048803,ORIG ROLEX 16013 DATEJUST MEDIUM LADY  BICOLOR BOOKLET 1982  OYSTER PERPETUAL,45.01,EUR,Gebraucht,Gewerblich,2026-07-02,2. Jul 2026,1,6.95,0,0,,state_of_time 100% positiv (3.803),https://www.ebay.de/itm/403854048803,ebay_sold_p3.html
197185942944,"Rolex Factory Service Booklet ""The Care of Your Rolex"" Englisch",19.0,EUR,Neu (Sonstige),Gewerblich,2026-07-02,2. Jul 2026,1,5.0,0,0,,"uhrenfachzentrum 99,6% positiv (1.645)",https://www.ebay.de/itm/197185942944,ebay_sold_p3.html
310127933020,Zeiger passend für Rolex Damen Datejust 2135 67183 67197 69173 69178 69198 69278 79173,25.02,EUR,Neu,Gewerblich,2026-07-02,2. Jul 2026,1,13.29,0,0,"Sofort-Kaufen +EUR 13,29 Lieferung  Vereinigte Staaten von Amerika Ähnliche aktive Angebote ansehen Solch einen Artikel verkaufen","watchpartusa 99,8% positiv (44.142)",https://www.ebay.de/itm/310127933020,ebay_sold_p3.html
377303885330,Rolex Servicekarte Service Card Von Rolex Original Rolex Worle Service NFC Karte,179.0,EUR,Gebraucht,Privat,2026-07-02,2. Jul 2026,1,6.19,0,1,,"dxbf-86 99,5% positiv (331)",https://www.ebay.de/itm/377303885330,ebay_sold_p3.html
376620046360,Rolex Victorinox MiniChamp 0.6385 Pocket Knife Green,250.0,EUR,Gebraucht,Gewerblich,2026-07-01,1. Jul 2026,1,0.0,1,0,,10-bps 100% positiv (115),https://www.ebay.de/itm/376620046360,ebay_sold_p3.html
195051558590,"Rolex Cal.3135 Komplett Inverter Rad ""NEU"" Ref.540 Original",55.0,EUR,Neu (Sonstige),Gewerblich,2026-07-01,1. Jul 2026,1,18.0,0,0,"Sofort-Kaufen +EUR 18,00 Lieferung  Italien Ähnliche aktive Angebote ansehen Solch einen Artikel verkaufen",combattiamolacrisi 100% positiv (8.907),https://www.ebay.de/itm/195051558590,ebay_sold_p3.html
407024928750,"Großes Ersatzteilpaket für Uhren aus Uhrmacher-Nachlass ( Rolex , IWC , Omega ..",1200.0,EUR,Gebraucht,Privat,2026-07-01,1. Jul 2026,1,20.0,0,0,,megenc_0 100% positiv (4),https://www.ebay.de/itm/407024928750,ebay_sold_p3.html
406326051521,GENERIC Kompatible Spule für Rolex Cal 3135 (NEU),25.0,EUR,Neu,Gewerblich,2026-07-01,1. Jul 2026,1,19.0,0,0,"Sofort-Kaufen +EUR 19,00 Lieferung  Italien Ähnliche aktive Angebote ansehen Solch einen Artikel verkaufen","fornitura_boccacci 99,9% positiv (4.089)",https://www.ebay.de/itm/406326051521,ebay_sold_p3.html
310304840394,"2,75 MM DICHTUNG FÜR SAPHIRGLAS FÜR ROLEX 1601 1603 16013 1801 1802 1803 1811",15.58,EUR,Neu,Gewerblich,2026-07-01,1. Jul 2026,1,6.25,0,0,"Sofort-Kaufen +EUR 6,25 Lieferung  Vereinigte Staaten von Amerika Ähnliche aktive Angebote ansehen Solch einen Artikel verkaufen","ewatchparts 99,9% positiv (225.083)",https://www.ebay.de/itm/310304840394,ebay_sold_p3.html
298445726001,"Garantie Rolex Submariner Referenz 16610 !Deutscher Konzessionär,Jahr 1995 !",279.0,EUR,Gebraucht,Privat,2026-07-01,1. Jul 2026,1,0.0,1,0,,krung44 100% positiv (1.000),https://www.ebay.de/itm/298445726001,ebay_sold_p3.html
170996944567,"GEFERTIGTE DIAMANT LÜNETTE FÜR 34 MM ROLEX DATE 1500,1501,1505 15000,15037,15200 WEISS",67.7,EUR,Neu,Gewerblich,2026-07-01,1. Jul 2026,1,10.42,0,0,"Sofort-Kaufen +EUR 10,42 Lieferung  Vereinigte Staaten von Amerika Ähnliche aktive Angebote ansehen Solch einen Artikel verkaufen","ewatchparts 99,9% positiv (225.083)",https://www.ebay.de/itm/170996944567,ebay_sold_p3.html
304617816066,Uhren Öffner Set Werkzeug für Rolex Uhren Reparaturwerkzeuge Uhrenwerkzeug,59.9,EUR,Gebraucht,Gewerblich,2026-07-01,1. Jul 2026,1,0.0,1,0,,"stich396 99,9% positiv (12.548)",https://www.ebay.de/itm/304617816066,ebay_sold_p3.html
186393923050,"Zeigerspiel ""Datejust"" style gelb kompatibel zu Rolex Kal. 3035/3135",21.95,EUR,Neu,Gewerblich,2026-07-01,1. Jul 2026,1,0.0,1,0,,watchparts24 100% positiv (71.339),https://www.ebay.de/itm/186393923050,ebay_sold_p3.html
307036756015,Rolex Cosmograph –  Booklet - 1972 - English,163.0,EUR,Gebraucht,Privat,2026-07-01,1. Jul 2026,1,5.0,0,0,,monschi53 100% positiv (2.813),https://www.ebay.de/itm/307036756015,ebay_sold_p3.html
358558365306,Ref. 124300 COPRI GHIERA ROLEX -Plastic bezel protection. Oyster Perpetual 41mm,30.16,EUR,Neu (Sonstige),Privat,2026-07-01,1. Jul 2026,1,20.0,0,1,"oder Preisvorschlag +EUR 20,00 Lieferung  Italien Ähnliche aktive Angebote ansehen Solch einen Artikel verkaufen",giustrop-78 100% positiv (43),https://www.ebay.de/itm/358558365306,ebay_sold_p3.html
389987261445,Rolex 25-114 Kristallglas Plexiglas Crystal Cyclope Day-Date 1803 Original,159.0,EUR,Neu,Gewerblich,2026-07-01,1. Jul 2026,1,12.5,0,1,"oder Preisvorschlag +EUR 12,50 Lieferung  Italien Ähnliche aktive Angebote ansehen Solch einen Artikel verkaufen",only_quality_stuff_new2026 100% positiv (48),https://www.ebay.de/itm/389987261445,ebay_sold_p3.html
397359962811,ROLEX Oyster Perpetual Day-Date - Zifferblatt,390.0,EUR,Gebraucht,Gewerblich,2026-07-01,1. Jul 2026,1,6.0,0,1,,w.watchparts 100% positiv (1.891),https://www.ebay.de/itm/397359962811,ebay_sold_p3.html
134968705337,Ersatzteile Rolex 3135 Original Original - Ricambi Originali,10.0,EUR,Neu,Gewerblich,2026-07-01,1. Jul 2026,1,30.0,0,0,"Sofort-Kaufen +EUR 30,00 Lieferung  Italien Ähnliche aktive Angebote ansehen Solch einen Artikel verkaufen",afadsrl 100% positiv (2.101),https://www.ebay.de/itm/134968705337,ebay_sold_p3.html
126599008252,ROLEX Original Zifferblatt DATEJUST 16013 16018 16233 3035 3135 DIAL GOLD 36mm,279.0,EUR,Gebraucht,Gewerblich,2026-07-01,1. Jul 2026,1,6.9,0,1,,almawatches 100% positiv (3.677),https://www.ebay.de/itm/126599008252,ebay_sold_p3.html
336174730226,"REPLACEMENT PART ROLEX ORIGINAL CALIBRE.1565, PART.8030.",90.0,EUR,Neu,Gewerblich,2026-07-01,1. Jul 2026,1,16.0,0,0,"Sofort-Kaufen +EUR 16,00 Lieferung  Spanien Letzter Artikel Ähnliche aktive Angebote ansehen Solch einen Artikel verkaufen","dimar2018 99,8% positiv (11.466)",https://www.ebay.de/itm/336174730226,ebay_sold_p3.html
335589469999,VINTAGE ROLEX Certificate Garantie Warranty GUARANTEE 564.00.250.2.89 YEAR 1989,179.99,EUR,Gebraucht,Gewerblich,2026-07-01,1. Jul 2026,1,12.0,0,1,"Preisvorschlag akzeptiert +EUR 12,00 Lieferung  Spanien Ähnliche aktive Angebote ansehen Solch einen Artikel verkaufen",labersuit 100% positiv (893),https://www.ebay.de/itm/335589469999,ebay_sold_p3.html
307026458788,ROLEX Kataloge  2022-23 und 2023-24 Jahrbücher - NEU - Deutsch,18.0,EUR,Neu (Sonstige),Privat,2026-07-01,1. Jul 2026,1,1.0,0,0,,monschi53 100% positiv (2.813),https://www.ebay.de/itm/307026458788,ebay_sold_p3.html
147322164996,ROLEX FASSBRÜCKE 105 - 2235 / BARREL BRIDGE ORIGINAL ERSATZTEIL,55.0,EUR,Gebraucht,Privat,2026-07-01,1. Jul 2026,1,15.0,0,0,"Sofort-Kaufen +EUR 15,00 Lieferung  Italien Ähnliche aktive Angebote ansehen Solch einen Artikel verkaufen",aderaldo_time 100% positiv (1),https://www.ebay.de/itm/147322164996,ebay_sold_p3.html
137470905443,"Ersatzteile Rolex 3186-650, 3186-670, 3186-284 Original Original",275.0,EUR,Neu (Sonstige),Gewerblich,2026-07-01,1. Jul 2026,1,30.0,0,0,"Sofort-Kaufen +EUR 30,00 Lieferung  Italien Ähnliche aktive Angebote ansehen Solch einen Artikel verkaufen",afadsrl 100% positiv (2.101),https://www.ebay.de/itm/137470905443,ebay_sold_p3.html
407024684723,#2080 ORIGINAL ROLEX 2235 - 614 DATE JUMPER SPRING DATUMS SCHALT FEDER,69.99,EUR,Gebraucht,Gewerblich,2026-07-01,1. Jul 2026,1,6.95,0,0,,state_of_time 100% positiv (3.803),https://www.ebay.de/itm/407024684723,ebay_sold_p3.html
286781555888,Rolex GMT Master Rootbeer 16713 16718 Insert Lünette gebraucht Vintage ORIGINAL,250.0,EUR,Gebraucht,Gewerblich,2026-07-01,1. Jul 2026,1,19.5,0,1,"oder Preisvorschlag +EUR 19,50 Lieferung  Italien Ähnliche aktive Angebote ansehen Solch einen Artikel verkaufen","latina_luxury 96,7% positiv (156)",https://www.ebay.de/itm/286781555888,ebay_sold_p3.html
186311064208,ROLEX SUBMARINER 16610LV RINGEINSATZ grün Aftermarket,17.5,EUR,Gebraucht,Gewerblich,2026-07-01,1. Jul 2026,1,13.0,0,0,"Sofort-Kaufen +EUR 13,00 Lieferung  Italien Ähnliche aktive Angebote ansehen Solch einen Artikel verkaufen","watchparts-italy 99,5% positiv (3.454)",https://www.ebay.de/itm/186311064208,ebay_sold_p3.html
226984192165,ROLEX GMT-MASTER 1961 Mode d'emploi brochure originale  Rolex (italien),600.0,EUR,Gebraucht,Privat,2026-07-01,1. Jul 2026,1,20.0,0,1,"Preisvorschlag akzeptiert +EUR 20,00 Lieferung  Frankreich Ähnliche aktive Angebote ansehen Solch einen Artikel verkaufen",marignan75 100% positiv (599),https://www.ebay.de/itm/226984192165,ebay_sold_p3.html
227206248624,Neu NEW Blister Rolex 4130-410 Blister Rad Auspuff,196.9,EUR,Neu,Gewerblich,2026-07-01,1. Jul 2026,1,29.0,0,1,"oder Preisvorschlag +EUR 29,00 Lieferung  Italien Ähnliche aktive Angebote ansehen Solch einen Artikel verkaufen",*rarecollections 100% positiv (1.384),https://www.ebay.de/itm/227206248624,ebay_sold_p3.html
306791861412,ROLEX Zifferblatt Krone Logo Wappen Dial Crown GOLD original,90.0,EUR,Gebraucht,Gewerblich,2026-07-01,1. Jul 2026,1,7.0,0,1,,luxini_hamburg 100% positiv (3.973),https://www.ebay.de/itm/306791861412,ebay_sold_p3.html
172750435886,Ersatzglas Uhr Saphirglas passend zu Rolex Milgauss 116400GV grün,99.95,EUR,Neu,Gewerblich,2026-07-01,1. Jul 2026,1,0.0,1,0,,watchparts24 100% positiv (71.339),https://www.ebay.de/itm/172750435886,ebay_sold_p3.html
800053167632,Rolex 25-116 Plexiglas Crystal Cyclope 1675 | 16750 | 1655 BLISTER,279.0,EUR,Neu,Gewerblich,2026-07-01,1. Jul 2026,1,12.5,0,1,"oder Preisvorschlag +EUR 12,50 Lieferung  Italien Ähnliche aktive Angebote ansehen Solch einen Artikel verkaufen",only_quality_stuff_new2026 100% positiv (48),https://www.ebay.de/itm/800053167632,ebay_sold_p3.html
147307163113,Rolex 78360-SP1 Oyster Anno 1991 Clasp GMT Daytona Datejust Explorer,300.0,EUR,Gebraucht,Privat,2026-07-01,1. Jul 2026,1,20.0,0,1,"Preisvorschlag akzeptiert +EUR 20,00 Lieferung  Italien Ähnliche aktive Angebote ansehen Solch einen Artikel verkaufen",oro-vintage 100% positiv (630),https://www.ebay.de/itm/147307163113,ebay_sold_p3.html
194460391738,ROLEX 3130 3131 3132 3135 3136 3155 3156 3175 3185 TEIL. 311 HAUPTFEDER,36.0,EUR,Neu (Sonstige),Gewerblich,2026-07-01,1. Jul 2026,1,6.0,0,0,"Sofort-Kaufen +EUR 6,00 Lieferung  Frankreich Letzter Artikel Ähnliche aktive Angebote ansehen Solch einen Artikel verkaufen",ocoeurdutemps 100% positiv (12.322),https://www.ebay.de/itm/194460391738,ebay_sold_p3.html
174733021275,Spezial Federstege ohne Schulter 20 mm (2 mm) für neuere Rolex Modelle 2 Stück,6.95,EUR,Neu,Gewerblich,2026-07-01,1. Jul 2026,1,0.0,1,0,,watchparts24 100% positiv (71.339),https://www.ebay.de/itm/174733021275,ebay_sold_p3.html
267707102638,Rolex Jubilee 20mm Gold Stahl 14K USA Datejust GMT 36mm Armband ORIGINAL,1190.0,EUR,Gebraucht,Privat,2026-07-01,1. Jul 2026,1,25.0,0,1,"Preisvorschlag akzeptiert +EUR 25,00 Lieferung  Italien Ähnliche aktive Angebote ansehen Solch einen Artikel verkaufen",fabiovr86 100% positiv (318),https://www.ebay.de/itm/267707102638,ebay_sold_p3.html
405182364841,#1346 ORIGINAL ROLEX SEA DWELLER 1665 MK1 GREAT WHITE ZIFFERBLATT DIAL TRITIUM,2399.99,EUR,Gebraucht,Gewerblich,2026-01-11,11. Jan 2026,1,25.0,0,0,,state_of_time 100% positiv (3.803),https://www.ebay.de/itm/405182364841,ebay_sold_p3.html
405992221940,#1595 MINT ROLEX DAYTONA COSMOGRAPH 116520 SCHWARZ BLACK 4130 ZIFFERBLATT DIAL,1299.99,EUR,Gebraucht,Gewerblich,2026-04-09,9. Apr 2026,1,25.0,0,1,,state_of_time 100% positiv (3.803),https://www.ebay.de/itm/405992221940,ebay_sold_p3.html
406137807702,#1617 NEU ROLEX 126610 SUBMARINER DATE 3235 ZIFFERBLATT DIAL CADRAN 126610LN,1399.99,EUR,Neu (Sonstige),Gewerblich,2026-03-22,22. Mrz 2026,1,25.0,0,1,,state_of_time 100% positiv (3.803),https://www.ebay.de/itm/406137807702,ebay_sold_p3.html
168486920312,rolex submariner 16610 Zifferblatt,102.0,EUR,Neu (Sonstige),Privat,2026-07-01,1. Jul 2026,1,12.0,0,0,"12 Gebote +EUR 20,00 Lieferung  Italien Ähnliche aktive Angebote ansehen Solch einen Artikel verkaufen",nik1680 100% positiv (340),https://www.ebay.de/itm/168486920312,ebay_sold_p3.html
168423946120,"Rolex  Band bracelett 78350 , code H , 1983",550.0,EUR,Gebraucht,Privat,2026-07-01,1. Jul 2026,1,6.19,0,1,,aktuell2051 100% positiv (184),https://www.ebay.de/itm/168423946120,ebay_sold_p3.html
307021036796,"ROLEX - Reise,- Serviceetui - 4447844.719514  (siehe Foto)",19.95,EUR,Neu,Privat,2026-07-01,1. Jul 2026,1,1.0,0,0,,01karsten 100% positiv (1.921),https://www.ebay.de/itm/307021036796,ebay_sold_p3.html
307021034721,"ROLEX - Reise,- Serviceetui - 4447844.8064  (siehe Foto)",19.95,EUR,Neu,Privat,2026-07-01,1. Jul 2026,1,1.0,0,0,,01karsten 100% positiv (1.921),https://www.ebay.de/itm/307021034721,ebay_sold_p3.html
160835797920,"6 GEHÄUSERÖHREN 5,3MM FÜR ROLEX LADY UHR # 5320 MIT DICHTUNG 6917 6919 69000 69173",36.43,EUR,Neu,Gewerblich,2026-06-30,30. Jun 2026,1,10.42,0,0,"Sofort-Kaufen +EUR 10,42 Lieferung  Vereinigte Staaten von Amerika Ähnliche aktive Angebote ansehen Solch einen Artikel verkaufen","ewatchparts 99,9% positiv (225.083)",https://www.ebay.de/itm/160835797920,ebay_sold_p3.html
204798464963,Rolex Lady Date White Roman Dial 6917 6916 69170 69160 ..,299.0,EUR,Gebraucht,Gewerblich,2026-06-30,30. Jun 2026,1,29.0,0,1,"oder Preisvorschlag +EUR 29,00 Lieferung  Italien Ähnliche aktive Angebote ansehen Solch einen Artikel verkaufen",watchmydial 100% positiv (460),https://www.ebay.de/itm/204798464963,ebay_sold_p3.html
204720686559,Rolex Explorer 1 Ref 14270 Vintage T Swiss T Patina Dial,699.0,EUR,Gebraucht,Gewerblich,2025-12-12,12. Dez 2025,1,29.0,0,1,"Preisvorschlag akzeptiert +EUR 29,00 Lieferung  Italien Ähnliche aktive Angebote ansehen Solch einen Artikel verkaufen",watchmydial 100% positiv (460),https://www.ebay.de/itm/204720686559,ebay_sold_p3.html
182342908864,Lünetten-Inlay schwarz kompatibel zu Rolex Submariner 14060 14060M,39.95,EUR,Neu,Gewerblich,2026-06-30,30. Jun 2026,1,0.0,1,0,,watchparts24 100% positiv (71.339),https://www.ebay.de/itm/182342908864,ebay_sold_p3.html
184960212357,"FIT Rolex 25-135 Cyclope Plexiglas für Datejust 16000 ""Schnellauslöser"" 3035",10.0,EUR,Neu (Sonstige),Gewerblich,2026-06-30,30. Jun 2026,1,13.0,0,0,"Sofort-Kaufen +EUR 13,00 Lieferung  Italien Ähnliche aktive Angebote ansehen Solch einen Artikel verkaufen","watchparts-italy 99,5% positiv (3.454)",https://www.ebay.de/itm/184960212357,ebay_sold_p3.html
164552540351,Dichtungen komplett Kit Gaskets for Rolex Submariner 14060,14.9,EUR,Neu,Gewerblich,2026-06-30,30. Jun 2026,1,13.5,0,0,"Sofort-Kaufen +EUR 13,50 Lieferung  Italien Ähnliche aktive Angebote ansehen Solch einen Artikel verkaufen","sabaec 99,9% positiv (22.965)",https://www.ebay.de/itm/164552540351,ebay_sold_p3.html
253471859138,Bergeon 6825-PF Zange passend für Armbanduhren ROLEX Armband SWISS MADE Federstege,223.36,EUR,Neu,Gewerblich,2026-06-30,30. Jun 2026,1,8.75,0,0,"Sofort-Kaufen +EUR 8,75 Lieferung  Frankreich Ähnliche aktive Angebote ansehen Solch einen Artikel verkaufen (1 Produktbewertung)","kd89fr 98,5% positiv (28.285)",https://www.ebay.de/itm/253471859138,ebay_sold_p3.html
164134065354,Mainspring Feder Zugfeder Feder für Rolex 3135,12.9,EUR,Neu (Sonstige),Gewerblich,2026-06-30,30. Jun 2026,1,13.5,0,0,"Sofort-Kaufen +EUR 13,50 Lieferung  Italien Ähnliche aktive Angebote ansehen Solch einen Artikel verkaufen","sabaec 99,9% positiv (22.965)",https://www.ebay.de/itm/164134065354,ebay_sold_p3.html
256851813678,MUELLE REAL-MAINSPRING ROLEX 1530/1570,52.9,EUR,Neu,Privat,2026-06-30,30. Jun 2026,1,29.95,0,0,"Sofort-Kaufen +EUR 29,95 Lieferung  Spanien Ähnliche aktive Angebote ansehen Solch einen Artikel verkaufen",torna-sol 100% positiv (53),https://www.ebay.de/itm/256851813678,ebay_sold_p3.html
227381576800,Rolex 3035 5022 Wie Neu Unruhstopper Feder 3000 3055 3075 3085,20.9,EUR,Gebraucht,Gewerblich,2026-06-30,30. Jun 2026,1,29.0,0,1,"oder Preisvorschlag +EUR 29,00 Lieferung  Italien Ähnliche aktive Angebote ansehen Solch einen Artikel verkaufen",*rarecollections 100% positiv (1.384),https://www.ebay.de/itm/227381576800,ebay_sold_p3.html
206143201273,Rolex Cal.1530/1570/1520 Lauf komplett mit Originalfeder,56.0,EUR,Gebraucht,Gewerblich,2026-06-30,30. Jun 2026,1,18.0,0,0,"Sofort-Kaufen +EUR 18,00 Lieferung  Italien Letzter Artikel Ähnliche aktive Angebote ansehen Solch einen Artikel verkaufen",combattiamolacrisi 100% positiv (8.907),https://www.ebay.de/itm/206143201273,ebay_sold_p3.html
171703298704,UHRZEIGER FÜR ROLEX DAYTONA PAUL NEWMAN UHR 72 72B 727 6263 6239 6265 GOLD,46.86,EUR,Neu,Gewerblich,2026-06-30,30. Jun 2026,1,10.42,0,0,"Sofort-Kaufen +EUR 10,42 Lieferung  Vereinigte Staaten von Amerika Ähnliche aktive Angebote ansehen Solch einen Artikel verkaufen","ewatchparts 99,9% positiv (225.083)",https://www.ebay.de/itm/171703298704,ebay_sold_p3.html
310127938649,Klick passend Rolex Kaliber 2130 2135 #300,21.89,EUR,Neu,Gewerblich,2026-06-30,30. Jun 2026,1,13.18,0,0,"Sofort-Kaufen +EUR 13,18 Lieferung  Vereinigte Staaten von Amerika Ähnliche aktive Angebote ansehen Solch einen Artikel verkaufen","watchpartusa 99,8% positiv (44.142)",https://www.ebay.de/itm/310127938649,ebay_sold_p3.html
164145893776,"Plexiglas 25-19 30,43mm Dome Rolex Crystal Glass Verre 5512 5513 Tudor 9401",8.9,EUR,Neu,Gewerblich,2026-06-30,30. Jun 2026,1,13.5,0,0,"Sofort-Kaufen +EUR 13,50 Lieferung  Italien Ähnliche aktive Angebote ansehen Solch einen Artikel verkaufen","sabaec 99,9% positiv (22.965)",https://www.ebay.de/itm/164145893776,ebay_sold_p3.html
401819305149,BERGEON 5537 Schlüssel zum Öffnen und Schließen von Rolex mit Rillen SWISS MADE,229.99,EUR,Neu,Gewerblich,2026-06-30,30. Jun 2026,1,12.5,0,0,"Sofort-Kaufen +EUR 12,50 Lieferung  Frankreich Ähnliche aktive Angebote ansehen Solch einen Artikel verkaufen","elisabeth9679 97,4% positiv (75.166)",https://www.ebay.de/itm/401819305149,ebay_sold_p3.html
126598918696,ROLEX Zifferblatt GOLD brown Oyster DATE 1502 1503 1505 1508 DIAL 34mm 1570,229.0,EUR,Gebraucht,Gewerblich,2026-06-30,30. Jun 2026,1,5.9,0,1,,almawatches 100% positiv (3.677),https://www.ebay.de/itm/126598918696,ebay_sold_p3.html
198448338893,Rolex 3135 Unruh komplett original neu parachrom balance complete blau,341.0,EUR,Neu (Sonstige),Privat,2026-06-30,30. Jun 2026,1,4.0,0,0,"4 Gebote +EUR 29,00 Lieferung  Italien Ähnliche aktive Angebote ansehen Solch einen Artikel verkaufen",thecostantino2012 100% positiv (230),https://www.ebay.de/itm/198448338893,ebay_sold_p3.html
335253642907,"ROLEX Swiss Minute Pinion 2230-270, For Rolex Movement 2230, Part 270.",85.98,EUR,Neu,Privat,2026-06-30,30. Jun 2026,1,16.66,0,0,"Sofort-Kaufen +EUR 16,66 Lieferung  Ägypten Ähnliche aktive Angebote ansehen Solch einen Artikel verkaufen","makram224662 99,6% positiv (4.341)",https://www.ebay.de/itm/335253642907,ebay_sold_p3.html
265719954699,Rolex Daytona Booklet Set 5 Teilig - englisch von 11.2007 -,115.0,EUR,Gebraucht,Gewerblich,2026-06-30,30. Jun 2026,1,0.0,1,0,,blackpen4810 100% positiv (9.414),https://www.ebay.de/itm/265719954699,ebay_sold_p3.html
287426464290,Rolex 3519 Super Rare Da Revisionare Rolex Precision Lady,299.0,EUR,Gebraucht,Privat,2026-06-30,30. Jun 2026,1,2.0,0,0,"2 Gebote +EUR 70,00 Lieferung  Italien Ähnliche aktive Angebote ansehen Solch einen Artikel verkaufen",davidone70 100% positiv (440),https://www.ebay.de/itm/287426464290,ebay_sold_p3.html
226894318396,Cristal Glass RLX 6917 Para Pieza De Recambios 21.3MM,10.0,EUR,Neu,Gewerblich,2025-12-05,5. Dez 2025,1,0.0,1,0,"Sofort-Kaufen +EUR 9,00 Lieferung  Spanien Kostenloser Rückversand Ähnliche aktive Angebote ansehen Solch einen Artikel verkaufen","eldesguacedelrelojero 99,1% positiv (10.504)",https://www.ebay.de/itm/226894318396,ebay_sold_p3.html
317645139342,Uhr Strap Ersatz Schraube Pins Links für Rolex Uhr Band Armband Armband,29.5,EUR,Neu,Privat,2026-04-23,23. Apr 2026,1,0.0,1,0,Sofort-Kaufen Gratis Lieferung  China Ähnliche aktive Angebote ansehen Solch einen Artikel verkaufen,"jiumy1006 99,6% positiv (884)",https://www.ebay.de/itm/317645139342,ebay_sold_p3.html
317166718135,Saphirglas Ersatz für Ro lex Datejust Oyster Perpetual 126333,18.55,EUR,Neu,Privat,2025-08-16,16. Aug 2025,1,0.0,1,1,oder Preisvorschlag Gratis Lieferung  China Ähnliche aktive Angebote ansehen Solch einen Artikel verkaufen,"jiumy1006 99,6% positiv (884)",https://www.ebay.de/itm/317166718135,ebay_sold_p3.html
127156443700,Saphirglas Ersatz für Ro lex Datejust Oyster Perpetual 126333,17.36,EUR,Neu,Gewerblich,2026-04-28,28. Apr 2026,1,0.0,1,1,Preisvorschlag akzeptiert Gratis Lieferung  China Ähnliche aktive Angebote ansehen Solch einen Artikel verkaufen,"candy-jewelry168 98,3% positiv (1.063)",https://www.ebay.de/itm/127156443700,ebay_sold_p3.html
397347115367,Oszillierender Rotor Gewicht Achsstempelsatz Für Rolex 1570 2130 2235 3135,34.97,EUR,Neu,Gewerblich,2026-01-01,1. Jan 2026,1,0.0,1,1,Preisvorschlag akzeptiert Gratis Lieferung  China Ähnliche aktive Angebote ansehen Solch einen Artikel verkaufen,"anita6100 99,5% positiv (2.417)",https://www.ebay.de/itm/397347115367,ebay_sold_p3.html
317831209276,Watch Crown Tube Insert Remover für Rolex Rlx Tudr Case Tube mit 4 Spitzen,16.77,EUR,Neu,Gewerblich,2026-02-03,3. Feb 2026,1,2.78,0,0,"Sofort-Kaufen +EUR 2,78 Lieferung  China Ähnliche aktive Angebote ansehen Solch einen Artikel verkaufen",cherr-47 99% positiv (9.877),https://www.ebay.de/itm/317831209276,ebay_sold_p3.html
404589882875,#791 ORIGINAL ROLEX 24-603-0 KRONE & TUBUS CROWN TUBE STAHL OYSTER DATEJUST 6mm,100.0,EUR,Gebraucht,Gewerblich,2026-06-30,30. Jun 2026,1,6.95,0,0,,state_of_time 100% positiv (3.803),https://www.ebay.de/itm/404589882875,ebay_sold_p3.html
800147474732,"Original ! Rolex  Rotor  3135, 3130 - 570",142.8,EUR,Neu (Sonstige),Privat,2026-06-30,30. Jun 2026,1,6.53,0,1,,micweis_56 100% positiv (33),https://www.ebay.de/itm/800147474732,ebay_sold_p3.html
336389149330,Watch Crown Tube Insert Remover für Rolex Rlx Tudr Case Tube mit 4 Spitzen,17.72,EUR,Neu,Gewerblich,2026-05-31,31. Mai 2026,1,1.18,0,1,"oder Preisvorschlag +EUR 1,18 Lieferung  China Ähnliche aktive Angebote ansehen Solch einen Artikel verkaufen","freeasy1006 99,7% positiv (486)",https://www.ebay.de/itm/336389149330,ebay_sold_p3.html
304742104284,ROLEX Ankerbrücke cal 1210 1215 movement part 7522 pallet fork bridge original,65.0,EUR,Gebraucht,Gewerblich,2026-06-30,30. Jun 2026,1,7.0,0,1,,luxini_hamburg 100% positiv (3.973),https://www.ebay.de/itm/304742104284,ebay_sold_p3.html
197492820944,MECCANISMO ROLEX CAL. 1210,650.0,EUR,Gebraucht,Gewerblich,2026-06-29,29. Jun 2026,1,30.0,0,1,"Preisvorschlag akzeptiert +EUR 30,00 Lieferung  Italien Ähnliche aktive Angebote ansehen Solch einen Artikel verkaufen",ilbellodellusso 100% positiv (619),https://www.ebay.de/itm/197492820944,ebay_sold_p3.html
198073086561,MECCANISMO ROLEX  CAL. 2135,950.0,EUR,Gebraucht,Gewerblich,2026-06-11,11. Jun 2026,1,30.0,0,1,"oder Preisvorschlag +EUR 30,00 Lieferung  Italien Ähnliche aktive Angebote ansehen Solch einen Artikel verkaufen",ilbellodellusso 100% positiv (619),https://www.ebay.de/itm/198073086561,ebay_sold_p3.html
206038138010,MECCANISMO ROLEX  CAL. 2130,899.0,EUR,Gebraucht,Gewerblich,2026-02-07,7. Feb 2026,1,30.0,0,1,"oder Preisvorschlag +EUR 30,00 Lieferung  Italien Ähnliche aktive Angebote ansehen Solch einen Artikel verkaufen",ilbellodellusso 100% positiv (619),https://www.ebay.de/itm/206038138010,ebay_sold_p3.html
206038145805,MECCANISMO ROLEX  CAL. 1161,849.0,EUR,Gebraucht,Gewerblich,2026-03-17,17. Mrz 2026,1,30.0,0,1,"Preisvorschlag akzeptiert +EUR 30,00 Lieferung  Italien Ähnliche aktive Angebote ansehen Solch einen Artikel verkaufen",ilbellodellusso 100% positiv (619),https://www.ebay.de/itm/206038145805,ebay_sold_p3.html
135726619852,Gehäuseöffner Für Rolex Uhren Uhrmacherwerkzeug Sets Für Gerillte Gehäuseböden~,13.99,EUR,Neu,Gewerblich,2026-06-30,30. Jun 2026,1,0.0,1,0,,"carclipsocket2412 99,4% positiv (20.727)",https://www.ebay.de/itm/135726619852,ebay_sold_p3.html
227213163297,Guter Zustand Rolex 2230-432 grau gebraucht Unruh 2230 2235 Balance,240.9,EUR,Gebraucht,Gewerblich,2026-06-30,30. Jun 2026,1,29.0,0,1,"oder Preisvorschlag +EUR 29,00 Lieferung  Italien Ähnliche aktive Angebote ansehen Solch einen Artikel verkaufen",*rarecollections 100% positiv (1.384),https://www.ebay.de/itm/227213163297,ebay_sold_p3.html
406337456570,"#1665 ORIGINAL ROLEX 24-530-0 KRONE & TUBUS CROWN TUBE STAHL OYSTER 5,3mm M",129.99,EUR,Gebraucht,Gewerblich,2026-06-30,30. Jun 2026,1,6.95,0,0,,state_of_time 100% positiv (3.803),https://www.ebay.de/itm/406337456570,ebay_sold_p3.html
374310305553,"Original Rolex Krone 6 mm Stahl für Ref. 1400, 1500, 1600, 16000 gebraucht",99.0,EUR,Gebraucht,Gewerblich,2026-06-30,30. Jun 2026,1,0.0,1,0,,"sandtuhr 99,8% positiv (54.529)",https://www.ebay.de/itm/374310305553,ebay_sold_p3.html
267708289218,Rolex Air King 34mm Türkis Zifferblatt Ref. 14000,170.0,EUR,Neu (Sonstige),Privat,2026-06-30,30. Jun 2026,1,30.0,0,1,"oder Preisvorschlag +EUR 30,00 Lieferung  Italien Ähnliche aktive Angebote ansehen Solch einen Artikel verkaufen",giacoromel 100% positiv (76),https://www.ebay.de/itm/267708289218,ebay_sold_p3.html
186388984162,SAPHIRGLAS 25-295 C FÜR ROLEX DATEJUST - SUBMARINER - GMT - EXPLORER 2 - YACH,23.0,EUR,Neu,Gewerblich,2026-06-30,30. Jun 2026,1,13.0,0,0,"Sofort-Kaufen +EUR 13,00 Lieferung  Italien Ähnliche aktive Angebote ansehen Solch einen Artikel verkaufen","watchparts-italy 99,5% positiv (3.454)",https://www.ebay.de/itm/186388984162,ebay_sold_p3.html
327236761339,70’s Rolex Pepsi Insert Fat Font Red Back for GMT-Master Ref. 1675,1250.0,EUR,Gebraucht,Privat,2026-06-30,30. Jun 2026,1,59.0,0,0,"Sofort-Kaufen +EUR 59,00 Lieferung  Frankreich Ähnliche aktive Angebote ansehen Solch einen Artikel verkaufen",kafefouete72 100% positiv (66),https://www.ebay.de/itm/327236761339,ebay_sold_p3.html
398026375615,Rolex 2030 - 4442 Ressort friction de roue de couronne - Friction spring,34.5,EUR,Gebraucht,Gewerblich,2026-06-24,24. Jun 2026,1,9.0,0,0,"Sofort-Kaufen +EUR 9,00 Lieferung  Frankreich Letzter Artikel Ähnliche aktive Angebote ansehen Solch einen Artikel verkaufen","manz15 99,5% positiv (8.231)",https://www.ebay.de/itm/398026375615,ebay_sold_p3.html
188462068937,Little Mickey At’9 Precision 6694 Zifferblatt Zifferblatt Kaliber 1520,299.0,EUR,Neu (Sonstige),Gewerblich,2026-06-30,30. Jun 2026,1,30.0,0,1,"oder Preisvorschlag +EUR 30,00 Lieferung  Italien Ähnliche aktive Angebote ansehen Solch einen Artikel verkaufen",debswatch 100% positiv (37),https://www.ebay.de/itm/188462068937,ebay_sold_p3.html
173164201618,Armbandglied Stahl gebürstet/poliert kompatibel zum Rolex Jubilé 6251 H 20 mm,49.95,EUR,Neu,Gewerblich,2026-06-29,29. Jun 2026,1,0.0,1,0,,watchparts24 100% positiv (71.339),https://www.ebay.de/itm/173164201618,ebay_sold_p3.html
396244983648,ROLEX 2130 - 0915-1 Chaton de balancier - In Einstellung für Balance,51.75,EUR,Gebraucht,Gewerblich,2026-06-29,29. Jun 2026,1,9.0,0,0,"Sofort-Kaufen +EUR 9,00 Lieferung  Frankreich Ähnliche aktive Angebote ansehen Solch einen Artikel verkaufen","manz15 99,5% positiv (8.231)",https://www.ebay.de/itm/396244983648,ebay_sold_p3.html
277802969178,Rolex Katalog  2019-2020 mit Preisliste,19.9,EUR,Neu (Sonstige),Privat,2026-06-29,29. Jun 2026,1,0.0,1,0,,fargoklonk 100% positiv (649),https://www.ebay.de/itm/277802969178,ebay_sold_p3.html
389499747877,ORIGINAL ROLEX 1500 1501 GEHÄUSE CASE & DIAL & HANDS OYSTER PERPETUAL DATE 1965,349.0,EUR,Gebraucht,Privat,2026-06-29,29. Jun 2026,1,9.9,0,1,,vintagerlx 100% positiv (70),https://www.ebay.de/itm/389499747877,ebay_sold_p3.html
198446663556,Original Rolex Kaliber 3135-145 Automatikgruppe,292.0,EUR,Neu (Sonstige),Privat,2026-06-29,29. Jun 2026,1,7.0,0,0,"7 Gebote +EUR 24,00 Lieferung  Italien Ähnliche aktive Angebote ansehen Solch einen Artikel verkaufen",thecostantino2012 100% positiv (230),https://www.ebay.de/itm/198446663556,ebay_sold_p3.html
204895654848,Rolex Submariner Tropical Vintage 16613 16618 16803 Zeiger Set,599.0,EUR,Gebraucht,Gewerblich,2026-06-29,29. Jun 2026,1,29.0,0,1,"oder Preisvorschlag +EUR 29,00 Lieferung  Italien Ähnliche aktive Angebote ansehen Solch einen Artikel verkaufen",watchmydial 100% positiv (460),https://www.ebay.de/itm/204895654848,ebay_sold_p3.html
205678782521,Rolex 2030-4424 Riesenrad Great Wheel Original Ersatzteile,30.0,EUR,Neu (Sonstige),Gewerblich,2026-06-29,29. Jun 2026,1,14.99,0,0,"Sofort-Kaufen +EUR 14,99 Lieferung  Italien Ähnliche aktive Angebote ansehen Solch einen Artikel verkaufen",lookatvintagetime 100% positiv (420),https://www.ebay.de/itm/205678782521,ebay_sold_p3.html
188339231349,Rolex 3135 - 410 Escape Wheel (ORIGINAL/ORIGINAL),30.0,EUR,Gebraucht,Gewerblich,2026-06-29,29. Jun 2026,1,13.0,0,0,"Sofort-Kaufen +EUR 13,00 Lieferung  Italien Ähnliche aktive Angebote ansehen Solch einen Artikel verkaufen","ecol3265 97,9% positiv (655)",https://www.ebay.de/itm/188339231349,ebay_sold_p3.html
398094721481,Rolex Oyster Perpetual Zifferblatt Schwarz Explorer Style Ref 1002 Cal 1570 X12,50.0,EUR,Gebraucht,Gewerblich,2026-06-29,29. Jun 2026,1,1.0,0,0,,"strolchi007 99,3% positiv (1.336)",https://www.ebay.de/itm/398094721481,ebay_sold_p3.html
398094721433,Rolex Oysterdate Precision Zifferblatt Silber Ref 6694 Cal 1225 27mm Dial X11,50.0,EUR,Gebraucht,Gewerblich,2026-06-29,29. Jun 2026,1,1.0,0,0,,"strolchi007 99,3% positiv (1.336)",https://www.ebay.de/itm/398094721433,ebay_sold_p3.html
398094721435,Original Rolex Oyster Perpetual Zifferblatt Schwarz 3-6-9 Refurbished 1002 X10,50.0,EUR,Gebraucht,Gewerblich,2026-06-29,29. Jun 2026,1,1.0,0,0,,"strolchi007 99,3% positiv (1.336)",https://www.ebay.de/itm/398094721435,ebay_sold_p3.html
398094721431,Original Rolex Datejust Medium 31mm Zifferblatt Weiß Römisch Gold Cal. 2135 X5,50.0,EUR,Gebraucht,Gewerblich,2026-06-29,29. Jun 2026,1,1.0,0,0,,"strolchi007 99,3% positiv (1.336)",https://www.ebay.de/itm/398094721431,ebay_sold_p3.html
234685521004,Extrem seltenes Rolex Nos Stick Zifferblatt für Modell GMT Master 2 Ref 16713 16718,2499.0,EUR,Gebraucht,Gewerblich,2026-06-29,29. Jun 2026,1,49.0,0,1,"oder Preisvorschlag +EUR 49,00 Lieferung  Frankreich Ähnliche aktive Angebote ansehen Solch einen Artikel verkaufen",spareswatch 100% positiv (556),https://www.ebay.de/itm/234685521004,ebay_sold_p3.html
398094721489,Original Rolex Oyster Perpetual Zifferblatt Schwarz Aufgefrischt Ref. 1002 X6,50.0,EUR,Gebraucht,Gewerblich,2026-06-29,29. Jun 2026,1,1.0,0,0,,"strolchi007 99,3% positiv (1.336)",https://www.ebay.de/itm/398094721489,ebay_sold_p3.html
398094721485,Original Rolex Oyster Precision Zifferblatt Silber Sunbeam Vintage 6426 X3,62.0,EUR,Gebraucht,Gewerblich,2026-06-29,29. Jun 2026,1,4.0,0,0,,"strolchi007 99,3% positiv (1.336)",https://www.ebay.de/itm/398094721485,ebay_sold_p3.html
336637011509,"Rolex GMT-Master Zifferblatt schwarz „Swiss only“ dial, 16700, 16710, 16750,",439.0,EUR,Gebraucht,Privat,2026-06-29,29. Jun 2026,1,0.0,1,1,,wauzi8 100% positiv (715),https://www.ebay.de/itm/336637011509,ebay_sold_p3.html
404523728466,#933 NOS ROLEX 1225 7595 DATUM FEDER DATEDISC WORKING 1210 1220 1200 1215 PART,89.0,EUR,Gebraucht,Gewerblich,2025-12-11,11. Dez 2025,1,6.95,0,0,,state_of_time 100% positiv (3.803),https://www.ebay.de/itm/404523728466,ebay_sold_p3.html
389993000818,Rolex 24-600-8 Gold Krone Gold Crown 1601 | 1803 | 1501 NOS Original,299.0,EUR,Neu (Sonstige),Gewerblich,2026-06-29,29. Jun 2026,1,12.5,0,1,"oder Preisvorschlag +EUR 12,50 Lieferung  Italien Ähnliche aktive Angebote ansehen Solch einen Artikel verkaufen",only_quality_stuff_new2026 100% positiv (48),https://www.ebay.de/itm/389993000818,ebay_sold_p3.html
117257841312,Rolex Katalog Uhrenkatalog 2017 - 2018 incl. Preisliste in Euro Deutschland,4.95,EUR,Gebraucht,Privat,2026-06-29,29. Jun 2026,1,1.0,0,0,,m.o.d.67 100% positiv (889),https://www.ebay.de/itm/117257841312,ebay_sold_p3.html
167415582017,GILT 1:1 ETA 2836 2824 Watch Hands for Rolex 6538 Big Crown Submariner Handset,120.0,EUR,Gebraucht,Privat,2026-06-29,29. Jun 2026,1,5.49,0,1,,letsbuyit2236 100% positiv (559),https://www.ebay.de/itm/167415582017,ebay_sold_p3.html
160320535220,Passend für Rolex 3135 Antriebsrad für Ratschenrad Teil # 510,36.48,EUR,Neu,Gewerblich,2026-06-29,29. Jun 2026,1,13.66,0,0,"Sofort-Kaufen +EUR 13,66 Lieferung  Vereinigte Staaten von Amerika Ähnliche aktive Angebote ansehen Solch einen Artikel verkaufen","watchpartusa 99,8% positiv (44.142)",https://www.ebay.de/itm/160320535220,ebay_sold_p3.html
127835583168,Original ROLEX NOS GMT Inlay Bezel Lünette 16713 16718 Insert Root Tiger Gold,320.0,EUR,Neu (Sonstige),Gewerblich,2026-06-29,29. Jun 2026,1,6.9,0,1,,almawatches 100% positiv (3.677),https://www.ebay.de/itm/127835583168,ebay_sold_p3.html
227012456745,Rolex 4030-240 Neu NEW Blister X1 Stück Schieberitzelwaage Yoke,141.9,EUR,Neu,Gewerblich,2026-06-29,29. Jun 2026,1,29.0,0,1,"oder Preisvorschlag +EUR 29,00 Lieferung  Italien Ähnliche aktive Angebote ansehen Solch einen Artikel verkaufen",*rarecollections 100% positiv (1.384),https://www.ebay.de/itm/227012456745,ebay_sold_p3.html
127782354426,Rolex GMT Master Lünette Pepsi - 16710 / 16760 / 16700,400.0,EUR,Neu (Sonstige),Gewerblich,2026-06-29,29. Jun 2026,1,0.0,1,0,,"chronext_shop 97,9% positiv (542)",https://www.ebay.de/itm/127782354426,ebay_sold_p3.html
204793963017,"Rolex Caliber 1530,1570-7883 Setting Lever Jumper Movement Genuine used (R295A)",40.0,EUR,Gebraucht,Gewerblich,2026-06-29,29. Jun 2026,1,5.0,0,0,,kian-werke 100% positiv (7.720),https://www.ebay.de/itm/204793963017,ebay_sold_p3.html
188207496695,Rolex 16610 16800 16600 Lancette Zeiger Submariner Sea Dweller Original Original,320.0,EUR,Gebraucht,Gewerblich,2026-06-29,29. Jun 2026,1,30.0,0,1,"oder Preisvorschlag +EUR 30,00 Lieferung  Italien Ähnliche aktive Angebote ansehen Solch einen Artikel verkaufen","the-watchmaker 99,8% positiv (2.266)",https://www.ebay.de/itm/188207496695,ebay_sold_p3.html
188207562609,Rolex 16610 16600 16800 Lanzettenzeiger Original Original,320.0,EUR,Gebraucht,Gewerblich,2026-06-29,29. Jun 2026,1,30.0,0,1,"oder Preisvorschlag +EUR 30,00 Lieferung  Italien Ähnliche aktive Angebote ansehen Solch einen Artikel verkaufen","the-watchmaker 99,8% positiv (2.266)",https://www.ebay.de/itm/188207562609,ebay_sold_p3.html
188207518171,Rolex 16610 16600 16800 Lanzettenzeiger Original Original,320.0,EUR,Gebraucht,Gewerblich,2026-06-29,29. Jun 2026,1,30.0,0,1,"oder Preisvorschlag +EUR 30,00 Lieferung  Italien Ähnliche aktive Angebote ansehen Solch einen Artikel verkaufen","the-watchmaker 99,8% positiv (2.266)",https://www.ebay.de/itm/188207518171,ebay_sold_p3.html
277767866819,"Rolex 24-530-0 Krone Stahl Original 5,3mm",78.0,EUR,Neu,Gewerblich,2026-06-29,29. Jun 2026,1,25.0,0,0,"Sofort-Kaufen +EUR 25,00 Lieferung  Italien Ähnliche aktive Angebote ansehen Solch einen Artikel verkaufen",millerighetime_by_arriwatch 100% positiv (913),https://www.ebay.de/itm/277767866819,ebay_sold_p3.html
164554767274,Dichtungen komplett Kit Gaskets for Rolex Datejust 16200 - 16220 - 16233 - 16234,6.9,EUR,Neu,Gewerblich,2026-06-29,29. Jun 2026,1,13.5,0,0,"Sofort-Kaufen +EUR 13,50 Lieferung  Italien Ähnliche aktive Angebote ansehen Solch einen Artikel verkaufen","sabaec 99,9% positiv (22.965)",https://www.ebay.de/itm/164554767274,ebay_sold_p3.html
336037626086,"FLUTED BEZEL RING WHITEGOLD PLATTED for ROLEX DATEJUST 36mm 1601, 16014",60.0,EUR,Neu,Gewerblich,2026-06-29,29. Jun 2026,1,7.0,0,0,,old-crowns-com 100% positiv (289),https://www.ebay.de/itm/336037626086,ebay_sold_p3.html
168241748163,Original Rolex Aufzugswelle 3135-201 OEM - 3130 3155 3175 3185 3186 Winding Stem,13.0,EUR,Neu (Sonstige),Privat,2026-06-29,29. Jun 2026,1,2.89,0,1,,chronohaus 100% positiv (100),https://www.ebay.de/itm/168241748163,ebay_sold_p3.html
176643719965,Lünetten-Inlay schwarz/gold kompatibel zu Rolex GMT-Master I 1675/3 1675/8 16753,34.95,EUR,Neu,Gewerblich,2026-06-29,29. Jun 2026,1,0.0,1,0,,watchparts24 100% positiv (71.339),https://www.ebay.de/itm/176643719965,ebay_sold_p3.html
178203333039,HOROTEC 07.305 Sortiment Tressen für Uhrenböden von Rolex und Tudor,67.31,EUR,Neu,Gewerblich,2026-06-29,29. Jun 2026,1,9.99,0,0,"Sofort-Kaufen +EUR 9,99 Lieferung  Frankreich Ähnliche aktive Angebote ansehen Solch einen Artikel verkaufen","elisabeth9679 97,4% positiv (75.166)",https://www.ebay.de/itm/178203333039,ebay_sold_p3.html
195957141065,Rolex daytona 116528 sfera secondi centro rossa oro giallo 15-359 originale,175.0,EUR,Neu,Gewerblich,2025-12-02,2. Dez 2025,1,12.0,0,1,"Preisvorschlag akzeptiert +EUR 12,00 Lieferung  Italien Ähnliche aktive Angebote ansehen Solch einen Artikel verkaufen","sebi_1611 99,8% positiv (1.567)",https://www.ebay.de/itm/195957141065,ebay_sold_p3.html
226902741774,Wie Neu Rolex 3135-432 Blue Neu Full Unruh Parachrom Blue Balanc,548.9,EUR,Gebraucht,Gewerblich,2026-06-29,29. Jun 2026,1,29.0,0,1,"oder Preisvorschlag +EUR 29,00 Lieferung  Italien Ähnliche aktive Angebote ansehen Solch einen Artikel verkaufen",*rarecollections 100% positiv (1.384),https://www.ebay.de/itm/226902741774,ebay_sold_p3.html
235904009584,Rolex Explorer 2 Anleitung Englisch,45.0,EUR,Neu (Sonstige),Privat,2026-06-29,29. Jun 2026,1,5.0,0,0,"Sofort-Kaufen +EUR 5,00 Lieferung  Frankreich Ähnliche aktive Angebote ansehen Solch einen Artikel verkaufen",mohvr6 100% positiv (66),https://www.ebay.de/itm/235904009584,ebay_sold_p3.html
358733942181,Rolex/ Bucherer Werbegeschenk,30.0,EUR,Gebraucht,Privat,2026-06-29,29. Jun 2026,1,5.19,0,0,,beatfein_0 100% positiv (95),https://www.ebay.de/itm/358733942181,ebay_sold_p3.html
147312412775,"Rolex 25-295 Vetro Sapphire Sapphire Glass GMT, DateJ, Sub 16610 16710 -Original",44.0,EUR,Gebraucht,Privat,2026-06-29,29. Jun 2026,1,10.0,0,0,"Sofort-Kaufen +EUR 10,00 Lieferung  Italien Ähnliche aktive Angebote ansehen Solch einen Artikel verkaufen",aderaldo_time 100% positiv (1),https://www.ebay.de/itm/147312412775,ebay_sold_p3.html
335070130643,"REPLACEMENT PART ROLEX ORIGINAL CALIBRE.3000-3035-3055-3075, REF.310",114.45,EUR,Neu (Sonstige),Gewerblich,2026-06-29,29. Jun 2026,1,16.0,0,0,"Sofort-Kaufen +EUR 16,00 Lieferung  Spanien Ähnliche aktive Angebote ansehen Solch einen Artikel verkaufen","dimar2018 99,8% positiv (11.466)",https://www.ebay.de/itm/335070130643,ebay_sold_p3.html
206141520913,rolex daytona dial silver racing quadrante 116519 116509 luminova original,830.0,EUR,Gebraucht,Privat,2026-06-29,29. Jun 2026,1,30.0,0,1,"Preisvorschlag akzeptiert +EUR 30,00 Lieferung  Italien Ähnliche aktive Angebote ansehen Solch einen Artikel verkaufen",stepe4532 100% positiv (538),https://www.ebay.de/itm/206141520913,ebay_sold_p3.html
307027902816,Rolex 6238 Service Case mit Originalpapier,1000.0,EUR,Gebraucht,Privat,2026-06-29,29. Jun 2026,1,25.0,0,0,"Sofort-Kaufen +EUR 25,00 Lieferung  Frankreich Ähnliche aktive Angebote ansehen Solch einen Artikel verkaufen","aurelieconigli0 89,7% positiv (89)",https://www.ebay.de/itm/307027902816,ebay_sold_p3.html
325251442847,ROLEX Buch weiß Hardcover Katalog/Broschüre mit Preisliste top,11.8,EUR,Neu,Privat,2026-06-29,29. Jun 2026,1,3.5,0,1,,"podelinchen 93,8% positiv (393)",https://www.ebay.de/itm/325251442847,ebay_sold_p3.html
187037303502,"Original ROLEX Datumscheibe für 3155, champagner",349.95,EUR,Gebraucht,Gewerblich,2026-06-27,27. Jun 2026,1,0.0,1,0,,watchparts24 100% positiv (71.339),https://www.ebay.de/itm/187037303502,ebay_sold_p3.html
168455744094,Ultra Rare Genuine Rolex Tag Geneva Bienne Cosc Daytona Submariner Gmt year '70,140.0,EUR,Neu (Sonstige),Privat,2026-06-29,29. Jun 2026,1,15.0,0,1,"Preisvorschlag akzeptiert +EUR 15,00 Lieferung  Italien Ähnliche aktive Angebote ansehen Solch einen Artikel verkaufen",caronda 100% positiv (1.037),https://www.ebay.de/itm/168455744094,ebay_sold_p3.html
317812897421,"Original Rolex Cal.1036 GMT für Rolex 6542 Wheel Kit (7100,7101,7102,7061,7062)",1400.0,EUR,Neu (Sonstige),Privat,2026-06-29,29. Jun 2026,1,65.0,0,0,"Sofort-Kaufen +EUR 65,00 Lieferung  Italien Ähnliche aktive Angebote ansehen Solch einen Artikel verkaufen",mttfnc 100% positiv (16),https://www.ebay.de/itm/317812897421,ebay_sold_p3.html
404635810648,#1027 ORIGINAL ROLEX GMT MASTER 2 CERAMIC 116710LN 116710  KERAMIK BEZEL LÜNETTE,488.74,EUR,Gebraucht,Gewerblich,2026-06-29,29. Jun 2026,1,6.95,0,0,,state_of_time 100% positiv (3.803),https://www.ebay.de/itm/404635810648,ebay_sold_p3.html
177768487539,"ROLEX - Broschüre, kleiner Katalog, 2013, mit Preisliste, Sprache Deutsch",9.0,EUR,Neu (Sonstige),Privat,2026-06-29,29. Jun 2026,1,1.8,0,0,,eoxonkel 100% positiv (119),https://www.ebay.de/itm/177768487539,ebay_sold_p3.html
800126396992,Rolex Katalog 2018-2019 mit Preisliste füe Rolex Liebhaber uns Samler,10.0,EUR,Gebraucht,Privat,2026-06-29,29. Jun 2026,1,0.0,1,0,,dazale_75 100% positiv (9),https://www.ebay.de/itm/800126396992,ebay_sold_p3.html
127937139314,Daytona 116520 Rolex Original Lünette,188.07,EUR,Gebraucht,Gewerblich,2026-06-25,25. Jun 2026,1,0.0,1,0,"Sofort-Kaufen +EUR 17,44 Lieferung  Japan Kostenloser Rückversand Ähnliche aktive Angebote ansehen Solch einen Artikel verkaufen","j_popular_shop 99,3% positiv (1.606)",https://www.ebay.de/itm/127937139314,ebay_sold_p3.html
127937139139,"Rolex Explorer II, weißes Zifferblatt",168.0,EUR,Gebraucht,Gewerblich,2026-06-23,23. Jun 2026,1,0.0,1,0,"Sofort-Kaufen +EUR 17,44 Lieferung  Japan Kostenloser Rückversand Ähnliche aktive Angebote ansehen Solch einen Artikel verkaufen","j_popular_shop 99,3% positiv (1.606)",https://www.ebay.de/itm/127937139139,ebay_sold_p3.html
186397421933,"ROLEX 3135-5452 SCHRAUBE FÜR SPIRALFEDERZAUM 5452, VITE DE BRIDA DEL SPIRALE SWI",15.5,EUR,Neu,Gewerblich,2026-06-28,28. Jun 2026,1,13.0,0,0,"Sofort-Kaufen +EUR 13,00 Lieferung  Italien Ähnliche aktive Angebote ansehen Solch einen Artikel verkaufen","watchparts-italy 99,5% positiv (3.454)",https://www.ebay.de/itm/186397421933,ebay_sold_p3.html
168352797747,Rolex Air King Precision Vintage 5500 Dial Case 34mm Kugeln Cal 1520,650.0,EUR,Gebraucht,Privat,2026-06-28,28. Jun 2026,1,20.0,0,1,"Preisvorschlag akzeptiert +EUR 20,00 Lieferung  Italien Ähnliche aktive Angebote ansehen Solch einen Artikel verkaufen",ricambi-vintage 100% positiv (28),https://www.ebay.de/itm/168352797747,ebay_sold_p3.html
366345441600,ROLEX OYSTER STAHL/GOLD ARMBAND FALTSCHLIESSE 16MM 78793 VINTAGE SCHÖN WIE NEU 2,1099.0,EUR,Gebraucht,Gewerblich,2026-06-28,28. Jun 2026,1,0.0,1,1,,"luxus-freund24 99,5% positiv (41.881)",https://www.ebay.de/itm/366345441600,ebay_sold_p3.html
405196550373,"#1355 NEU ORIG. ROLEX 15,4mm BANDGLIED OYSTER GMT EXPLORER 14270 16710 16760",149.99,EUR,Gebraucht,Gewerblich,2025-12-06,6. Dez 2025,1,6.95,0,0,,state_of_time 100% positiv (3.803),https://www.ebay.de/itm/405196550373,ebay_sold_p3.html
389909214779,Rolex Lancette Vintage Explorer / Submariner,110.52,EUR,Gebraucht,Privat,2026-06-28,28. Jun 2026,1,12.0,0,1,"Preisvorschlag akzeptiert +EUR 12,00 Lieferung  Italien Ähnliche aktive Angebote ansehen Solch einen Artikel verkaufen",tomatime 100% positiv (50),https://www.ebay.de/itm/389909214779,ebay_sold_p3.html
406695617997,#1834 ORIGINAL ROLEX 24-603-0 KRONE  CROWN STAHL OYSTER DATEJUST 6mm,139.99,EUR,Gebraucht,Gewerblich,2026-06-28,28. Jun 2026,1,6.95,0,0,,state_of_time 100% positiv (3.803),https://www.ebay.de/itm/406695617997,ebay_sold_p3.html
188537744973,Zifferblatt Zifferblatt blau Zirkonia passend für Rolex Datejust 1601 1603 Cal. 1570,269.0,EUR,Neu (Sonstige),Gewerblich,2026-06-28,28. Jun 2026,1,30.0,0,1,"oder Preisvorschlag +EUR 30,00 Lieferung  Italien Ähnliche aktive Angebote ansehen Solch einen Artikel verkaufen",debswatch 100% positiv (37),https://www.ebay.de/itm/188537744973,ebay_sold_p3.html
188378182491,Zifferblatt Zifferblatt Türkis Zirkonia Rolex Datejust 1601 1603 Cal. 1570,249.0,EUR,Neu (Sonstige),Gewerblich,2026-06-28,28. Jun 2026,1,30.0,0,1,"oder Preisvorschlag +EUR 30,00 Lieferung  Italien Ähnliche aktive Angebote ansehen Solch einen Artikel verkaufen",debswatch 100% positiv (37),https://www.ebay.de/itm/188378182491,ebay_sold_p3.html
407011275767,ROLEX KALENDER CARD 1976 - Daytona - Submariner - Milgauss - GMT Master - Explor,150.0,EUR,Neu (Sonstige),Privat,2026-06-28,28. Jun 2026,1,1.0,0,0,"1 Gebot +EUR 3,00 Lieferung  Österreich Ähnliche aktive Angebote ansehen Solch einen Artikel verkaufen","herzb78 98,2% positiv (53)",https://www.ebay.de/itm/407011275767,ebay_sold_p3.html
205131501680,Rolex Submariner 16610 16800 Creme Vintage Zeiger Set,499.0,EUR,Gebraucht,Gewerblich,2026-06-28,28. Jun 2026,1,29.0,0,1,"oder Preisvorschlag +EUR 29,00 Lieferung  Italien Ähnliche aktive Angebote ansehen Solch einen Artikel verkaufen",watchmydial 100% positiv (460),https://www.ebay.de/itm/205131501680,ebay_sold_p3.html
310127072378,Leuchtzeiger für Rolex Kaliber 1530 1560 1570 Oyster Perpetual,25.02,EUR,Neu,Gewerblich,2026-06-28,28. Jun 2026,1,13.29,0,0,"Sofort-Kaufen +EUR 13,29 Lieferung  Vereinigte Staaten von Amerika Ähnliche aktive Angebote ansehen Solch einen Artikel verkaufen","watchpartusa 99,8% positiv (44.142)",https://www.ebay.de/itm/310127072378,ebay_sold_p3.html
405065576371,#1302 ROLEX 3135-105 PLATINE FEDERHAUS BRÜCKE BARREL BRIDGE WERKSPLATINE PART,62.6,EUR,Gebraucht,Gewerblich,2025-12-05,5. Dez 2025,1,6.95,0,0,,state_of_time 100% positiv (3.803),https://www.ebay.de/itm/405065576371,ebay_sold_p3.html
157957638285,Rolex Daytona 4130 - Technical Manual Oiling - Watchmaker Repair Service Guide,19.9,EUR,Neu,Privat,2026-06-28,28. Jun 2026,1,0.0,1,1,oder Preisvorschlag Gratis Lieferung  Frankreich Ähnliche aktive Angebote ansehen Solch einen Artikel verkaufen,joshua07g 100% positiv (155),https://www.ebay.de/itm/157957638285,ebay_sold_p3.html
206114650457,ROLEX LÜNETTE BEZEL DAYTONA HERREN UHR  116528 GOLD TOP ZUSTAND R12,1999.0,EUR,Gebraucht,Gewerblich,2026-06-28,28. Jun 2026,1,0.0,1,1,,"luxus-freund24 99,5% positiv (41.881)",https://www.ebay.de/itm/206114650457,ebay_sold_p3.html
197063478921,Rolex 31A-116618 DOT Subamriner 116613 116618 oro kit pallino luminoso completo,190.0,EUR,Neu,Gewerblich,2025-08-06,6. Aug 2025,1,12.0,0,1,"oder Preisvorschlag +EUR 12,00 Lieferung  Italien Ähnliche aktive Angebote ansehen Solch einen Artikel verkaufen","sebi_1611 99,8% positiv (1.567)",https://www.ebay.de/itm/197063478921,ebay_sold_p3.html
178242009223,Rolex Katalog 2021 incl. Preisliste,7.0,EUR,Neu (Sonstige),Privat,2026-06-28,28. Jun 2026,1,1.0,0,0,,edel1901 100% positiv (793),https://www.ebay.de/itm/178242009223,ebay_sold_p3.html
406187236050,#1631 ROLEX OYSTER BANDGLIED GLIED 116500 116710 116520 116200 116234 116264,129.99,EUR,Gebraucht,Gewerblich,2026-06-28,28. Jun 2026,1,6.95,0,0,,state_of_time 100% positiv (3.803),https://www.ebay.de/itm/406187236050,ebay_sold_p3.html
800154313499,Set 16200 Brillanten Zifferblatt und Ring,500.0,EUR,Neu (Sonstige),Privat,2026-06-28,28. Jun 2026,1,25.0,0,1,"Preisvorschlag akzeptiert +EUR 25,00 Lieferung  Italien Ähnliche aktive Angebote ansehen Solch einen Artikel verkaufen",fa_628642 100% positiv (18),https://www.ebay.de/itm/800154313499,ebay_sold_p3.html
226889784394,Original Rolex Katalog 2021 - 2022 + Preisliste D 01 / 2022  NEU,12.99,EUR,Neu,Gewerblich,2026-06-28,28. Jun 2026,1,0.0,1,1,,"vk-games-resell 99,4% positiv (636)",https://www.ebay.de/itm/226889784394,ebay_sold_p3.html
127897571926,NEU ! ORiG. ROLEX OYSTER ERSATZGLIEDER FÜR AIRKING 116900  1 gr. u. 1 kl. Glied,135.0,EUR,Neu (Sonstige),Privat,2026-06-28,28. Jun 2026,1,0.0,1,1,,sinagerd 100% positiv (180),https://www.ebay.de/itm/127897571926,ebay_sold_p3.html
267711133375,ROLEX Katalog + Preisliste 2002,8.0,EUR,Gebraucht,Privat,2026-06-28,28. Jun 2026,1,1.0,0,1,,thorjr 100% positiv (996),https://www.ebay.de/itm/267711133375,ebay_sold_p3.html
326969098753,"ROLEX Katalog  2018  DEEPSEA, DAYTONA, GMT MASTER, DATE JUST mit Preisliste",16.0,EUR,Neu (Sonstige),Privat,2026-06-28,28. Jun 2026,1,2.7,0,1,,tanti900 100% positiv (507),https://www.ebay.de/itm/326969098753,ebay_sold_p3.html
326969109101,"ROLEX Katalog von 2019 - 2020, Hardcover,  47 Seiten mit Preisliste",12.0,EUR,Neu (Sonstige),Privat,2026-06-28,28. Jun 2026,1,2.7,0,1,,tanti900 100% positiv (507),https://www.ebay.de/itm/326969109101,ebay_sold_p3.html
158015833354,Uhrenkatalog Rolex,5.0,EUR,Gebraucht,Privat,2026-06-28,28. Jun 2026,1,1.0,0,1,,jeho67 100% positiv (665),https://www.ebay.de/itm/158015833354,ebay_sold_p3.html
162750522607,Plexiglas für 25-145 Rolex Crystal Glass Uhrenglas Verre 5700N 15000 15010,8.9,EUR,Neu,Gewerblich,2026-06-28,28. Jun 2026,1,13.5,0,0,"Sofort-Kaufen +EUR 13,50 Lieferung  Italien Ähnliche aktive Angebote ansehen Solch einen Artikel verkaufen","sabaec 99,9% positiv (22.965)",https://www.ebay.de/itm/162750522607,ebay_sold_p3.html
405835150875,#A19 ORIG ROLEX BANDGLIED GLIED 116500 116710 116520 116400 116300 126334 126300,129.99,EUR,Gebraucht,Gewerblich,2026-06-28,28. Jun 2026,1,6.95,0,0,,state_of_time 100% positiv (3.803),https://www.ebay.de/itm/405835150875,ebay_sold_p3.html
266449552687,Rolex GMT Master II Zifferblatt 16713 16718 - Original - SWISS T 25 Schaden gedreht,190.0,EUR,Gebraucht,Privat,2026-06-28,28. Jun 2026,1,29.0,0,1,"oder Preisvorschlag +EUR 29,00 Lieferung  Italien Ähnliche aktive Angebote ansehen Solch einen Artikel verkaufen",fabiovr86 100% positiv (318),https://www.ebay.de/itm/266449552687,ebay_sold_p3.html
275703477170,Rolex Sapphire Crystal 25- 295C-C1 Saphirglas LOGO Datejust Submariner GMT,68.0,EUR,TOP QUALITÄT - MIT LOGO,,2026-06-28,28. Jun 2026,1,25.0,0,0,"Sofort-Kaufen +EUR 25,00 Lieferung  Italien Ähnliche aktive Angebote ansehen Solch einen Artikel verkaufen",millerighetime_by_arriwatch 100% positiv (913),https://www.ebay.de/itm/275703477170,ebay_sold_p3.html
276193570059,Rolex Sapphire Crystal 25-286-C1 Saphirglas Submariner 14060 Top Qualität,48.0,EUR,TOP QUALITÄT - OHNE LOGO,,2026-06-28,28. Jun 2026,1,25.0,0,0,"Sofort-Kaufen +EUR 25,00 Lieferung  Italien Ähnliche aktive Angebote ansehen Solch einen Artikel verkaufen",millerighetime_by_arriwatch 100% positiv (913),https://www.ebay.de/itm/276193570059,ebay_sold_p3.html
404648591683,#1035 ORIGINAL ROLEX 69173 ZIFFERBLATT DIAL LADY DATEJUST 26 CHAMPAGNER DIAMOND,273.69,EUR,Gebraucht,Gewerblich,2025-12-08,8. Dez 2025,1,6.95,0,0,,state_of_time 100% positiv (3.803),https://www.ebay.de/itm/404648591683,ebay_sold_p3.html
236575133045,"Ersatz Uhrenkrone Gold – kompatibel mit Rolex – Ø 5,3 / 6 / 7mm",9.99,EUR,Neu (Sonstige),Gewerblich,2026-06-28,28. Jun 2026,1,3.1,0,0,,"pickly24 93,8% positiv (434)",https://www.ebay.de/itm/236575133045,ebay_sold_p3.html
298297114310,ROLEX Day Date 18038 36 mm Zifferblatt Roman Dial Gold cal 3055 original,490.0,EUR,Gebraucht,Gewerblich,2026-06-27,27. Jun 2026,1,7.0,0,1,,luxini_hamburg 100% positiv (3.973),https://www.ebay.de/itm/298297114310,ebay_sold_p3.html
168478857339,Ultra Rare Genuine Rolex Tag Chronometer Geneva Cosc Oysterquartz year '70/'80,250.0,EUR,Neu (Sonstige),Privat,2026-06-27,27. Jun 2026,1,15.0,0,0,"Sofort-Kaufen +EUR 15,00 Lieferung  Italien Ähnliche aktive Angebote ansehen Solch einen Artikel verkaufen",caronda 100% positiv (1.037),https://www.ebay.de/itm/168478857339,ebay_sold_p3.html
167767898814,Rare Genuine Rolex Box 68.00.3 70er Jahre Rare Box 6264 6542 5513 1625 6238,230.0,EUR,Gebraucht,Privat,2026-06-27,27. Jun 2026,1,20.0,0,1,"Preisvorschlag akzeptiert +EUR 20,00 Lieferung  Italien Ähnliche aktive Angebote ansehen Solch einen Artikel verkaufen",caronda 100% positiv (1.037),https://www.ebay.de/itm/167767898814,ebay_sold_p3.html
364354534055,ROLEX PRÄSIDENT ARMBAND ERSATZGLIED LINK GLIED 18K 750 MASSIVGOLD 16MM,499.0,EUR,Gebraucht,Gewerblich,2026-06-27,27. Jun 2026,1,0.0,1,1,,"luxus-freund24 99,5% positiv (41.881)",https://www.ebay.de/itm/364354534055,ebay_sold_p3.html
267685830533,Zifferblatt Zifferblatt Silber Minnie Rolex Precision 6694,170.0,EUR,Neu (Sonstige),Privat,2026-06-27,27. Jun 2026,1,15.0,0,1,"Preisvorschlag akzeptiert +EUR 15,00 Lieferung  Italien Ähnliche aktive Angebote ansehen Solch einen Artikel verkaufen",giacoromel 100% positiv (76),https://www.ebay.de/itm/267685830533,ebay_sold_p3.html
204254034461,ROLEX Aufzugsstange - Kaliber 280,23.0,EUR,Gebraucht,Gewerblich,2026-06-27,27. Jun 2026,1,9.0,0,0,"Sofort-Kaufen +EUR 9,00 Lieferung  Frankreich Letzter Artikel Ähnliche aktive Angebote ansehen Solch einen Artikel verkaufen","manz15 99,5% positiv (8.231)",https://www.ebay.de/itm/204254034461,ebay_sold_p3.html
206334163173,Rolex 3135 Indicateur de date blanc - Date indicator,80.5,EUR,Gebraucht,Gewerblich,2026-06-27,27. Jun 2026,1,9.0,0,0,"Sofort-Kaufen +EUR 9,00 Lieferung  Frankreich Ähnliche aktive Angebote ansehen Solch einen Artikel verkaufen","manz15 99,5% positiv (8.231)",https://www.ebay.de/itm/206334163173,ebay_sold_p3.html
188192021590,Rolex Original/Original 16233 25-295c Saphirglas GEBRAUCHT,50.0,EUR,Gebraucht,Gewerblich,2026-06-27,27. Jun 2026,1,12.0,0,0,"Sofort-Kaufen +EUR 12,00 Lieferung  Italien Ähnliche aktive Angebote ansehen Solch einen Artikel verkaufen","ecol3265 97,9% positiv (655)",https://www.ebay.de/itm/188192021590,ebay_sold_p3.html
146726208286,Rolex Sea-Dweller Anker - 300m = 1000ft - Vintage Zubehör Selten,119.0,EUR,Gebraucht,Gewerblich,2026-06-27,27. Jun 2026,1,10.0,0,1,"Preisvorschlag akzeptiert +EUR 10,00 Lieferung  Frankreich Ähnliche aktive Angebote ansehen Solch einen Artikel verkaufen",manvstime 100% positiv (2.082),https://www.ebay.de/itm/146726208286,ebay_sold_p3.html
206317124185,ROLEX LEDER ARMBAND DORNSCHLIESSE CLASP BUCKLE 14MM STAHL,249.0,EUR,Gebraucht,Gewerblich,2026-06-27,27. Jun 2026,1,0.0,1,1,,"luxus-freund24 99,5% positiv (41.881)",https://www.ebay.de/itm/206317124185,ebay_sold_p3.html
405250318099,#1391 ORIGINAL ROLEX 1500 GEHÄUSE CASE SET DECKEL BACK OYSTER PERPETUAL DATE,349.0,EUR,Gebraucht,Gewerblich,2026-06-27,27. Jun 2026,1,6.95,0,0,,state_of_time 100% positiv (3.803),https://www.ebay.de/itm/405250318099,ebay_sold_p3.html
365915310270,rolex uhrwerk cal 1600,360.0,EUR,Gebraucht,Gewerblich,2026-06-27,27. Jun 2026,1,2.0,0,0,"Sofort-Kaufen +EUR 2,00 Lieferung  Italien Ähnliche aktive Angebote ansehen Solch einen Artikel verkaufen",antiquus-watch 100% positiv (11),https://www.ebay.de/itm/365915310270,ebay_sold_p3.html
384719446965,Lünette Bezel Inlay braun-gold kompatibel zu Rolex Submariner 1665 1680 5512/13,28.0,EUR,Neu (Sonstige),Gewerblich,2026-06-27,27. Jun 2026,1,5.0,0,0,,"sekowatchworld 99,1% positiv (1.120)",https://www.ebay.de/itm/384719446965,ebay_sold_p3.html
117207271227,GENERIC kompatibler Einsatz schwarz 16800 für Rolex Sub 16610 (NEU),25.0,EUR,Neu,Gewerblich,2026-06-27,27. Jun 2026,1,19.0,0,0,"Sofort-Kaufen +EUR 19,00 Lieferung  Italien Ähnliche aktive Angebote ansehen Solch einen Artikel verkaufen","fornitura_boccacci 99,9% positiv (4.089)",https://www.ebay.de/itm/117207271227,ebay_sold_p3.html
389365242127,Rolex Magazin Ausgabe 08 Deutsch,16.0,EUR,Neu (Sonstige),Privat,2026-06-27,27. Jun 2026,1,6.19,0,1,,norddeutsch-0 100% positiv (16),https://www.ebay.de/itm/389365242127,ebay_sold_p3.html
125958682456,Aluminium Einsatz für Rolex Submariner Ring Grün Silber 16610 16800,22.5,EUR,Neu,Gewerblich,2026-06-27,27. Jun 2026,1,10.0,0,0,"Sofort-Kaufen +EUR 10,00 Lieferung  Italien Ähnliche aktive Angebote ansehen Solch einen Artikel verkaufen","azario_1873 99,8% positiv (35.563)",https://www.ebay.de/itm/125958682456,ebay_sold_p3.html
168389257989,Seltene Original Rolex Box 68.00.06 80er Jahre 1675 16750 5513 1625 1680 1655 16550,190.0,EUR,Gebraucht,Privat,2026-06-26,26. Jun 2026,1,20.0,0,1,"Preisvorschlag akzeptiert +EUR 20,00 Lieferung  Italien Ähnliche aktive Angebote ansehen Solch einen Artikel verkaufen",caronda 100% positiv (1.037),https://www.ebay.de/itm/168389257989,ebay_sold_p3.html
184338241177,Bandschraube für RLX Stahlarmbänder Edelstahl Armbänder Schraube Screw Spezial,6.95,EUR,Neu,Gewerblich,2026-06-26,26. Jun 2026,1,0.0,1,0,,watchparts24 100% positiv (71.339),https://www.ebay.de/itm/184338241177,ebay_sold_p3.html
172414172222,"Saphir Ersatzglas kompatibel zu ROLEX Yachtmaster 168622, Datejust 68240",59.95,EUR,Neu,Gewerblich,2026-06-26,26. Jun 2026,1,0.0,1,0,,watchparts24 100% positiv (71.339),https://www.ebay.de/itm/172414172222,ebay_sold_p3.html
135308996492,"Rolex Hinweis ""Metalltyp"" Original",10.0,EUR,Neu,Privat,2026-06-26,26. Jun 2026,1,15.0,0,0,"Sofort-Kaufen +EUR 15,00 Lieferung  Italien Ähnliche aktive Angebote ansehen Solch einen Artikel verkaufen",sindsa0 99% positiv (187),https://www.ebay.de/itm/135308996492,ebay_sold_p3.html
171192477530,UHRZEIGER FÜR ROLEX HERREN GMT II - EXPLORER II UHRWERK 3185-3186 16713 SILBER,36.43,EUR,Neu,Gewerblich,2026-06-26,26. Jun 2026,1,10.42,0,0,"Sofort-Kaufen +EUR 10,42 Lieferung  Vereinigte Staaten von Amerika Ähnliche aktive Angebote ansehen Solch einen Artikel verkaufen","ewatchparts 99,9% positiv (225.083)",https://www.ebay.de/itm/171192477530,ebay_sold_p3.html
188545947477,ROLEX GMT MASTER II 16713 16718 SWISS MADE DIAL ORIGINAL ZIFFERBLATT CAL 3185 3186,599.0,EUR,Gebraucht,Gewerblich,2026-06-26,26. Jun 2026,1,30.0,0,1,"Preisvorschlag akzeptiert +EUR 30,00 Lieferung  Italien Ähnliche aktive Angebote ansehen Solch einen Artikel verkaufen",debswatch 100% positiv (37),https://www.ebay.de/itm/188545947477,ebay_sold_p3.html
205147609744,Rolex 2030 - 4438 Aufzugsstange - Vorbau,23.0,EUR,Gebraucht,Gewerblich,2026-06-26,26. Jun 2026,1,9.0,0,0,"Sofort-Kaufen +EUR 9,00 Lieferung  Frankreich Ähnliche aktive Angebote ansehen Solch einen Artikel verkaufen","manz15 99,5% positiv (8.231)",https://www.ebay.de/itm/205147609744,ebay_sold_p3.html
377230882712,Rolex Servicekarte Service Card Von Rolex Original Rolex Worle Service NFC Karte,179.0,EUR,Gebraucht,Privat,2026-06-26,26. Jun 2026,1,6.19,0,1,,"dxbf-86 99,5% positiv (331)",https://www.ebay.de/itm/377230882712,ebay_sold_p3.html
170969327014,SAPHIR UHRENGLAS FÜR 39MM ROLEX OYSTER PERPETUAL EXPLORER I 214270 114300,41.64,EUR,Neu,Gewerblich,2026-06-26,26. Jun 2026,1,10.42,0,0,"Sofort-Kaufen +EUR 10,42 Lieferung  Vereinigte Staaten von Amerika Ähnliche aktive Angebote ansehen Solch einen Artikel verkaufen","ewatchparts 99,9% positiv (225.083)",https://www.ebay.de/itm/170969327014,ebay_sold_p3.html
126598927531,"ROLEX Bubbleback 241 24-5-1 18k GOLD Original KRONE CROWN 5,2mm",269.0,EUR,Gebraucht,Gewerblich,2026-06-26,26. Jun 2026,1,5.9,0,1,,almawatches 100% positiv (3.677),https://www.ebay.de/itm/126598927531,ebay_sold_p3.html
115917191386,"ROLEX 1525 Mittelrad Cod. 7950 Kaliber: 1525, 1565, 1570, 1575 (TOP ZUSTAND)",65.0,EUR,Gebraucht,Gewerblich,2026-06-26,26. Jun 2026,1,19.0,0,0,"Sofort-Kaufen +EUR 19,00 Lieferung  Italien Ähnliche aktive Angebote ansehen Solch einen Artikel verkaufen","fornitura_boccacci 99,9% positiv (4.089)",https://www.ebay.de/itm/115917191386,ebay_sold_p3.html
204433325077,1 x Original Rolex Gmt Master II 3186-183 Date Platform neue Zustand (R165C),65.0,EUR,Neu (Sonstige),Gewerblich,2026-06-26,26. Jun 2026,1,5.0,0,0,,kian-werke 100% positiv (7.720),https://www.ebay.de/itm/204433325077,ebay_sold_p3.html
318506709567,Rolex Booklet Universal Übersetzung 2005 Handbuch Broschüre,100.0,EUR,Neu,Privat,2026-06-26,26. Jun 2026,1,25.0,0,0,"Sofort-Kaufen +EUR 25,00 Lieferung  Italien Ähnliche aktive Angebote ansehen Solch einen Artikel verkaufen",gmass_01 100% positiv (12),https://www.ebay.de/itm/318506709567,ebay_sold_p3.html
116221231637,"GENERIC Zugfeder kompatibel für ROLEX Cal. 3030 3035 Kaliber: 3030, 303...",18.0,EUR,Neu,Gewerblich,2026-06-26,26. Jun 2026,1,19.0,0,0,"Sofort-Kaufen +EUR 19,00 Lieferung  Italien Ähnliche aktive Angebote ansehen Solch einen Artikel verkaufen","fornitura_boccacci 99,9% positiv (4.089)",https://www.ebay.de/itm/116221231637,ebay_sold_p3.html
406325903322,GENERIC kompatible Schwingmasseachse für ROLEX Cal. 3035 (NEU),20.0,EUR,Neu,Gewerblich,2026-06-26,26. Jun 2026,1,19.0,0,0,"Sofort-Kaufen +EUR 19,00 Lieferung  Italien Ähnliche aktive Angebote ansehen Solch einen Artikel verkaufen","fornitura_boccacci 99,9% positiv (4.089)",https://www.ebay.de/itm/406325903322,ebay_sold_p3.html
178115263383,Saphirglas Ersatz für Ro lex Datejust Oyster Perpetual 126333,17.42,EUR,Neu,Gewerblich,2026-06-26,26. Jun 2026,1,0.0,1,1,oder Preisvorschlag Gratis Lieferung  China Ähnliche aktive Angebote ansehen Solch einen Artikel verkaufen,"injoys2 99,4% positiv (1.697)",https://www.ebay.de/itm/178115263383,ebay_sold_p3.html
186260185109,"ROLEX 1120 SCHRAUBE FÜR EINSTELLHEBEL 1120 6649, VITE DEL TIRETTO 1120 6649 SWISS",23.0,EUR,Neu,Gewerblich,2026-06-26,26. Jun 2026,1,13.0,0,0,"Sofort-Kaufen +EUR 13,00 Lieferung  Italien Ähnliche aktive Angebote ansehen Solch einen Artikel verkaufen","watchparts-italy 99,5% positiv (3.454)",https://www.ebay.de/itm/186260185109,ebay_sold_p3.html
184960209886,"Rolex 3035 Swiss Trage Feder kompatibel, Mainspring 3035 3030 3055 3075",16.0,EUR,Neu (Sonstige),Gewerblich,2026-06-26,26. Jun 2026,1,13.0,0,0,"Sofort-Kaufen +EUR 13,00 Lieferung  Italien Ähnliche aktive Angebote ansehen Solch einen Artikel verkaufen","watchparts-italy 99,5% positiv (3.454)",https://www.ebay.de/itm/184960209886,ebay_sold_p3.html
188386215960,Rolex Katalog 2021-2022 mit Preisliste,10.0,EUR,Neu (Sonstige),Privat,2026-06-26,26. Jun 2026,1,6.19,0,1,,samuel_malone 100% positiv (5.026),https://www.ebay.de/itm/188386215960,ebay_sold_p3.html
800207432805,Orig. Rolex Design 16710 Gmt Master II Coke Case Gehäuse Serie A aus 1998 / 99,2189.0,EUR,Gebraucht,Privat,2026-06-26,26. Jun 2026,1,7.0,0,0,,vintagerlx 100% positiv (70),https://www.ebay.de/itm/800207432805,ebay_sold_p3.html
137439288837,Brandneu Original Rolex 3000 311 Mainspring Uhrwerk Kaliber 3000-311,50.0,EUR,Neu,Privat,2026-06-26,26. Jun 2026,1,15.0,0,1,"oder Preisvorschlag +EUR 15,00 Lieferung  Frankreich Letzter Artikel Ähnliche aktive Angebote ansehen Solch einen Artikel verkaufen",e-watch_parts 100% positiv (15),https://www.ebay.de/itm/137439288837,ebay_sold_p3.html
306790218774,ROLEX Kalenderrad Datumsrad cal 2030 2035 part 4514 date wheel original,50.0,EUR,Gebraucht,Gewerblich,2026-06-26,26. Jun 2026,1,7.0,0,0,,luxini_hamburg 100% positiv (3.973),https://www.ebay.de/itm/306790218774,ebay_sold_p3.html
397358314280,Gehäuseöffner Für Rolex Uhren Uhrmacherwerkzeug Sets Für Gerillte Gehäuseböden ~,15.92,EUR,Neu,Gewerblich,2026-04-17,17. Apr 2026,1,0.0,1,1,,"motorkkayy222 99,8% positiv (1.950)",https://www.ebay.de/itm/397358314280,ebay_sold_p3.html
175119436738,"Zugfeder für AS 577.301, 1000, 1030, KF 17-10, 350, ROL 1001 TIS 3000",19.95,EUR,Neu,Gewerblich,2026-05-11,11. Mai 2026,1,0.0,1,0,,watchparts24 100% positiv (71.339),https://www.ebay.de/itm/175119436738,ebay_sold_p3.html
127851815476,Aufzugsstange für ROLEX 1030-1035,8.0,EUR,Neu,Privat,2026-06-26,26. Jun 2026,1,6.0,0,0,"Sofort-Kaufen +EUR 6,00 Lieferung  Frankreich Ähnliche aktive Angebote ansehen Solch einen Artikel verkaufen",yatdun 100% positiv (297),https://www.ebay.de/itm/127851815476,ebay_sold_p3.html
800144582500,Rolex DayDate Zifferblatt 18038 18238 36mm,249.86,EUR,Neu (Sonstige),Privat,2026-06-26,26. Jun 2026,1,25.0,0,1,"Preisvorschlag akzeptiert +EUR 25,00 Lieferung  Italien Ähnliche aktive Angebote ansehen Solch einen Artikel verkaufen",fa_628642 100% positiv (18),https://www.ebay.de/itm/800144582500,ebay_sold_p3.html
164554820909,Dichtungen komplett Kit Gaskets for Rolex Oyster Precision 6694,6.9,EUR,Neu,Gewerblich,2026-06-26,26. Jun 2026,1,13.5,0,0,"Sofort-Kaufen +EUR 13,50 Lieferung  Italien Ähnliche aktive Angebote ansehen Solch einen Artikel verkaufen","sabaec 99,9% positiv (22.965)",https://www.ebay.de/itm/164554820909,ebay_sold_p3.html
357682819402,Rolex Oyster Perpetual Date Salmon Tritium Dial 15200 15000 15210,499.0,EUR,Gebraucht,Gewerblich,2026-06-26,26. Jun 2026,1,19.0,0,1,,luxewatchesgermany 100% positiv (92),https://www.ebay.de/itm/357682819402,ebay_sold_p3.html
358517401900,Rolex Submariner Date ORIGINAL ROLEX - FULL CASE NO HOLES - SERIE Y7 (Gehäuse + Rückseite,3690.0,EUR,Gebraucht,Gewerblich,2026-06-26,26. Jun 2026,1,25.0,0,1,"Preisvorschlag akzeptiert +EUR 25,00 Lieferung  Italien Ähnliche aktive Angebote ansehen Solch einen Artikel verkaufen",soavegroup 100% positiv (1.114),https://www.ebay.de/itm/358517401900,ebay_sold_p3.html
295423061838,ROLEX Deckplatte cal 3135 3155 3175 3185 part 268 COVER MECHANISM original,45.0,EUR,Gebraucht,Gewerblich,2026-06-26,26. Jun 2026,1,7.0,0,0,,luxini_hamburg 100% positiv (3.973),https://www.ebay.de/itm/295423061838,ebay_sold_p3.html
311618538672,"Lünette Zugfeder für Rolex Submariner 5513, 5512, 1680, 5508, 5517",17.67,EUR,Neu,Gewerblich,2026-06-26,26. Jun 2026,1,13.05,0,0,"Sofort-Kaufen +EUR 13,05 Lieferung  Vereinigte Staaten von Amerika Ähnliche aktive Angebote ansehen Solch einen Artikel verkaufen","watchpartusa 99,8% positiv (44.142)",https://www.ebay.de/itm/311618538672,ebay_sold_p3.html
188378149959,Zifferblatt Zifferblatt blau Zirkonia datejust All Model 36mm Cal. 3035 3135,299.0,EUR,Neu (Sonstige),Gewerblich,2026-06-25,25. Jun 2026,1,30.0,0,1,"oder Preisvorschlag +EUR 30,00 Lieferung  Italien Ähnliche aktive Angebote ansehen Solch einen Artikel verkaufen",debswatch 100% positiv (37),https://www.ebay.de/itm/188378149959,ebay_sold_p3.html
315236028807,Rolex Original English 'Champagne' Disc Day-Date 1803 etc. NOS 303,109.0,EUR,Neu (Sonstige),Privat,2026-06-25,25. Jun 2026,1,14.0,0,0,"Sofort-Kaufen +EUR 14,00 Lieferung  Italien Ähnliche aktive Angebote ansehen Solch einen Artikel verkaufen",filzu54 100% positiv (77),https://www.ebay.de/itm/315236028807,ebay_sold_p3.html
336563961220,Rolex Submariner 126610LN LV Armbandglied 21mm Link Glied Zubehör,31.75,EUR,Gebraucht,Privat,2026-06-25,25. Jun 2026,1,6.19,0,1,,eazy_bay1 100% positiv (184),https://www.ebay.de/itm/336563961220,ebay_sold_p3.html
205000870531,"NOS Original Winding Stem for Rolex 1530, 1535, 1555, 1556, 1570 1575 New (R393)",25.0,EUR,Neu,Gewerblich,2026-06-25,25. Jun 2026,1,5.0,0,0,,kian-werke 100% positiv (7.720),https://www.ebay.de/itm/205000870531,ebay_sold_p4.html
170725699572,3 SAPHIRGLAS FÜR LADY 26MM ROLEX DATEJUST 206C 61173 69174 69179 69190,83.34,EUR,Neu,Gewerblich,2026-06-25,25. Jun 2026,1,10.42,0,0,"Sofort-Kaufen +EUR 10,42 Lieferung  Vereinigte Staaten von Amerika Ähnliche aktive Angebote ansehen Solch einen Artikel verkaufen","ewatchparts 99,9% positiv (225.083)",https://www.ebay.de/itm/170725699572,ebay_sold_p4.html
357682821445,Rolex Day-Date Blue Dial 18038/18238,1577.0,EUR,Gebraucht,Gewerblich,2026-06-25,25. Jun 2026,1,19.0,0,1,,luxewatchesgermany 100% positiv (92),https://www.ebay.de/itm/357682821445,ebay_sold_p4.html
405107555440,ONE NEW Original Rolex Fitting with Link 7834-11 Ref: 32-370-0.,150.0,EUR,Neu (Sonstige),Gewerblich,2026-06-25,25. Jun 2026,1,20.0,0,0,"Sofort-Kaufen +EUR 20,00 Lieferung  Spanien Ähnliche aktive Angebote ansehen Solch einen Artikel verkaufen","17jewelswatches 97,1% positiv (256)",https://www.ebay.de/itm/405107555440,ebay_sold_p4.html
204851565138,100% Originales Rolex Day-Date Booklet Aus 2021 In English new,35.0,EUR,Neu (Sonstige),Gewerblich,2026-06-25,25. Jun 2026,1,5.0,0,0,,kian-werke 100% positiv (7.720),https://www.ebay.de/itm/204851565138,ebay_sold_p4.html
318136049032,Rolex Oyster Service Saphirglas mit Dichtung sapphire crystal gasket 25/295-C,299.0,EUR,Gebraucht,Gewerblich,2026-06-24,24. Jun 2026,1,0.0,1,1,,eBay Top-Service,https://www.ebay.de/itm/318136049032,ebay_sold_p4.html
126334957990,SELTENE OMEGA CONSTELLATION 114ST6545 EDELSTAHL LINK 14MM,60.0,EUR,Neu (Sonstige),Gewerblich,2026-06-25,25. Jun 2026,1,15.0,0,0,"Sofort-Kaufen +EUR 15,00 Lieferung  Italien Ähnliche aktive Angebote ansehen Solch einen Artikel verkaufen",sales-watch-parts 100% positiv (441),https://www.ebay.de/itm/126334957990,ebay_sold_p4.html
336617961523,Rolex 31Mm Individueller Pink Diamant Zifferblatt Für Datejust/Präsidenten Uhren,362.25,EUR,Gebraucht,Gewerblich,2026-06-24,24. Jun 2026,1,0.0,1,0,Sofort-Kaufen Gratis Lieferung  Vereinigte Staaten von Amerika Ähnliche aktive Angebote ansehen Solch einen Artikel verkaufen,"goldumnyc 99,3% positiv (40.762)",https://www.ebay.de/itm/336617961523,ebay_sold_p4.html
336567766073,Rolex 26mm Dark Blue Diamant Zifferblatt Für Datejust/President,307.14,EUR,Gebraucht,Gewerblich,2026-05-29,29. Mai 2026,1,0.0,1,0,Sofort-Kaufen Gratis Lieferung  Vereinigte Staaten von Amerika Ähnliche aktive Angebote ansehen Solch einen Artikel verkaufen,"goldumnyc 99,3% positiv (40.762)",https://www.ebay.de/itm/336567766073,ebay_sold_p4.html
147270641822,Rolex Vintage unvollständiges Uhrwerk & Teile wie es ist,139.0,EUR,Gebraucht,Privat,2026-06-25,25. Jun 2026,1,17.0,0,0,"Sofort-Kaufen +EUR 17,00 Lieferung  Italien Ähnliche aktive Angebote ansehen Solch einen Artikel verkaufen",petrica71 100% positiv (343),https://www.ebay.de/itm/147270641822,ebay_sold_p4.html
357854769941,Rolex Explorer 2 Polar White Tritium Dial 16570/16550,715.0,EUR,Gebraucht,Gewerblich,2026-06-25,25. Jun 2026,1,19.0,0,1,,luxewatchesgermany 100% positiv (92),https://www.ebay.de/itm/357854769941,ebay_sold_p4.html
277808054312,Rolex Sapphire Crystal 25-295-5V2 Saphirglas Explorer 14270 Top Qualität,48.0,EUR,TOP QUALITÄT - OHNE LOGO,,2026-06-25,25. Jun 2026,1,25.0,0,0,"Sofort-Kaufen +EUR 25,00 Lieferung  Italien Ähnliche aktive Angebote ansehen Solch einen Artikel verkaufen",millerighetime_by_arriwatch 100% positiv (913),https://www.ebay.de/itm/277808054312,ebay_sold_p4.html
318211224021,Rolex Datejust Röhre Stahl B24-6020-1-G1,60.0,EUR,Neu (Sonstige),Gewerblich,2026-06-25,25. Jun 2026,1,16.0,0,0,"Sofort-Kaufen +EUR 16,00 Lieferung  Spanien Letzter Artikel Ähnliche aktive Angebote ansehen Solch einen Artikel verkaufen","aswatches_parts 99,8% positiv (1.023)",https://www.ebay.de/itm/318211224021,ebay_sold_p4.html
198436833606,Rolex Daytona Zenith Dial 6 Inverted Champagne Vintage 16528 16523 16518,192.0,EUR,Gebraucht,Privat,2026-06-25,25. Jun 2026,1,3.0,0,0,"3 Gebote +EUR 29,00 Lieferung  Italien Ähnliche aktive Angebote ansehen Solch einen Artikel verkaufen",thecostantino2012 100% positiv (230),https://www.ebay.de/itm/198436833606,ebay_sold_p4.html
164254468747,Mainspring Feder Zugfeder Feder für Rolex 3035,12.9,EUR,Neu,Gewerblich,2026-06-25,25. Jun 2026,1,13.5,0,0,"Sofort-Kaufen +EUR 13,50 Lieferung  Italien Ähnliche aktive Angebote ansehen Solch einen Artikel verkaufen","sabaec 99,9% positiv (22.965)",https://www.ebay.de/itm/164254468747,ebay_sold_p4.html
184645709763,Rolex Original Kaliber 3235-213,55.0,EUR,Neu (Sonstige),Privat,2026-06-25,25. Jun 2026,1,25.0,0,0,"Sofort-Kaufen +EUR 25,00 Lieferung  Italien Ähnliche aktive Angebote ansehen Solch einen Artikel verkaufen",vigiyaneli_0 100% positiv (41),https://www.ebay.de/itm/184645709763,ebay_sold_p4.html
277733407899,NEW Rolex 3230-210 Kronrad Neu im Blister,88.0,EUR,Neu,Gewerblich,2026-06-25,25. Jun 2026,1,25.0,0,0,"Sofort-Kaufen +EUR 25,00 Lieferung  Italien Letzter Artikel Ähnliche aktive Angebote ansehen Solch einen Artikel verkaufen",millerighetime_by_arriwatch 100% positiv (913),https://www.ebay.de/itm/277733407899,ebay_sold_p4.html
277733407936,NEW Rolex 3230-218 Krone Radbuchse Neu im Blister,58.0,EUR,Neu,Gewerblich,2026-06-25,25. Jun 2026,1,25.0,0,0,"Sofort-Kaufen +EUR 25,00 Lieferung  Italien Ähnliche aktive Angebote ansehen Solch einen Artikel verkaufen",millerighetime_by_arriwatch 100% positiv (913),https://www.ebay.de/itm/277733407936,ebay_sold_p4.html
226902742182,GEBRAUCHT Gebraucht Rolex 2130-315 Barrel With Arbor and Mainspring Barriletto,63.5,EUR,Gebraucht,Gewerblich,2026-06-25,25. Jun 2026,1,29.0,0,1,"oder Preisvorschlag +EUR 29,00 Lieferung  Italien Ähnliche aktive Angebote ansehen Solch einen Artikel verkaufen",*rarecollections 100% positiv (1.384),https://www.ebay.de/itm/226902742182,ebay_sold_p4.html
267706760185,Rolex Submariner Saphir Blister Ring Einsatz. Rolex Lünette,350.0,EUR,Neu,Privat,2026-06-25,25. Jun 2026,1,15.0,0,1,"Preisvorschlag akzeptiert +EUR 15,00 Lieferung  Italien Ähnliche aktive Angebote ansehen Solch einen Artikel verkaufen",krust07 100% positiv (696),https://www.ebay.de/itm/267706760185,ebay_sold_p4.html
116897838841,ROLEX Ringeinsatz schwarz verblasst ''Ghost'' für Submariner Ref. 16610 2 (OTT...,209.0,EUR,Gebraucht,Gewerblich,2025-12-15,15. Dez 2025,1,19.0,0,0,"Sofort-Kaufen +EUR 19,00 Lieferung  Italien Ähnliche aktive Angebote ansehen Solch einen Artikel verkaufen","fornitura_boccacci 99,9% positiv (4.089)",https://www.ebay.de/itm/116897838841,ebay_sold_p4.html
358589969182,Valjoux 23/72/88 Ref 195 Laufachse,30.0,EUR,Neu,Privat,2026-06-25,25. Jun 2026,1,8.0,0,1,"Preisvorschlag akzeptiert +EUR 8,00 Lieferung  Italien Ähnliche aktive Angebote ansehen Solch einen Artikel verkaufen",disebast-40 100% positiv (74),https://www.ebay.de/itm/358589969182,ebay_sold_p4.html
406646892205,GENERIC kompatibles weißes Zeigerset für Rolex Sub 16610 14060 Kal. 3035-...,30.0,EUR,Neu,Gewerblich,2026-06-25,25. Jun 2026,1,19.0,0,0,"Sofort-Kaufen +EUR 19,00 Lieferung  Italien Ähnliche aktive Angebote ansehen Solch einen Artikel verkaufen","fornitura_boccacci 99,9% positiv (4.089)",https://www.ebay.de/itm/406646892205,ebay_sold_p4.html
406314589350,"#1665 ORIG. ROLEX 15,4mm GLIED LINK OYSTER SUBMARINER 93150 93160 14060 16660",99.99,EUR,Gebraucht,Gewerblich,2026-06-25,25. Jun 2026,1,6.95,0,0,,state_of_time 100% positiv (3.803),https://www.ebay.de/itm/406314589350,ebay_sold_p4.html
306950522061,ROLEX Datejust 1600 1601 16000 36 mm Lünette Bezel f. Plexi Stahl Steel original,150.0,EUR,Gebraucht,Gewerblich,2026-06-25,25. Jun 2026,1,7.0,0,1,,luxini_hamburg 100% positiv (3.973),https://www.ebay.de/itm/306950522061,ebay_sold_p4.html
160836788079,2 STÜCK ENDGLIEDSTÜCK FÜR 20 MM VINTAGE OYSTER UHRENARMBAND ROLEX 5513 16610 16800,29.13,EUR,Neu,Gewerblich,2026-06-25,25. Jun 2026,1,10.42,0,0,"Sofort-Kaufen +EUR 10,42 Lieferung  Vereinigte Staaten von Amerika Ähnliche aktive Angebote ansehen Solch einen Artikel verkaufen","ewatchparts 99,9% positiv (225.083)",https://www.ebay.de/itm/160836788079,ebay_sold_p4.html
275382279885,Rolex 24-531-0 New Model Original Steel Crown Corona Acio Original,88.0,EUR,MODELLLISTE IN BESCHREIBUNG - MODELLLISTE IN BESCHREIBUNG,,2026-06-25,25. Jun 2026,1,25.0,0,1,"oder Preisvorschlag +EUR 25,00 Lieferung  Italien Ähnliche aktive Angebote ansehen Solch einen Artikel verkaufen",millerighetime_by_arriwatch 100% positiv (913),https://www.ebay.de/itm/275382279885,ebay_sold_p4.html
406334610897,#1673 ROLEX 315-16800-81 TRITIUM LÜNETTE BEZEL INSERT SUBMARINER 16800 16610,249.99,EUR,Gebraucht,Gewerblich,2026-06-25,25. Jun 2026,1,6.95,0,0,,state_of_time 100% positiv (3.803),https://www.ebay.de/itm/406334610897,ebay_sold_p4.html
163368176239,Saphirglas für 25-295C2 Rolex Sapphire Glass GMT Master 16700 16710 16760,20.9,EUR,Neu,Gewerblich,2026-06-25,25. Jun 2026,1,13.5,0,0,"Sofort-Kaufen +EUR 13,50 Lieferung  Italien Ähnliche aktive Angebote ansehen Solch einen Artikel verkaufen","sabaec 99,9% positiv (22.965)",https://www.ebay.de/itm/163368176239,ebay_sold_p4.html
117249622216,"Zifferblatt Rolex DAYTONA Cosmograph 7750 Oyster-Perpetual 31,5mm +Zeiger defekt",69.0,EUR,Gebraucht,Privat,2026-06-25,25. Jun 2026,1,18.0,0,0,,prinzmatze44 100% positiv (1.553),https://www.ebay.de/itm/117249622216,ebay_sold_p4.html
204895654840,Rolex Explorer 1 Luminova Zeiger Set Ref 14270 NOS,499.0,EUR,Gebraucht,Gewerblich,2026-06-25,25. Jun 2026,1,29.0,0,1,"oder Preisvorschlag +EUR 29,00 Lieferung  Italien Ähnliche aktive Angebote ansehen Solch einen Artikel verkaufen",watchmydial 100% positiv (460),https://www.ebay.de/itm/204895654840,ebay_sold_p4.html
147307440976,Rolex Saphirglas 25-295-5-V2 Original - Oyster /Explorer I /Air-King OP 36mm,62.0,EUR,Gebraucht,Privat,2026-06-24,24. Jun 2026,1,12.0,0,1,"oder Preisvorschlag +EUR 12,00 Lieferung  Italien Ähnliche aktive Angebote ansehen Solch einen Artikel verkaufen",aderaldo_time 100% positiv (1),https://www.ebay.de/itm/147307440976,ebay_sold_p4.html
394434630940,Rolex Oyster Booklet Cellini - Set - 4-Teilig- Deutsch von 10.1994 -,115.0,EUR,Gebraucht,Gewerblich,2026-06-24,24. Jun 2026,1,0.0,1,1,,veluzia65 100% positiv (335),https://www.ebay.de/itm/394434630940,ebay_sold_p4.html
394436886435,Rolex Datejust Booklet - Set - 3-Teilig - USA von  12.1984 -,95.0,EUR,Gebraucht,Gewerblich,2026-06-24,24. Jun 2026,1,0.0,1,1,,veluzia65 100% positiv (335),https://www.ebay.de/itm/394436886435,ebay_sold_p4.html
297572384227,ROLEX Auflage für Datum cal 1575 - 7963 date indicator seating for Ref 1600,180.0,EUR,Gebraucht,Gewerblich,2026-06-24,24. Jun 2026,1,7.0,0,1,,luxini_hamburg 100% positiv (3.973),https://www.ebay.de/itm/297572384227,ebay_sold_p4.html
206059146404,Rolex 7756 minute wheel for cal 1300 1310 1315,49.0,EUR,Gebraucht,Privat,2026-06-24,24. Jun 2026,1,12.0,0,1,"oder Preisvorschlag +EUR 12,00 Lieferung  Spanien Ähnliche aktive Angebote ansehen Solch einen Artikel verkaufen","sai_es5 99,6% positiv (1.172)",https://www.ebay.de/itm/206059146404,ebay_sold_p4.html
171363563244,SAPHIRGLAS FÜR ROLEX PRESIDENT DAY DATE 118208 118209 118238 118239 118398,46.86,EUR,Neu,Gewerblich,2026-06-24,24. Jun 2026,1,10.42,0,0,"Sofort-Kaufen +EUR 10,42 Lieferung  Vereinigte Staaten von Amerika Ähnliche aktive Angebote ansehen Solch einen Artikel verkaufen","ewatchparts 99,9% positiv (225.083)",https://www.ebay.de/itm/171363563244,ebay_sold_p4.html
205327487882,Rolex Datejust 116201 118235 NOS Zeiger Set für Roségold,399.0,EUR,Gebraucht,Gewerblich,2026-06-24,24. Jun 2026,1,29.0,0,1,"oder Preisvorschlag +EUR 29,00 Lieferung  Italien Ähnliche aktive Angebote ansehen Solch einen Artikel verkaufen",watchmydial 100% positiv (460),https://www.ebay.de/itm/205327487882,ebay_sold_p4.html
287357450531,Rolex 3186-432 Oszillator,230.0,EUR,Neu,Privat,2026-06-24,24. Jun 2026,1,15.0,0,1,"Preisvorschlag akzeptiert +EUR 15,00 Lieferung  Frankreich Ähnliche aktive Angebote ansehen Solch einen Artikel verkaufen",jean-gtom-0 100% positiv (6),https://www.ebay.de/itm/287357450531,ebay_sold_p4.html
287348471360,Rolex Crown 24-704-9-G1 18K Original,170.0,EUR,Neu,Privat,2026-06-24,24. Jun 2026,1,15.0,0,1,"Preisvorschlag akzeptiert +EUR 15,00 Lieferung  Frankreich Ähnliche aktive Angebote ansehen Solch einen Artikel verkaufen",jean-gtom-0 100% positiv (6),https://www.ebay.de/itm/287348471360,ebay_sold_p4.html
358274890333,3 x VINTAGE ROLEX OYSTER - KATALOG - PREISLISTE - SERVICEINFORMATION,129.0,EUR,Gebraucht,Privat,2026-06-24,24. Jun 2026,1,6.99,0,1,,hugo-sanchez 100% positiv (37),https://www.ebay.de/itm/358274890333,ebay_sold_p4.html
185074808246,"Zeigerspiel ""Submariner-Style"" kompatibel zu Rolex Kal. 3035/3135, Stahl",21.95,EUR,Neu,Gewerblich,2026-06-24,24. Jun 2026,1,0.0,1,0,,watchparts24 100% positiv (71.339),https://www.ebay.de/itm/185074808246,ebay_sold_p4.html
206354631560,"Rolex Datumsscheibe Cal.2135 Diam.16,5",90.0,EUR,Gebraucht,Gewerblich,2026-06-24,24. Jun 2026,1,18.0,0,0,"Sofort-Kaufen +EUR 18,00 Lieferung  Italien Ähnliche aktive Angebote ansehen Solch einen Artikel verkaufen",combattiamolacrisi 100% positiv (8.907),https://www.ebay.de/itm/206354631560,ebay_sold_p4.html
287348306703,Rolex 25/7035 16610 Submariner Echt Saphir Kristall Neu,230.0,EUR,Neu,Privat,2026-06-24,24. Jun 2026,1,15.0,0,1,"Preisvorschlag akzeptiert +EUR 15,00 Lieferung  Frankreich Ähnliche aktive Angebote ansehen Solch einen Artikel verkaufen",jean-gtom-0 100% positiv (6),https://www.ebay.de/itm/287348306703,ebay_sold_p4.html
187617313267,rolex 1220 balance wheel complete Unruh komplett NOS original,950.0,EUR,Gebraucht,Gewerblich,2026-01-29,29. Jan 2026,1,30.0,0,1,"oder Preisvorschlag +EUR 30,00 Lieferung  Italien Ähnliche aktive Angebote ansehen Solch einen Artikel verkaufen","the-watchmaker 99,8% positiv (2.266)",https://www.ebay.de/itm/187617313267,ebay_sold_p4.html
188266940279,rolex 6694 topicalized dial quadrante precision oyster date,550.0,EUR,Gebraucht,Gewerblich,2026-04-11,11. Apr 2026,1,30.0,0,1,"Preisvorschlag akzeptiert +EUR 30,00 Lieferung  Italien Ähnliche aktive Angebote ansehen Solch einen Artikel verkaufen","the-watchmaker 99,8% positiv (2.266)",https://www.ebay.de/itm/188266940279,ebay_sold_p4.html
166416847275,Rolex 3135-5210 Schraube für Krone - Ratschenrad Vite ruota corona - Häkel NEU,9.9,EUR,Neu (Sonstige),Gewerblich,2026-06-24,24. Jun 2026,1,13.5,0,0,"Sofort-Kaufen +EUR 13,50 Lieferung  Italien Ähnliche aktive Angebote ansehen Solch einen Artikel verkaufen","sabaec 99,9% positiv (22.965)",https://www.ebay.de/itm/166416847275,ebay_sold_p4.html
164359955485,Rolex 3135-305 Rochet Ratschenrad Rocchetto NEU,24.9,EUR,Neu,Gewerblich,2026-06-24,24. Jun 2026,1,13.5,0,0,"Sofort-Kaufen +EUR 13,50 Lieferung  Italien Ähnliche aktive Angebote ansehen Solch einen Artikel verkaufen","sabaec 99,9% positiv (22.965)",https://www.ebay.de/itm/164359955485,ebay_sold_p4.html
160320748471,Stundenrad passend für Rolex Kaliber 2135,25.02,EUR,Neu,Gewerblich,2026-06-24,24. Jun 2026,1,13.29,0,0,"Sofort-Kaufen +EUR 13,29 Lieferung  Vereinigte Staaten von Amerika Ähnliche aktive Angebote ansehen Solch einen Artikel verkaufen","watchpartusa 99,8% positiv (44.142)",https://www.ebay.de/itm/160320748471,ebay_sold_p4.html
267642720985,Zifferblatt Zifferblatt Silber Mickey Mouse Rolex Precision 6694,180.0,EUR,Neu (Sonstige),Privat,2026-06-24,24. Jun 2026,1,15.0,0,1,"oder Preisvorschlag +EUR 15,00 Lieferung  Italien Ähnliche aktive Angebote ansehen Solch einen Artikel verkaufen",giacoromel 100% positiv (76),https://www.ebay.de/itm/267642720985,ebay_sold_p4.html
147306356125,Rolex Glas 25-295-5-V2 Saphir -Air-King/Oyster Perpetual/Explorer I -Original,62.0,EUR,Rolex Saphirglas 25-295-5-V2 Original - Air-King OP,,2026-06-24,24. Jun 2026,1,12.0,0,1,"oder Preisvorschlag +EUR 12,00 Lieferung  Italien Ähnliche aktive Angebote ansehen Solch einen Artikel verkaufen",aderaldo_time 100% positiv (1),https://www.ebay.de/itm/147306356125,ebay_sold_p4.html
182354826958,Bandschrauben kompatibel für Rolex Stahlarmbänder - 5 Stück,14.95,EUR,Neu (Sonstige),Gewerblich,2026-06-24,24. Jun 2026,1,0.0,1,0,,watchparts24 100% positiv (71.339),https://www.ebay.de/itm/182354826958,ebay_sold_p4.html
188524122036,"Rolex Magazine 9,10,11,12, 13 + 1 Extra Special (for a better future)",10.0,EUR,Gebraucht,Privat,2026-06-24,24. Jun 2026,1,1.0,0,0,,pixel-05 100% positiv (91),https://www.ebay.de/itm/188524122036,ebay_sold_p4.html
204895663166,Rolex Rare Anchor 660ft 200mt for Submariner Set 5513 5512 1680,699.0,EUR,Gebraucht,Gewerblich,2026-06-24,24. Jun 2026,1,29.0,0,1,"oder Preisvorschlag +EUR 29,00 Lieferung  Italien Ähnliche aktive Angebote ansehen Solch einen Artikel verkaufen",watchmydial 100% positiv (460),https://www.ebay.de/itm/204895663166,ebay_sold_p4.html
374222665357,Original Rolex Krone 6 mm Gold für GMT B24-603-8-G1 neu,349.0,EUR,Neu (Sonstige),Gewerblich,2026-06-24,24. Jun 2026,1,0.0,1,0,,"sandtuhr 99,8% positiv (54.529)",https://www.ebay.de/itm/374222665357,ebay_sold_p4.html
193754319663,Rolex 16610 Submariner Insert/Bezel Schwarz 100% Original/Original,299.0,EUR,Gebraucht,Gewerblich,2026-06-24,24. Jun 2026,1,0.0,1,1,Preisvorschlag akzeptiert Gratis Lieferung  Frankreich Ähnliche aktive Angebote ansehen Solch einen Artikel verkaufen,captain-corsica 100% positiv (950),https://www.ebay.de/itm/193754319663,ebay_sold_p4.html
165924093384,Plexiglas für 25-123 Tudor Crystal Glass Uhrenglas Verre 7106 7206 9010 9121,8.9,EUR,Neu,Gewerblich,2026-06-24,24. Jun 2026,1,13.5,0,0,"Sofort-Kaufen +EUR 13,50 Lieferung  Italien Ähnliche aktive Angebote ansehen Solch einen Artikel verkaufen","sabaec 99,9% positiv (22.965)",https://www.ebay.de/itm/165924093384,ebay_sold_p4.html
315616245442,Rolex Original Versilbertes Zifferblatt Lady Datejust 26mm 69173 /69178 mit Zeigern NEU alt...,229.0,EUR,Neu (Sonstige),Privat,2026-06-24,24. Jun 2026,1,15.0,0,0,"Sofort-Kaufen +EUR 15,00 Lieferung  Italien Ähnliche aktive Angebote ansehen Solch einen Artikel verkaufen",filzu54 100% positiv (77),https://www.ebay.de/itm/315616245442,ebay_sold_p4.html
385344924183,Rolex Corona Crown 24-530 / 531 / 600 / 603 / 604 / 703 / 704 Original,70.0,EUR,Gebraucht,Gewerblich,2026-06-24,24. Jun 2026,1,14.9,0,0,"Sofort-Kaufen +EUR 14,90 Lieferung  Italien Ähnliche aktive Angebote ansehen Solch einen Artikel verkaufen","luxurytime.shop 99,8% positiv (2.110)",https://www.ebay.de/itm/385344924183,ebay_sold_p4.html
136360420708,Rolex Cellini Garantiekarte 050.05.34 + Handbuch 599.52 - Eng - 11.2003 +Tag,220.0,EUR,Gebraucht,Gewerblich,2026-06-24,24. Jun 2026,1,5.0,0,0,,www-kimiatime-de 100% positiv (3.939),https://www.ebay.de/itm/136360420708,ebay_sold_p4.html
800207196252,Original  BERGEON 5537 Schlüssel zum Öffnen & Schließen von ROLEX OYSTER,125.0,EUR,Gebraucht,Privat,2026-06-24,24. Jun 2026,1,0.0,1,0,,"nexus4088 98,6% positiv (90)",https://www.ebay.de/itm/800207196252,ebay_sold_p4.html
135680071328,Rolex Oyster Katalog 1986 mit Preisliste - deutsch,39.99,EUR,Gebraucht,Privat,2026-06-24,24. Jun 2026,1,0.0,1,0,,tienda-de-libro 100% positiv (470),https://www.ebay.de/itm/135680071328,ebay_sold_p4.html
135680090830,Rolex Oyster Katalog 1993 mit Preisliste - deutsch,39.99,EUR,Gebraucht,Privat,2026-06-24,24. Jun 2026,1,0.0,1,0,,tienda-de-libro 100% positiv (470),https://www.ebay.de/itm/135680090830,ebay_sold_p4.html
254455133895,ROLEX DAY-DATE - HEFT / BESCHREIBUNG - 1960er JAHRE - SEHR GUTER ZUSTAND,390.0,EUR,Gebraucht,Gewerblich,2026-06-24,24. Jun 2026,1,0.0,1,1,,linckersdorff-gmbh 100% positiv (2.077),https://www.ebay.de/itm/254455133895,ebay_sold_p4.html
157565266108,ROLEX Date Disc Silber-Champagner - Cal 1215 -1225 Model 6694,130.9,EUR,Neu (Sonstige),Privat,2026-06-24,24. Jun 2026,1,35.7,0,0,"Sofort-Kaufen +EUR 35,70 Lieferung  Tunesien Ähnliche aktive Angebote ansehen Solch einen Artikel verkaufen",hechouche 100% positiv (49),https://www.ebay.de/itm/157565266108,ebay_sold_p4.html
206076325983,ROLEX HERREN ARMBAND ERSATZGLIED OYSTER STAHL/STAHL 15.5MM NEUE VERSION,99.0,EUR,Gebraucht,Gewerblich,2026-06-24,24. Jun 2026,1,0.0,1,1,,"luxus-freund24 99,5% positiv (41.881)",https://www.ebay.de/itm/206076325983,ebay_sold_p4.html
317696675961,ROLEX OYSTER VINTAGE PROSPEKT BROSCHÜRE BOOKLET  + PREISE Preisliste  D 1990,25.9,EUR,Gebraucht,Privat,2026-06-24,24. Jun 2026,1,1.95,0,1,,hsch_8602 100% positiv (2.058),https://www.ebay.de/itm/317696675961,ebay_sold_p4.html
203178722354,Rolex Yacht-Master Booklet USA 8.1998 (R13),26.0,EUR,Gebraucht,Gewerblich,2026-06-24,24. Jun 2026,1,5.0,0,0,,kian-werke 100% positiv (7.720),https://www.ebay.de/itm/203178722354,ebay_sold_p4.html
404378882614,USED Original Rolex Grey Roman Dial for Reference: 69178 Lady Datejust.,250.0,EUR,Gebraucht,Gewerblich,2026-06-24,24. Jun 2026,1,20.0,0,0,"Sofort-Kaufen +EUR 20,00 Lieferung  Spanien Ähnliche aktive Angebote ansehen Solch einen Artikel verkaufen","17jewelswatches 97,1% positiv (256)",https://www.ebay.de/itm/404378882614,ebay_sold_p4.html
227196705672,Rolex 2030 4430 Neu NEW Blister X1 Stück Anker 2035 Pallet Fork,119.9,EUR,Neu,Gewerblich,2026-06-24,24. Jun 2026,1,29.0,0,1,"oder Preisvorschlag +EUR 29,00 Lieferung  Italien Letzter Artikel Ähnliche aktive Angebote ansehen Solch einen Artikel verkaufen",*rarecollections 100% positiv (1.384),https://www.ebay.de/itm/227196705672,ebay_sold_p4.html
406943636496,Rolex 3235-120 Balance Bridge,200.0,EUR,Gebraucht,Privat,2026-06-24,24. Jun 2026,1,20.0,0,0,"Sofort-Kaufen +EUR 20,00 Lieferung  Italien Ähnliche aktive Angebote ansehen Solch einen Artikel verkaufen",watchewatches 100% positiv (41),https://www.ebay.de/itm/406943636496,ebay_sold_p4.html
407022568621,Waschmaschinenkorb 3 Töpfe + Backofen Elma,150.0,EUR,Gebraucht,Privat,2026-06-24,24. Jun 2026,1,30.0,0,1,"Preisvorschlag akzeptiert +EUR 30,00 Lieferung  Italien Ähnliche aktive Angebote ansehen Solch einen Artikel verkaufen",lang_295210 100% positiv (4),https://www.ebay.de/itm/407022568621,ebay_sold_p4.html
407022569925,Waschmaschine 3 Töpfe + Backofen Elma,500.0,EUR,Gebraucht,Privat,2026-06-24,24. Jun 2026,1,50.0,0,1,"Preisvorschlag akzeptiert +EUR 50,00 Lieferung  Italien Ähnliche aktive Angebote ansehen Solch einen Artikel verkaufen",lang_295210 100% positiv (4),https://www.ebay.de/itm/407022569925,ebay_sold_p4.html
277767867222,Rolex 24-604-0 Krone Stahl Original 6mm,98.0,EUR,Neu,Gewerblich,2026-06-23,23. Jun 2026,1,25.0,0,0,"Sofort-Kaufen +EUR 25,00 Lieferung  Italien Ähnliche aktive Angebote ansehen Solch einen Artikel verkaufen",millerighetime_by_arriwatch 100% positiv (913),https://www.ebay.de/itm/277767867222,ebay_sold_p4.html
186245323651,"ROLEX GMT Kupplungsring kompatibel 316-16710 16710 16700, Aftermarket Bezel S",27.0,EUR,Gebraucht,Gewerblich,2026-06-23,23. Jun 2026,1,13.0,0,0,"Sofort-Kaufen +EUR 13,00 Lieferung  Italien Ähnliche aktive Angebote ansehen Solch einen Artikel verkaufen","watchparts-italy 99,5% positiv (3.454)",https://www.ebay.de/itm/186245323651,ebay_sold_p4.html
187121881486,"ROLEX 10 1/2"" 1030 Balance Staff / Unruhwelle Ref. Runde 4358",20.0,EUR,Gebraucht,Gewerblich,2026-06-23,23. Jun 2026,1,13.0,0,0,"Sofort-Kaufen +EUR 13,00 Lieferung  Italien Ähnliche aktive Angebote ansehen Solch einen Artikel verkaufen","watchparts-italy 99,5% positiv (3.454)",https://www.ebay.de/itm/187121881486,ebay_sold_p4.html
407007822206,Waschmaschinenkorb 3 Töpfe + Backofen Elma,150.0,EUR,Gebraucht,Privat,2026-06-23,23. Jun 2026,1,30.0,0,1,"Preisvorschlag akzeptiert +EUR 30,00 Lieferung  Italien Ähnliche aktive Angebote ansehen Solch einen Artikel verkaufen",lang_295210 100% positiv (4),https://www.ebay.de/itm/407007822206,ebay_sold_p4.html
407007683252,Waschmaschine 3 Töpfe + Backofen Elma,500.0,EUR,Gebraucht,Privat,2026-06-23,23. Jun 2026,1,50.0,0,1,"Preisvorschlag akzeptiert +EUR 50,00 Lieferung  Italien Ähnliche aktive Angebote ansehen Solch einen Artikel verkaufen",lang_295210 100% positiv (4),https://www.ebay.de/itm/407007683252,ebay_sold_p4.html
198370414556,Rolex Oysterquatz Booklet/ Manual De. 10.1980 17000/17013/17014/19018/18048 etc.,139.0,EUR,Gebraucht,Gewerblich,2026-06-23,23. Jun 2026,1,3.9,0,0,,timekeepers-bonn 100% positiv (31),https://www.ebay.de/itm/198370414556,ebay_sold_p4.html
267697493738,Rolex Datejust 31mm Quick Set Date Dial Dial,180.0,EUR,Neu (Sonstige),Privat,2026-06-23,23. Jun 2026,1,15.0,0,1,"oder Preisvorschlag +EUR 15,00 Lieferung  Italien Ähnliche aktive Angebote ansehen Solch einen Artikel verkaufen",giacoromel 100% positiv (76),https://www.ebay.de/itm/267697493738,ebay_sold_p4.html
318495252116,Rolex Submariner Ref. 1680 Wagen gebraucht Serie 2571XXX,1650.0,EUR,Gebraucht,Privat,2026-06-23,23. Jun 2026,1,0.0,1,1,"1 Gebot Preisvorschlag akzeptiert +EUR 50,00 Lieferung  Italien Kostenloser Rückversand Ähnliche aktive Angebote ansehen Solch einen Artikel verkaufen",skx007custom 100% positiv (57),https://www.ebay.de/itm/318495252116,ebay_sold_p4.html
227202390789,Guter Zustand Rolex 1030 7026 gebraucht Zwischenrad N2 1035 1036 1040 1055 1,101.2,EUR,Gebraucht,Gewerblich,2026-06-23,23. Jun 2026,1,29.0,0,1,"oder Preisvorschlag +EUR 29,00 Lieferung  Italien Ähnliche aktive Angebote ansehen Solch einen Artikel verkaufen",*rarecollections 100% positiv (1.384),https://www.ebay.de/itm/227202390789,ebay_sold_p4.html
147313817597,"Rolex 25-295 Vetro Sapphire Sapphire Glass GMT, DateJ, Sub 16610 16710 -Original",41.0,EUR,Gebraucht,Privat,2026-06-23,23. Jun 2026,1,10.0,0,1,"oder Preisvorschlag +EUR 10,00 Lieferung  Italien Ähnliche aktive Angebote ansehen Solch einen Artikel verkaufen",aderaldo_time 100% positiv (1),https://www.ebay.de/itm/147313817597,ebay_sold_p4.html
366451106704,ROLEX OYSTER STAHL ARMBAND FALTSCHLIESSE 16MM VINTAGE SCHÖNER ZUSTAND NEUE VERSI,549.0,EUR,Gebraucht,Gewerblich,2026-06-23,23. Jun 2026,1,0.0,1,1,,"luxus-freund24 99,5% positiv (41.881)",https://www.ebay.de/itm/366451106704,ebay_sold_p4.html
160320748325,Automatik Hauptfeder passend für Rolex Kaliber 2130 und 2135,20.8,EUR,Neu,Gewerblich,2026-06-23,23. Jun 2026,1,13.16,0,0,"Sofort-Kaufen +EUR 13,16 Lieferung  Vereinigte Staaten von Amerika Ähnliche aktive Angebote ansehen Solch einen Artikel verkaufen","watchpartusa 99,8% positiv (44.142)",https://www.ebay.de/itm/160320748325,ebay_sold_p4.html
277573783407,"Rolex Submariner Lünette 904 L Ref. 116610 Hulk ( grün ) Keramik, neu.",450.0,EUR,Neu (Sonstige),Privat,2026-06-23,23. Jun 2026,1,6.19,0,1,,bluedesign666 100% positiv (1.646),https://www.ebay.de/itm/277573783407,ebay_sold_p4.html
187353949689,"ROLEX 3035 EINSTELLRAD 3035 5042 , RINVIO SWISS MADE",32.0,EUR,Neu,Gewerblich,2026-06-23,23. Jun 2026,1,13.0,0,0,"Sofort-Kaufen +EUR 13,00 Lieferung  Italien Ähnliche aktive Angebote ansehen Solch einen Artikel verkaufen","watchparts-italy 99,5% positiv (3.454)",https://www.ebay.de/itm/187353949689,ebay_sold_p4.html
404114162089,One NEW Original Sealed Rolex part 2135-6900-2 Date Indicator Silvered 16.5mm.,180.0,EUR,Neu,Gewerblich,2026-06-23,23. Jun 2026,1,20.0,0,0,"Sofort-Kaufen +EUR 20,00 Lieferung  Spanien Ähnliche aktive Angebote ansehen Solch einen Artikel verkaufen","17jewelswatches 97,1% positiv (256)",https://www.ebay.de/itm/404114162089,ebay_sold_p4.html
297900524130,Rolex Datejust 16233 Zertifikat Papiere Garantie Original R Serie,350.0,EUR,Gebraucht,Privat,2026-06-23,23. Jun 2026,1,6.19,0,0,,yaau-84 100% positiv (61),https://www.ebay.de/itm/297900524130,ebay_sold_p4.html
800207085446,Rolex 16200 Datejust Garantie mit Garantiehalter Kalender und Übersetzung,150.0,EUR,Gebraucht,Privat,2026-06-23,23. Jun 2026,1,15.0,0,1,"oder Preisvorschlag +EUR 15,00 Lieferung  Italien Ähnliche aktive Angebote ansehen Solch einen Artikel verkaufen",lume-8042 100% positiv (57),https://www.ebay.de/itm/800207085446,ebay_sold_p4.html
800207099982,Rolex Garantie Jahr 1974,80.0,EUR,Gebraucht,Privat,2026-06-23,23. Jun 2026,1,15.0,0,1,"oder Preisvorschlag +EUR 15,00 Lieferung  Italien Ähnliche aktive Angebote ansehen Solch einen Artikel verkaufen",lume-8042 100% positiv (57),https://www.ebay.de/itm/800207099982,ebay_sold_p4.html
185554478213,"ROLEX CALIBRO 1530 1555 1570 1575 - 7907 JEWEL OSZILLATING WEIGHT, UP - PIETRA",16.0,EUR,Neu,Gewerblich,2026-06-23,23. Jun 2026,1,13.0,0,0,"Sofort-Kaufen +EUR 13,00 Lieferung  Italien Letzter Artikel Ähnliche aktive Angebote ansehen Solch einen Artikel verkaufen","watchparts-italy 99,5% positiv (3.454)",https://www.ebay.de/itm/185554478213,ebay_sold_p4.html
165941868636,Rolex Original Vintage Kunststoff Geldbörse 1680 5513 1665 1675 1655 1016 Zustand NOS,105.0,EUR,Gebraucht,Privat,2026-06-23,23. Jun 2026,1,15.0,0,1,"Preisvorschlag akzeptiert +EUR 15,00 Lieferung  Italien Ähnliche aktive Angebote ansehen Solch einen Artikel verkaufen",caronda 100% positiv (1.037),https://www.ebay.de/itm/165941868636,ebay_sold_p4.html
402584387531,Rolex Submariner 5512 5513 Edelstahl Unterring Kupplungsscheibe - Swiss Made,19.9,EUR,Neu,Gewerblich,2026-06-23,23. Jun 2026,1,10.0,0,0,"Sofort-Kaufen +EUR 10,00 Lieferung  Italien Ähnliche aktive Angebote ansehen Solch einen Artikel verkaufen","azario_1873 99,8% positiv (35.563)",https://www.ebay.de/itm/402584387531,ebay_sold_p4.html
137439266101,Rolex 3000-245 New Blister X1 Piece Balance Stop Spring,40.0,EUR,Neu,Privat,2026-06-23,23. Jun 2026,1,10.0,0,1,"oder Preisvorschlag +EUR 10,00 Lieferung  Frankreich Ähnliche aktive Angebote ansehen Solch einen Artikel verkaufen",e-watch_parts 100% positiv (15),https://www.ebay.de/itm/137439266101,ebay_sold_p4.html
396258201881,Rolex 2230 - 432 Unruh - Waage,253.0,EUR,Gebraucht,Gewerblich,2026-06-23,23. Jun 2026,1,9.0,0,0,"Sofort-Kaufen +EUR 9,00 Lieferung  Frankreich Ähnliche aktive Angebote ansehen Solch einen Artikel verkaufen","manz15 99,5% positiv (8.231)",https://www.ebay.de/itm/396258201881,ebay_sold_p4.html
397681502265,NOS TEIL 7906 FÜR UHRWERK ROLEX KALIBER 1530 @ ACHSE ZUM OSZILLIEREN @ ORIGINAL,44.99,EUR,Neu,Gewerblich,2026-06-23,23. Jun 2026,1,6.0,0,0,"Sofort-Kaufen +EUR 6,00 Lieferung  Frankreich Ähnliche aktive Angebote ansehen Solch einen Artikel verkaufen","france_monnaies 99,2% positiv (42.543)",https://www.ebay.de/itm/397681502265,ebay_sold_p4.html
406732586402,NOS TEIL 7917 FÜR UHRWERK ROLEX KALIBER 1530 @ ANTRIEBSRAD FÜR RATSCHENRAD,59.99,EUR,Neu,Gewerblich,2026-06-23,23. Jun 2026,1,6.0,0,0,"Sofort-Kaufen +EUR 6,00 Lieferung  Frankreich Ähnliche aktive Angebote ansehen Solch einen Artikel verkaufen","france_monnaies 99,2% positiv (42.543)",https://www.ebay.de/itm/406732586402,ebay_sold_p4.html
306812053252,ROLEX Datejust Zeiger Hands cal 3035 16200 16030 16220 16234 TRITIUM original,150.0,EUR,Gebraucht,Gewerblich,2026-06-23,23. Jun 2026,1,7.0,0,1,,luxini_hamburg 100% positiv (3.973),https://www.ebay.de/itm/306812053252,ebay_sold_p4.html
186679604303,FIT Rolex 25-127 Cyclope Plexiglas Aftermarket for Submariner 1680,19.0,EUR,Neu,Gewerblich,2026-06-23,23. Jun 2026,1,13.0,0,0,"Sofort-Kaufen +EUR 13,00 Lieferung  Italien Letzter Artikel Ähnliche aktive Angebote ansehen Solch einen Artikel verkaufen","watchparts-italy 99,5% positiv (3.454)",https://www.ebay.de/itm/186679604303,ebay_sold_p4.html
406314601936,#1665 ORIGINAL ROLEX 6551 MIDSIZE GEHÄUSE SET EDELSTAHL 31mm PART CASESET DECKEL,149.99,EUR,Gebraucht,Gewerblich,2025-11-27,27. Nov 2025,1,6.95,0,0,,state_of_time 100% positiv (3.803),https://www.ebay.de/itm/406314601936,ebay_sold_p4.html
327096676673,"Rolex List Price 1976 Netherlands. Submariner 5513, 1680. Gmt 1675",89.0,EUR,Gebraucht,Privat,2026-06-23,23. Jun 2026,1,15.0,0,1,"oder Preisvorschlag +EUR 15,00 Lieferung  Spanien Ähnliche aktive Angebote ansehen Solch einen Artikel verkaufen",rvillarta 100% positiv (731),https://www.ebay.de/itm/327096676673,ebay_sold_p4.html
318436435276,Rolex GMT Master 16710 16700 Pepsi Insert Alu Inlay Lünette Bezel,349.0,EUR,Neu (Sonstige),Privat,2026-06-23,23. Jun 2026,1,6.19,0,1,,"bheit-46 97,5% positiv (48)",https://www.ebay.de/itm/318436435276,ebay_sold_p4.html
384160119900,Keramik Lünette bezel insert Black Blue Kompatibel GMT Master II 116710  Rolex,35.0,EUR,Neu (Sonstige),Gewerblich,2026-06-23,23. Jun 2026,1,5.0,0,0,,"sekowatchworld 99,1% positiv (1.120)",https://www.ebay.de/itm/384160119900,ebay_sold_p4.html
170745686354,"UHRZEIGER DAYTONA FÜR ROLEX UHRWERK 4030-4130 16519, 116519 116520 SILBER",46.86,EUR,Neu,Gewerblich,2026-06-23,23. Jun 2026,1,10.42,0,0,"Sofort-Kaufen +EUR 10,42 Lieferung  Vereinigte Staaten von Amerika Ähnliche aktive Angebote ansehen Solch einen Artikel verkaufen","ewatchparts 99,9% positiv (225.083)",https://www.ebay.de/itm/170745686354,ebay_sold_p4.html
162508938352,GEHÄUSEROHRE FÜR ROLEX DEEPSEA SEADWELLER SD4K 116600 BLSO JAMES CAMERON DICHTUNG SS,23.92,EUR,Neu,Gewerblich,2026-06-23,23. Jun 2026,1,10.42,0,0,"Sofort-Kaufen +EUR 10,42 Lieferung  Vereinigte Staaten von Amerika Ähnliche aktive Angebote ansehen Solch einen Artikel verkaufen","ewatchparts 99,9% positiv (225.083)",https://www.ebay.de/itm/162508938352,ebay_sold_p4.html
287410094325,Zeiger Dauphine Rolex Blatt Kaliber 1570 Gold Ultra Rare,78.0,EUR,Gebraucht,Privat,2026-06-22,22. Jun 2026,1,1.0,0,0,"1 Gebot +EUR 30,00 Lieferung  Italien Ähnliche aktive Angebote ansehen Solch einen Artikel verkaufen",davidone70 100% positiv (440),https://www.ebay.de/itm/287410094325,ebay_sold_p4.html
287410080503,Rolex Zeiger 1570 Vintage 5513-1680-1675 kein Pfeil,266.0,EUR,Gebraucht,Privat,2026-06-22,22. Jun 2026,1,11.0,0,0,"11 Gebote +EUR 30,00 Lieferung  Italien Ähnliche aktive Angebote ansehen Solch einen Artikel verkaufen",davidone70 100% positiv (440),https://www.ebay.de/itm/287410080503,ebay_sold_p4.html
157759132797,Rolex Garanzia Bianca Warranty New,1200.0,EUR,Neu,Privat,2026-06-22,22. Jun 2026,1,19.0,0,1,"oder Preisvorschlag +EUR 19,00 Lieferung  Italien Ähnliche aktive Angebote ansehen Solch einen Artikel verkaufen","gc_1928 98,1% positiv (706)",https://www.ebay.de/itm/157759132797,ebay_sold_p4.html
267506285292,Rolex Submariner Saphir Blister Ring Einsatz. Rolex Lünette,350.0,EUR,Neu,Privat,2026-06-22,22. Jun 2026,1,15.0,0,1,"Preisvorschlag akzeptiert +EUR 15,00 Lieferung  Italien Ähnliche aktive Angebote ansehen Solch einen Artikel verkaufen",krust07 100% positiv (696),https://www.ebay.de/itm/267506285292,ebay_sold_p4.html
267699396794,ROLEX Jubilee Armbandglied Glied Stahl - von 20 mm Armband,25.25,EUR,Gebraucht,Privat,2026-06-22,22. Jun 2026,1,0.0,1,0,,dreams-become-reality 100% positiv (539),https://www.ebay.de/itm/267699396794,ebay_sold_p4.html
227395495853,Rolex Air King Dial,60.0,EUR,Gebraucht,Privat,2026-06-22,22. Jun 2026,1,1.0,0,1,"1 Gebot Preisvorschlag akzeptiert +EUR 15,00 Lieferung  Italien Ähnliche aktive Angebote ansehen Solch einen Artikel verkaufen",gastronom70 100% positiv (305),https://www.ebay.de/itm/227395495853,ebay_sold_p4.html
168461090237,Rolex rare genuine vintage Plastic Wallet 100.00.41  porta garanzia anni 70/80,115.0,EUR,Gebraucht,Privat,2026-06-22,22. Jun 2026,1,13.0,0,1,"oder Preisvorschlag +EUR 13,00 Lieferung  Italien Ähnliche aktive Angebote ansehen Solch einen Artikel verkaufen",caronda 100% positiv (1.037),https://www.ebay.de/itm/168461090237,ebay_sold_p4.html
204833347334,Rolex Submariner 5513 1680 Rare T Insert used Inlay,999.0,EUR,Gebraucht,Gewerblich,2026-06-22,22. Jun 2026,1,29.0,0,1,"oder Preisvorschlag +EUR 29,00 Lieferung  Italien Ähnliche aktive Angebote ansehen Solch einen Artikel verkaufen",watchmydial 100% positiv (460),https://www.ebay.de/itm/204833347334,ebay_sold_p4.html
406119094324,10 Federstege 19 mm für Rolex und Tudor Uhren,15.92,EUR,Neu,Gewerblich,2026-06-22,22. Jun 2026,1,0.0,1,0,,"www_uhrenwerkzeuge24_de 99,4% positiv (26.110)",https://www.ebay.de/itm/406119094324,ebay_sold_p4.html
389287551148,ORIGINAL ROLEX 1501 GEHÄUSE CASE & DIAL DATEJUST 34mm,350.0,EUR,Gebraucht,Privat,2026-06-22,22. Jun 2026,1,6.19,0,1,,worldtimewatches 100% positiv (22),https://www.ebay.de/itm/389287551148,ebay_sold_p4.html
384719547787,Lünette Bezel Inlay Schwarz-Rot kompatibel zu Rolex GMT Master 16700 16710 16760,28.0,EUR,Neu (Sonstige),Gewerblich,2026-06-22,22. Jun 2026,1,5.0,0,0,,"sekowatchworld 99,1% positiv (1.120)",https://www.ebay.de/itm/384719547787,ebay_sold_p4.html
157739186215,"Uhrenglas, Swiss Glas 112 Ø 29,5mm für Rolex/Tudor 7962-7966 Prince Oysterd",23.93,EUR,Neu (Sonstige),Gewerblich,2026-06-22,22. Jun 2026,1,6.95,0,0,"Sofort-Kaufen +EUR 6,95 Lieferung  Frankreich Ähnliche aktive Angebote ansehen Solch einen Artikel verkaufen","timed_horlogerie 80,3% positiv (270)",https://www.ebay.de/itm/157739186215,ebay_sold_p4.html
276348484633,NEW Rolex 315-16750-1 GMT Master 1675 Inserto Ghiera Nera Originale,298.0,EUR,NEW - Nuovo Originale,,2025-12-13,13. Dez 2025,1,25.0,0,1,"Preisvorschlag akzeptiert +EUR 25,00 Lieferung  Italien Ähnliche aktive Angebote ansehen Solch einen Artikel verkaufen",millerighetime_by_arriwatch 100% positiv (913),https://www.ebay.de/itm/276348484633,ebay_sold_p4.html
356527437410,Rolex Oyster Trikots Konvolut verschiedene Größen,199.0,EUR,Gebraucht,Privat,2026-06-22,22. Jun 2026,1,30.0,0,1,"oder Preisvorschlag +EUR 30,00 Lieferung  Italien Ähnliche aktive Angebote ansehen Solch einen Artikel verkaufen",bancodeipugni 100% positiv (63),https://www.ebay.de/itm/356527437410,ebay_sold_p4.html
267697065567,Zifferblatt Zifferblatt grün Rolex Datejust 36mm Quick Set Datum,180.0,EUR,Neu (Sonstige),Privat,2026-06-22,22. Jun 2026,1,15.0,0,1,"oder Preisvorschlag +EUR 15,00 Lieferung  Italien Ähnliche aktive Angebote ansehen Solch einen Artikel verkaufen",giacoromel 100% positiv (76),https://www.ebay.de/itm/267697065567,ebay_sold_p4.html
326350136126,"Rolex cal. 3135, 3155, 3175, 3185 Automatik Rotor",120.0,EUR,Gebraucht,Privat,2026-06-22,22. Jun 2026,1,20.0,0,0,"Sofort-Kaufen +EUR 20,00 Lieferung  Dänemark Ähnliche aktive Angebote ansehen Solch einen Artikel verkaufen",misser10 100% positiv (477),https://www.ebay.de/itm/326350136126,ebay_sold_p4.html
204955148166,Rolex Air King Precision Vintage 5500 Zifferblatt für 34mm,349.0,EUR,Gebraucht,Gewerblich,2025-11-29,29. Nov 2025,1,29.0,0,1,"Preisvorschlag akzeptiert +EUR 29,00 Lieferung  Italien Ähnliche aktive Angebote ansehen Solch einen Artikel verkaufen",watchmydial 100% positiv (460),https://www.ebay.de/itm/204955148166,ebay_sold_p4.html
275682115978,Rolex 24-605-8 Neu Datejust Day-Date Original 18K Gold Krone Original Pack 3235,498.0,EUR,REFERENZEN MODELLLISTE IN BESCHREIBUNG,,2026-06-22,22. Jun 2026,1,25.0,0,1,"oder Preisvorschlag +EUR 25,00 Lieferung  Italien Letzter Artikel Ähnliche aktive Angebote ansehen Solch einen Artikel verkaufen",millerighetime_by_arriwatch 100% positiv (913),https://www.ebay.de/itm/275682115978,ebay_sold_p4.html
127891530113,Bergeon 5537 Uhrenöffner für Rolex Oyster Gehäuse Set Neu,238.45,EUR,Neu,Gewerblich,2026-06-22,22. Jun 2026,1,0.0,1,1,,"h.elsemann 99,9% positiv (166.453)",https://www.ebay.de/itm/127891530113,ebay_sold_p4.html
267703714217,Zifferblatt Zifferblatt Pavé Rolex Datejust 36mm Quick Set Datum,210.0,EUR,Neu (Sonstige),Privat,2026-06-22,22. Jun 2026,1,15.0,0,1,"Preisvorschlag akzeptiert +EUR 15,00 Lieferung  Italien Ähnliche aktive Angebote ansehen Solch einen Artikel verkaufen",giacoromel 100% positiv (76),https://www.ebay.de/itm/267703714217,ebay_sold_p4.html
267698160933,Zifferblatt Zifferblatt Wimbledon Rolex Datejust 36mm Quick Set Date,180.0,EUR,Neu (Sonstige),Privat,2026-06-22,22. Jun 2026,1,15.0,0,1,"Preisvorschlag akzeptiert +EUR 15,00 Lieferung  Italien Ähnliche aktive Angebote ansehen Solch einen Artikel verkaufen",giacoromel 100% positiv (76),https://www.ebay.de/itm/267698160933,ebay_sold_p4.html
405890753415,"#1589 ROLEX 24-530-8 OYSTER KRONE TUBUS YG GOLD OYSTER YELLOWGOLD VINTAGE 5,3mm",99.99,EUR,Gebraucht,Gewerblich,2026-06-22,22. Jun 2026,1,6.95,0,0,,state_of_time 100% positiv (3.803),https://www.ebay.de/itm/405890753415,ebay_sold_p4.html
164143046857,Plexiglas für 25-116 Rolex Crystal Glass Uhrenglas Verre 1675 16750,8.9,EUR,Neu,Gewerblich,2026-06-22,22. Jun 2026,1,13.5,0,0,"Sofort-Kaufen +EUR 13,50 Lieferung  Italien Ähnliche aktive Angebote ansehen Solch einen Artikel verkaufen","sabaec 99,9% positiv (22.965)",https://www.ebay.de/itm/164143046857,ebay_sold_p4.html
163954393936,Plexiglas für 25-101 Rolex Crystal Glass Uhrenglas Verre 6516 6521 6700 6703,8.9,EUR,Neu,Gewerblich,2026-06-22,22. Jun 2026,1,13.5,0,0,"Sofort-Kaufen +EUR 13,50 Lieferung  Italien Ähnliche aktive Angebote ansehen Solch einen Artikel verkaufen","sabaec 99,9% positiv (22.965)",https://www.ebay.de/itm/163954393936,ebay_sold_p4.html
202731451924,Für Rolex Datejust 41 1263XX Jubilee Schließe n Gehäuseseiten HD Klar Protektoren Set2,61.5,EUR,Neu (Sonstige),Gewerblich,2026-06-22,22. Jun 2026,1,14.47,0,0,"Sofort-Kaufen +EUR 14,47 Lieferung  Vereinigte Staaten von Amerika Ähnliche aktive Angebote ansehen Solch einen Artikel verkaufen",standingo 100% positiv (6.104),https://www.ebay.de/itm/202731451924,ebay_sold_p4.html
175606403995,"Fliplock Sicherheitsbügel 17,3 mm kompatibel zu SEL RLX Oyster Armband 93150",29.95,EUR,Neu,Gewerblich,2026-06-22,22. Jun 2026,1,0.0,1,0,,watchparts24 100% positiv (71.339),https://www.ebay.de/itm/175606403995,ebay_sold_p4.html
127918071845,ROLEX AUTHENTIQUE LOT DATEJUST AIGUILLES ACIER GENUINE TRICIUM HANDS VINTAGE NEW,70.0,EUR,Gebraucht,Privat,2026-06-22,22. Jun 2026,1,1.0,0,0,"1 Gebot +EUR 13,95 Lieferung  Frankreich Ähnliche aktive Angebote ansehen Solch einen Artikel verkaufen",horloge03-2013 100% positiv (639),https://www.ebay.de/itm/127918071845,ebay_sold_p4.html
206341982491,Rolex 24-7000 Tube couronne - Tube with washers,103.5,EUR,Gebraucht,Gewerblich,2026-06-22,22. Jun 2026,1,9.0,0,0,"Sofort-Kaufen +EUR 9,00 Lieferung  Frankreich Ähnliche aktive Angebote ansehen Solch einen Artikel verkaufen","manz15 99,5% positiv (8.231)",https://www.ebay.de/itm/206341982491,ebay_sold_p4.html
176183798409,ROLEX REF. 4498 GEHÄUSE UND BODEN,1500.0,EUR,Gebraucht,Privat,2026-06-22,22. Jun 2026,1,70.0,0,1,"Preisvorschlag akzeptiert +EUR 70,00 Lieferung  Italien Ähnliche aktive Angebote ansehen Solch einen Artikel verkaufen",93nastia 100% positiv (798),https://www.ebay.de/itm/176183798409,ebay_sold_p4.html
168317832966,12mm 14mm 16mm 18mm 20mm 22mm Edelstahl Uhrenarmband für Seiko für Rolex für Hua,12.99,EUR,Neu,Gewerblich,2026-06-22,22. Jun 2026,1,0.0,1,0,,"pg-online-shop 97,9% positiv (3.040)",https://www.ebay.de/itm/168317832966,ebay_sold_p4.html
126634769068,"ROLEX Datejust 24 531 8 Lady TUBE 18k GOLD Original KRONE CROWN 5,3mm",179.0,EUR,Gebraucht,Gewerblich,2026-06-22,22. Jun 2026,1,6.9,0,1,,almawatches 100% positiv (3.677),https://www.ebay.de/itm/126634769068,ebay_sold_p4.html
406311622626,#1664 ORIGINAL ROLEX DAYTONA 116509 116519 116520 PANDA RACING PAUL NEWMAN DIAL,1899.99,EUR,Gebraucht,Gewerblich,2025-12-23,23. Dez 2025,1,25.0,0,1,,state_of_time 100% positiv (3.803),https://www.ebay.de/itm/406311622626,ebay_sold_p4.html
318211224317,Rolex GMT Master II Lünette / Einsatz Keramik 116713/116718,2005.0,EUR,Gebraucht,Gewerblich,2026-06-21,21. Jun 2026,1,16.0,0,0,"Sofort-Kaufen +EUR 16,00 Lieferung  Spanien Ähnliche aktive Angebote ansehen Solch einen Artikel verkaufen","aswatches_parts 99,8% positiv (1.023)",https://www.ebay.de/itm/318211224317,ebay_sold_p4.html
182095555319,Spezial Federstege mit Schulter Edelstahl kompatibel zu Rolex - 10 Stück,9.95,EUR,Neu,Gewerblich,2026-06-22,22. Jun 2026,1,0.0,1,0,,watchparts24 100% positiv (71.339),https://www.ebay.de/itm/182095555319,ebay_sold_p4.html
385259316351,Original Rolex Automatic Upper Bridge 1065 7000 Automatik obere Brücke,300.0,EUR,Gebraucht,Gewerblich,2026-06-22,22. Jun 2026,1,5.0,0,0,,"sekowatchworld 99,1% positiv (1.120)",https://www.ebay.de/itm/385259316351,ebay_sold_p4.html
358457716177,Rolex Magazin Magazin N 8,20.0,EUR,Neu (Sonstige),Privat,2026-06-22,22. Jun 2026,1,30.0,0,1,"Preisvorschlag akzeptiert +EUR 30,00 Lieferung  Italien Ähnliche aktive Angebote ansehen Solch einen Artikel verkaufen",fra_1288 100% positiv (8),https://www.ebay.de/itm/358457716177,ebay_sold_p4.html
116225776735,"ROLEX 1210 Lauf Cod. 7502 Kaliber: 1210, 1215, 1225 (TOP ZUSTAND)",89.0,EUR,Gebraucht,Gewerblich,2026-06-22,22. Jun 2026,1,19.0,0,0,"Sofort-Kaufen +EUR 19,00 Lieferung  Italien Ähnliche aktive Angebote ansehen Solch einen Artikel verkaufen","fornitura_boccacci 99,9% positiv (4.089)",https://www.ebay.de/itm/116225776735,ebay_sold_p4.html
800196966173,Rolex Datejust Zifferblatt 16234-16200-116234-116200,180.0,EUR,Neu (Sonstige),Privat,2026-06-22,22. Jun 2026,1,15.0,0,1,"oder Preisvorschlag +EUR 15,00 Lieferung  Italien Ähnliche aktive Angebote ansehen Solch einen Artikel verkaufen",fa_628642 100% positiv (18),https://www.ebay.de/itm/800196966173,ebay_sold_p4.html
800189010658,Rolex Daytona Zifferblatt 40mm 116503 - 116508 - 116518 Kal. 4130,300.0,EUR,Neu (Sonstige),Privat,2026-06-22,22. Jun 2026,1,35.0,0,1,"oder Preisvorschlag +EUR 35,00 Lieferung  Italien Ähnliche aktive Angebote ansehen Solch einen Artikel verkaufen",fa_628642 100% positiv (18),https://www.ebay.de/itm/800189010658,ebay_sold_p4.html
396657346500,JY (36 5 Mm Zähne)Rolex-Öffnungswerkzeug Uhrengehäuseöffner 32 Mm,12.95,EUR,Neu,Gewerblich,2026-06-22,22. Jun 2026,1,0.0,1,1,oder Preisvorschlag Gratis Lieferung  China Ähnliche aktive Angebote ansehen Solch einen Artikel verkaufen,"zqfc084 98,7% positiv (6.358)",https://www.ebay.de/itm/396657346500,ebay_sold_p4.html
800005330280,Rolex 24-603-0 + 24-5330-0 Krone und Röhre Crown with Tube 16710 | 16234 Original,125.0,EUR,Gebraucht,Gewerblich,2026-06-22,22. Jun 2026,1,12.5,0,1,"oder Preisvorschlag +EUR 12,50 Lieferung  Italien Ähnliche aktive Angebote ansehen Solch einen Artikel verkaufen",only_quality_stuff_new2026 100% positiv (48),https://www.ebay.de/itm/800005330280,ebay_sold_p4.html
188102951296,ROLEX 4030 360 SEKUNDENRAD KOMPATIBEL ROLEX SECOND WHEEL SWISS MADE,110.0,EUR,Neu,Gewerblich,2026-06-22,22. Jun 2026,1,13.0,0,0,"Sofort-Kaufen +EUR 13,00 Lieferung  Italien Ähnliche aktive Angebote ansehen Solch einen Artikel verkaufen","watchparts-italy 99,5% positiv (3.454)",https://www.ebay.de/itm/188102951296,ebay_sold_p4.html
168024248037,GILT 1:1 Watch Hands fits Rolex 6538 Big Crown Submariner Handset Cal 1030,320.0,EUR,Gebraucht,Privat,2026-06-22,22. Jun 2026,1,6.49,0,1,,letsbuyit2236 100% positiv (559),https://www.ebay.de/itm/168024248037,ebay_sold_p4.html
403952855515,ROLEX ZIFFERBLATT LADY DATE 2035 69174 6917 2135 OYSTER PERPETUAL VINTAGE,99.01,EUR,Gebraucht,Gewerblich,2025-11-24,24. Nov 2025,1,6.95,0,0,,state_of_time 100% positiv (3.803),https://www.ebay.de/itm/403952855515,ebay_sold_p4.html
295423061846,ROLEX Ersatzteil Hemmungsrad Ankerrad cal 2030 2035 part 4429 escape wheel,65.0,EUR,Gebraucht,Gewerblich,2026-06-21,21. Jun 2026,1,7.0,0,1,,luxini_hamburg 100% positiv (3.973),https://www.ebay.de/itm/295423061846,ebay_sold_p4.html
311823569537,Uhrenöffner Set 6-teilig für Rolex Uhren,47.28,EUR,Neu,Gewerblich,2026-06-21,21. Jun 2026,1,7.9,0,1,,plentin 100% positiv (14.288),https://www.ebay.de/itm/311823569537,ebay_sold_p4.html
197237050685,Rolex ( 22 ) Datejust Original Zifferblatt Ref. 126333 Wimbeldon,990.0,EUR,Gebraucht,Gewerblich,2026-06-21,21. Jun 2026,1,5.0,0,0,,"uhrenfachzentrum 99,6% positiv (1.645)",https://www.ebay.de/itm/197237050685,ebay_sold_p4.html
227386132417,ROLEX Aufbewahrungsbox u. Bedienungsanleitung für Oyster Armbanduhr,47.5,EUR,Gebraucht,Gewerblich,2026-06-21,21. Jun 2026,1,6.0,0,0,,muenz59mann 100% positiv (8.384),https://www.ebay.de/itm/227386132417,ebay_sold_p4.html
318019919028,Rolex Lünettenschutz bezel protector Ref. N182 für Explorer 214270,36.0,EUR,Gebraucht,Gewerblich,2026-06-17,17. Jun 2026,1,0.0,1,0,,eBay Top-Service,https://www.ebay.de/itm/318019919028,ebay_sold_p4.html
227386216508,Rolex 3085 5208 Neuwertig Tiretto Setting Lever,108.9,EUR,Gebraucht,Gewerblich,2026-06-21,21. Jun 2026,1,29.0,0,1,"oder Preisvorschlag +EUR 29,00 Lieferung  Italien Ähnliche aktive Angebote ansehen Solch einen Artikel verkaufen",*rarecollections 100% positiv (1.384),https://www.ebay.de/itm/227386216508,ebay_sold_p4.html
147276453783,Rolex 78360-X9 Oyster Anno 1999 Clasp GMT Daytona Datejust Explorer,300.0,EUR,Gebraucht,Privat,2026-06-21,21. Jun 2026,1,20.0,0,1,"Preisvorschlag akzeptiert +EUR 20,00 Lieferung  Italien Ähnliche aktive Angebote ansehen Solch einen Artikel verkaufen",oro-vintage 100% positiv (630),https://www.ebay.de/itm/147276453783,ebay_sold_p4.html
276152416509,NEU Rolex 93150 Flip Lock 32-20732-F1 Submariner Sea-Dweller Original Blister,248.0,EUR,Brand New Packed - Neu im Original Blister,,2026-06-21,21. Jun 2026,1,25.0,0,1,"oder Preisvorschlag +EUR 25,00 Lieferung  Italien Ähnliche aktive Angebote ansehen Solch einen Artikel verkaufen",millerighetime_by_arriwatch 100% positiv (913),https://www.ebay.de/itm/276152416509,ebay_sold_p4.html
327218290246,rolex gmt 2 Lünette und Zifferblatt für Gmt SARU,850.0,EUR,Gebraucht,Privat,2026-06-21,21. Jun 2026,1,1.0,0,1,"1 Gebot Preisvorschlag akzeptiert +EUR 30,00 Lieferung  Italien Ähnliche aktive Angebote ansehen Solch einen Artikel verkaufen",timespecialist 100% positiv (571),https://www.ebay.de/itm/327218290246,ebay_sold_p4.html
157999522939,Rolex Garantiekarte in Weiß,20.0,EUR,Neu,Privat,2026-06-21,21. Jun 2026,1,2.0,0,0,"2 Gebote +EUR 10,00 Lieferung  Italien Ähnliche aktive Angebote ansehen Solch einen Artikel verkaufen",robe810-0 100% positiv (68),https://www.ebay.de/itm/157999522939,ebay_sold_p4.html
406326419653,#1665 ORIG ROLEX 24-704-0 KRONE TUBUS CROWN STAHL OYSTER TRIPLOCK 7mm STEEL 1,129.99,EUR,Gebraucht,Gewerblich,2026-06-21,21. Jun 2026,1,6.95,0,0,,state_of_time 100% positiv (3.803),https://www.ebay.de/itm/406326419653,ebay_sold_p4.html
406337418342,"#1665 ORIGINAL ROLEX 24-530-0 KRONE & TUBUS CROWN TUBE STAHL OYSTER 5,3mm H",129.99,EUR,Gebraucht,Gewerblich,2026-06-21,21. Jun 2026,1,6.95,0,0,,state_of_time 100% positiv (3.803),https://www.ebay.de/itm/406337418342,ebay_sold_p4.html
286977808692,Zifferblatt Datejust Ice 36mm,50.0,EUR,Gebraucht,Privat,2026-06-21,21. Jun 2026,1,15.0,0,1,"oder Preisvorschlag +EUR 15,00 Lieferung  Italien Ähnliche aktive Angebote ansehen Solch einen Artikel verkaufen","mat-882410 91,7% positiv (10)",https://www.ebay.de/itm/286977808692,ebay_sold_p4.html
311651393822,Unruhstab passend für Rolex Kaliber 3000,21.89,EUR,Neu,Gewerblich,2026-06-21,21. Jun 2026,1,13.18,0,0,"Sofort-Kaufen +EUR 13,18 Lieferung  Vereinigte Staaten von Amerika Ähnliche aktive Angebote ansehen Solch einen Artikel verkaufen","watchpartusa 99,8% positiv (44.142)",https://www.ebay.de/itm/311651393822,ebay_sold_p4.html
336248556452,LÜNETTENEINSATZ BLAU VINTAGE TUDOR SUBMARINER 9411/9401 ROLEX 5513 1680,60.0,EUR,Neu,Gewerblich,2026-06-21,21. Jun 2026,1,7.0,0,0,,old-crowns-com 100% positiv (289),https://www.ebay.de/itm/336248556452,ebay_sold_p4.html
336248537870,LÜNETTENEINSATZ FÜR VINTAGE ROLEX SUBMARINER 5513/1680 KUNSTSTOFF (ACRYL) PERLE,60.0,EUR,Neu,Gewerblich,2026-06-21,21. Jun 2026,1,7.0,0,0,,old-crowns-com 100% positiv (289),https://www.ebay.de/itm/336248537870,ebay_sold_p4.html
276926185065,ROLEX DATEJUST 26 Ref 79174 Oyster PAPIERE GARANTIEKARTE 2002 K794255 Zertifikat,199.99,EUR,Gebraucht,Gewerblich,2026-06-21,21. Jun 2026,1,6.9,0,1,,tyremate 100% positiv (15.905),https://www.ebay.de/itm/276926185065,ebay_sold_p4.html
226969441256,Rolex Datejust 79174 Garantie Garantie Garantie,230.0,EUR,Neu (Sonstige),Privat,2026-06-21,21. Jun 2026,1,20.0,0,0,"Sofort-Kaufen +EUR 20,00 Lieferung  Italien Ähnliche aktive Angebote ansehen Solch einen Artikel verkaufen",watchbox70 100% positiv (190),https://www.ebay.de/itm/226969441256,ebay_sold_p4.html
127779097178,Rolex Basel / Stahlring für Datejust 16220,150.0,EUR,Gebraucht,Privat,2026-06-21,21. Jun 2026,1,30.0,0,1,"Preisvorschlag akzeptiert +EUR 30,00 Lieferung  Italien Ähnliche aktive Angebote ansehen Solch einen Artikel verkaufen",ricambio_94 100% positiv (12),https://www.ebay.de/itm/127779097178,ebay_sold_p4.html
164554751205,Dichtungen komplett Kit Gaskets for Rolex GMT Master I & II 16700 16710 16713,9.9,EUR,Neu,Gewerblich,2026-06-21,21. Jun 2026,1,13.5,0,0,"Sofort-Kaufen +EUR 13,50 Lieferung  Italien Ähnliche aktive Angebote ansehen Solch einen Artikel verkaufen","sabaec 99,9% positiv (22.965)",https://www.ebay.de/itm/164554751205,ebay_sold_p4.html
172414172624,"Saphir Ersatzglas kompatibel zu ROLEX GMTI 16700, GMTII 16710, 16760",59.95,EUR,Neu,Gewerblich,2026-06-21,21. Jun 2026,1,0.0,1,0,,watchparts24 100% positiv (71.339),https://www.ebay.de/itm/172414172624,ebay_sold_p4.html
185599132201,"ROLEX DAYTONA 16520 DRIVING FOR CROWN WHEEL 4030-512, LEITRAD FÜR 4030",89.0,EUR,Neu,Gewerblich,2026-06-21,21. Jun 2026,1,13.0,0,0,"Sofort-Kaufen +EUR 13,00 Lieferung  Italien Ähnliche aktive Angebote ansehen Solch einen Artikel verkaufen","watchparts-italy 99,5% positiv (3.454)",https://www.ebay.de/itm/185599132201,ebay_sold_p4.html
204798465049,Rolex Oyster Perpetual Purple Dial gebraucht nicht perfekt,349.0,EUR,Gebraucht,Gewerblich,2025-12-05,5. Dez 2025,1,29.0,0,1,"Preisvorschlag akzeptiert +EUR 29,00 Lieferung  Italien Ähnliche aktive Angebote ansehen Solch einen Artikel verkaufen",watchmydial 100% positiv (460),https://www.ebay.de/itm/204798465049,ebay_sold_p4.html
366184662933,Set aus 2 Ankerketten aus Edelstahl,96.24,EUR,Gebraucht,Privat,2026-04-26,26. Apr 2026,1,0.0,1,1,oder Preisvorschlag Gratis Lieferung  Japan Kostenloser Rückversand Ähnliche aktive Angebote ansehen Solch einen Artikel verkaufen,chouchou-de-japan 100% positiv (853),https://www.ebay.de/itm/366184662933,ebay_sold_p4.html
267694177149,Rolex Jubilee 20mm Gold Stahl 14K USA Datejust GMT 36mm Armband ORIGINAL,1190.0,EUR,Gebraucht,Privat,2026-06-21,21. Jun 2026,1,25.0,0,1,"Preisvorschlag akzeptiert +EUR 25,00 Lieferung  Italien Ähnliche aktive Angebote ansehen Solch einen Artikel verkaufen",fabiovr86 100% positiv (318),https://www.ebay.de/itm/267694177149,ebay_sold_p4.html
366250169034,ROLEX LÜNETTE BEZEL LADYDATJUST 26 6617 DAMEN UHR GOLD DIAMANTEN TOP,1499.0,EUR,Gebraucht,Gewerblich,2026-06-21,21. Jun 2026,1,0.0,1,1,,"luxus-freund24 99,5% positiv (41.881)",https://www.ebay.de/itm/366250169034,ebay_sold_p4.html
164110254009,Tige Winding stem Aufzugwelle Antriebswelle ROLEX 3135 3130 NOS - SWISS MADE,4.9,EUR,Neu (Sonstige),Gewerblich,2026-06-21,21. Jun 2026,1,13.5,0,0,"Sofort-Kaufen +EUR 13,50 Lieferung  Italien Ähnliche aktive Angebote ansehen Solch einen Artikel verkaufen","sabaec 99,9% positiv (22.965)",https://www.ebay.de/itm/164110254009,ebay_sold_p4.html
406326388560,"GENERIC kompatibler Schlauch 5,3 mm für Krone ROLEX 24-5320 (NEU)",20.0,EUR,Neu,Gewerblich,2026-06-21,21. Jun 2026,1,19.0,0,0,"Sofort-Kaufen +EUR 19,00 Lieferung  Italien Ähnliche aktive Angebote ansehen Solch einen Artikel verkaufen","fornitura_boccacci 99,9% positiv (4.089)",https://www.ebay.de/itm/406326388560,ebay_sold_p4.html
113706666745,ROLEX PRIMA KRONRAD MIT KRONRADKERN  PART. No. 420 FÜR FORMWERK 1926-1930,49.9,EUR,Gebraucht,Gewerblich,2026-06-21,21. Jun 2026,1,0.0,1,0,,"horlogerie2012 99,8% positiv (11.438)",https://www.ebay.de/itm/113706666745,ebay_sold_p4.html
164553277041,Dichtungen komplett Kit Gaskets for Rolex Date 1500 - 1501 - 1503 - 1505,6.9,EUR,Neu,Gewerblich,2026-06-20,20. Jun 2026,1,13.5,0,0,"Sofort-Kaufen +EUR 13,50 Lieferung  Italien Ähnliche aktive Angebote ansehen Solch einen Artikel verkaufen","sabaec 99,9% positiv (22.965)",https://www.ebay.de/itm/164553277041,ebay_sold_p4.html
277112830126,Rolex Sapphire Crystal 25-7038-J1 Saphirglas 7038 Boys Lady Medium 31mm,448.0,EUR,BRAND NEW PACKED - NEU IM ORIGINAL BLISTER,,2026-06-20,20. Jun 2026,1,25.0,0,0,"Sofort-Kaufen +EUR 25,00 Lieferung  Italien Ähnliche aktive Angebote ansehen Solch einen Artikel verkaufen",millerighetime_by_arriwatch 100% positiv (913),https://www.ebay.de/itm/277112830126,ebay_sold_p4.html
397888876540,Zenith Uhrwerk El Primero Kaliber 400 Ref60.0360.400 inkl. Krone aus 18k Gold,1750.0,EUR,Gebraucht,Privat,2026-06-20,20. Jun 2026,1,35.0,0,1,"Preisvorschlag akzeptiert +EUR 35,00 Lieferung  Italien Ähnliche aktive Angebote ansehen Solch einen Artikel verkaufen",skeleton94 100% positiv (3),https://www.ebay.de/itm/397888876540,ebay_sold_p4.html
126598963072,ROLEX Zifferblatt Zephyr Oyster Perpetual DATE 1512 1008 1038 DIAL 34mm 1570,499.0,EUR,Gebraucht,Gewerblich,2026-06-20,20. Jun 2026,1,5.9,0,1,,almawatches 100% positiv (3.677),https://www.ebay.de/itm/126598963072,ebay_sold_p4.html
188536875952,Rolex GMT MASTER II 126710 Pepsi Batman Dial Original Kaliber 3285,2999.0,EUR,Gebraucht,Gewerblich,2026-06-20,20. Jun 2026,1,85.0,0,1,"Preisvorschlag akzeptiert +EUR 85,00 Lieferung  Italien Ähnliche aktive Angebote ansehen Solch einen Artikel verkaufen",debswatch 100% positiv (37),https://www.ebay.de/itm/188536875952,ebay_sold_p4.html
168455685473,Vintage Rolex Konvolut Kalender Oyster Booklets Box Katalog Zubehör,12.5,EUR,Gebraucht,Gewerblich,2026-06-20,20. Jun 2026,1,13.0,0,0,,shw-goldsilver 100% positiv (557),https://www.ebay.de/itm/168455685473,ebay_sold_p4.html
147387894791,1940 UNICORN ROLEX 29mm SNOWITE CASE Cal Rolex 710 15J ORGNL BOX BUCKLE SERVICED,750.0,EUR,Gebraucht,Privat,2026-06-20,20. Jun 2026,1,0.0,1,1,Preisvorschlag akzeptiert Gratis Lieferung  Griechenland Ähnliche aktive Angebote ansehen Solch einen Artikel verkaufen,amazon-watch-collector-new 100% positiv (34),https://www.ebay.de/itm/147387894791,ebay_sold_p4.html
406965044266,Uhrenöffner Uhren Gehäuse-Öffner Reparatur Uhrmacher Werkzeug Für Rolex Watch DE,19.99,EUR,Neu,Gewerblich,2026-06-20,20. Jun 2026,1,0.0,1,0,,e-plus-store 99% positiv (78.213),https://www.ebay.de/itm/406965044266,ebay_sold_p4.html
127299630176,VINTAGE ROLEX SUBMARINER 5510 6538 TUDOR SUBMARINER 7924 PLEXY TROPIC 17 NOS,350.0,EUR,Neu (Sonstige),Gewerblich,2026-06-20,20. Jun 2026,1,15.0,0,1,"oder Preisvorschlag +EUR 15,00 Lieferung  Italien Letzter Artikel Ähnliche aktive Angebote ansehen Solch einen Artikel verkaufen",sales-watch-parts 100% positiv (441),https://www.ebay.de/itm/127299630176,ebay_sold_p4.html
227310824580,Rolex Jubilee Tote Bag Collector Magazine Watch & Wonders 2026,149.99,EUR,Neu,Privat,2026-06-20,20. Jun 2026,1,20.0,0,1,"Preisvorschlag akzeptiert +EUR 20,00 Lieferung  Frankreich Ähnliche aktive Angebote ansehen Solch einen Artikel verkaufen",lenoir57 100% positiv (218),https://www.ebay.de/itm/227310824580,ebay_sold_p4.html
336605329333,Cadran Rolex Daytona 116520 Blanc Argent,1490.0,EUR,Neu (Sonstige),Privat,2026-06-20,20. Jun 2026,1,40.0,0,1,"Preisvorschlag akzeptiert +EUR 40,00 Lieferung  Frankreich Ähnliche aktive Angebote ansehen Solch einen Artikel verkaufen",onkson1 100% positiv (189),https://www.ebay.de/itm/336605329333,ebay_sold_p4.html
186691551257,Rolex 3230 3235 3285 - 305 ROCHET / ROCCHETTO,110.0,EUR,Neu,Gewerblich,2026-06-20,20. Jun 2026,1,13.0,0,0,"Sofort-Kaufen +EUR 13,00 Lieferung  Italien Ähnliche aktive Angebote ansehen Solch einen Artikel verkaufen","watchparts-italy 99,5% positiv (3.454)",https://www.ebay.de/itm/186691551257,ebay_sold_p4.html
160974574604,SAPHIRGLAS FÜR 34MM ROLEX OYSTER PERPETUAL DATE 1500 1505 1570 15053 6234,41.64,EUR,Neu,Gewerblich,2026-06-20,20. Jun 2026,1,10.42,0,0,"Sofort-Kaufen +EUR 10,42 Lieferung  Vereinigte Staaten von Amerika Ähnliche aktive Angebote ansehen Solch einen Artikel verkaufen","ewatchparts 99,9% positiv (225.083)",https://www.ebay.de/itm/160974574604,ebay_sold_p4.html
204408922116,Plastic Uhren Glas Crystal fur DATEJUST 6525 1601 1500 1610 1083 5500 6917 1680,21.4,EUR,Neu (Sonstige),Gewerblich,2026-06-20,20. Jun 2026,1,4.15,0,0,"Sofort-Kaufen +EUR 4,15 Lieferung  China Ähnliche aktive Angebote ansehen Solch einen Artikel verkaufen","wecolors 98,1% positiv (21.249)",https://www.ebay.de/itm/204408922116,ebay_sold_p4.html
178233317082,Dial Rolex Submariner 16613 Purple-Trizio,210.0,EUR,Gebraucht,Privat,2026-06-20,20. Jun 2026,1,30.0,0,0,"Sofort-Kaufen +EUR 30,00 Lieferung  Italien Ähnliche aktive Angebote ansehen Solch einen Artikel verkaufen",uomogol 100% positiv (231),https://www.ebay.de/itm/178233317082,ebay_sold_p4.html
116793323168,GENERIC Kompatibel ROLEX Cal. 1600 Zugfeder Kaliber: 1600 (NEU),20.0,EUR,Neu,Gewerblich,2026-06-20,20. Jun 2026,1,19.0,0,0,"Sofort-Kaufen +EUR 19,00 Lieferung  Italien Ähnliche aktive Angebote ansehen Solch einen Artikel verkaufen","fornitura_boccacci 99,9% positiv (4.089)",https://www.ebay.de/itm/116793323168,ebay_sold_p4.html
358318315229,VORTE ROLEX OYSTER  Booklet 579.51 Französisch aus 8.2007,39.0,EUR,Gebraucht,Gewerblich,2026-06-20,20. Jun 2026,1,7.0,0,0,,"uhren-pforzheimde 98,5% positiv (282)",https://www.ebay.de/itm/358318315229,ebay_sold_p4.html
193817189354,Rolex 3135 Zubehör/Teile 100% Original/Original,15.0,EUR,Gebraucht,Gewerblich,2026-06-20,20. Jun 2026,1,0.0,1,0,Sofort-Kaufen Gratis Lieferung  Frankreich Ähnliche aktive Angebote ansehen Solch einen Artikel verkaufen,captain-corsica 100% positiv (950),https://www.ebay.de/itm/193817189354,ebay_sold_p4.html
236477586260,Rolex Zifferblatt für Datejust 31mm Ref 78273 78278 68278 68273 78243 178273 178278,299.0,EUR,Gebraucht,Gewerblich,2025-11-29,29. Nov 2025,1,49.0,0,1,"Preisvorschlag akzeptiert +EUR 49,00 Lieferung  Frankreich Ähnliche aktive Angebote ansehen Solch einen Artikel verkaufen",spareswatch 100% positiv (556),https://www.ebay.de/itm/236477586260,ebay_sold_p4.html
185667544317,ROLEX DATEJUST 16200 STAHLKUGELN SET KOMPATIBEL - FIT HANDS SET 3035 3135,25.0,EUR,Neu,Gewerblich,2026-06-20,20. Jun 2026,1,13.0,0,0,"Sofort-Kaufen +EUR 13,00 Lieferung  Italien Ähnliche aktive Angebote ansehen Solch einen Artikel verkaufen","watchparts-italy 99,5% positiv (3.454)",https://www.ebay.de/itm/185667544317,ebay_sold_p4.html
186237119910,"ROLEX 3135-5100 KOMPATIBLE SCHRAUBE, SCREW CASE 3135 5100 SWISS MADE",12.0,EUR,Neu,Gewerblich,2026-06-20,20. Jun 2026,1,13.0,0,0,"Sofort-Kaufen +EUR 13,00 Lieferung  Italien Ähnliche aktive Angebote ansehen Solch einen Artikel verkaufen","watchparts-italy 99,5% positiv (3.454)",https://www.ebay.de/itm/186237119910,ebay_sold_p4.html
188058146339,ROLEX DateJust 16200 16014 Millerighe Zifferblatt gebraucht Original / ROLEX Datejust,300.0,EUR,Gebraucht,Gewerblich,2026-06-20,20. Jun 2026,1,13.0,0,0,"Sofort-Kaufen +EUR 13,00 Lieferung  Italien Ähnliche aktive Angebote ansehen Solch einen Artikel verkaufen","watchparts-italy 99,5% positiv (3.454)",https://www.ebay.de/itm/188058146339,ebay_sold_p4.html
405065569933,#1302 ROLEX 3135-130 PLATINE AUFZUG BRÜCKE WINDING BRIDGE WERKSPLATINE PART,159.99,EUR,Gebraucht,Gewerblich,2026-06-20,20. Jun 2026,1,6.95,0,0,,state_of_time 100% positiv (3.803),https://www.ebay.de/itm/405065569933,ebay_sold_p4.html
164169514291,Stange Winding stem Aufzugwelle Antriebswelle ROLEX 1400 1401 NOS - SWISS MADE,4.9,EUR,Neu (Sonstige),Gewerblich,2026-06-20,20. Jun 2026,1,13.5,0,0,"Sofort-Kaufen +EUR 13,50 Lieferung  Italien Ähnliche aktive Angebote ansehen Solch einen Artikel verkaufen","sabaec 99,9% positiv (22.965)",https://www.ebay.de/itm/164169514291,ebay_sold_p4.html
406331456796,#1665 ORIGINAL ROLEX 3135 DATUMSSCHEIBE DATE DISC GOLD OPEN 6&9 3130 3175,99.99,EUR,Gebraucht,Gewerblich,2026-06-20,20. Jun 2026,1,6.95,0,0,,state_of_time 100% positiv (3.803),https://www.ebay.de/itm/406331456796,ebay_sold_p4.html
387798391212,Mickey Mouse  Diamantbesatz  Zifferblatt Dail passend für Rolex Datejust,850.0,EUR,Gebraucht,Privat,2026-06-20,20. Jun 2026,1,0.0,1,1,,tcshamburg 100% positiv (171),https://www.ebay.de/itm/387798391212,ebay_sold_p4.html
278096886778,"""Rolex Submariner"" und ""Rolex Yachtmaster"" Seiko NH35",49.0,EUR,Gebraucht,Privat,2026-06-20,20. Jun 2026,1,4.0,0,0,,"musik315 90,9% positiv (1.035)",https://www.ebay.de/itm/278096886778,ebay_sold_p4.html
227324375742,Rolex Daytona 6240/6263/6265 N.2 Messing Drücker P300 Mk0 Prototype Millerighe NOS,7900.0,EUR,Neu (Sonstige),Privat,2026-06-20,20. Jun 2026,1,50.0,0,1,"Preisvorschlag akzeptiert +EUR 50,00 Lieferung  Italien Ähnliche aktive Angebote ansehen Solch einen Artikel verkaufen",watchesinnaples 100% positiv (267),https://www.ebay.de/itm/227324375742,ebay_sold_p4.html
311651382479,Hauptfeder passend für Rolex Kaliber 3135 3130 3175 3185 Uhrenteil,23.92,EUR,Neu,Gewerblich,2026-06-20,20. Jun 2026,1,13.24,0,0,"Sofort-Kaufen +EUR 13,24 Lieferung  Vereinigte Staaten von Amerika Letzter Artikel Ähnliche aktive Angebote ansehen Solch einen Artikel verkaufen","watchpartusa 99,8% positiv (44.142)",https://www.ebay.de/itm/311651382479,ebay_sold_p4.html
226006272994,Jewels Balance Rolex 3235 Rubin Unruh,40.0,EUR,Gebraucht,Privat,2026-06-19,19. Jun 2026,1,12.0,0,1,"oder Preisvorschlag +EUR 12,00 Lieferung  Italien Ähnliche aktive Angebote ansehen Solch einen Artikel verkaufen",velt_88 100% positiv (81),https://www.ebay.de/itm/226006272994,ebay_sold_p4.html
178096855494,Rolex 1161 Uhrwerk komplett,1100.0,EUR,Gebraucht,Privat,2026-06-19,19. Jun 2026,1,20.0,0,1,"Preisvorschlag akzeptiert +EUR 20,00 Lieferung  Italien Ähnliche aktive Angebote ansehen Solch einen Artikel verkaufen",caiapalm 100% positiv (406),https://www.ebay.de/itm/178096855494,ebay_sold_p4.html
306891680105,"Rolex Cyclop 104, 114, 118, 123 Rolex Tropic 3 Ersatzglas Sternkreuz Ultra D NOS",10.0,EUR,Neu (Sonstige),Gewerblich,2026-05-18,18. Mai 2026,1,0.0,1,0,,watch_parts_germany 100% positiv (428),https://www.ebay.de/itm/306891680105,ebay_sold_p4.html
117004251570,GENERIC Kompatibles Zeigerset weiß für ROLEX 16200 Kal. 3035/3135 Kaliber...,25.0,EUR,Neu,Gewerblich,2026-06-19,19. Jun 2026,1,19.0,0,0,"Sofort-Kaufen +EUR 19,00 Lieferung  Italien Ähnliche aktive Angebote ansehen Solch einen Artikel verkaufen","fornitura_boccacci 99,9% positiv (4.089)",https://www.ebay.de/itm/117004251570,ebay_sold_p4.html
324013548938,Rolex Vintage oyster 6635 steel elastic riveted link mm 13,179.0,EUR,Gebraucht,Gewerblich,2026-06-19,19. Jun 2026,1,50.0,0,1,"Preisvorschlag akzeptiert +EUR 50,00 Lieferung  Italien Ähnliche aktive Angebote ansehen Solch einen Artikel verkaufen",silverwingnico 100% positiv (1.516),https://www.ebay.de/itm/324013548938,ebay_sold_p4.html
304742113358,ROLEX Datejust Zeiger Tritium Hands cal 3035 3135 16200 16030 16220 16234 1 Set,135.0,EUR,Gebraucht,Gewerblich,2026-06-19,19. Jun 2026,1,7.0,0,1,,luxini_hamburg 100% positiv (3.973),https://www.ebay.de/itm/304742113358,ebay_sold_p4.html
167445956127,Saphirglas für 25-7020 Rolex Sapphire Glass 124300 126900,39.9,EUR,Neu,Gewerblich,2026-06-19,19. Jun 2026,1,13.5,0,0,"Sofort-Kaufen +EUR 13,50 Lieferung  Italien Letzter Artikel Ähnliche aktive Angebote ansehen Solch einen Artikel verkaufen","sabaec 99,9% positiv (22.965)",https://www.ebay.de/itm/167445956127,ebay_sold_p4.html
227181946062,Rolex 2130-0913 Neuwertig Castone Komplettrad Hemmung 2130 2135,75.9,EUR,Gebraucht,Gewerblich,2026-06-19,19. Jun 2026,1,29.0,0,1,"oder Preisvorschlag +EUR 29,00 Lieferung  Italien Ähnliche aktive Angebote ansehen Solch einen Artikel verkaufen",*rarecollections 100% positiv (1.384),https://www.ebay.de/itm/227181946062,ebay_sold_p4.html
227213927352,Rolex 2130-0916 Wie Neu Dämpfer Unruh Unter 2130 2135 Shock,86.9,EUR,Gebraucht,Gewerblich,2026-06-19,19. Jun 2026,1,29.0,0,1,"oder Preisvorschlag +EUR 29,00 Lieferung  Italien Ähnliche aktive Angebote ansehen Solch einen Artikel verkaufen",*rarecollections 100% positiv (1.384),https://www.ebay.de/itm/227213927352,ebay_sold_p4.html
203785533882,ROLEX CELLINI BOOKLET MANUAL VINTAGE RAR ENGLISCH 1994,79.0,EUR,Gebraucht,Gewerblich,2026-06-19,19. Jun 2026,1,0.0,1,1,,"luxus-freund24 99,5% positiv (41.881)",https://www.ebay.de/itm/203785533882,ebay_sold_p4.html
267579634477,Original Vintage Rolex Cellini Booklet 573-03 Englisch,48.88,EUR,Neu (Sonstige),Privat,2026-06-19,19. Jun 2026,1,0.0,1,0,Sofort-Kaufen Gratis Lieferung  Japan Ähnliche aktive Angebote ansehen Solch einen Artikel verkaufen,"j-style.lx 99,3% positiv (6.035)",https://www.ebay.de/itm/267579634477,ebay_sold_p4.html
306313328910,"Vintage Rolex Cellini Katalog v. 1966, sehr selten..",120.0,EUR,Gebraucht,Privat,2026-06-19,19. Jun 2026,1,6.19,0,0,,bu-be 100% positiv (720),https://www.ebay.de/itm/306313328910,ebay_sold_p4.html
198370411895,Rolex Cellini 'King Midas' Booklet/Manual (It. 5.1989),35.0,EUR,Gebraucht,Gewerblich,2026-06-19,19. Jun 2026,1,3.9,0,0,,timekeepers-bonn 100% positiv (31),https://www.ebay.de/itm/198370411895,ebay_sold_p4.html
198370411893,Rolex Cellini 'King Midas'  Booklet/Manual 80s,45.0,EUR,Gebraucht,Gewerblich,2026-06-19,19. Jun 2026,1,0.0,1,0,,timekeepers-bonn 100% positiv (31),https://www.ebay.de/itm/198370411893,ebay_sold_p4.html
187847848558,"Booklet Booklet ""ROLEX CELLINI"" Vintage Jahr Fr 1982",29.0,EUR,Gebraucht,Privat,2026-06-19,19. Jun 2026,1,15.0,0,0,"Sofort-Kaufen +EUR 15,00 Lieferung  Italien Ähnliche aktive Angebote ansehen Solch einen Artikel verkaufen",tomammazz_0 100% positiv (258),https://www.ebay.de/itm/187847848558,ebay_sold_p4.html
389978616881,"Rolex OysterQuartz Stahl Mesh Steel Link 17014, 15,4mm Original",230.0,EUR,Gebraucht,Gewerblich,2026-06-19,19. Jun 2026,1,12.5,0,1,"oder Preisvorschlag +EUR 12,50 Lieferung  Italien Ähnliche aktive Angebote ansehen Solch einen Artikel verkaufen",only_quality_stuff_new2026 100% positiv (48),https://www.ebay.de/itm/389978616881,ebay_sold_p4.html
198309809327,"Rolex Oyster Perpetual /Day-Date Booklet/Gebrauchsanleitung  2020,Englisch",39.0,EUR,Gebraucht,Gewerblich,2026-06-19,19. Jun 2026,1,5.0,0,0,,"uhrenfachzentrum 99,6% positiv (1.645)",https://www.ebay.de/itm/198309809327,ebay_sold_p4.html
177821462995,Orig. ROLEX OYSTER GMT Master 2 Manual Bedienungsanleitung Englisch 596.02 * TOP,24.95,EUR,Neu (Sonstige),Gewerblich,2026-06-19,19. Jun 2026,1,0.0,1,1,,"kd-luxurytrade 98,4% positiv (3.575)",https://www.ebay.de/itm/177821462995,ebay_sold_p4.html
306554278071,Rolex A296 - Teile / Parts,30.0,EUR,Gebraucht,Privat,2026-06-19,19. Jun 2026,1,5.0,0,0,"Sofort-Kaufen +EUR 5,00 Lieferung  Frankreich Ähnliche aktive Angebote ansehen Solch einen Artikel verkaufen",fmclassic 100% positiv (333),https://www.ebay.de/itm/306554278071,ebay_sold_p4.html
205320567964,Rolex 2135 - 668 Korrekturmechanismus - Corrector mechanism,74.75,EUR,Gebraucht,Gewerblich,2026-06-19,19. Jun 2026,1,9.0,0,0,"Sofort-Kaufen +EUR 9,00 Lieferung  Frankreich Ähnliche aktive Angebote ansehen Solch einen Artikel verkaufen","manz15 99,5% positiv (8.231)",https://www.ebay.de/itm/205320567964,ebay_sold_p4.html
406612591554,#1778 NEU / NEW ROLEX 3155 3156 DAY DATE TAGESSCHEIBE DAY WHEEL DEUTSCH GERMAN,269.99,EUR,Gebraucht,Gewerblich,2026-06-19,19. Jun 2026,1,6.95,0,0,,state_of_time 100% positiv (3.803),https://www.ebay.de/itm/406612591554,ebay_sold_p4.html
224618866510,"Rolex Zifferblatt ""T Swiss-Made T"" für Rolex Datejust - Ref.16233, 16203 o.16238",500.0,EUR,Gebraucht,Gewerblich,2026-06-19,19. Jun 2026,1,0.0,1,0,,mercarus-gmbh 100% positiv (639),https://www.ebay.de/itm/224618866510,ebay_sold_p4.html
276040569176,NEW Rolex 24-604-0 Krone Stahl 6mm GMT Datejust Explorer Neu im Blister,208.0,EUR,Brand New Packed - Neu in Originalverpackung,,2026-06-19,19. Jun 2026,1,25.0,0,1,"oder Preisvorschlag +EUR 25,00 Lieferung  Italien Ähnliche aktive Angebote ansehen Solch einen Artikel verkaufen",millerighetime_by_arriwatch 100% positiv (913),https://www.ebay.de/itm/276040569176,ebay_sold_p4.html
304742102080,ROLEX Aufzugwelle für Krone cal 3035 5035 movement part 5025 Winding Stem,39.0,EUR,Gebraucht,Gewerblich,2026-06-19,19. Jun 2026,1,7.0,0,0,,luxini_hamburg 100% positiv (3.973),https://www.ebay.de/itm/304742102080,ebay_sold_p4.html
277833458008,Rolex Kunststoffglas Plexiglas 25-116 mit DATA Top Quality,38.0,EUR,Neu,Gewerblich,2026-06-19,19. Jun 2026,1,25.0,0,0,"Sofort-Kaufen +EUR 25,00 Lieferung  Italien Ähnliche aktive Angebote ansehen Solch einen Artikel verkaufen",millerighetime_by_arriwatch 100% positiv (913),https://www.ebay.de/itm/277833458008,ebay_sold_p4.html
164169513017,Stange Winding stem Aufzugwelle Antriebswelle ROLEX 1530 1570 NOS - SWISS MADE,4.9,EUR,Neu (Sonstige),Gewerblich,2026-06-19,19. Jun 2026,1,13.5,0,0,"Sofort-Kaufen +EUR 13,50 Lieferung  Italien Ähnliche aktive Angebote ansehen Solch einen Artikel verkaufen","sabaec 99,9% positiv (22.965)",https://www.ebay.de/itm/164169513017,ebay_sold_p4.html
406016835973,ORIGINAL 1675 ROLEX GMT MASTER NIPPLE BLACK TRITIUM DIAL 1575 GOLD ZIFFERBLATT,559.0,EUR,Gebraucht,Gewerblich,2026-06-19,19. Jun 2026,1,9.5,0,0,,state_of_time 100% positiv (3.803),https://www.ebay.de/itm/406016835973,ebay_sold_p4.html
116305858081,ROLEX 3135 Umkehrrad oder Inverter (Inverter) Cod. 3135-540 Kaliber:...,44.0,EUR,Gebraucht,Gewerblich,2026-06-19,19. Jun 2026,1,19.0,0,0,"Sofort-Kaufen +EUR 19,00 Lieferung  Italien Ähnliche aktive Angebote ansehen Solch einen Artikel verkaufen","fornitura_boccacci 99,9% positiv (4.089)",https://www.ebay.de/itm/116305858081,ebay_sold_p5.html
267677230682,Rolex Daytona cream dial Ref. 116520 early 2000s,2699.0,EUR,Gebraucht,Gewerblich,2026-06-19,19. Jun 2026,1,69.0,0,1,"Preisvorschlag akzeptiert +EUR 69,00 Lieferung  Österreich Ähnliche aktive Angebote ansehen Solch einen Artikel verkaufen",watch-parts-vienna 100% positiv (1.253),https://www.ebay.de/itm/267677230682,ebay_sold_p5.html
227209924740,Rolex GMT Booklet Set From 1999 SDJ04,200.0,EUR,Gebraucht,Privat,2026-06-19,19. Jun 2026,1,20.0,0,0,"Sofort-Kaufen +EUR 20,00 Lieferung  Italien Ähnliche aktive Angebote ansehen Solch einen Artikel verkaufen",watchbox70 100% positiv (190),https://www.ebay.de/itm/227209924740,ebay_sold_p5.html
188520526984,ROLEX DAYTONA 16528 16518 16523 GOLD HANDS SET NO TRITIUM SFERE LANCETTE ORIG.,375.0,EUR,Gebraucht,Privat,2026-06-19,19. Jun 2026,1,1.0,0,1,"1 Gebot Preisvorschlag akzeptiert +EUR 40,00 Lieferung  Italien Ähnliche aktive Angebote ansehen Solch einen Artikel verkaufen",meteora25 100% positiv (159),https://www.ebay.de/itm/188520526984,ebay_sold_p5.html
172620430361,SAPHIR UHR KRISTALL FÜR HERREN ROLEX EXPLORER II 16570 DATUM UHR,31.22,EUR,Neu,Gewerblich,2026-06-19,19. Jun 2026,1,10.42,0,0,"Sofort-Kaufen +EUR 10,42 Lieferung  Vereinigte Staaten von Amerika Ähnliche aktive Angebote ansehen Solch einen Artikel verkaufen","ewatchparts 99,9% positiv (225.083)",https://www.ebay.de/itm/172620430361,ebay_sold_p5.html
257475012891,Aufkleber Sticker Logo Rolex Gold Zifferblatt Uhr,9.9,EUR,Neu (Sonstige),Privat,2026-06-19,19. Jun 2026,1,9.9,0,0,"Sofort-Kaufen +EUR 9,90 Lieferung  Italien Ähnliche aktive Angebote ansehen Solch einen Artikel verkaufen",lelekas69 100% positiv (1.539),https://www.ebay.de/itm/257475012891,ebay_sold_p5.html
336577725042,Rolex Zifferblatt Custom Schwarz Diamant Römische Ziffern 36mm Für Datejust,534.78,EUR,Gebraucht,Gewerblich,2026-05-20,20. Mai 2026,1,0.0,1,0,Sofort-Kaufen Gratis Lieferung  Vereinigte Staaten von Amerika Ähnliche aktive Angebote ansehen Solch einen Artikel verkaufen,"goldumnyc 99,3% positiv (40.762)",https://www.ebay.de/itm/336577725042,ebay_sold_p5.html
389055536563,ORIGINAL ROLEX 1501 GEHÄUSE CASE & DIAL DATEJUST 34mm,350.0,EUR,Gebraucht,Privat,2026-06-18,18. Jun 2026,1,6.19,0,1,,worldtimewatches 100% positiv (22),https://www.ebay.de/itm/389055536563,ebay_sold_p5.html
310666293426,SAPHIR UHRENGLAS FÜR ROLEX DATE QUICKSET 286C 15233 15203 15200 15210 1523,31.22,EUR,Neu,Gewerblich,2026-06-18,18. Jun 2026,1,10.42,0,0,"Sofort-Kaufen +EUR 10,42 Lieferung  Vereinigte Staaten von Amerika Ähnliche aktive Angebote ansehen Solch einen Artikel verkaufen","ewatchparts 99,9% positiv (225.083)",https://www.ebay.de/itm/310666293426,ebay_sold_p5.html
204895655655,Rolex Vintage Oyster Perpetual Precision Mid Size 31mm dial,299.0,EUR,Gebraucht,Gewerblich,2025-11-24,24. Nov 2025,1,29.0,0,1,"Preisvorschlag akzeptiert +EUR 29,00 Lieferung  Italien Ähnliche aktive Angebote ansehen Solch einen Artikel verkaufen",watchmydial 100% positiv (460),https://www.ebay.de/itm/204895655655,ebay_sold_p5.html
204895655569,Rolex Datejust Tropical 36mm Stahl Zifferblatt 16014 16220 16200 16234 gebraucht,299.0,EUR,Gebraucht,Gewerblich,2025-12-04,4. Dez 2025,1,29.0,0,1,"Preisvorschlag akzeptiert +EUR 29,00 Lieferung  Italien Ähnliche aktive Angebote ansehen Solch einen Artikel verkaufen",watchmydial 100% positiv (460),https://www.ebay.de/itm/204895655569,ebay_sold_p5.html
326167898346,"Uhrenglas Cyclop 25,6 mm für Rolex 25-104 105 6466 6624 6625 6627 6628 6629 6630",20.99,EUR,Neu,Gewerblich,2026-06-18,18. Jun 2026,1,3.49,0,0,,"uhrenexpert 99,3% positiv (21.349)",https://www.ebay.de/itm/326167898346,ebay_sold_p5.html
135510231176,Rolex 1570 Unruhwelle Balance Staff (1 Stück) Vintage Nos,24.8,EUR,Neu,Gewerblich,2026-06-18,18. Jun 2026,1,15.0,0,1,"oder Preisvorschlag +EUR 15,00 Lieferung  Italien Ähnliche aktive Angebote ansehen Solch einen Artikel verkaufen","taccalamela 99,4% positiv (4.321)",https://www.ebay.de/itm/135510231176,ebay_sold_p5.html
186425320658,FIT ROLEX GMT MASTER 16760 16710 16700 EINSATZ RING SCHWARZ Aftermarket,19.0,EUR,Neu,Gewerblich,2026-06-18,18. Jun 2026,1,13.0,0,0,"Sofort-Kaufen +EUR 13,00 Lieferung  Italien Ähnliche aktive Angebote ansehen Solch einen Artikel verkaufen","watchparts-italy 99,5% positiv (3.454)",https://www.ebay.de/itm/186425320658,ebay_sold_p5.html
406511135302,#1758 ORIGINAL ROLEX GMT MASTER 16713 16718 3175 ZIFFERBLATT DIAL CADRAN,299.99,EUR,Gebraucht,Gewerblich,2026-06-18,18. Jun 2026,1,6.95,0,0,,state_of_time 100% positiv (3.803),https://www.ebay.de/itm/406511135302,ebay_sold_p5.html
204453554058,Rolex  2030  2030 mainspring Feder Arbour complete - Original Ersatzteil (R21),50.0,EUR,Gebraucht,Gewerblich,2026-06-18,18. Jun 2026,1,5.0,0,0,,kian-werke 100% positiv (7.720),https://www.ebay.de/itm/204453554058,ebay_sold_p5.html
117121525240,"GENERIC kompatibel Acrylglas 25-129 für Rolex Lady 26 6917 Ø 21,5x20,6x...",25.0,EUR,Neu,Gewerblich,2026-06-18,18. Jun 2026,1,19.0,0,0,"Sofort-Kaufen +EUR 19,00 Lieferung  Italien Ähnliche aktive Angebote ansehen Solch einen Artikel verkaufen","fornitura_boccacci 99,9% positiv (4.089)",https://www.ebay.de/itm/117121525240,ebay_sold_p5.html
186805704562,"Original ROLEX Kupplungstrieb B2130-205-Y1 für 2130, 2135",119.95,EUR,Neu,Gewerblich,2026-06-18,18. Jun 2026,1,0.0,1,0,,watchparts24 100% positiv (71.339),https://www.ebay.de/itm/186805704562,ebay_sold_p5.html
115917192830,"ROLEX 3035 Datumsanzeige oder Datumsscheibe Champagner Cod. 5099-1 Kaliber: 3035, 3...",128.0,EUR,Gebraucht,Gewerblich,2026-06-18,18. Jun 2026,1,19.0,0,0,"Sofort-Kaufen +EUR 19,00 Lieferung  Italien Ähnliche aktive Angebote ansehen Solch einen Artikel verkaufen","fornitura_boccacci 99,9% positiv (4.089)",https://www.ebay.de/itm/115917192830,ebay_sold_p5.html
176383976863,ROLEX ERSATZGLIED GLIED LINK JUBILEE STAHL POLIERT 10MM EDELSTAHL VINTAGE,79.0,EUR,Gebraucht,Gewerblich,2025-12-15,15. Dez 2025,1,0.0,1,1,,"uhrenatelier-halle-gmbh 99,7% positiv (9.146)",https://www.ebay.de/itm/176383976863,ebay_sold_p5.html
126598935748,"ROLEX RARE 40s 50s 60s NOS 18k Yellow GOLD Original KRONE CROWN 4,4mm flat",249.0,EUR,Gebraucht,Gewerblich,2026-06-18,18. Jun 2026,1,5.9,0,1,,almawatches 100% positiv (3.677),https://www.ebay.de/itm/126598935748,ebay_sold_p5.html
126598927454,ROLEX Zifferblatt DATEJUST Silver 1601 1600 1603 Pie Pan DIAL Vintage,329.0,EUR,Gebraucht,Gewerblich,2026-06-18,18. Jun 2026,1,5.9,0,1,,almawatches 100% positiv (3.677),https://www.ebay.de/itm/126598927454,ebay_sold_p5.html
267687408415,zifferblatt rolex date 1500 scrooge mc duck onkel papagei,190.0,EUR,Neu,Privat,2026-06-18,18. Jun 2026,1,15.0,0,1,"Preisvorschlag akzeptiert +EUR 15,00 Lieferung  Italien Ähnliche aktive Angebote ansehen Solch einen Artikel verkaufen",giacoromel 100% positiv (76),https://www.ebay.de/itm/267687408415,ebay_sold_p5.html
116469161661,GENERIC Kompatibel ROLEX Zugfeder Kompatibel für Cal. 1530 Kaliber: 15...,18.0,EUR,Neu,Gewerblich,2026-06-18,18. Jun 2026,1,19.0,0,0,"Sofort-Kaufen +EUR 19,00 Lieferung  Italien Ähnliche aktive Angebote ansehen Solch einen Artikel verkaufen","fornitura_boccacci 99,9% positiv (4.089)",https://www.ebay.de/itm/116469161661,ebay_sold_p5.html
384048367174,Aluminium Bezel Lünette Inlay black schwarz Kompatibel zu Rolex GMT Master II,35.0,EUR,Neu (Sonstige),Gewerblich,2026-06-18,18. Jun 2026,1,5.0,0,0,,"sekowatchworld 99,1% positiv (1.120)",https://www.ebay.de/itm/384048367174,ebay_sold_p5.html
397038742195,Gehäuseöffner Für Rolex Uhren Uhrmacherwerkzeug Sets Für Gerillte Gehäuseböden,13.99,EUR,Neu,Gewerblich,2026-06-18,18. Jun 2026,1,0.0,1,0,,"injectorwashers 99,1% positiv (5.432)",https://www.ebay.de/itm/397038742195,ebay_sold_p5.html
277497789042,Rolex AR Sapphire Crystal 25- 295C- C12- C1 Saphirglas LOGO Submariner 116610,138.0,EUR,Neu,Gewerblich,2026-06-18,18. Jun 2026,1,25.0,0,0,"Sofort-Kaufen +EUR 25,00 Lieferung  Italien Ähnliche aktive Angebote ansehen Solch einen Artikel verkaufen",millerighetime_by_arriwatch 100% positiv (913),https://www.ebay.de/itm/277497789042,ebay_sold_p5.html
275773489691,Rolex Sapphire Crystal 25- 295C-C1 Saphirglas Datejust Submariner GMT,48.0,EUR,TOP QUALITÄT - OHNE LOGO,,2026-06-18,18. Jun 2026,1,25.0,0,0,"Sofort-Kaufen +EUR 25,00 Lieferung  Italien Ähnliche aktive Angebote ansehen Solch einen Artikel verkaufen",millerighetime_by_arriwatch 100% positiv (913),https://www.ebay.de/itm/275773489691,ebay_sold_p5.html
168455852762,ROLEX COSMOGRAPH DAYTONA BOOKLET REF. 16520 USA English 8.1989 Vintage 596.16,149.0,EUR,Neu (Sonstige),Gewerblich,2026-06-18,18. Jun 2026,1,0.0,1,1,,shw-goldsilver 100% positiv (557),https://www.ebay.de/itm/168455852762,ebay_sold_p5.html
227362225933,"2 ROLEX GLIEDER FÜR OYSTER ARMBAND 93150 15,5mm - NEU",100.0,EUR,Neu (Sonstige),Privat,2026-06-18,18. Jun 2026,1,15.0,0,1,"oder Preisvorschlag +EUR 15,00 Lieferung  Italien Ähnliche aktive Angebote ansehen Solch einen Artikel verkaufen",torino_commerce 100% positiv (243),https://www.ebay.de/itm/227362225933,ebay_sold_p5.html
397747164703,Rolex Kalender 1992/93,45.0,EUR,Gebraucht,Gewerblich,2026-06-18,18. Jun 2026,1,0.0,1,1,,veluzia65 100% positiv (335),https://www.ebay.de/itm/397747164703,ebay_sold_p5.html
220795577551,"UHRENZEIGER FÜR ROLEX SUBMARINER UHRWERK SILBER STAHL PASSEND FÜR 5512, 5513, 1530",31.22,EUR,Neu,Gewerblich,2026-06-18,18. Jun 2026,1,13.49,0,0,"Sofort-Kaufen +EUR 13,49 Lieferung  Vereinigte Staaten von Amerika Ähnliche aktive Angebote ansehen Solch einen Artikel verkaufen",watchbandman50 100% positiv (14.906),https://www.ebay.de/itm/220795577551,ebay_sold_p5.html
177822183420,Dial Rolex Submariner 16613 Purple-Trizio,349.0,EUR,Gebraucht,Privat,2026-06-18,18. Jun 2026,1,50.0,0,1,"Preisvorschlag akzeptiert +EUR 50,00 Lieferung  Italien Ähnliche aktive Angebote ansehen Solch einen Artikel verkaufen",uomogol 100% positiv (231),https://www.ebay.de/itm/177822183420,ebay_sold_p5.html
311647776937,Ratschenrad passend für Rolex Kaliber 2135 2130 Uhrenteil 305,26.06,EUR,Neu,Gewerblich,2026-06-18,18. Jun 2026,1,13.32,0,0,"Sofort-Kaufen +EUR 13,32 Lieferung  Vereinigte Staaten von Amerika Ähnliche aktive Angebote ansehen Solch einen Artikel verkaufen","watchpartusa 99,8% positiv (44.143)",https://www.ebay.de/itm/311647776937,ebay_sold_p5.html
285919145615,Saphirglas Ersatz für Ro lex Datejust Oyster Perpetual 126333,13.2,EUR,Neu,Gewerblich,2025-10-20,20. Okt 2025,1,0.0,1,1,oder Preisvorschlag Gratis Lieferung  China Ähnliche aktive Angebote ansehen Solch einen Artikel verkaufen,"youngmall888 98,7% positiv (2.299)",https://www.ebay.de/itm/285919145615,ebay_sold_p5.html
404443518762,#892 NOS NEU ORIGINAL ROLEX 1055 7123 BALANCE WHEEL UNRUH 1030 1035,599.99,EUR,Gebraucht,Gewerblich,2026-06-17,17. Jun 2026,1,9.5,0,0,,state_of_time 100% positiv (3.803),https://www.ebay.de/itm/404443518762,ebay_sold_p5.html
206354634121,Disco data Rolex cal.2135 Diam.21,90.0,EUR,Gebraucht,Gewerblich,2026-06-17,17. Jun 2026,1,18.0,0,0,"Sofort-Kaufen +EUR 18,00 Lieferung  Italien Ähnliche aktive Angebote ansehen Solch einen Artikel verkaufen",combattiamolacrisi 100% positiv (8.907),https://www.ebay.de/itm/206354634121,ebay_sold_p5.html
257546902406,Rolex Aftermarket Krone 7mm - 24/703/704 - kompatibel mit Submariner und Daytona,24.9,EUR,Neu (Sonstige),Privat,2026-06-17,17. Jun 2026,1,13.9,0,0,"Sofort-Kaufen +EUR 13,90 Lieferung  Italien Ähnliche aktive Angebote ansehen Solch einen Artikel verkaufen",lelekas69 100% positiv (1.539),https://www.ebay.de/itm/257546902406,ebay_sold_p5.html
406325809499,GENERIC Kompatible Auftriebswelle für Rolex. Cal. 4130 Kaliber: 4130 (NEU),20.0,EUR,Neu,Gewerblich,2026-06-17,17. Jun 2026,1,19.0,0,0,"Sofort-Kaufen +EUR 19,00 Lieferung  Italien Ähnliche aktive Angebote ansehen Solch einen Artikel verkaufen","fornitura_boccacci 99,9% positiv (4.089)",https://www.ebay.de/itm/406325809499,ebay_sold_p5.html
327210097843,Rolex Magazin neuste Ausgabe 13 neuste Ausgabe / Hauptthema: Land Dweller- NEU,5.5,EUR,Neu (Sonstige),Privat,2026-06-17,17. Jun 2026,1,2.0,0,0,,"titus-augustus 99,3% positiv (1.118)",https://www.ebay.de/itm/327210097843,ebay_sold_p5.html
127815377948,ROLEX  ZERTIFIKAT PAPIERE GARANTIEKARTE + LOGO,49.0,EUR,Gebraucht,Privat,2026-06-17,17. Jun 2026,1,12.99,0,1,"oder Preisvorschlag +EUR 12,99 Lieferung  Polen Ähnliche aktive Angebote ansehen Solch einen Artikel verkaufen","lululmulu 97,7% positiv (99)",https://www.ebay.de/itm/127815377948,ebay_sold_p5.html
406298598707,#1660 ORIGINAL ROLEX B24-700-0 TWINLOCK KRONE CROWN 7mm 1665 1680 5512 5513 6263,349.99,EUR,Gebraucht,Gewerblich,2025-12-01,1. Dez 2025,1,6.95,0,0,,state_of_time 100% positiv (3.803),https://www.ebay.de/itm/406298598707,ebay_sold_p5.html
326111831780,Uhrenglas Saphirglas 25.3 mm 25-246C1 Für Rolex OYSTER Lady Midsize 68240 78240,34.99,EUR,Neu,Gewerblich,2026-06-17,17. Jun 2026,1,3.49,0,1,,"uhrenexpert 99,3% positiv (21.349)",https://www.ebay.de/itm/326111831780,ebay_sold_p5.html
317400785695,Rolex Daytona Handbuch Anleitung booklet Französisch Ref. 555.01 Fr - 11.2007,64.0,EUR,Gebraucht,Gewerblich,2026-06-17,17. Jun 2026,1,0.0,1,1,,eBay Top-Service,https://www.ebay.de/itm/317400785695,ebay_sold_p5.html
406332043957,#1665 ORIGINAL ROLEX 1500 GEHÄUSE CASE MIDDLE DATE 34mm VINTAGE 1570 MITTELTEIL,179.99,EUR,Gebraucht,Gewerblich,2026-06-17,17. Jun 2026,1,6.95,0,0,,state_of_time 100% positiv (3.803),https://www.ebay.de/itm/406332043957,ebay_sold_p5.html
278070702428,NEU Rolex 32-20634 Mesh Armband Oyster 78350 Stahl Original im Blister,128.0,EUR,Neu,Gewerblich,2026-06-17,17. Jun 2026,1,25.0,0,0,"Sofort-Kaufen +EUR 25,00 Lieferung  Italien Ähnliche aktive Angebote ansehen Solch einen Artikel verkaufen",millerighetime_by_arriwatch 100% positiv (913),https://www.ebay.de/itm/278070702428,ebay_sold_p5.html
205628204986,ROLEX Datejust 41mm  126300 BEZEL Lunette SMOOTH Steel  New Factory  .(R115),149.0,EUR,Neu,Gewerblich,2026-06-17,17. Jun 2026,1,6.99,0,0,,kian-werke 100% positiv (7.720),https://www.ebay.de/itm/205628204986,ebay_sold_p5.html
115917191680,"ROLEX 2030 Laufbrücke Cod. 4411 Kaliber: 2030, 2035 (TOP ZUSTAND)",89.0,EUR,Gebraucht,Gewerblich,2026-06-17,17. Jun 2026,1,19.0,0,0,"Sofort-Kaufen +EUR 19,00 Lieferung  Italien Ähnliche aktive Angebote ansehen Solch einen Artikel verkaufen","fornitura_boccacci 99,9% positiv (4.089)",https://www.ebay.de/itm/115917191680,ebay_sold_p5.html
406752608699,NOS PART 5093 UHRWERK ROLEX KALIBER 3035 @ EINE KALENDER RADMUTTER @ ORIGINAL,19.99,EUR,Neu,Gewerblich,2026-06-17,17. Jun 2026,1,6.0,0,0,"Sofort-Kaufen +EUR 6,00 Lieferung  Frankreich Ähnliche aktive Angebote ansehen Solch einen Artikel verkaufen","france_monnaies 99,2% positiv (42.543)",https://www.ebay.de/itm/406752608699,ebay_sold_p5.html
406507906109,"#1758 ORIG. ROLEX 15,4mm GLIED LINK OYSTER DATEJUST 78360 OYSTERBAND 16200",99.99,EUR,Gebraucht,Gewerblich,2026-06-17,17. Jun 2026,1,6.95,0,0,,state_of_time 100% positiv (3.803),https://www.ebay.de/itm/406507906109,ebay_sold_p5.html
389979092045,Rolex 3130 3155 3175 3185 3135-421 Anker Pallet Fork Original,59.99,EUR,Gebraucht,Gewerblich,2026-06-17,17. Jun 2026,1,12.5,0,1,"oder Preisvorschlag +EUR 12,50 Lieferung  Italien Ähnliche aktive Angebote ansehen Solch einen Artikel verkaufen",only_quality_stuff_new2026 100% positiv (48),https://www.ebay.de/itm/389979092045,ebay_sold_p5.html
406357196882,#1681 ZIFFERBLATT ROLEX LADY DATEJUST 6917 6916 69174 69160 DIAL MOP PERLMUTT,159.99,EUR,Gebraucht,Gewerblich,2026-06-17,17. Jun 2026,1,6.95,0,0,,state_of_time 100% positiv (3.803),https://www.ebay.de/itm/406357196882,ebay_sold_p5.html
800014076452,Rolex Explorer II Einsatz / Lünette Bezel 16550 | 16570 Original,299.0,EUR,Gebraucht,Gewerblich,2026-06-17,17. Jun 2026,1,21.0,0,1,"oder Preisvorschlag +EUR 21,00 Lieferung  Italien Letzter Artikel Ähnliche aktive Angebote ansehen Solch einen Artikel verkaufen",only_quality_stuff_new2026 100% positiv (48),https://www.ebay.de/itm/800014076452,ebay_sold_p5.html
177109624751,Original Rolex Dokumentenmappe Card Wallet 4119209.275 Neu\new,35.0,EUR,Neu,Privat,2026-06-17,17. Jun 2026,1,15.0,0,0,"Sofort-Kaufen +EUR 15,00 Lieferung  Italien Ähnliche aktive Angebote ansehen Solch einen Artikel verkaufen",clotildeone 100% positiv (279),https://www.ebay.de/itm/177109624751,ebay_sold_p5.html
306138553754,Rolex Magazin Sonderausgabe mit Preisliste,20.0,EUR,Neu (Sonstige),Gewerblich,2026-06-17,17. Jun 2026,1,4.5,0,1,,ruhfusstore 100% positiv (602),https://www.ebay.de/itm/306138553754,ebay_sold_p5.html
227271104703,Rolex Submariner Booklet Set von 1993 SDJ20,160.0,EUR,Gebraucht,Privat,2026-06-17,17. Jun 2026,1,20.0,0,0,"Sofort-Kaufen +EUR 20,00 Lieferung  Italien Ähnliche aktive Angebote ansehen Solch einen Artikel verkaufen",watchbox70 100% positiv (190),https://www.ebay.de/itm/227271104703,ebay_sold_p5.html
164554885310,Dichtungen komplett Kit Gaskets for Rolex Oyster Datejust 69160 - 69173 - 69190,6.9,EUR,Neu,Gewerblich,2026-06-17,17. Jun 2026,1,13.5,0,0,"Sofort-Kaufen +EUR 13,50 Lieferung  Italien Ähnliche aktive Angebote ansehen Solch einen Artikel verkaufen","sabaec 99,9% positiv (22.965)",https://www.ebay.de/itm/164554885310,ebay_sold_p5.html
184976871457,FIT ROLEX SUBMARINER GMT EXPLORER 2 Saphirglas 25-295c Aftermarket Sapphire,20.7,EUR,Neu (Sonstige),Gewerblich,2026-06-17,17. Jun 2026,1,13.0,0,0,"Sofort-Kaufen +EUR 13,00 Lieferung  Italien Letzter Artikel Ähnliche aktive Angebote ansehen Solch einen Artikel verkaufen","watchparts-italy 99,5% positiv (3.454)",https://www.ebay.de/itm/184976871457,ebay_sold_p5.html
267696371251,Zifferblatt Wimbledon Rolex Datejust 16233,180.0,EUR,Neu (Sonstige),Privat,2026-06-17,17. Jun 2026,1,15.0,0,1,"oder Preisvorschlag +EUR 15,00 Lieferung  Italien Ähnliche aktive Angebote ansehen Solch einen Artikel verkaufen",giacoromel 100% positiv (76),https://www.ebay.de/itm/267696371251,ebay_sold_p5.html
295423093375,ROLEX Cellini Oyster Precision Zeiger Gold Hands vintage für alte Kaliber,149.0,EUR,Gebraucht,Gewerblich,2026-06-17,17. Jun 2026,1,7.0,0,1,,luxini_hamburg 100% positiv (3.973),https://www.ebay.de/itm/295423093375,ebay_sold_p5.html
165079697328,Rolex 3130 3135 Part 568 Axe de masse oscillante Asse masse oscillante NEU,24.9,EUR,Neu (Sonstige),Gewerblich,2026-06-17,17. Jun 2026,1,13.5,0,0,"Sofort-Kaufen +EUR 13,50 Lieferung  Italien Ähnliche aktive Angebote ansehen Solch einen Artikel verkaufen","sabaec 99,9% positiv (22.965)",https://www.ebay.de/itm/165079697328,ebay_sold_p5.html
276598939707,Rolex Sapphire Crystal 25- 286C- C1 Saphirglas LOGO Date 15200 Top Qualität,68.0,EUR,TOP QUALITÄT - MIT LOGO,,2026-06-17,17. Jun 2026,1,25.0,0,0,"Sofort-Kaufen +EUR 25,00 Lieferung  Italien Ähnliche aktive Angebote ansehen Solch einen Artikel verkaufen",millerighetime_by_arriwatch 100% positiv (913),https://www.ebay.de/itm/276598939707,ebay_sold_p5.html
187952007573,Rolex Uhrenkatalog Katalog 2018 - 2019 mit Preisliste in Euro Deutsch,39.99,EUR,Gebraucht,Gewerblich,2026-06-17,17. Jun 2026,1,31.99,0,1,,"zeitauktion_shop 99,8% positiv (2.982)",https://www.ebay.de/itm/187952007573,ebay_sold_p5.html
187966321813,Rolex Uhrenkatalog Katalog 2018 - 2019 mit Preisliste in Euro Deutsch 276.03,39.99,EUR,Gebraucht,Gewerblich,2026-06-17,17. Jun 2026,1,31.99,0,1,,"zeitauktion_shop 99,8% positiv (2.982)",https://www.ebay.de/itm/187966321813,ebay_sold_p5.html
358589991580,Ruota Minuti Ref 8020  Valjoux 72  /88,95.0,EUR,Neu,Privat,2026-06-17,17. Jun 2026,1,15.0,0,1,"oder Preisvorschlag +EUR 15,00 Lieferung  Italien Ähnliche aktive Angebote ansehen Solch einen Artikel verkaufen",disebast-40 100% positiv (74),https://www.ebay.de/itm/358589991580,ebay_sold_p5.html
177876057336,Original Rolex Daytona Booklet Uhrenausstattung Watch Booklet 6-2013 Italienisch,49.0,EUR,Neu,Privat,2026-06-17,17. Jun 2026,1,11.0,0,1,"Preisvorschlag akzeptiert +EUR 11,00 Lieferung  Italien Ähnliche aktive Angebote ansehen Solch einen Artikel verkaufen",clotildeone 100% positiv (279),https://www.ebay.de/itm/177876057336,ebay_sold_p5.html
186895606822,ESLABON ROLEX SEÑORA 10 MM,80.0,EUR,Gebraucht,Gewerblich,2025-06-08,8. Jun 2025,1,7.0,0,0,"Sofort-Kaufen +EUR 7,00 Lieferung  Spanien Ähnliche aktive Angebote ansehen Solch einen Artikel verkaufen","multiserviciosbukay 97,1% positiv (962)",https://www.ebay.de/itm/186895606822,ebay_sold_p5.html
404686573631,#1064 ORIGINAL ROLEX 4130 ZEIGER STAHL HAND TOTALISATOR STOP HAND CHRONOGRAPH,156.39,EUR,Gebraucht,Gewerblich,2025-12-17,17. Dez 2025,1,6.95,0,0,,state_of_time 100% positiv (3.803),https://www.ebay.de/itm/404686573631,ebay_sold_p5.html
406989686804,"ROLEX GMT Master Beschreibung von 1984 für Ref 16760 "" Fat Lady"" - super selten",45.61,EUR,Gebraucht,Gewerblich,2026-06-17,17. Jun 2026,1,9.0,0,0,,*www.uhren-braeu.de* 100% positiv (2.142),https://www.ebay.de/itm/406989686804,ebay_sold_p5.html
186397480639,ROLEX 3135 230 Zugauslöser KOMPATIBEL Rolex Setting Lever Jumper SWISS,30.0,EUR,Neu,Gewerblich,2026-06-17,17. Jun 2026,1,13.0,0,0,"Sofort-Kaufen +EUR 13,00 Lieferung  Italien Ähnliche aktive Angebote ansehen Solch einen Artikel verkaufen","watchparts-italy 99,5% positiv (3.454)",https://www.ebay.de/itm/186397480639,ebay_sold_p5.html
126598990399,ROLEX SUBMARINER Inlay Bezel Lünette 1665 1680 5513 5512 Patina,790.0,EUR,Gebraucht,Gewerblich,2026-06-17,17. Jun 2026,1,5.9,0,1,,almawatches 100% positiv (3.677),https://www.ebay.de/itm/126598990399,ebay_sold_p5.html
405028453578,#A19 NEU ORIGINAL ROLEX BANDGLIED GLIED OYSTER OYSTER PERPETUAL OP 124300 LINK,96.08,EUR,Gebraucht,Gewerblich,2026-06-16,16. Jun 2026,1,6.95,0,0,,state_of_time 100% positiv (3.803),https://www.ebay.de/itm/405028453578,ebay_sold_p5.html
164554804962,Dichtungen komplett Kit Gaskets for Rolex Oyster Perpetual 5500 - 5501 - 5505,6.9,EUR,Neu,Gewerblich,2026-06-17,17. Jun 2026,1,13.5,0,0,"Sofort-Kaufen +EUR 13,50 Lieferung  Italien Ähnliche aktive Angebote ansehen Solch einen Artikel verkaufen","sabaec 99,9% positiv (22.965)",https://www.ebay.de/itm/164554804962,ebay_sold_p5.html
277833441526,Rolex Kunststoffglas Plexiglas 25-116 mit DATUM Top Qualität,38.0,EUR,Neu,Gewerblich,2026-06-17,17. Jun 2026,1,25.0,0,0,"Sofort-Kaufen +EUR 25,00 Lieferung  Italien Ähnliche aktive Angebote ansehen Solch einen Artikel verkaufen",millerighetime_by_arriwatch 100% positiv (913),https://www.ebay.de/itm/277833441526,ebay_sold_p5.html
184960209887,ROLEX 1530 1570 7906 OSZILLIERENDE MASSENACHSE KOMPATIBEL Rotor axle swiss,30.0,EUR,Neu (Sonstige),Gewerblich,2026-06-17,17. Jun 2026,1,13.0,0,0,"Sofort-Kaufen +EUR 13,00 Lieferung  Italien Ähnliche aktive Angebote ansehen Solch einen Artikel verkaufen","watchparts-italy 99,5% positiv (3.454)",https://www.ebay.de/itm/184960209887,ebay_sold_p5.html
397730910598,Rolex 25-108 Verre - Glas - 6694,34.5,EUR,Neu,Gewerblich,2026-06-17,17. Jun 2026,1,9.0,0,0,"Sofort-Kaufen +EUR 9,00 Lieferung  Frankreich Ähnliche aktive Angebote ansehen Solch einen Artikel verkaufen","manz15 99,5% positiv (8.231)",https://www.ebay.de/itm/397730910598,ebay_sold_p5.html
161784652811,LÜNETTENEINSATZ ALUMINIUM FÜR ROLEX BATMAN SCHWARZ/BLAU 16700 16710 16713 16718 16760,41.64,EUR,Neu,Gewerblich,2026-06-17,17. Jun 2026,1,10.42,0,0,"Sofort-Kaufen +EUR 10,42 Lieferung  Vereinigte Staaten von Amerika Ähnliche aktive Angebote ansehen Solch einen Artikel verkaufen","ewatchparts 99,9% positiv (225.083)",https://www.ebay.de/itm/161784652811,ebay_sold_p5.html
188336619021,Zifferblatt Zifferblatt Mickey Mickey Mouse kompatibel Rolex Datejust 1601 1603 Cal. 1570,249.0,EUR,Neu (Sonstige),Gewerblich,2026-06-17,17. Jun 2026,1,30.0,0,1,"oder Preisvorschlag +EUR 30,00 Lieferung  Italien Ähnliche aktive Angebote ansehen Solch einen Artikel verkaufen",debswatch 100% positiv (37),https://www.ebay.de/itm/188336619021,ebay_sold_p5.html
172393876013,1 GEHÄUSE RÖHRE FÜR 36MM ROLEX DATEJUST 116233 116234 UHR EDELSTAHL TOP QUALITÄT,20.8,EUR,Neu,Gewerblich,2026-06-17,17. Jun 2026,1,10.42,0,0,"Sofort-Kaufen +EUR 10,42 Lieferung  Vereinigte Staaten von Amerika Ähnliche aktive Angebote ansehen Solch einen Artikel verkaufen","ewatchparts 99,9% positiv (225.083)",https://www.ebay.de/itm/172393876013,ebay_sold_p5.html
205286028617,Rolex 1600 - 1834 Unruhwelle - Balance Staff,28.75,EUR,Gebraucht,Gewerblich,2026-06-17,17. Jun 2026,1,9.0,0,0,"Sofort-Kaufen +EUR 9,00 Lieferung  Frankreich Ähnliche aktive Angebote ansehen Solch einen Artikel verkaufen","manz15 99,5% positiv (8.231)",https://www.ebay.de/itm/205286028617,ebay_sold_p5.html
396873919399,Rolex 26B401-8 Krone GOLD - Gold Crown - Cellini,138.0,EUR,Gebraucht,Gewerblich,2026-06-17,17. Jun 2026,1,9.0,0,0,"Sofort-Kaufen +EUR 9,00 Lieferung  Frankreich Letzter Artikel Ähnliche aktive Angebote ansehen Solch einen Artikel verkaufen","manz15 99,5% positiv (8.231)",https://www.ebay.de/itm/396873919399,ebay_sold_p5.html
396204308411,Rolex 1600 - 1837 Tige de remontoir - Stem,28.75,EUR,Gebraucht,Gewerblich,2026-06-17,17. Jun 2026,1,9.0,0,0,"Sofort-Kaufen +EUR 9,00 Lieferung  Frankreich Ähnliche aktive Angebote ansehen Solch einen Artikel verkaufen","manz15 99,5% positiv (8.231)",https://www.ebay.de/itm/396204308411,ebay_sold_p5.html
167408996434,GILT 1:1 Watch Hands for Rolex 6538 Big Crown Submariner for ETA 2836 & 2824,260.0,EUR,Gebraucht,Privat,2026-06-17,17. Jun 2026,1,6.49,0,1,,letsbuyit2236 100% positiv (559),https://www.ebay.de/itm/167408996434,ebay_sold_p5.html
205327489244,Rolex Daytona Zifferblatt schwarz Stahl 116520 gebraucht,2199.0,EUR,Gebraucht,Gewerblich,2026-06-16,16. Jun 2026,1,29.0,0,1,"oder Preisvorschlag +EUR 29,00 Lieferung  Italien Ähnliche aktive Angebote ansehen Solch einen Artikel verkaufen",watchmydial 100% positiv (460),https://www.ebay.de/itm/205327489244,ebay_sold_p5.html
227182817987,Rolex 3235-432 3230 3255 Wie Neu Unruh Balance wheel Parachrom,438.9,EUR,Gebraucht,Gewerblich,2026-06-16,16. Jun 2026,1,29.0,0,1,"oder Preisvorschlag +EUR 29,00 Lieferung  Italien Ähnliche aktive Angebote ansehen Solch einen Artikel verkaufen",*rarecollections 100% positiv (1.384),https://www.ebay.de/itm/227182817987,ebay_sold_p5.html
266081568337,NEU ROLEX AWARDS FOR ENTERPRISE 40TH ANNIVERSARY LUXUS EDEL JUWELIER GESCHENK,19.99,EUR,Gebraucht,Privat,2026-06-16,16. Jun 2026,1,4.99,0,1,,cocinelle11 100% positiv (1.123),https://www.ebay.de/itm/266081568337,ebay_sold_p5.html
297533943026,ROLEX Umkehrrad cal 3035 3055 3085 part 5068 REVERSING WHEELS 2 Stück,139.0,EUR,Gebraucht,Gewerblich,2026-06-16,16. Jun 2026,1,7.0,0,0,,luxini_hamburg 100% positiv (3.973),https://www.ebay.de/itm/297533943026,ebay_sold_p5.html
227254687918,Original Rolex 1130-1135-1160-1161 Teil 6739 Original Blister,50.0,EUR,Neu,Privat,2026-06-16,16. Jun 2026,1,10.0,0,0,"Sofort-Kaufen +EUR 10,00 Lieferung  Italien Ähnliche aktive Angebote ansehen Solch einen Artikel verkaufen",cloxywatch 100% positiv (194),https://www.ebay.de/itm/227254687918,ebay_sold_p5.html
117144640105,Rolex Daytona Custom Zifferblatt Dial,100.0,EUR,Neu (Sonstige),Privat,2026-06-16,16. Jun 2026,1,6.19,0,1,,loumcray 100% positiv (675),https://www.ebay.de/itm/117144640105,ebay_sold_p5.html
387801036755,Rolex Datejust 36  Zifferblatt Dail  Black Roman für Ref. beginnend mit 1162,360.0,EUR,Gebraucht,Privat,2026-06-16,16. Jun 2026,1,10.0,0,0,,tcshamburg 100% positiv (171),https://www.ebay.de/itm/387801036755,ebay_sold_p5.html
185572565169,ROLEX 2130 2135 568 OSZILLIERENDE MASSENACHSE KOMPATIBEL Rotor axle swiss,25.0,EUR,Gebraucht,Gewerblich,2026-06-16,16. Jun 2026,1,13.0,0,0,"Sofort-Kaufen +EUR 13,00 Lieferung  Italien Ähnliche aktive Angebote ansehen Solch einen Artikel verkaufen","watchparts-italy 99,5% positiv (3.454)",https://www.ebay.de/itm/185572565169,ebay_sold_p5.html
406596349728,ROLEX weißes Zifferblatt für Air-King 34 mm Ref. 14010 14000 Kaliber: 3000 Referenz: ...,379.0,EUR,Gebraucht,Gewerblich,2026-06-16,16. Jun 2026,1,19.0,0,0,"Sofort-Kaufen +EUR 19,00 Lieferung  Italien Ähnliche aktive Angebote ansehen Solch einen Artikel verkaufen","fornitura_boccacci 99,9% positiv (4.089)",https://www.ebay.de/itm/406596349728,ebay_sold_p5.html
165618733953,Rolex 1030-7016 Clip Masse Oscillante Federclip für Schwinggewicht NEU,29.9,EUR,Neu,Gewerblich,2026-06-16,16. Jun 2026,1,13.5,0,0,"Sofort-Kaufen +EUR 13,50 Lieferung  Italien Ähnliche aktive Angebote ansehen Solch einen Artikel verkaufen","sabaec 99,9% positiv (22.965)",https://www.ebay.de/itm/165618733953,ebay_sold_p5.html
164553310915,Dichtungen komplett Kit Gaskets for Rolex Datejust 16000- 16003 - 16013 - 16014,6.9,EUR,Neu,Gewerblich,2026-06-16,16. Jun 2026,1,13.5,0,0,"Sofort-Kaufen +EUR 13,50 Lieferung  Italien Ähnliche aktive Angebote ansehen Solch einen Artikel verkaufen","sabaec 99,9% positiv (22.965)",https://www.ebay.de/itm/164553310915,ebay_sold_p5.html
406566889618,"GENERIC Kompatibel Saphirglas Ref. 285 Kein Logo für ROLEX Sea-D, Ø 28,5 x...",56.0,EUR,Neu,Gewerblich,2026-06-16,16. Jun 2026,1,19.0,0,0,"Sofort-Kaufen +EUR 19,00 Lieferung  Italien Ähnliche aktive Angebote ansehen Solch einen Artikel verkaufen","fornitura_boccacci 99,9% positiv (4.089)",https://www.ebay.de/itm/406566889618,ebay_sold_p5.html
267694443579,Rolex Air King 5500 Papagei Duck Zifferblatt Zifferblatt,180.0,EUR,Neu (Sonstige),Privat,2026-06-16,16. Jun 2026,1,15.0,0,1,"oder Preisvorschlag +EUR 15,00 Lieferung  Italien Ähnliche aktive Angebote ansehen Solch einen Artikel verkaufen",giacoromel 100% positiv (76),https://www.ebay.de/itm/267694443579,ebay_sold_p5.html
377184687356,Rolex Datejust Booklet Original Deutsch Handbuch Anleitung,29.0,EUR,Gebraucht,Privat,2026-06-16,16. Jun 2026,1,6.19,0,0,,"dxbf-86 99,5% positiv (331)",https://www.ebay.de/itm/377184687356,ebay_sold_p5.html
358525428810,Rolex GMT Master 16700/16750/16760/16710 Black Tritium Dial/Zifferblatt,699.0,EUR,Gebraucht,Gewerblich,2026-06-16,16. Jun 2026,1,19.0,0,1,,luxewatchesgermany 100% positiv (92),https://www.ebay.de/itm/358525428810,ebay_sold_p5.html
318211229499,Rolex Submariner Date Booklet IMR-SUB-EN-20 - 10.2020,75.0,EUR,Gebraucht,Gewerblich,2026-06-16,16. Jun 2026,1,16.0,0,0,"Sofort-Kaufen +EUR 16,00 Lieferung  Spanien Ähnliche aktive Angebote ansehen Solch einen Artikel verkaufen","aswatches_parts 99,8% positiv (1.023)",https://www.ebay.de/itm/318211229499,ebay_sold_p5.html
800054588977,Daytona Leopard Zifferblatt,700.0,EUR,Neu (Sonstige),Privat,2026-06-16,16. Jun 2026,1,25.0,0,1,"Preisvorschlag akzeptiert +EUR 25,00 Lieferung  Italien Ähnliche aktive Angebote ansehen Solch einen Artikel verkaufen",fa_628642 100% positiv (18),https://www.ebay.de/itm/800054588977,ebay_sold_p5.html
336181016766,REPLACEMENT PART ROLEX ORIGINAL CALIBRE.3035 - PART 5095.,95.0,EUR,Neu,Gewerblich,2025-12-05,5. Dez 2025,1,16.0,0,0,"Sofort-Kaufen +EUR 16,00 Lieferung  Spanien Ähnliche aktive Angebote ansehen Solch einen Artikel verkaufen","dimar2018 99,8% positiv (11.466)",https://www.ebay.de/itm/336181016766,ebay_sold_p5.html
185667441095,ROLEX DATEJUST 1601 STAHLKUGEL SET KOMPATIBEL - ROLEX FIT HANDS SET 1570,25.0,EUR,Neu,Gewerblich,2026-06-16,16. Jun 2026,1,13.0,0,0,"Sofort-Kaufen +EUR 13,00 Lieferung  Italien Ähnliche aktive Angebote ansehen Solch einen Artikel verkaufen","watchparts-italy 99,5% positiv (3.454)",https://www.ebay.de/itm/185667441095,ebay_sold_p5.html
398048822377,Rolex 603-0 Couronne - Crown,80.5,EUR,Gebraucht,Gewerblich,2026-06-16,16. Jun 2026,1,9.0,0,0,"Sofort-Kaufen +EUR 9,00 Lieferung  Frankreich Ähnliche aktive Angebote ansehen Solch einen Artikel verkaufen","manz15 99,5% positiv (8.231)",https://www.ebay.de/itm/398048822377,ebay_sold_p5.html
406654105866,#1811 USED ROLEX 25-118 ACRYLGLAS 1601 1603 1600 1608 DATEJUST PLEXY ORIGINAL,69.99,EUR,Gebraucht,Gewerblich,2026-06-16,16. Jun 2026,1,6.95,0,0,,state_of_time 100% positiv (3.803),https://www.ebay.de/itm/406654105866,ebay_sold_p5.html
327207546503,Rolex GMT -Master New Guido Mondani - Rolex 2015,380.0,EUR,Neu (Sonstige),Privat,2026-06-16,16. Jun 2026,1,1.0,0,0,"1 Gebot +EUR 80,00 Lieferung  Italien Ähnliche aktive Angebote ansehen Solch einen Artikel verkaufen","tapiokina 97,9% positiv (759)",https://www.ebay.de/itm/327207546503,ebay_sold_p5.html
287330673830,Rolex GMT Master Booklet englische Ausgabe 6.2006   TOP!,49.0,EUR,Gebraucht,Privat,2026-06-16,16. Jun 2026,1,6.0,0,0,,tictac01 100% positiv (818),https://www.ebay.de/itm/287330673830,ebay_sold_p5.html
116231870066,ROLEX Einsatz Gmt-Master Ii Keramik Ref. 116710 Kaliber: 3186 Referenz: 116710 (O...,349.0,EUR,Gebraucht,Gewerblich,2026-06-16,16. Jun 2026,1,19.0,0,0,"Sofort-Kaufen +EUR 19,00 Lieferung  Italien Letzter Artikel Ähnliche aktive Angebote ansehen Solch einen Artikel verkaufen","fornitura_boccacci 99,9% positiv (4.089)",https://www.ebay.de/itm/116231870066,ebay_sold_p5.html
377199963549,"Rolex Krone Crown 24-530-0 aus Original Stahl Durchmesser 5,3mm gebraucht",50.0,EUR,Gebraucht,Privat,2026-06-16,16. Jun 2026,1,30.0,0,1,"Preisvorschlag akzeptiert +EUR 30,00 Lieferung  Italien Ähnliche aktive Angebote ansehen Solch einen Artikel verkaufen",sultansofwing 100% positiv (32),https://www.ebay.de/itm/377199963549,ebay_sold_p5.html
236870807616,Rolex Oyster Perpetual Lady Datejust Champagne Diamant Dial Ziffernblatt,399.0,EUR,Gebraucht,Privat,2026-06-16,16. Jun 2026,1,6.19,0,1,,lihibsche-0 100% positiv (82),https://www.ebay.de/itm/236870807616,ebay_sold_p5.html
404443518549,#892 NOS NEU ORIGINAL ROLEX 1055 7123 BALANCE WHEEL UNRUH 1030 1035 SUBMARINER,599.99,EUR,Gebraucht,Gewerblich,2026-06-16,16. Jun 2026,1,9.5,0,0,,state_of_time 100% positiv (3.803),https://www.ebay.de/itm/404443518549,ebay_sold_p5.html
389973880229,"Rolex 24-530-0 Krone Stahl Steel Crown 5,3mm 15200 | 6917 | 1675 Original",69.0,EUR,Gebraucht,Gewerblich,2026-06-16,16. Jun 2026,1,12.5,0,1,"oder Preisvorschlag +EUR 12,50 Lieferung  Italien Ähnliche aktive Angebote ansehen Solch einen Artikel verkaufen",only_quality_stuff_new2026 100% positiv (48),https://www.ebay.de/itm/389973880229,ebay_sold_p5.html
277704926832,NEW Rolex 3155-670 Kalenderrad Neu im Blister,68.0,EUR,Neu,Gewerblich,2026-06-16,16. Jun 2026,1,25.0,0,0,"Sofort-Kaufen +EUR 25,00 Lieferung  Italien Ähnliche aktive Angebote ansehen Solch einen Artikel verkaufen",millerighetime_by_arriwatch 100% positiv (913),https://www.ebay.de/itm/277704926832,ebay_sold_p5.html
168455706211,VINTAGE ROLEX DAYTONA BOOKLET (ENG) FROM 1982 REF. 6263 6265 - USA 596.26,195.0,EUR,Gebraucht,Gewerblich,2026-06-16,16. Jun 2026,1,0.0,1,1,,shw-goldsilver 100% positiv (557),https://www.ebay.de/itm/168455706211,ebay_sold_p5.html
116412135018,ROLEX  YOUR ROLEX OYSTER  BOOKLET - ENGLISCH VON 1982 - RARE VINTAGE MANUAL,127.5,EUR,Neu (Sonstige),Gewerblich,2026-06-16,16. Jun 2026,1,4.9,0,1,,sh-vintage-watches 100% positiv (3.180),https://www.ebay.de/itm/116412135018,ebay_sold_p5.html
407002642841,3235-410 3235-421,133.0,EUR,Gebraucht,Privat,2026-06-16,16. Jun 2026,1,50.0,0,1,"oder Preisvorschlag +EUR 50,00 Lieferung  Italien Ähnliche aktive Angebote ansehen Solch einen Artikel verkaufen","luxuryreplacementparts 96,4% positiv (64)",https://www.ebay.de/itm/407002642841,ebay_sold_p5.html
389896884818,Neu 36mm Uhrenöffner Gehäuseöffner Wrench Reparatur Uhrmacher Werkzeug Für Rolex,23.24,EUR,Neu,Gewerblich,2026-06-16,16. Jun 2026,1,5.94,0,0,"Sofort-Kaufen +EUR 5,94 Lieferung  China Letzter Artikel Ähnliche aktive Angebote ansehen Solch einen Artikel verkaufen",panpan872 100% positiv (122),https://www.ebay.de/itm/389896884818,ebay_sold_p5.html
317872772822,ROLEX GMT 16750 SERVICE,70.0,EUR,Gebraucht,Privat,2026-06-15,15. Jun 2026,1,14.0,0,1,"Preisvorschlag akzeptiert +EUR 14,00 Lieferung  Italien Ähnliche aktive Angebote ansehen Solch einen Artikel verkaufen","bianch_18 97,7% positiv (169)",https://www.ebay.de/itm/317872772822,ebay_sold_p5.html
366452945995,ROLEX LÜNETTE BEZEL DAY DATE HERREN UHR GELB GOLD TOP ZUSTAND 18K 750 GOLD 1803,999.0,EUR,Gebraucht,Gewerblich,2026-06-15,15. Jun 2026,1,0.0,1,1,,"luxus-freund24 99,5% positiv (41.881)",https://www.ebay.de/itm/366452945995,ebay_sold_p5.html
198411684060,Rolex 3135 Unruh komplett original neu parachrom balance complete blau,301.0,EUR,Neu (Sonstige),Privat,2026-06-15,15. Jun 2026,1,2.0,0,0,"2 Gebote +EUR 29,00 Lieferung  Italien Ähnliche aktive Angebote ansehen Solch einen Artikel verkaufen",thecostantino2012 100% positiv (230),https://www.ebay.de/itm/198411684060,ebay_sold_p5.html
184961577526,ROLEX 1210 1225 7562 Schraube Tiretto Generic Rolex Schraube für Einstellhebel swiss,20.0,EUR,Neu (Sonstige),Gewerblich,2026-06-15,15. Jun 2026,1,13.0,0,0,"Sofort-Kaufen +EUR 13,00 Lieferung  Italien Ähnliche aktive Angebote ansehen Solch einen Artikel verkaufen","watchparts-italy 99,5% positiv (3.454)",https://www.ebay.de/itm/184961577526,ebay_sold_p5.html
197203132766,"Rolex Bandanstöße / Endlinks Oysterband 19mm Edelstahl, 580",250.0,EUR,Gebraucht,Gewerblich,2026-06-15,15. Jun 2026,1,5.0,0,0,,"uhrenfachzentrum 99,6% positiv (1.645)",https://www.ebay.de/itm/197203132766,ebay_sold_p5.html
404683787595,#1056 ORIGINAL ROLEX INLAY KERMIK YACHTMASTER 2 116680 INSERT BLAU EINLAGE,439.87,EUR,Gebraucht,Gewerblich,2025-12-18,18. Dez 2025,1,6.95,0,0,,state_of_time 100% positiv (3.803),https://www.ebay.de/itm/404683787595,ebay_sold_p5.html
132664718530,Original Rolex Date 1500 Air King 5700 Steel Bezel - Ghiera Originale Acciaio,390.0,EUR,Neu,Gewerblich,2025-06-07,7. Jun 2025,1,30.0,0,1,"oder Preisvorschlag +EUR 30,00 Lieferung  Italien Ähnliche aktive Angebote ansehen Solch einen Artikel verkaufen",afadsrl 100% positiv (2.101),https://www.ebay.de/itm/132664718530,ebay_sold_p5.html
397993968855,Gehäuseöffner Für Rolex Uhren Uhrmacherwerkzeug Sets Für Gerillte Gehäuseböden,16.78,EUR,Neu,Gewerblich,2026-06-15,15. Jun 2026,1,0.0,1,0,,"roserighting 99,6% positiv (1.953)",https://www.ebay.de/itm/397993968855,ebay_sold_p5.html
257090053056,Rolex Krone Gold Datejust 36 - 100% Dicht,135.0,EUR,Gebraucht,Privat,2026-06-15,15. Jun 2026,1,6.19,0,0,,ecuador89 100% positiv (483),https://www.ebay.de/itm/257090053056,ebay_sold_p5.html
168453553704,2x Original ROLEX Endlinks 555B Für Datejust Armband 6510H / 62510H Bandanstöße,325.0,EUR,Gebraucht,Privat,2026-06-15,15. Jun 2026,1,6.19,0,1,,burberrycat 100% positiv (395),https://www.ebay.de/itm/168453553704,ebay_sold_p5.html
404221046938,ONE NEW Original Rolex Endlink 580 Reference: 32-580-0 for 93150 Bracelet.,200.0,EUR,Neu,Gewerblich,2026-06-15,15. Jun 2026,1,20.0,0,0,"Sofort-Kaufen +EUR 20,00 Lieferung  Spanien Ähnliche aktive Angebote ansehen Solch einen Artikel verkaufen","17jewelswatches 97,1% positiv (256)",https://www.ebay.de/itm/404221046938,ebay_sold_p5.html
115925496428,"ROLEX 3135 großes mittleres Rad Cod. 3135-330 Kaliber: 3155, 3156, 3175, 318...",35.0,EUR,Gebraucht,Gewerblich,2026-06-15,15. Jun 2026,1,19.0,0,0,"Sofort-Kaufen +EUR 19,00 Lieferung  Italien Ähnliche aktive Angebote ansehen Solch einen Artikel verkaufen","fornitura_boccacci 99,9% positiv (4.089)",https://www.ebay.de/itm/115925496428,ebay_sold_p5.html
364969002361,ROLEX OYSTER ARMBAND ERSATZGLIED GLIED LINK 16MM 18K 750 MASSIV ROSE GOLD NEUE V,699.0,EUR,Gebraucht,Gewerblich,2026-06-15,15. Jun 2026,1,0.0,1,1,,"luxus-freund24 99,5% positiv (41.881)",https://www.ebay.de/itm/364969002361,ebay_sold_p5.html
126598923449,ROLEX Zifferblatt Lady DATEJUST 31 68273 68278 DIAL Gold CAL 2135 2030,189.0,EUR,Gebraucht,Gewerblich,2026-06-15,15. Jun 2026,1,6.9,0,1,,almawatches 100% positiv (3.677),https://www.ebay.de/itm/126598923449,ebay_sold_p5.html
405111166321,#1302 ORIG. ROLEX PALLET FORK ANKER HEMMUNG 1520 1530 1560 1565 1570 1575 7846,99.99,EUR,Gebraucht,Gewerblich,2026-06-15,15. Jun 2026,1,6.95,0,0,,state_of_time 100% positiv (3.803),https://www.ebay.de/itm/405111166321,ebay_sold_p5.html
357861472630,Rolex Sea-Dweller 16600/16660 Swiss Made Luminova Dial,370.0,EUR,Gebraucht,Gewerblich,2026-06-15,15. Jun 2026,1,19.0,0,1,,luxewatchesgermany 100% positiv (92),https://www.ebay.de/itm/357861472630,ebay_sold_p5.html
187483247088,rolex bezel date 1500 1002 air king 5500 34mm,120.0,EUR,Gebraucht,Privat,2026-06-15,15. Jun 2026,1,15.0,0,1,"oder Preisvorschlag +EUR 15,00 Lieferung  Spanien Ähnliche aktive Angebote ansehen Solch einen Artikel verkaufen",relojessingulares1958 0% positiv (285),https://www.ebay.de/itm/187483247088,ebay_sold_p5.html
306993697665,ROLEX Katalog  2023 - 24 - Jahrbuch - NEU - Deutsch,10.0,EUR,Neu (Sonstige),Privat,2026-06-15,15. Jun 2026,1,1.0,0,0,,monschi53 100% positiv (2.813),https://www.ebay.de/itm/306993697665,ebay_sold_p5.html
136806333170,Rolex Ladies Datejust Grey Roman Dial Slate Silver 69173 69178 79163 79173 79178,300.0,EUR,Gebraucht,Privat,2026-06-15,15. Jun 2026,1,22.0,0,0,"Sofort-Kaufen +EUR 22,00 Lieferung  Dänemark Ähnliche aktive Angebote ansehen Solch einen Artikel verkaufen",odder1 100% positiv (671),https://www.ebay.de/itm/136806333170,ebay_sold_p5.html
375804865270,Rolex Ersatzteil Kal. 1570 / 75 Federhaus Barrel kompl. mit Feder,149.0,EUR,Neu (Sonstige),Gewerblich,2026-06-15,15. Jun 2026,1,0.0,1,1,,"sandtuhr 99,8% positiv (54.529)",https://www.ebay.de/itm/375804865270,ebay_sold_p5.html
167041310589,GILT 1:1 Watch Hands for Rolex 6538 Big Crown Submariner / Handset for Cal. 1030,150.0,EUR,Gebraucht,Privat,2026-06-15,15. Jun 2026,1,6.49,0,1,,letsbuyit2236 100% positiv (559),https://www.ebay.de/itm/167041310589,ebay_sold_p5.html
227213206400,Rolex 9001-520 Wie Neu Intermediate Automatik Modul Zwischenrad,132.0,EUR,Gebraucht,Gewerblich,2026-06-15,15. Jun 2026,1,29.0,0,1,"oder Preisvorschlag +EUR 29,00 Lieferung  Italien Ähnliche aktive Angebote ansehen Solch einen Artikel verkaufen",*rarecollections 100% positiv (1.384),https://www.ebay.de/itm/227213206400,ebay_sold_p5.html
226902741842,NEW Neu Rolex 9001 Calendar Cube Nuss Kalender Sky-Dweller,42.0,EUR,Gebraucht,Gewerblich,2026-06-15,15. Jun 2026,1,29.0,0,1,"oder Preisvorschlag +EUR 29,00 Lieferung  Italien Ähnliche aktive Angebote ansehen Solch einen Artikel verkaufen",*rarecollections 100% positiv (1.384),https://www.ebay.de/itm/226902741842,ebay_sold_p5.html
226902741570,Rolex 9001-360 Neues Second Wheel,121.0,EUR,Gebraucht,Gewerblich,2026-06-15,15. Jun 2026,1,29.0,0,1,"oder Preisvorschlag +EUR 29,00 Lieferung  Italien Ähnliche aktive Angebote ansehen Solch einen Artikel verkaufen",*rarecollections 100% positiv (1.384),https://www.ebay.de/itm/226902741570,ebay_sold_p5.html
187372101054,ROLEX Cyclope Plexiglas 25-145 Original Ersatzteil / ROLEX Cyclope Plexiglas,170.0,EUR,Neu,Gewerblich,2026-06-15,15. Jun 2026,1,13.0,0,0,"Sofort-Kaufen +EUR 13,00 Lieferung  Italien Letzter Artikel Ähnliche aktive Angebote ansehen Solch einen Artikel verkaufen","watchparts-italy 99,5% positiv (3.454)",https://www.ebay.de/itm/187372101054,ebay_sold_p5.html
306851682511,ROLEX Ankerrad Hemmungsrad cal 3035 3055 3075 3085 part 5015 escape wheel,65.0,EUR,Gebraucht,Gewerblich,2026-06-15,15. Jun 2026,1,7.0,0,1,,luxini_hamburg 100% positiv (3.973),https://www.ebay.de/itm/306851682511,ebay_sold_p5.html
236328016709,"REPLACEMENT PART ROLEX ORIGINAL CALIBRE.3135, PART.568.",60.0,EUR,Neu,Gewerblich,2025-12-08,8. Dez 2025,1,16.0,0,0,"Sofort-Kaufen +EUR 16,00 Lieferung  Spanien Ähnliche aktive Angebote ansehen Solch einen Artikel verkaufen","dimar2018 99,8% positiv (11.466)",https://www.ebay.de/itm/236328016709,ebay_sold_p5.html
336179249277,"REPLACEMENT PART ROLEX ORIGINAL CALIBRE.3135, PART.0915.",70.0,EUR,Neu,Gewerblich,2025-12-03,3. Dez 2025,1,16.0,0,0,"Sofort-Kaufen +EUR 16,00 Lieferung  Spanien Ähnliche aktive Angebote ansehen Solch einen Artikel verkaufen","dimar2018 99,8% positiv (11.466)",https://www.ebay.de/itm/336179249277,ebay_sold_p5.html
186340645863,FIT ROLEX SUBMARINER 16610 16800 RINGEINSATZ SCHWARZ Aftermarket,21.0,EUR,Neu,Gewerblich,2026-06-15,15. Jun 2026,1,13.0,0,0,"Sofort-Kaufen +EUR 13,00 Lieferung  Italien Letzter Artikel Ähnliche aktive Angebote ansehen Solch einen Artikel verkaufen","watchparts-italy 99,5% positiv (3.454)",https://www.ebay.de/itm/186340645863,ebay_sold_p5.html
406325733549,"GENERIC kompatible Antriebswelle für ROLEX Cal. 1530-1570 Kaliber: 1520, 15...",20.0,EUR,Neu,Gewerblich,2026-06-15,15. Jun 2026,1,19.0,0,0,"Sofort-Kaufen +EUR 19,00 Lieferung  Italien Ähnliche aktive Angebote ansehen Solch einen Artikel verkaufen","fornitura_boccacci 99,9% positiv (4.089)",https://www.ebay.de/itm/406325733549,ebay_sold_p5.html
186433727004,ROLEX GMT SUBMARINER 316-116710 116610 Lünettendichtung GHIERA BEZEL GASKET,17.5,EUR,Neu,Gewerblich,2026-06-15,15. Jun 2026,1,13.0,0,0,"Sofort-Kaufen +EUR 13,00 Lieferung  Italien Ähnliche aktive Angebote ansehen Solch einen Artikel verkaufen","watchparts-italy 99,5% positiv (3.454)",https://www.ebay.de/itm/186433727004,ebay_sold_p5.html
310448954221,3 KUNSTSTOFF PLEXI ACRYL UHRENGLAS FÜR ROLEX 6694 25-108 CAL.1225 TOP QUALITÄT,41.64,EUR,Neu,Gewerblich,2026-06-15,15. Jun 2026,1,10.42,0,0,"Sofort-Kaufen +EUR 10,42 Lieferung  Vereinigte Staaten von Amerika Ähnliche aktive Angebote ansehen Solch einen Artikel verkaufen","ewatchparts 99,9% positiv (225.083)",https://www.ebay.de/itm/310448954221,ebay_sold_p5.html
206326695008,"Sammlerbuch ""Rolex: Timeless Elegance"" von George Gordon,!!First Edition 1988!!",115.0,EUR,Gebraucht,Privat,2026-06-15,15. Jun 2026,1,6.19,0,1,,"yolo1417 97,9% positiv (93)",https://www.ebay.de/itm/206326695008,ebay_sold_p5.html
188388947532,Orig. ROLEX Booklet Übersetzung Amtl. Chronometer Bescheinigung 565.00.180.9.88,24.9,EUR,Gebraucht,Privat,2026-06-14,14. Jun 2026,1,0.0,1,1,,m.io 100% positiv (2.408),https://www.ebay.de/itm/188388947532,ebay_sold_p5.html
227383340802,Lange 5 Rolex Submariner 5513 LÜNETTENEINSATZ,600.0,EUR,Neu (Sonstige),Privat,2026-06-14,14. Jun 2026,1,1.0,0,0,"1 Gebot +EUR 50,00 Lieferung  Frankreich Ähnliche aktive Angebote ansehen Solch einen Artikel verkaufen",artinwatchesuk 100% positiv (83),https://www.ebay.de/itm/227383340802,ebay_sold_p5.html
277767686554,NEW Rolex 3035-95019-2 Castone Stein Neu im Blister 1 Stück 3135,38.0,EUR,Neu,Gewerblich,2026-06-14,14. Jun 2026,1,25.0,0,0,"Sofort-Kaufen +EUR 25,00 Lieferung  Italien Ähnliche aktive Angebote ansehen Solch einen Artikel verkaufen",millerighetime_by_arriwatch 100% positiv (913),https://www.ebay.de/itm/277767686554,ebay_sold_p5.html
277497792140,NEW Rolex 3035-95019-3 Stein Gegenbolzen Unruh Gegenstein Original x1pc,28.0,EUR,Neu,Gewerblich,2026-06-14,14. Jun 2026,1,25.0,0,0,"Sofort-Kaufen +EUR 25,00 Lieferung  Italien Ähnliche aktive Angebote ansehen Solch einen Artikel verkaufen",millerighetime_by_arriwatch 100% positiv (913),https://www.ebay.de/itm/277497792140,ebay_sold_p5.html
157999979593,"Rolex Bedienungsanleitungen-Konvolut: Oyster, Explorer, 2x Submariner, Daytona",80.0,EUR,Gebraucht,Privat,2026-06-14,14. Jun 2026,1,1.0,0,0,,bsa_39 100% positiv (17),https://www.ebay.de/itm/157999979593,ebay_sold_p5.html
358581092700,Rolex Datejust 16233/16013/16018/16238 Black T Swiss T Dial,520.0,EUR,Gebraucht,Gewerblich,2026-06-14,14. Jun 2026,1,19.0,0,1,,luxewatchesgermany 100% positiv (92),https://www.ebay.de/itm/358581092700,ebay_sold_p5.html
287374409070,ORIGINAL ROLEX Vintage Chronometer Übersetzungsheft Translation 565.00.300.1.91,33.0,EUR,Neu (Sonstige),Privat,2026-06-14,14. Jun 2026,1,1.0,0,0,,okf1 100% positiv (1.135),https://www.ebay.de/itm/287374409070,ebay_sold_p5.html
336459713053,"Rolex Tudor Original Kristall 25 124 für Tudor Prince Day Date 7017, 7019",69.0,EUR,Neu (Sonstige),Privat,2026-06-14,14. Jun 2026,1,13.0,0,1,"Preisvorschlag akzeptiert +EUR 13,00 Lieferung  Italien Ähnliche aktive Angebote ansehen Solch einen Artikel verkaufen",paoloroberto63 100% positiv (1.477),https://www.ebay.de/itm/336459713053,ebay_sold_p5.html
227199921053,Rolex 3135-311-1 Neu NEW Blister X1 Stück Lauffeder schwache Stärke,31.9,EUR,Neu,Gewerblich,2026-06-14,14. Jun 2026,1,29.0,0,1,"oder Preisvorschlag +EUR 29,00 Lieferung  Italien Ähnliche aktive Angebote ansehen Solch einen Artikel verkaufen",*rarecollections 100% positiv (1.384),https://www.ebay.de/itm/227199921053,ebay_sold_p5.html
115925503298,"ROLEX 3135 Umlenkwaage Cod. 3135-266 Calib: 3155, 3156, 3175, 3185 (OT...",35.0,EUR,Gebraucht,Gewerblich,2026-06-14,14. Jun 2026,1,19.0,0,0,"Sofort-Kaufen +EUR 19,00 Lieferung  Italien Ähnliche aktive Angebote ansehen Solch einen Artikel verkaufen","fornitura_boccacci 99,9% positiv (4.089)",https://www.ebay.de/itm/115925503298,ebay_sold_p5.html
306549392467,Rolex A296 - Date Disc / Date Disc,450.0,EUR,Gebraucht,Privat,2025-12-14,14. Dez 2025,1,9.0,0,0,"Sofort-Kaufen +EUR 9,00 Lieferung  Frankreich Ähnliche aktive Angebote ansehen Solch einen Artikel verkaufen",fmclassic 100% positiv (333),https://www.ebay.de/itm/306549392467,ebay_sold_p5.html
257251270855,Vintage Rolex Hang Tag Oyster Swimpruf Big Crown,39.0,EUR,Gebraucht,Privat,2026-06-14,14. Jun 2026,1,2.7,0,0,,silver878h 100% positiv (219),https://www.ebay.de/itm/257251270855,ebay_sold_p5.html
800154261211,Zifferblatt Zifferblatt schwarz Rolex Datejust 1601 1603 Cal. 1570,130.0,EUR,Neu (Sonstige),Privat,2026-06-14,14. Jun 2026,1,35.0,0,1,"oder Preisvorschlag +EUR 35,00 Lieferung  Italien Ähnliche aktive Angebote ansehen Solch einen Artikel verkaufen",fa_628642 100% positiv (18),https://www.ebay.de/itm/800154261211,ebay_sold_p5.html
204083128345,New Rolex 3135-268 Mechanism Cover Mounted mechanism  GENUINE 100%  (R133),59.0,EUR,Gebraucht,Gewerblich,2026-06-14,14. Jun 2026,1,6.99,0,0,,kian-werke 100% positiv (7.720),https://www.ebay.de/itm/204083128345,ebay_sold_p5.html
206315948998,"Rolex 3135-135 Lower Bridge, Movement Genuine Watch Parts new (R310)",50.0,EUR,Neu (Sonstige),Gewerblich,2026-06-14,14. Jun 2026,1,5.0,0,0,,kian-werke 100% positiv (7.720),https://www.ebay.de/itm/206315948998,ebay_sold_p5.html
204136893659,Rolex 3135 -510 Mitnehmerrad für Sperrad Driving Wheel  Original Teile (R363),40.0,EUR,Neu (Sonstige),Gewerblich,2026-06-14,14. Jun 2026,1,6.99,0,0,,kian-werke 100% positiv (7.720),https://www.ebay.de/itm/204136893659,ebay_sold_p5.html
168065745061,"Bezel insert replacement MK1 ""Kissing 40"" for Rolex Submariner 5513 1680 5512",100.0,EUR,Gebraucht,Privat,2026-06-14,14. Jun 2026,1,7.49,0,1,,letsbuyit2236 100% positiv (559),https://www.ebay.de/itm/168065745061,ebay_sold_p5.html
164359961892,Rolex 3135-5100 Schraube für Gehäuse Vite ferma movement NEU,9.9,EUR,Neu (Sonstige),Gewerblich,2026-06-14,14. Jun 2026,1,13.5,0,0,"Sofort-Kaufen +EUR 13,50 Lieferung  Italien Ähnliche aktive Angebote ansehen Solch einen Artikel verkaufen","sabaec 99,9% positiv (22.965)",https://www.ebay.de/itm/164359961892,ebay_sold_p5.html
176258331136,"Zugfeder, generisch, für Rolex 1200, 1210, 1215",39.95,EUR,Neu,Gewerblich,2026-06-14,14. Jun 2026,1,0.0,1,0,,watchparts24 100% positiv (71.339),https://www.ebay.de/itm/176258331136,ebay_sold_p5.html
205914778579,ROLEX OYSTER STAHL ARMBAND FALTSCHLIESSE 16MM 93160 VINTAGE SCHÖNER ZUSTAND S4,599.0,EUR,Gebraucht,Gewerblich,2026-06-14,14. Jun 2026,1,0.0,1,1,,"luxus-freund24 99,5% positiv (41.881)",https://www.ebay.de/itm/205914778579,ebay_sold_p5.html
188052617821,FIT ROLEX SUBMARINER 5513 1680 EINSATZ RING SCHWARZ Aftermarket,30.0,EUR,Neu,Gewerblich,2026-06-14,14. Jun 2026,1,13.0,0,0,"Sofort-Kaufen +EUR 13,00 Lieferung  Italien Ähnliche aktive Angebote ansehen Solch einen Artikel verkaufen","watchparts-italy 99,5% positiv (3.454)",https://www.ebay.de/itm/188052617821,ebay_sold_p5.html
196755260290,Rolex 3135 Unruh komplett original neu parachrom balance complete blau,590.0,EUR,Neu (Sonstige),Gewerblich,2026-06-14,14. Jun 2026,1,12.0,0,1,"oder Preisvorschlag +EUR 12,00 Lieferung  Italien Ähnliche aktive Angebote ansehen Solch einen Artikel verkaufen","sebi_1611 99,8% positiv (1.567)",https://www.ebay.de/itm/196755260290,ebay_sold_p5.html
147362101882,ROLEX ZIFFERBLATT DAYTONA 116508 / 116503 CHROMALIGHT - STANGE - ORIGINAL DIAL,550.0,EUR,Gebraucht,Privat,2026-06-14,14. Jun 2026,1,15.0,0,1,"oder Preisvorschlag +EUR 15,00 Lieferung  Italien Ähnliche aktive Angebote ansehen Solch einen Artikel verkaufen",aderaldo_time 100% positiv (1),https://www.ebay.de/itm/147362101882,ebay_sold_p5.html
197796828843,"Original ROLEX GMT  Lünette 1675 blau / rot, Pepsi, Zustand prima",450.0,EUR,Gebraucht,Gewerblich,2026-06-14,14. Jun 2026,1,5.0,0,0,,"uhrenfachzentrum 99,6% positiv (1.645)",https://www.ebay.de/itm/197796828843,ebay_sold_p5.html
306833422977,Rolex Precision - Zifferblatt / Dial,400.0,EUR,Gebraucht,Privat,2026-06-14,14. Jun 2026,1,9.0,0,0,"Sofort-Kaufen +EUR 9,00 Lieferung  Frankreich Ähnliche aktive Angebote ansehen Solch einen Artikel verkaufen",fmclassic 100% positiv (333),https://www.ebay.de/itm/306833422977,ebay_sold_p5.html
188503004015,ROLEX OYSTERQUARTZ BOOKLET JAHR 1992 ENGLISCH FÜR 17000 17014 17013 19018 19019,290.0,EUR,Gebraucht,Privat,2026-06-14,14. Jun 2026,1,1.0,0,1,"1 Gebot Preisvorschlag akzeptiert +EUR 40,00 Lieferung  Italien Ähnliche aktive Angebote ansehen Solch einen Artikel verkaufen",meteora25 100% positiv (159),https://www.ebay.de/itm/188503004015,ebay_sold_p5.html
226497795292,"1 Unruhwelle Rolex Sup,sh. 9 3/4```635 Ronda 4357 neuwertig,ältere Lagerware",10.0,EUR,Neu (Sonstige),Gewerblich,2026-06-14,14. Jun 2026,1,2.0,0,0,,euro-tictac 100% positiv (35.656),https://www.ebay.de/itm/226497795292,ebay_sold_p5.html
162468272260,GLATTE LÜNETTE FÜR VINTAGE 34MM ROLEX AIRKING DATE OYSTER DATE PRÄZISIONSSTAHL,52.07,EUR,Neu,Gewerblich,2026-06-14,14. Jun 2026,1,10.42,0,0,"Sofort-Kaufen +EUR 10,42 Lieferung  Vereinigte Staaten von Amerika Ähnliche aktive Angebote ansehen Solch einen Artikel verkaufen","ewatchparts 99,9% positiv (225.083)",https://www.ebay.de/itm/162468272260,ebay_sold_p5.html
162475961306,SAPHIR UHRENGLAS FÜR 40MM ROLEX AIRKING 116900 OYSTER PERPERTUAL N/DATE,46.86,EUR,Neu,Gewerblich,2026-06-13,13. Jun 2026,1,10.42,0,0,"Sofort-Kaufen +EUR 10,42 Lieferung  Vereinigte Staaten von Amerika Ähnliche aktive Angebote ansehen Solch einen Artikel verkaufen","ewatchparts 99,9% positiv (225.083)",https://www.ebay.de/itm/162475961306,ebay_sold_p5.html
267698215804,"Großes Konvolut Uhrenersatzteile & Furnituren – Omega, Rolex, Zenith, ETA",300.0,EUR,Gebraucht,Privat,2026-06-13,13. Jun 2026,1,1.0,0,1,,tal999-0 100% positiv (75),https://www.ebay.de/itm/267698215804,ebay_sold_p5.html
227247327462,Rolex-Öffnungswerkzeug Uhrengehäuseöffner 36.5mm,14.02,EUR,Neu,Gewerblich,2026-06-13,13. Jun 2026,1,0.0,1,0,Sofort-Kaufen Gratis Lieferung  China Ähnliche aktive Angebote ansehen Solch einen Artikel verkaufen,lcystore 99% positiv (197),https://www.ebay.de/itm/227247327462,ebay_sold_p5.html
358452853294,Rolex 24-600-0  Steel Crown 6mm Datejust Daytona  Originale,95.0,EUR,Gebraucht,Privat,2026-06-13,13. Jun 2026,1,10.0,0,1,"Preisvorschlag akzeptiert +EUR 10,00 Lieferung  Italien Ähnliche aktive Angebote ansehen Solch einen Artikel verkaufen",disebast-40 100% positiv (74),https://www.ebay.de/itm/358452853294,ebay_sold_p5.html
404683487190,#1056 ORIGINAL ROLEX 16234 16014 TROPICAL ZIFFERBLATT DIAL DATEJUST 36,293.24,EUR,Gebraucht,Gewerblich,2026-06-13,13. Jun 2026,1,6.95,0,1,,state_of_time 100% positiv (3.803),https://www.ebay.de/itm/404683487190,ebay_sold_p5.html
116139175165,"ROLEX 1530 Ritzelkupplungsfeder der Sekunde Cod. 7839 Kaliber: 1520, 1...",24.0,EUR,Neu (Sonstige),Gewerblich,2026-06-13,13. Jun 2026,1,19.0,0,0,"Sofort-Kaufen +EUR 19,00 Lieferung  Italien Ähnliche aktive Angebote ansehen Solch einen Artikel verkaufen","fornitura_boccacci 99,9% positiv (4.089)",https://www.ebay.de/itm/116139175165,ebay_sold_p5.html
186465241594,FIT ROLEX GMT 16760 16710 16700 Feder GHIERA Bezel Klickfeder Aftermarket,17.0,EUR,Neu,Gewerblich,2026-06-13,13. Jun 2026,1,13.0,0,0,"Sofort-Kaufen +EUR 13,00 Lieferung  Italien Ähnliche aktive Angebote ansehen Solch einen Artikel verkaufen","watchparts-italy 99,5% positiv (3.454)",https://www.ebay.de/itm/186465241594,ebay_sold_p5.html
266614423317,"Rolex SUBMARINERE Booklet, Beschreibung und Hang Tag 07/2010 Englisch",120.0,EUR,Neu (Sonstige),Privat,2026-06-13,13. Jun 2026,1,0.0,1,1,,info_pls 100% positiv (177),https://www.ebay.de/itm/266614423317,ebay_sold_p5.html
160716907190,3 KUNSTSTOFF PLEXI UHRENGLAS FÜR 36MM ROLEX 25-118 DATEJUST 1601 1603 1604,41.64,EUR,Neu,Gewerblich,2026-06-13,13. Jun 2026,1,10.42,0,0,"Sofort-Kaufen +EUR 10,42 Lieferung  Vereinigte Staaten von Amerika Ähnliche aktive Angebote ansehen Solch einen Artikel verkaufen","ewatchparts 99,9% positiv (225.083)",https://www.ebay.de/itm/160716907190,ebay_sold_p5.html
326112836336,Saphirglas 30.4 mm mit Dichtung für Rolex  25 -295C1 Uhrenglas 1630 16200 16220,34.99,EUR,Neu,Gewerblich,2026-06-13,13. Jun 2026,1,3.49,0,1,,"uhrenexpert 99,3% positiv (21.349)",https://www.ebay.de/itm/326112836336,ebay_sold_p5.html
322405322681,Saphirglas 30.4 mm mit Dichtung für Rolex  25 - 295C Uhrenglas 16200 16203 16220,34.99,EUR,Neu,Gewerblich,2026-06-13,13. Jun 2026,1,3.49,0,1,,"uhrenexpert 99,3% positiv (21.349)",https://www.ebay.de/itm/322405322681,ebay_sold_p5.html
318203688826,Rolex Submariner Booklet Set 5 Teilig  - englisch 2007 -,99.0,EUR,Gebraucht,Gewerblich,2026-06-13,13. Jun 2026,1,0.0,1,0,,blackpen4810 100% positiv (9.414),https://www.ebay.de/itm/318203688826,ebay_sold_p5.html
168389288032,Ultra Rare Genuine Rolex Tag Geneva Bienne Cosc Daytona Submariner Gmt year '70,140.0,EUR,Neu (Sonstige),Privat,2026-06-13,13. Jun 2026,1,15.0,0,1,"Preisvorschlag akzeptiert +EUR 15,00 Lieferung  Italien Ähnliche aktive Angebote ansehen Solch einen Artikel verkaufen",caronda 100% positiv (1.037),https://www.ebay.de/itm/168389288032,ebay_sold_p5.html
157923320797,"Rolex Katalog 2023–2024, Produktart Katalog, Herstellungsjahr ab 2010",18.99,EUR,Gebraucht,Privat,2026-06-13,13. Jun 2026,1,4.99,0,1,,tah_7931 100% positiv (9),https://www.ebay.de/itm/157923320797,ebay_sold_p5.html
406610587117,ROLEX Bühlmann Tisch pro Sea-Dweller 16600,50.0,EUR,Neu (Sonstige),Privat,2026-06-13,13. Jun 2026,1,10.0,0,0,"Sofort-Kaufen +EUR 10,00 Lieferung  Italien Ähnliche aktive Angebote ansehen Solch einen Artikel verkaufen",cla-fine*shop* 100% positiv (178),https://www.ebay.de/itm/406610587117,ebay_sold_p5.html
205915176950,ROLEX LEDER ARMBAND DORNSCHLIESSE BUCKLE 14MM 18K 750 MASSIV GOLD GELBGOLD,799.0,EUR,Gebraucht,Gewerblich,2026-06-13,13. Jun 2026,1,0.0,1,1,,"luxus-freund24 99,5% positiv (41.881)",https://www.ebay.de/itm/205915176950,ebay_sold_p5.html
406328936062,#1665 ORIG ROLEX 24-704-0 KRONE TUBUS CROWN STAHL OYSTER TRIPLOCK 7mm STEEL 4,129.99,EUR,Gebraucht,Gewerblich,2026-06-13,13. Jun 2026,1,6.95,0,0,,state_of_time 100% positiv (3.803),https://www.ebay.de/itm/406328936062,ebay_sold_p5.html
296310490114,"Zubehör - Daytona Lünette Stahl 40mm 6,5g",329.0,EUR,Gebraucht,Gewerblich,2026-06-13,13. Jun 2026,1,30.0,0,0,,juwelierhaeffner 100% positiv (9.557),https://www.ebay.de/itm/296310490114,ebay_sold_p5.html
296310485268,"Zubehör - Daytona Lünette Stahl 40mm 6,5g",329.0,EUR,Gebraucht,Gewerblich,2026-06-13,13. Jun 2026,1,30.0,0,0,,juwelierhaeffner 100% positiv (9.557),https://www.ebay.de/itm/296310485268,ebay_sold_p5.html
304742098767,ROLEX Ersatzteil Stundenrad Uhrwerk cal 2030 2035 part 4458 Hour wheel original,50.0,EUR,Gebraucht,Gewerblich,2026-06-13,13. Jun 2026,1,7.0,0,0,,luxini_hamburg 100% positiv (3.973),https://www.ebay.de/itm/304742098767,ebay_sold_p5.html
236333961097,REPLACEMENT PART ROLEX ORIGINAL CALIBRE.3035 - PART 95019-3. Blister con 3 Pzas.,50.0,EUR,Neu,Gewerblich,2026-06-13,13. Jun 2026,1,16.0,0,0,"Sofort-Kaufen +EUR 16,00 Lieferung  Spanien Letzter Artikel Ähnliche aktive Angebote ansehen Solch einen Artikel verkaufen","dimar2018 99,8% positiv (11.466)",https://www.ebay.de/itm/236333961097,ebay_sold_p5.html
285070776790,Rolex 14mm Gelbgold Rolex SA SWISS Dornschliesse 18K 750 GG I240,750.0,EUR,Gebraucht,Gewerblich,2026-06-13,13. Jun 2026,1,10.0,0,0,"Sofort-Kaufen +EUR 10,00 Lieferung  Spanien Ähnliche aktive Angebote ansehen Solch einen Artikel verkaufen",mg-worldwide 100% positiv (3.660),https://www.ebay.de/itm/285070776790,ebay_sold_p5.html
188012235752,"ROLEX 3000 245, 3035 5022 UNRUHSTOPPFEDER KOMPATIBEL Rolex Balance sto",25.0,EUR,Neu,Gewerblich,2026-06-13,13. Jun 2026,1,13.0,0,0,"Sofort-Kaufen +EUR 13,00 Lieferung  Italien Ähnliche aktive Angebote ansehen Solch einen Artikel verkaufen","watchparts-italy 99,5% positiv (3.454)",https://www.ebay.de/itm/188012235752,ebay_sold_p5.html
116338205195,GENERIC Zugfeder kompatibel für ROLEX Cal. 3000 Kaliber: 3000 (NEU),18.0,EUR,Neu,Gewerblich,2026-06-13,13. Jun 2026,1,19.0,0,0,"Sofort-Kaufen +EUR 19,00 Lieferung  Italien Ähnliche aktive Angebote ansehen Solch einen Artikel verkaufen","fornitura_boccacci 99,9% positiv (4.089)",https://www.ebay.de/itm/116338205195,ebay_sold_p5.html
406738867163,"#1876 USED ORIGINAL ROLEX 24-530-8 GOLD 5,3mm KRONE CROWN 6917 69173 69178",159.99,EUR,Gebraucht,Gewerblich,2026-06-13,13. Jun 2026,1,6.95,0,0,,state_of_time 100% positiv (3.803),https://www.ebay.de/itm/406738867163,ebay_sold_p5.html
305039900573,ROLEX Ersatzteil Minutenrohr Cannon pinion cal 1535 1570 1575 part 7951 2.7 mm,65.0,EUR,Gebraucht,Gewerblich,2026-06-13,13. Jun 2026,1,7.0,0,1,,luxini_hamburg 100% positiv (3.973),https://www.ebay.de/itm/305039900573,ebay_sold_p5.html
197245197796,Rolex Datejust  Booklet / Beschreibung 2011 Deutsch,15.0,EUR,Gebraucht,Gewerblich,2026-06-13,13. Jun 2026,1,5.0,0,0,,"uhrenfachzentrum 99,6% positiv (1.645)",https://www.ebay.de/itm/197245197796,ebay_sold_p5.html
206138004521,Rolex Sea Dweller deep sea 605.52 Eng - 5.2009 English Booklet,49.0,EUR,Gebraucht,Gewerblich,2026-06-13,13. Jun 2026,1,5.0,0,0,,kian-werke 100% positiv (7.720),https://www.ebay.de/itm/206138004521,ebay_sold_p5.html
206128123924,Rolex GMT Master 595.03  Booklet Deutech DE 9.2004 vintage original -,99.0,EUR,Gebraucht,Gewerblich,2026-06-13,13. Jun 2026,1,5.0,0,0,,kian-werke 100% positiv (7.720),https://www.ebay.de/itm/206128123924,ebay_sold_p5.html
365148213062,ROLEX OYSTER STAHL ARMBAND FALTSCHLIESSE 15MM 78360 VINTAGE SCHÖNER ZUSTAND,549.0,EUR,Gebraucht,Gewerblich,2026-06-13,13. Jun 2026,1,0.0,1,1,,"luxus-freund24 99,5% positiv (41.881)",https://www.ebay.de/itm/365148213062,ebay_sold_p5.html
404252131659,VINTAGE ORIGINAL ROLEX GMT MASTER 315-16760-7 COKE 16760 / 16710 INSERT EINLAGE,262.95,EUR,Gebraucht,Gewerblich,2026-06-13,13. Jun 2026,1,6.95,0,0,,state_of_time 100% positiv (3.803),https://www.ebay.de/itm/404252131659,ebay_sold_p5.html
127521965755,ROLEX GMT Master II BLACK Inlay Bezel Lünette 116710 FF Schwarz Keramik,359.0,EUR,Gebraucht,Gewerblich,2026-06-13,13. Jun 2026,1,6.9,0,1,,almawatches 100% positiv (3.677),https://www.ebay.de/itm/127521965755,ebay_sold_p5.html
204798464991,Rolex Explorer 2 Zifferblatt Tropical Turning Braun 16550 16570,799.0,EUR,Gebraucht,Gewerblich,2026-06-13,13. Jun 2026,1,29.0,0,1,"oder Preisvorschlag +EUR 29,00 Lieferung  Italien Ähnliche aktive Angebote ansehen Solch einen Artikel verkaufen",watchmydial 100% positiv (460),https://www.ebay.de/itm/204798464991,ebay_sold_p5.html
358413097621,Rolex Datejust Oysterquartz 17000/17013/17018 Gold Tritium Dial,439.0,EUR,Gebraucht,Gewerblich,2026-06-13,13. Jun 2026,1,19.0,0,1,,luxewatchesgermany 100% positiv (92),https://www.ebay.de/itm/358413097621,ebay_sold_p5.html
277767783276,NEU Rolex B32-502T-0-K2 GMT-Master II Jubilee Finals Endlinks Stahl im Blister,488.0,EUR,Neu,Gewerblich,2026-06-13,13. Jun 2026,1,25.0,0,0,"Sofort-Kaufen +EUR 25,00 Lieferung  Italien Letzter Artikel Ähnliche aktive Angebote ansehen Solch einen Artikel verkaufen",millerighetime_by_arriwatch 100% positiv (913),https://www.ebay.de/itm/277767783276,ebay_sold_p5.html
366318097923,ROLEX Cellini Hour Minute Index Movement cal 1600 Handaufzug original,35.95,EUR,Gebraucht,Gewerblich,2026-06-12,12. Jun 2026,1,6.19,0,1,,vintage-uhren-laden 100% positiv (470),https://www.ebay.de/itm/366318097923,ebay_sold_p5.html
366318103145,ROLEX Cellini Sapphire Crystal cal 1600 Handaufzug original,35.95,EUR,Gebraucht,Gewerblich,2026-06-12,12. Jun 2026,1,6.19,0,1,,vintage-uhren-laden 100% positiv (470),https://www.ebay.de/itm/366318103145,ebay_sold_p5.html
385255454497,Original Rolex Datejust 31 mm Lünette 750 Gelbgold Bezel 18 kt  178278,450.0,EUR,Gebraucht,Gewerblich,2026-06-12,12. Jun 2026,1,6.0,0,0,,"sekowatchworld 99,1% positiv (1.120)",https://www.ebay.de/itm/385255454497,ebay_sold_p5.html
205322161656,"Aufzugwelle Rolex KALIBER 2030 , 2035  Ersatzteil Uhr ,NEU",12.5,EUR,Neu,Gewerblich,2026-06-12,12. Jun 2026,1,0.0,1,0,,platin000 100% positiv (13.663),https://www.ebay.de/itm/205322161656,ebay_sold_p5.html
277770925401,"NEU Rolex 24-5330-0 Original Röhre x Krone Stahl 5,3-6mm 530 531 603 604",68.0,EUR,Neu,Gewerblich,2026-06-12,12. Jun 2026,1,25.0,0,0,"Sofort-Kaufen +EUR 25,00 Lieferung  Italien Ähnliche aktive Angebote ansehen Solch einen Artikel verkaufen",millerighetime_by_arriwatch 100% positiv (913),https://www.ebay.de/itm/277770925401,ebay_sold_p5.html
203949762262,ROLEX HERREN ARMBAND ERSATZGLIED STAHL/STAHL 15MM DOPPELGLIED 2,99.0,EUR,Gebraucht,Gewerblich,2026-06-12,12. Jun 2026,1,0.0,1,1,,"luxus-freund24 99,5% positiv (41.881)",https://www.ebay.de/itm/203949762262,ebay_sold_p5.html
226497882602,1 Aufzugswelle für Rolex 8 3/4```nouvo DCN 352 neuwertig,18.0,EUR,Neu (Sonstige),Gewerblich,2026-06-12,12. Jun 2026,1,2.0,0,0,,euro-tictac 100% positiv (35.656),https://www.ebay.de/itm/226497882602,ebay_sold_p5.html
317797465439,"Rolex 18k Gold Armband Schraube 14,25mm NEU Old Stock",89.0,EUR,Neu (Sonstige),Privat,2026-06-12,12. Jun 2026,1,14.0,0,0,"Sofort-Kaufen +EUR 14,00 Lieferung  Italien Ähnliche aktive Angebote ansehen Solch einen Artikel verkaufen",filzu54 100% positiv (77),https://www.ebay.de/itm/317797465439,ebay_sold_p5.html
147363363164,Saphirglas Für Herren Rolex Uhr 36mm Datejust President Day-Date 16013,21.94,EUR,Neu (Sonstige),Gewerblich,2026-06-12,12. Jun 2026,1,57.94,0,0,"Sofort-Kaufen +EUR 57,94 Lieferung  Vereinigte Staaten von Amerika Ähnliche aktive Angebote ansehen Solch einen Artikel verkaufen",swissice 100% positiv (7.287),https://www.ebay.de/itm/147363363164,ebay_sold_p5.html
186238762758,"PASST Rolex 19 Tropic Plexy After Submariner 5512,5513 Tudor 7928,7016,94010,9411",16.5,EUR,Neu,Gewerblich,2026-06-12,12. Jun 2026,1,13.0,0,0,"Sofort-Kaufen +EUR 13,00 Lieferung  Italien Ähnliche aktive Angebote ansehen Solch einen Artikel verkaufen","watchparts-italy 99,5% positiv (3.454)",https://www.ebay.de/itm/186238762758,ebay_sold_p5.html
374132274485,Rolex Original Esatzteil Kal. 2230 - 540 Umkehrrad neu,59.0,EUR,Neu (Sonstige),Gewerblich,2026-06-12,12. Jun 2026,1,0.0,1,0,,"sandtuhr 99,8% positiv (54.529)",https://www.ebay.de/itm/374132274485,ebay_sold_p5.html
396320285502,Uhren L'aventure ROLEX Reise ins Herz der Oyster 2007,49.9,EUR,Gebraucht,Gewerblich,2026-06-12,12. Jun 2026,1,10.0,0,1,"Preisvorschlag akzeptiert +EUR 10,00 Lieferung  Frankreich Ähnliche aktive Angebote ansehen Solch einen Artikel verkaufen",essiral 100% positiv (6.089),https://www.ebay.de/itm/396320285502,ebay_sold_p5.html
406888048778,GENERIC Einsatz Schwarz und Silber 315-16750-1 für Rolex Gmt-Master 2 16750 (NEU),30.0,EUR,Neu,Gewerblich,2026-06-12,12. Jun 2026,1,19.0,0,0,"Sofort-Kaufen +EUR 19,00 Lieferung  Italien Ähnliche aktive Angebote ansehen Solch einen Artikel verkaufen","fornitura_boccacci 99,9% positiv (4.089)",https://www.ebay.de/itm/406888048778,ebay_sold_p5.html
276243477969,NEU Rolex 315-16713-15 GMT Master II Tigerauge Ring Einsatz,448.0,EUR,Genuine New Packed - Neu in Originalverpackung,,2026-06-12,12. Jun 2026,1,25.0,0,1,"oder Preisvorschlag +EUR 25,00 Lieferung  Italien Letzter Artikel Ähnliche aktive Angebote ansehen Solch einen Artikel verkaufen",millerighetime_by_arriwatch 100% positiv (913),https://www.ebay.de/itm/276243477969,ebay_sold_p5.html
376642609741,Gehäuseöffner Für Rolex Uhren Uhrmacherwerkzeug Sets Für Gerillte Gehäuseböden~,13.99,EUR,Neu,Gewerblich,2026-06-12,12. Jun 2026,1,0.0,1,0,,"clamplocked 99,3% positiv (8.064)",https://www.ebay.de/itm/376642609741,ebay_sold_p5.html
206334094486,Rolex 3185 - 130 Pont de remontoir - Winding bridge,51.75,EUR,Gebraucht,Gewerblich,2026-06-12,12. Jun 2026,1,9.0,0,0,"Sofort-Kaufen +EUR 9,00 Lieferung  Frankreich Ähnliche aktive Angebote ansehen Solch einen Artikel verkaufen","manz15 99,5% positiv (8.231)",https://www.ebay.de/itm/206334094486,ebay_sold_p5.html
144643305796,Ersatzteile Rolex 2230-2235 Original Original - Ricambi Originali,10.0,EUR,Neu,Gewerblich,2026-06-12,12. Jun 2026,1,30.0,0,0,"Sofort-Kaufen +EUR 30,00 Lieferung  Italien Ähnliche aktive Angebote ansehen Solch einen Artikel verkaufen",afadsrl 100% positiv (2.101),https://www.ebay.de/itm/144643305796,ebay_sold_p5.html
405028451359,"#A19 NEU ORIGINAL ROLEX 15,4mm BANDGLIED OYSTER SUBMARINER 116610 114060 97200",119.99,EUR,Gebraucht,Gewerblich,2026-06-12,12. Jun 2026,1,6.95,0,0,,state_of_time 100% positiv (3.803),https://www.ebay.de/itm/405028451359,ebay_sold_p5.html
196953737925,Rolex 31A-5513 DOT SUBMARINER 5512 1680 Leuchtkugel Nr.S. lünetteneinsatz,150.0,EUR,Neu,Gewerblich,2026-06-12,12. Jun 2026,1,12.0,0,1,"oder Preisvorschlag +EUR 12,00 Lieferung  Italien Ähnliche aktive Angebote ansehen Solch einen Artikel verkaufen","sebi_1611 99,8% positiv (1.567)",https://www.ebay.de/itm/196953737925,ebay_sold_p5.html
800127710523,"Seltene Box ""TUDOR by Rolex Rosellina - Rare TUDOR ""Rose"" Box Vintage 60/80's",200.0,EUR,Gebraucht,Privat,2026-06-12,12. Jun 2026,1,1.0,0,1,"1 Gebot Preisvorschlag akzeptiert +EUR 20,00 Lieferung  Italien Ähnliche aktive Angebote ansehen Solch einen Artikel verkaufen",adres-florence 100% positiv (150),https://www.ebay.de/itm/800127710523,ebay_sold_p5.html
166875272013,ORIGINAL ROLEX Vintage Chronometer Übersetzung Translation 565.00.250.2.95,29.0,EUR,Gebraucht,Gewerblich,2026-06-12,12. Jun 2026,1,0.0,1,1,,shw-goldsilver 100% positiv (557),https://www.ebay.de/itm/166875272013,ebay_sold_p5.html
205610815999,Original Rolex Translation Übersetzung Booklet 565.00.   11X,20.0,EUR,Gebraucht,Gewerblich,2026-06-12,12. Jun 2026,1,6.99,0,0,,kian-werke 100% positiv (7.720),https://www.ebay.de/itm/205610815999,ebay_sold_p5.html
397448746762,AUFZUGSWELLE STEM Rolex Cal.4130 Premium Qualität,18.99,EUR,Neu (Sonstige),Gewerblich,2026-06-12,12. Jun 2026,1,0.0,1,0,,dreamuniversesari 100% positiv (1.205),https://www.ebay.de/itm/397448746762,ebay_sold_p5.html
160835785605,LÜNETTENEINSATZ 14060-81 FÜR ROLEX SUBMARINER OHNE DATUM UHR SCHWARZ/SILBER,31.22,EUR,Neu,Gewerblich,2026-06-11,11. Jun 2026,1,10.42,0,0,"Sofort-Kaufen +EUR 10,42 Lieferung  Vereinigte Staaten von Amerika Ähnliche aktive Angebote ansehen Solch einen Artikel verkaufen","ewatchparts 99,9% positiv (225.083)",https://www.ebay.de/itm/160835785605,ebay_sold_p5.html
276701651858,NEU Rolex Daytona 24-P512-8 Blister Original Full Gold 18k Pusher 116528 116518,1028.0,EUR,BRAND NEW PACKED - NEU IM ORIGINAL BLISTER,,2026-06-11,11. Jun 2026,1,25.0,0,1,"oder Preisvorschlag +EUR 25,00 Lieferung  Italien Ähnliche aktive Angebote ansehen Solch einen Artikel verkaufen",millerighetime_by_arriwatch 100% positiv (913),https://www.ebay.de/itm/276701651858,ebay_sold_p5.html
277704890559,NEW Rolex 3175-260 Kleinteilerad Neu im Blister,108.0,EUR,Neu,Gewerblich,2026-06-11,11. Jun 2026,1,25.0,0,0,"Sofort-Kaufen +EUR 25,00 Lieferung  Italien Ähnliche aktive Angebote ansehen Solch einen Artikel verkaufen",millerighetime_by_arriwatch 100% positiv (913),https://www.ebay.de/itm/277704890559,ebay_sold_p5.html
377174911715,Rolex Sea-Dweller 16600 16660 Ventil Helium Valve B24-V53-1-Y1,105.5,EUR,Gebraucht,Gewerblich,2026-05-13,13. Mai 2026,1,14.9,0,1,"oder Preisvorschlag +EUR 14,90 Lieferung  Italien Ähnliche aktive Angebote ansehen Solch einen Artikel verkaufen","rolex_parts_brabus 98,8% positiv (262)",https://www.ebay.de/itm/377174911715,ebay_sold_p5.html
188467258117,Seltener Rolex Anker – T‑Bar Version – Flat 3 300m Original Beileger Submariner,119.5,EUR,Neu (Sonstige),Privat,2026-06-11,11. Jun 2026,1,9.0,0,0,,jo.truck 100% positiv (14),https://www.ebay.de/itm/188467258117,ebay_sold_p5.html
366236833872,Rolex Submariner Date Booklet Manual Oyster Perpetual Submariner JPN Original,22.9,EUR,Neu (Sonstige),Privat,2026-06-11,11. Jun 2026,1,35.0,0,1,"oder Preisvorschlag +EUR 35,00 Lieferung  Frankreich Ähnliche aktive Angebote ansehen Solch einen Artikel verkaufen",arn_6691 0% positiv (1),https://www.ebay.de/itm/366236833872,ebay_sold_p6.html
334630330141,Saphir Uhr Glas Kristall mit Kalenderfenster & Dichtung für Rolex 116610 40mm,15.22,EUR,Neu (Sonstige),Gewerblich,2026-06-11,11. Jun 2026,1,0.0,1,1,,"yunchaungke007 99,5% positiv (2.812)",https://www.ebay.de/itm/334630330141,ebay_sold_p6.html
198419128977,Rolex Cal.2030 Ref.4425 Nr.2 Stück,87.0,EUR,Neu (Sonstige),Gewerblich,2026-06-11,11. Jun 2026,1,18.0,0,0,"Sofort-Kaufen +EUR 18,00 Lieferung  Italien Ähnliche aktive Angebote ansehen Solch einen Artikel verkaufen",combattiamolacrisi 100% positiv (8.907),https://www.ebay.de/itm/198419128977,ebay_sold_p6.html
115917191681,"ROLEX 2030 Spule oder Spule mit Ladung Cod. 2030-4445 Kaliber: 2030, 2035 (SEHR GUT...",40.0,EUR,Gebraucht,Gewerblich,2026-06-11,11. Jun 2026,1,19.0,0,0,"Sofort-Kaufen +EUR 19,00 Lieferung  Italien Ähnliche aktive Angebote ansehen Solch einen Artikel verkaufen","fornitura_boccacci 99,9% positiv (4.089)",https://www.ebay.de/itm/115917191681,ebay_sold_p6.html
204895662299,Rolex 1680 Submariner B25-127 25 127 Super Domed Plexiglas Vintage gebraucht,399.0,EUR,Gebraucht,Gewerblich,2026-06-11,11. Jun 2026,1,29.0,0,1,"oder Preisvorschlag +EUR 29,00 Lieferung  Italien Ähnliche aktive Angebote ansehen Solch einen Artikel verkaufen",watchmydial 100% positiv (460),https://www.ebay.de/itm/204895662299,ebay_sold_p6.html
204612442906,"Rolex ""Faded"" Pink Ghost FAT Serif Tropical GMT Master 2 16700 16710 16760 COKE",349.0,EUR,Gebraucht,Gewerblich,2026-06-11,11. Jun 2026,1,29.0,0,1,"oder Preisvorschlag +EUR 29,00 Lieferung  Italien Ähnliche aktive Angebote ansehen Solch einen Artikel verkaufen",watchmydial 100% positiv (460),https://www.ebay.de/itm/204612442906,ebay_sold_p6.html
358314213449,"Original Rolex Lünette 1803/8 in Gold gebraucht in gutem/sehr gutem Zustand Gr. 4,14",470.0,EUR,Gebraucht,Privat,2026-06-11,11. Jun 2026,1,30.0,0,1,"Preisvorschlag akzeptiert +EUR 30,00 Lieferung  Italien Ähnliche aktive Angebote ansehen Solch einen Artikel verkaufen",lorenzo1994994 100% positiv (12),https://www.ebay.de/itm/358314213449,ebay_sold_p6.html
318039071488,Rolex Submariner (Date) Handbuch Anleitung booklet Englisch 599.02 Eng - 8.2018,89.0,EUR,Gebraucht,Gewerblich,2026-06-06,6. Jun 2026,1,0.0,1,1,,eBay Top-Service,https://www.ebay.de/itm/318039071488,ebay_sold_p6.html
197186613635,Rolex Cal.2030 Ref.4425 Nr.2 Stück,87.0,EUR,Neu (Sonstige),Gewerblich,2026-06-11,11. Jun 2026,1,18.0,0,0,"Sofort-Kaufen +EUR 18,00 Lieferung  Italien Ähnliche aktive Angebote ansehen Solch einen Artikel verkaufen",combattiamolacrisi 100% positiv (8.907),https://www.ebay.de/itm/197186613635,ebay_sold_p6.html
317428964562,Rolex genuine rare cross-hatch dial steel 31mm 6751 new old stock with hands 371,269.0,EUR,Neu (Sonstige),Privat,2026-06-11,11. Jun 2026,1,15.0,0,0,"Sofort-Kaufen +EUR 15,00 Lieferung  Italien Ähnliche aktive Angebote ansehen Solch einen Artikel verkaufen",filzu54 100% positiv (77),https://www.ebay.de/itm/317428964562,ebay_sold_p6.html
168437920369,Rolex Rare Original Vintage Plastic Wallet 100.00.41 Garantiehalter 70/80er Jahre,115.0,EUR,Gebraucht,Privat,2026-06-11,11. Jun 2026,1,13.0,0,1,"Preisvorschlag akzeptiert +EUR 13,00 Lieferung  Italien Ähnliche aktive Angebote ansehen Solch einen Artikel verkaufen",caronda 100% positiv (1.037),https://www.ebay.de/itm/168437920369,ebay_sold_p6.html
117163613403,Rolex Oyster Perpetual Uhrenkatalog 2022-2023 Neuwertig,9.99,EUR,Neu (Sonstige),Privat,2026-06-11,11. Jun 2026,1,2.9,0,1,,hohesc2018 100% positiv (377),https://www.ebay.de/itm/117163613403,ebay_sold_p6.html
115976597842,"ROLEX 3035 Führungsrad der Spule Cod. 3035-5069 Kaliber: 3000, 3035, ...",44.0,EUR,Gebraucht,Gewerblich,2026-06-11,11. Jun 2026,1,19.0,0,0,"Sofort-Kaufen +EUR 19,00 Lieferung  Italien Ähnliche aktive Angebote ansehen Solch einen Artikel verkaufen","fornitura_boccacci 99,9% positiv (4.089)",https://www.ebay.de/itm/115976597842,ebay_sold_p6.html
127885872426,Original Rolex Portemonaise in Echtleder Neu,69.5,EUR,Neu (Sonstige),Privat,2026-06-11,11. Jun 2026,1,6.19,0,1,,"didi241956 98,4% positiv (160)",https://www.ebay.de/itm/127885872426,ebay_sold_p6.html
115975917051,ROLEX 3085 Cod. 5243 Feder der springenden Stunden Kaliber: 3085 (SEHR GUT...,25.0,EUR,Gebraucht,Gewerblich,2026-06-11,11. Jun 2026,1,19.0,0,0,"Sofort-Kaufen +EUR 19,00 Lieferung  Italien Ähnliche aktive Angebote ansehen Solch einen Artikel verkaufen","fornitura_boccacci 99,9% positiv (4.089)",https://www.ebay.de/itm/115975917051,ebay_sold_p6.html
800039664302,Rolex Datejust disco data bianco date disc cal. 2135 ref. 2135-6900-2-K1,80.0,EUR,Gebraucht,Gewerblich,2026-06-11,11. Jun 2026,1,14.9,0,1,"oder Preisvorschlag +EUR 14,90 Lieferung  Italien Ähnliche aktive Angebote ansehen Solch einen Artikel verkaufen","luxurytime.shop 99,8% positiv (2.110)",https://www.ebay.de/itm/800039664302,ebay_sold_p6.html
358528808002,Rolex Oysterdate Precision Gold Tritium Dial 6694/6482,299.0,EUR,Gebraucht,Gewerblich,2026-06-11,11. Jun 2026,1,19.0,0,1,,luxewatchesgermany 100% positiv (92),https://www.ebay.de/itm/358528808002,ebay_sold_p6.html
326050324870,Zugfeder passend für 2130- 311 Rolex Kaliber Armbanduhr Mainspring 771,21.9,EUR,Neu,Gewerblich,2026-06-11,11. Jun 2026,1,3.49,0,0,,"uhrenexpert 99,3% positiv (21.349)",https://www.ebay.de/itm/326050324870,ebay_sold_p6.html
198401518420,rolex 2360 case back  genuine fondello Per Rolex Submariner 116610 114060 126610,300.0,EUR,Neu (Sonstige),Privat,2026-06-11,11. Jun 2026,1,1.0,0,0,"1 Gebot +EUR 19,00 Lieferung  Italien Ähnliche aktive Angebote ansehen Solch einen Artikel verkaufen",thecostantino2012 100% positiv (230),https://www.ebay.de/itm/198401518420,ebay_sold_p6.html
356287565619,Rolex Original Esatzteil Kal. 1570 / 75 Schraube für Winkelhebel neu,33.21,EUR,Neu (Sonstige),Gewerblich,2026-06-11,11. Jun 2026,1,0.0,1,0,,"sandtuhr 99,8% positiv (54.529)",https://www.ebay.de/itm/356287565619,ebay_sold_p6.html
126598965003,ROLEX SUBMARINER Inlay Bezel Lünette 16610 16800 168000 Superluminova,239.0,EUR,Gebraucht,Gewerblich,2026-06-11,11. Jun 2026,1,5.9,0,1,,almawatches 100% positiv (3.677),https://www.ebay.de/itm/126598965003,ebay_sold_p6.html
204355445189,ROLEX UNRUHE FÜR KALIBER 3035 SCHÖNER ZUSTAND VINTAGE,649.0,EUR,Gebraucht,Gewerblich,2026-06-11,11. Jun 2026,1,0.0,1,1,,"luxus-freund24 99,5% positiv (41.881)",https://www.ebay.de/itm/204355445189,ebay_sold_p6.html
227259386000,Rolex Uhrwerk Caliber 1600 Cellini mit Zifferblatt und Zeiger,400.0,EUR,Gebraucht,Privat,2026-06-11,11. Jun 2026,1,6.9,0,1,,uhrdieter 100% positiv (322),https://www.ebay.de/itm/227259386000,ebay_sold_p6.html
800116862122,"Booklet Booklet ""YOUR ROLEX OYSTER"" Jahre 1994-1995-1996-1997-1999",25.0,EUR,Gebraucht,Privat,2026-06-11,11. Jun 2026,1,20.0,0,1,"oder Preisvorschlag +EUR 20,00 Lieferung  Italien Ähnliche aktive Angebote ansehen Solch einen Artikel verkaufen",adres-florence 100% positiv (150),https://www.ebay.de/itm/800116862122,ebay_sold_p6.html
275773486474,Rolex Sapphire Crystal 25- 295C- C12- C1 Saphirglas LOGO Submariner 116610,78.0,EUR,TOP QUALITÄT - MIT LOGO,,2026-06-11,11. Jun 2026,1,25.0,0,0,"Sofort-Kaufen +EUR 25,00 Lieferung  Italien Ähnliche aktive Angebote ansehen Solch einen Artikel verkaufen",millerighetime_by_arriwatch 100% positiv (913),https://www.ebay.de/itm/275773486474,ebay_sold_p6.html
326075733391,Rolex Datejust 36 mm Einhand Second Batons Weißgold 16234-116234 Nos,150.0,EUR,Gebraucht,Gewerblich,2026-06-11,11. Jun 2026,1,25.0,0,1,"oder Preisvorschlag +EUR 25,00 Lieferung  Italien Ähnliche aktive Angebote ansehen Solch einen Artikel verkaufen",silverwingnico 100% positiv (1.516),https://www.ebay.de/itm/326075733391,ebay_sold_p6.html
205909543185,ROLEX LEDER ARMBAND DORNSCHLIESSE CLASP BUCKLE 10MM STAHL VERGOLDET 2,249.0,EUR,Gebraucht,Gewerblich,2026-06-11,11. Jun 2026,1,0.0,1,1,,"luxus-freund24 99,5% positiv (41.881)",https://www.ebay.de/itm/205909543185,ebay_sold_p6.html
117231061479,4 Rolex Jahrbücher Kataloge + Rolex-Magazin,10.0,EUR,Gebraucht,Privat,2026-06-11,11. Jun 2026,1,1.0,0,0,,wwwcomde 100% positiv (988),https://www.ebay.de/itm/117231061479,ebay_sold_p6.html
137096672387,Original Rolex Daytona Booklet Uhrenausstattung watch booklet ENG verschiedene Jahre….,45.0,EUR,Gebraucht,Privat,2026-06-09,9. Jun 2026,1,15.0,0,1,"oder Preisvorschlag +EUR 15,00 Lieferung  Italien Ähnliche aktive Angebote ansehen Solch einen Artikel verkaufen",pielata-0 100% positiv (141),https://www.ebay.de/itm/137096672387,ebay_sold_p6.html
236627668629,Rolex Oyster Perpetual Lady Datejust Champagne Diamant Dial Ziffernblatt,399.0,EUR,Gebraucht,Privat,2026-06-11,11. Jun 2026,1,6.19,0,1,,lihibsche-0 100% positiv (82),https://www.ebay.de/itm/236627668629,ebay_sold_p6.html
162042672857,Flachbodendichtung für Rolex 29-293-106 Gasket Case Back 1008 1038 5508,4.0,EUR,Neu,Gewerblich,2026-06-11,11. Jun 2026,1,13.5,0,0,"Sofort-Kaufen +EUR 13,50 Lieferung  Italien Ähnliche aktive Angebote ansehen Solch einen Artikel verkaufen","sabaec 99,9% positiv (22.965)",https://www.ebay.de/itm/162042672857,ebay_sold_p6.html
226902741322,GEBRAUCHT Gebraucht Rolex 3035 5012 Great Wheel Riesenrad,38.7,EUR,Gebraucht,Gewerblich,2026-06-11,11. Jun 2026,1,29.0,0,1,"oder Preisvorschlag +EUR 29,00 Lieferung  Italien Ähnliche aktive Angebote ansehen Solch einen Artikel verkaufen",*rarecollections 100% positiv (1.384),https://www.ebay.de/itm/226902741322,ebay_sold_p6.html
198370414576,Rolex Magazine Ausgabe #06 Rolex Submariner  'Deutsch' 150 Seiten 'Tablebook',49.0,EUR,Gebraucht,Gewerblich,2026-06-10,10. Jun 2026,1,4.9,0,0,,timekeepers-bonn 100% positiv (31),https://www.ebay.de/itm/198370414576,ebay_sold_p6.html
160320749087,Unruhstab passend für Rolex Kaliber 2130 und 2135,18.76,EUR,Neu,Gewerblich,2026-06-10,10. Jun 2026,1,13.08,0,0,"Sofort-Kaufen +EUR 13,08 Lieferung  Vereinigte Staaten von Amerika Ähnliche aktive Angebote ansehen Solch einen Artikel verkaufen","watchpartusa 99,8% positiv (44.143)",https://www.ebay.de/itm/160320749087,ebay_sold_p6.html
126730904732,Pearl Ring Ballino Blue Green Ring Lunetta Bezel Insert Rolex Submariner,22.9,EUR,Neu (Sonstige),Gewerblich,2026-05-29,29. Mai 2026,1,12.8,0,1,"oder Preisvorschlag +EUR 12,80 Lieferung  Italien Ähnliche aktive Angebote ansehen Solch einen Artikel verkaufen","jonael91 95,2% positiv (281)",https://www.ebay.de/itm/126730904732,ebay_sold_p6.html
116579467268,"ROLEX 2035 Datumsanzeige White mm 21,5 Cod. 4521-2 Calib: 1135, 1165,...",183.0,EUR,Gebraucht,Gewerblich,2026-06-10,10. Jun 2026,1,19.0,0,0,"Sofort-Kaufen +EUR 19,00 Lieferung  Italien Ähnliche aktive Angebote ansehen Solch einen Artikel verkaufen","fornitura_boccacci 99,9% positiv (4.089)",https://www.ebay.de/itm/116579467268,ebay_sold_p6.html
356567640285,Original Rolex Daytona Zenith Zeiger Set Kugeln,200.0,EUR,Neu (Sonstige),Privat,2026-06-10,10. Jun 2026,1,30.0,0,1,"oder Preisvorschlag +EUR 30,00 Lieferung  Italien Ähnliche aktive Angebote ansehen Solch einen Artikel verkaufen",bancodeipugni 100% positiv (63),https://www.ebay.de/itm/356567640285,ebay_sold_p6.html
287351208854,Rolex 3135-540 Inverseurs,70.0,EUR,Neu,Privat,2026-06-10,10. Jun 2026,1,15.0,0,1,"Preisvorschlag akzeptiert +EUR 15,00 Lieferung  Frankreich Ähnliche aktive Angebote ansehen Solch einen Artikel verkaufen",jean-gtom-0 100% positiv (6),https://www.ebay.de/itm/287351208854,ebay_sold_p6.html
126598990398,ORIGINAL ROLEX MINT Original Steel 703 Crown 5513 1680 Submariner,199.0,EUR,Gebraucht,Gewerblich,2026-06-10,10. Jun 2026,1,6.9,0,1,,almawatches 100% positiv (3.677),https://www.ebay.de/itm/126598990398,ebay_sold_p6.html
227161919523,Clasp Rolex 78350 MODEL 34MM,75.0,EUR,Gebraucht,Privat,2026-06-10,10. Jun 2026,1,30.0,0,1,"Preisvorschlag akzeptiert +EUR 30,00 Lieferung  Spanien Ähnliche aktive Angebote ansehen Solch einen Artikel verkaufen",rioferni2 100% positiv (721),https://www.ebay.de/itm/227161919523,ebay_sold_p6.html
206108584189,Rolex 2958 click spring for cal 1400 1401,12.0,EUR,Gebraucht,Privat,2026-06-10,10. Jun 2026,1,12.0,0,1,"oder Preisvorschlag +EUR 12,00 Lieferung  Spanien Ähnliche aktive Angebote ansehen Solch einen Artikel verkaufen","sai_es5 99,6% positiv (1.172)",https://www.ebay.de/itm/206108584189,ebay_sold_p6.html
406072067787,"RX Straight Ansa Armband schwarz Silikon 20mm, für ROLEX Submariner (NEU)",25.0,EUR,Neu,Gewerblich,2026-06-10,10. Jun 2026,1,19.0,0,0,"Sofort-Kaufen +EUR 19,00 Lieferung  Italien Ähnliche aktive Angebote ansehen Solch einen Artikel verkaufen","fornitura_boccacci 99,9% positiv (4.089)",https://www.ebay.de/itm/406072067787,ebay_sold_p6.html
236869473276,Quadrante Dial Rolex Wood Day-Date adatto Ref. Vetro Zaffiro Cal. 3055-3155,8150.0,EUR,Gebraucht,Gewerblich,2026-06-10,10. Jun 2026,1,40.0,0,1,"Preisvorschlag akzeptiert +EUR 40,00 Lieferung  Schweiz Ähnliche aktive Angebote ansehen Solch einen Artikel verkaufen",pluricollectors 100% positiv (88),https://www.ebay.de/itm/236869473276,ebay_sold_p6.html
167948932535,Rolex 2230-421 Anker,50.0,EUR,Neu,Privat,2026-06-10,10. Jun 2026,1,20.0,0,0,"Sofort-Kaufen +EUR 20,00 Lieferung  Frankreich Ähnliche aktive Angebote ansehen Solch einen Artikel verkaufen",videgrenier34 100% positiv (416),https://www.ebay.de/itm/167948932535,ebay_sold_p6.html
304742110895,ROLEX GMT Master 1675 24 h roter Zeiger red hand original vintage no lume,135.0,EUR,Gebraucht,Gewerblich,2026-06-10,10. Jun 2026,1,7.0,0,1,,luxini_hamburg 100% positiv (3.973),https://www.ebay.de/itm/304742110895,ebay_sold_p6.html
318416453541,Rolex GMT Master Ref. 1675 gebrauchte Wagen Serie 24483XX Bj. 1970.,1100.0,EUR,Gebraucht,Privat,2026-06-10,10. Jun 2026,1,0.0,1,1,"1 Gebot Preisvorschlag akzeptiert +EUR 50,00 Lieferung  Italien Kostenloser Rückversand Ähnliche aktive Angebote ansehen Solch einen Artikel verkaufen",skx007custom 100% positiv (57),https://www.ebay.de/itm/318416453541,ebay_sold_p6.html
115917191325,"ROLEX 1530 Mittelrad Cod. 7831 Kaliber: 1520, 1530, 1535, 1555, 1556, 1560,...",44.0,EUR,Gebraucht,Gewerblich,2026-06-10,10. Jun 2026,1,19.0,0,0,"Sofort-Kaufen +EUR 19,00 Lieferung  Italien Ähnliche aktive Angebote ansehen Solch einen Artikel verkaufen","fornitura_boccacci 99,9% positiv (4.089)",https://www.ebay.de/itm/115917191325,ebay_sold_p6.html
167495658157,Plexiglas für 25-113 Rolex Crystal Glass Uhrenglas Verre 6305 6307 6498 6604,8.9,EUR,Neu,Gewerblich,2026-06-10,10. Jun 2026,1,13.5,0,0,"Sofort-Kaufen +EUR 13,50 Lieferung  Italien Ähnliche aktive Angebote ansehen Solch einen Artikel verkaufen","sabaec 99,9% positiv (22.965)",https://www.ebay.de/itm/167495658157,ebay_sold_p6.html
318203770263,Rolex Submariner Booklet Set 6 Teilig  - englisch 2008 -,99.0,EUR,Gebraucht,Gewerblich,2026-06-10,10. Jun 2026,1,0.0,1,0,,blackpen4810 100% positiv (9.414),https://www.ebay.de/itm/318203770263,ebay_sold_p6.html
406741576978,#1876 ORIGINAL ROLEX 1530 - 7846 ANKER PALLET FORK HEMMUNG ERSATZTEIL PART USED,119.99,EUR,Gebraucht,Gewerblich,2026-06-10,10. Jun 2026,1,6.95,0,0,,state_of_time 100% positiv (3.803),https://www.ebay.de/itm/406741576978,ebay_sold_p6.html
236674172719,Original schwarzes Zifferblatt für Rolex Oyster Perpetual 41mm (Referenz 124300),590.0,EUR,Neu (Sonstige),Privat,2026-06-10,10. Jun 2026,1,10.0,0,0,"Sofort-Kaufen +EUR 10,00 Lieferung  Italien Letzter Artikel Ähnliche aktive Angebote ansehen Solch einen Artikel verkaufen","timeless_creations_llc 88,9% positiv (17)",https://www.ebay.de/itm/236674172719,ebay_sold_p6.html
235485685032,"Zubehör - Daytona Lünette Stahl 40mm 6,5g",329.0,EUR,Gebraucht,Gewerblich,2026-06-10,10. Jun 2026,1,30.0,0,0,,juwelierhaeffner 100% positiv (9.557),https://www.ebay.de/itm/235485685032,ebay_sold_p6.html
406371969213,#1691 ORIGINAL ROLEX LEUCHTPERLE LUME DOT LUMINOVA SUBMARINER SEA DWELLER,139.99,EUR,Gebraucht,Gewerblich,2026-06-10,10. Jun 2026,1,6.95,0,0,,state_of_time 100% positiv (3.803),https://www.ebay.de/itm/406371969213,ebay_sold_p6.html
298380720237,Original Rolex 315-16760 | 16700 | 16710 Coke Inlay Insert Bezel GMT Master 2,200.0,EUR,Neu,Privat,2026-06-10,10. Jun 2026,1,1.0,0,0,,nipix68 100% positiv (86),https://www.ebay.de/itm/298380720237,ebay_sold_p6.html
406337426293,"#1665 ORIGINAL ROLEX 24-530-0 KRONE & TUBUS CROWN TUBE STAHL OYSTER 5,3mm K",129.99,EUR,Gebraucht,Gewerblich,2026-06-10,10. Jun 2026,1,6.95,0,0,,state_of_time 100% positiv (3.803),https://www.ebay.de/itm/406337426293,ebay_sold_p6.html
127169199331,Rolex Zifferblatt day date,390.0,EUR,Neu (Sonstige),Privat,2026-06-10,10. Jun 2026,1,0.0,1,1,,schaper2012 100% positiv (12),https://www.ebay.de/itm/127169199331,ebay_sold_p6.html
188351152483,Zifferblatt Zifferblatt Mickey Mickey Mouse Date 15200 Cal. 3000 3135,249.0,EUR,Neu (Sonstige),Gewerblich,2026-06-10,10. Jun 2026,1,30.0,0,1,"oder Preisvorschlag +EUR 30,00 Lieferung  Italien Ähnliche aktive Angebote ansehen Solch einen Artikel verkaufen",debswatch 100% positiv (37),https://www.ebay.de/itm/188351152483,ebay_sold_p6.html
126598990431,ORIGINAL ROLEX 3135 / 3185 / 3155 Datewheel weiß white Datumsscheibe Date Wheel,179.0,EUR,Gebraucht,Gewerblich,2026-06-10,10. Jun 2026,1,5.9,0,1,,almawatches 100% positiv (3.677),https://www.ebay.de/itm/126598990431,ebay_sold_p6.html
306942428529,"Rolex 1520 (1530, 1560, 1570, 1575,...) - Autoteile / Automatic parts",40.0,EUR,Gebraucht,Privat,2026-06-10,10. Jun 2026,1,9.0,0,0,"Sofort-Kaufen +EUR 9,00 Lieferung  Frankreich Ähnliche aktive Angebote ansehen Solch einen Artikel verkaufen",fmclassic 100% positiv (333),https://www.ebay.de/itm/306942428529,ebay_sold_p6.html
287323077230,ZIFFERBLATT FÜR ROLEX DAYDATE 18238 18038 Champagner,150.0,EUR,Gebraucht,Privat,2026-06-10,10. Jun 2026,1,30.0,0,1,"Preisvorschlag akzeptiert +EUR 30,00 Lieferung  Italien Ähnliche aktive Angebote ansehen Solch einen Artikel verkaufen",botolo45 100% positiv (742),https://www.ebay.de/itm/287323077230,ebay_sold_p6.html
204230913062,Rolex Plexiglas 25-135,80.0,EUR,Neu (Sonstige),Gewerblich,2026-06-10,10. Jun 2026,1,18.0,0,0,"Sofort-Kaufen +EUR 18,00 Lieferung  Italien Ähnliche aktive Angebote ansehen Solch einen Artikel verkaufen",combattiamolacrisi 100% positiv (8.907),https://www.ebay.de/itm/204230913062,ebay_sold_p6.html
206166063977,Plexi Glas Acrylic Crystal Cyclop Glass für Rolex Datejust 16000 36 mm 25-135,39.0,EUR,Neu (Sonstige),Gewerblich,2026-06-10,10. Jun 2026,1,7.0,0,0,,riohausgmbh 100% positiv (725),https://www.ebay.de/itm/206166063977,ebay_sold_p6.html
136931392977,Rolex Datejust Golden Champagne Stick Watch Dial 16013 16233 16018 16203 f. 36mm,200.0,EUR,Gebraucht,Privat,2026-06-10,10. Jun 2026,1,22.0,0,0,"Sofort-Kaufen +EUR 22,00 Lieferung  Dänemark Ähnliche aktive Angebote ansehen Solch einen Artikel verkaufen",odder1 100% positiv (671),https://www.ebay.de/itm/136931392977,ebay_sold_p6.html
406949830708,NEU Rolex 3135-568 Achsrotor - Original,49.0,EUR,Neu,Privat,2026-06-10,10. Jun 2026,1,20.0,0,1,"oder Preisvorschlag +EUR 20,00 Lieferung  Italien Ähnliche aktive Angebote ansehen Solch einen Artikel verkaufen","luxuryreplacementparts 96,4% positiv (64)",https://www.ebay.de/itm/406949830708,ebay_sold_p6.html
318432953547,Rolex Ständer set 6 Stück,220.0,EUR,Gebraucht,Privat,2026-06-10,10. Jun 2026,1,7.69,0,1,,kaoezd-0 100% positiv (5),https://www.ebay.de/itm/318432953547,ebay_sold_p6.html
326869330166,Rolex Daytona 116500LN 116519LN Lünette - Bezel / sehr guter Zustand / Keramik,1490.0,EUR,Gebraucht,Gewerblich,2026-06-10,10. Jun 2026,1,9.5,0,1,,prime-timeparts 100% positiv (254),https://www.ebay.de/itm/326869330166,ebay_sold_p6.html
187320608302,ROLEX 2130 2135 205 SCHIEBESPULE KOMPATIBEL Rolex CLUTCH WHEEL SWISS,26.5,EUR,Neu,Gewerblich,2026-06-10,10. Jun 2026,1,13.0,0,0,"Sofort-Kaufen +EUR 13,00 Lieferung  Italien Ähnliche aktive Angebote ansehen Solch einen Artikel verkaufen","watchparts-italy 99,5% positiv (3.454)",https://www.ebay.de/itm/187320608302,ebay_sold_p6.html
115917192831,"ROLEX 3035 Anzeige oder Datumsscheibe weiß Cod. 5099-2 Calib: 3035, 3075...",112.0,EUR,Gebraucht,Gewerblich,2026-06-10,10. Jun 2026,1,19.0,0,0,"Sofort-Kaufen +EUR 19,00 Lieferung  Italien Ähnliche aktive Angebote ansehen Solch einen Artikel verkaufen","fornitura_boccacci 99,9% positiv (4.089)",https://www.ebay.de/itm/115917192831,ebay_sold_p6.html
205097871577,Rolex Vintage 7835 Outer Clasp Buckle Date Air King Daytona Oyster BIG Logo,129.0,EUR,Gebraucht,Gewerblich,2026-06-10,10. Jun 2026,1,29.0,0,1,"oder Preisvorschlag +EUR 29,00 Lieferung  Italien Ähnliche aktive Angebote ansehen Solch einen Artikel verkaufen",watchmydial 100% positiv (460),https://www.ebay.de/itm/205097871577,ebay_sold_p6.html
298059441783,ROLEX Oberer Teil der Schließe Faltschließe Folding Clasp Cap Part vintage 12 mm,129.0,EUR,Gebraucht,Gewerblich,2026-06-10,10. Jun 2026,1,7.0,0,1,,luxini_hamburg 100% positiv (3.973),https://www.ebay.de/itm/298059441783,ebay_sold_p6.html
398034138659,Rolex Prince Size: T.S. Uhrwerk 1920er - 30er Jahre,2100.0,EUR,Gebraucht,Privat,2026-06-10,10. Jun 2026,1,59.0,0,1,"oder Preisvorschlag +EUR 59,00 Lieferung  Italien Ähnliche aktive Angebote ansehen Solch einen Artikel verkaufen",shuran108 100% positiv (173),https://www.ebay.de/itm/398034138659,ebay_sold_p6.html
167219535939,Rolex Garantieheftchen,25.0,EUR,Neu (Sonstige),Privat,2026-06-10,10. Jun 2026,1,1.8,0,1,,landydaddy 100% positiv (388),https://www.ebay.de/itm/167219535939,ebay_sold_p6.html
366122291545,"ROLEX OYSTER ARMBAND ERSATZGLIED GLIED LINK 15,5MM 18K 750 MASSIV ROSE GOLD",699.0,EUR,Gebraucht,Gewerblich,2026-06-10,10. Jun 2026,1,0.0,1,1,,"luxus-freund24 99,5% positiv (41.881)",https://www.ebay.de/itm/366122291545,ebay_sold_p6.html
310585297755,"1,40 MM CUT OUT SCHRAUBENDREHER FÜR ROLEX PRESIDENT DAY DATE 1801 18038 UHRENARMBAND",15.58,EUR,Neu,Gewerblich,2026-06-10,10. Jun 2026,1,6.25,0,0,"Sofort-Kaufen +EUR 6,25 Lieferung  Vereinigte Staaten von Amerika Ähnliche aktive Angebote ansehen Solch einen Artikel verkaufen","ewatchparts 99,9% positiv (225.086)",https://www.ebay.de/itm/310585297755,ebay_sold_p6.html
187527711140,ROLEX 3035 5013 ruota mediana GENERIC Third Wheel SWISS,45.0,EUR,Neu,Gewerblich,2026-06-10,10. Jun 2026,1,13.0,0,0,"Sofort-Kaufen +EUR 13,00 Lieferung  Italien Ähnliche aktive Angebote ansehen Solch einen Artikel verkaufen","watchparts-italy 99,5% positiv (3.454)",https://www.ebay.de/itm/187527711140,ebay_sold_p6.html
226768822453,#1405 ROLEX GMT MASTER 1675 16753 16758 ROOTBEER TIGERAUGE BRAUN LÜNETTE INSERT,299.0,EUR,Gebraucht,Privat,2026-06-09,9. Jun 2026,1,6.19,0,1,,brossgu 100% positiv (272),https://www.ebay.de/itm/226768822453,ebay_sold_p6.html
166048308190,Mainspring Feder Zugfeder Feder für Rolex 1030,19.9,EUR,Neu (Sonstige),Gewerblich,2026-06-09,9. Jun 2026,1,13.5,0,1,"oder Preisvorschlag +EUR 13,50 Lieferung  Italien Letzter Artikel Ähnliche aktive Angebote ansehen Solch einen Artikel verkaufen","sabaec 99,9% positiv (22.965)",https://www.ebay.de/itm/166048308190,ebay_sold_p6.html
287323117339,Custom Zifferblatt für Rolex Day Date 18038 18238,150.0,EUR,Gebraucht,Privat,2026-06-09,9. Jun 2026,1,30.0,0,1,"Preisvorschlag akzeptiert +EUR 30,00 Lieferung  Italien Ähnliche aktive Angebote ansehen Solch einen Artikel verkaufen",botolo45 100% positiv (742),https://www.ebay.de/itm/287323117339,ebay_sold_p6.html
397758074961,Lünettenrastfeder kompatibel zu Rolex Submariner SWISS MADE Ref.31716800,26.99,EUR,Neu,Gewerblich,2026-06-09,9. Jun 2026,1,0.0,1,0,,dreamuniversesari 100% positiv (1.205),https://www.ebay.de/itm/397758074961,ebay_sold_p6.html
116139088358,"ROLEX 1130 Schwingmassenlager Cod. 6732 Kaliber: 1120, 1130, 113...",70.0,EUR,Neu (Sonstige),Gewerblich,2026-06-09,9. Jun 2026,1,19.0,0,0,"Sofort-Kaufen +EUR 19,00 Lieferung  Italien Letzter Artikel Ähnliche aktive Angebote ansehen Solch einen Artikel verkaufen","fornitura_boccacci 99,9% positiv (4.089)",https://www.ebay.de/itm/116139088358,ebay_sold_p6.html
336619942037,"Rolex Daytona 116520 White Dial -Weisses Zifferblatt 100% Original, Belege",905.0,EUR,Gebraucht,Privat,2026-06-09,9. Jun 2026,1,4.0,0,0,,reelpeter 100% positiv (1.252),https://www.ebay.de/itm/336619942037,ebay_sold_p6.html
197245197716,"Rolex „ Ihre Rolex Oyster „ Beschreibung , Booklet Deutsch 2005",29.0,EUR,Gebraucht,Gewerblich,2026-06-09,9. Jun 2026,1,5.0,0,0,,"uhrenfachzentrum 99,6% positiv (1.645)",https://www.ebay.de/itm/197245197716,ebay_sold_p6.html
336619752686,Rolex GMT Insert für Ref 16700,95.0,EUR,Gebraucht,Privat,2026-06-09,9. Jun 2026,1,1.0,0,0,,reelpeter 100% positiv (1.252),https://www.ebay.de/itm/336619752686,ebay_sold_p6.html
298373921513,Rolex Explorer Carcasa Y Cristal,300.0,EUR,Gebraucht,Privat,2026-06-09,9. Jun 2026,1,35.0,0,1,"Preisvorschlag akzeptiert +EUR 35,00 Lieferung  Spanien Ähnliche aktive Angebote ansehen Solch einen Artikel verkaufen","arni.10 95,5% positiv (78)",https://www.ebay.de/itm/298373921513,ebay_sold_p6.html
177873969272,Rolex 3000-3035-5031 - Mittelkranzrad,40.0,EUR,Gebraucht,Privat,2026-06-09,9. Jun 2026,1,20.0,0,0,"Sofort-Kaufen +EUR 20,00 Lieferung  Italien Ähnliche aktive Angebote ansehen Solch einen Artikel verkaufen",refanoro79 100% positiv (244),https://www.ebay.de/itm/177873969272,ebay_sold_p6.html
206122410062,Rolex Link Masterpiace Gelbgold 13 mm,470.0,EUR,Gebraucht,Privat,2026-06-09,9. Jun 2026,1,35.0,0,1,"Preisvorschlag akzeptiert +EUR 35,00 Lieferung  Italien Ähnliche aktive Angebote ansehen Solch einen Artikel verkaufen",marfeldi78 100% positiv (32),https://www.ebay.de/itm/206122410062,ebay_sold_p6.html
297144138685,Zugfeder 771 passend für Rolex 3135 3136 3155 3175  Kaliber Mainspring 3135-5009,23.9,EUR,Neu,Gewerblich,2026-06-09,9. Jun 2026,1,14.9,0,1,"oder Preisvorschlag +EUR 14,90 Lieferung  Österreich Ähnliche aktive Angebote ansehen Solch einen Artikel verkaufen",jowa.uhren 100% positiv (238),https://www.ebay.de/itm/297144138685,ebay_sold_p6.html
184961576226,FIT ROLEX SUBMARINER 16610 16800 KUPPLUNG RING BEZEL SPRING Aftermarket,25.0,EUR,Neu (Sonstige),Gewerblich,2026-06-09,9. Jun 2026,1,13.0,0,0,"Sofort-Kaufen +EUR 13,00 Lieferung  Italien Ähnliche aktive Angebote ansehen Solch einen Artikel verkaufen","watchparts-italy 99,5% positiv (3.454)",https://www.ebay.de/itm/184961576226,ebay_sold_p6.html
202660942524,Ricambio rolex cal.1225 ref.7517,55.0,EUR,Gebraucht,Gewerblich,2026-06-09,9. Jun 2026,1,18.0,0,0,"Sofort-Kaufen +EUR 18,00 Lieferung  Italien Ähnliche aktive Angebote ansehen Solch einen Artikel verkaufen",combattiamolacrisi 100% positiv (8.907),https://www.ebay.de/itm/202660942524,ebay_sold_p6.html
162021395446,Mainspring Feder Zugfeder Feder für Rolex 4030,19.9,EUR,Neu (Sonstige),Gewerblich,2026-06-09,9. Jun 2026,1,13.5,0,1,"oder Preisvorschlag +EUR 13,50 Lieferung  Italien Letzter Artikel Ähnliche aktive Angebote ansehen Solch einen Artikel verkaufen","sabaec 99,9% positiv (22.965)",https://www.ebay.de/itm/162021395446,ebay_sold_p6.html
276193496455,Rolex Sapphire Crystal 25- 318C- C1 Saphirglas LOGO Datejust 41mm Day-Date 40,68.0,EUR,TOP QUALITÄT - MIT LOGO,,2026-06-09,9. Jun 2026,1,25.0,0,0,"Sofort-Kaufen +EUR 25,00 Lieferung  Italien Ähnliche aktive Angebote ansehen Solch einen Artikel verkaufen",millerighetime_by_arriwatch 100% positiv (913),https://www.ebay.de/itm/276193496455,ebay_sold_p6.html
358376780562,Rolex Oyster Perpetual 1500/1501 Silver Dial,299.0,EUR,Gebraucht,Gewerblich,2026-06-09,9. Jun 2026,1,19.0,0,1,,luxewatchesgermany 100% positiv (92),https://www.ebay.de/itm/358376780562,ebay_sold_p6.html
265837017129,Rolex Daytona Booklet Set 5 Teilig  - deutsch von 3.2000,125.0,EUR,Gebraucht,Gewerblich,2026-06-09,9. Jun 2026,1,0.0,1,0,,blackpen4810 100% positiv (9.414),https://www.ebay.de/itm/265837017129,ebay_sold_p6.html
164359966454,Rolex 3135-5110 Schraube für Brücke Vite per ponti NEU,6.9,EUR,Neu (Sonstige),Gewerblich,2026-06-09,9. Jun 2026,1,13.5,0,0,"Sofort-Kaufen +EUR 13,50 Lieferung  Italien Ähnliche aktive Angebote ansehen Solch einen Artikel verkaufen","sabaec 99,9% positiv (22.965)",https://www.ebay.de/itm/164359966454,ebay_sold_p6.html
277780351969,NEW Rolex 3135-550 Ritzel Schwingende Masse Neu im Blister,58.0,EUR,Neu,Gewerblich,2026-06-09,9. Jun 2026,1,25.0,0,0,"Sofort-Kaufen +EUR 25,00 Lieferung  Italien Letzter Artikel Ähnliche aktive Angebote ansehen Solch einen Artikel verkaufen",millerighetime_by_arriwatch 100% positiv (913),https://www.ebay.de/itm/277780351969,ebay_sold_p6.html
276214213958,NEU Rolex 3135-570 Oszillierende Masse Rotor Automatik Original Ersatz Blister,268.0,EUR,BRANDNEU - ORIGINAL NEU,,2026-06-09,9. Jun 2026,1,25.0,0,0,"Sofort-Kaufen +EUR 25,00 Lieferung  Italien Ähnliche aktive Angebote ansehen Solch einen Artikel verkaufen",millerighetime_by_arriwatch 100% positiv (913),https://www.ebay.de/itm/276214213958,ebay_sold_p6.html
192896074598,Rolex Cal.2230/2235/2236 Ref.510,40.0,EUR,Neu (Sonstige),Gewerblich,2026-06-09,9. Jun 2026,1,18.0,0,0,"Sofort-Kaufen +EUR 18,00 Lieferung  Italien Ähnliche aktive Angebote ansehen Solch einen Artikel verkaufen",combattiamolacrisi 100% positiv (8.907),https://www.ebay.de/itm/192896074598,ebay_sold_p6.html
389915468656,The Rolex Magazine Ausgabe 13 Deutsche Ausgabe Magazin Katalog,9.99,EUR,Neu (Sonstige),Gewerblich,2026-06-09,9. Jun 2026,1,5.9,0,0,,pusterfix 100% positiv (4.051),https://www.ebay.de/itm/389915468656,ebay_sold_p6.html
116847836643,GENERIC Schieberitzel für Rolex Cal 2130-2135 (NEU),25.0,EUR,Neu,Gewerblich,2026-06-09,9. Jun 2026,1,19.0,0,0,"Sofort-Kaufen +EUR 19,00 Lieferung  Italien Ähnliche aktive Angebote ansehen Solch einen Artikel verkaufen","fornitura_boccacci 99,9% positiv (4.089)",https://www.ebay.de/itm/116847836643,ebay_sold_p6.html
286002350472,"Rolex 62510H R6 Watch Bracelet Clasp Faltschliesse 15,50mm  I462",499.99,EUR,Gebraucht,Gewerblich,2026-06-09,9. Jun 2026,1,10.0,0,0,"Sofort-Kaufen +EUR 10,00 Lieferung  Spanien Ähnliche aktive Angebote ansehen Solch einen Artikel verkaufen",mg-worldwide 100% positiv (3.660),https://www.ebay.de/itm/286002350472,ebay_sold_p6.html
398026214428,Rolex 2030 - 4430 Ancre - Pallet fork,103.5,EUR,Gebraucht,Gewerblich,2026-06-09,9. Jun 2026,1,9.0,0,0,"Sofort-Kaufen +EUR 9,00 Lieferung  Frankreich Ähnliche aktive Angebote ansehen Solch einen Artikel verkaufen","manz15 99,5% positiv (8.231)",https://www.ebay.de/itm/398026214428,ebay_sold_p6.html
384119177308,Watch Bezel Inlay Lünette Black White Ceramic compatible R0lex D-tona  40mm,60.0,EUR,Neu (Sonstige),Gewerblich,2026-06-09,9. Jun 2026,1,6.0,0,0,,"sekowatchworld 99,1% positiv (1.120)",https://www.ebay.de/itm/384119177308,ebay_sold_p6.html
226557499891,ENG 12.1984 Rolex Datejust 16014 Libretto Booklet Originale,30.0,EUR,Neu (Sonstige),Privat,2026-06-09,9. Jun 2026,1,20.0,0,0,"Sofort-Kaufen +EUR 20,00 Lieferung  Italien Ähnliche aktive Angebote ansehen Solch einen Artikel verkaufen",watchbox70 100% positiv (190),https://www.ebay.de/itm/226557499891,ebay_sold_p6.html
227300334056,ENG 1.1984 RARE Rolex Datejust 16014 16253 Booklet Original,120.0,EUR,Neu (Sonstige),Privat,2026-06-09,9. Jun 2026,1,20.0,0,0,"Sofort-Kaufen +EUR 20,00 Lieferung  Italien Ähnliche aktive Angebote ansehen Solch einen Artikel verkaufen",watchbox70 100% positiv (190),https://www.ebay.de/itm/227300334056,ebay_sold_p6.html
377180697803,PLASTIC PLEXI  WATCH CRYSTAL FOR 36MM ROLEX DATEJUST 25-118 -1601 1603 1610 1611,16.2,EUR,Neu,Gewerblich,2026-06-01,1. Jun 2026,1,0.0,1,1,oder Preisvorschlag Gratis Lieferung  China Letzter Artikel Ähnliche aktive Angebote ansehen Solch einen Artikel verkaufen,"houweil_88 99,1% positiv (320)",https://www.ebay.de/itm/377180697803,ebay_sold_p6.html
227073873563,ROLEX CAL. 3035 TEIL 5009 Hauptfeder● Feder● ORIGINAL BLISTER●,60.0,EUR,Neu,Privat,2026-05-16,16. Mai 2026,1,5.0,0,0,"Sofort-Kaufen +EUR 5,00 Lieferung  Italien Ähnliche aktive Angebote ansehen Solch einen Artikel verkaufen",cloxywatch 100% positiv (194),https://www.ebay.de/itm/227073873563,ebay_sold_p6.html
310127717250,Hauptfeder passend für Rolex Kaliber 1530 1556 1570,26.06,EUR,Neu,Gewerblich,2026-06-09,9. Jun 2026,1,13.32,0,0,"Sofort-Kaufen +EUR 13,32 Lieferung  Vereinigte Staaten von Amerika Ähnliche aktive Angebote ansehen Solch einen Artikel verkaufen","watchpartusa 99,8% positiv (44.143)",https://www.ebay.de/itm/310127717250,ebay_sold_p6.html
358569128545,Rolex End Link 257,180.0,EUR,Gebraucht,Privat,2026-06-09,9. Jun 2026,1,10.0,0,1,"oder Preisvorschlag +EUR 10,00 Lieferung  Italien Ähnliche aktive Angebote ansehen Solch einen Artikel verkaufen",disebast-40 100% positiv (74),https://www.ebay.de/itm/358569128545,ebay_sold_p6.html
318396384792,Rolex Garantie Zertifikat Mappe in Grün - Top Zustand!,15.0,EUR,Gebraucht,Privat,2026-06-09,9. Jun 2026,1,1.0,0,0,,hauz-417 100% positiv (92),https://www.ebay.de/itm/318396384792,ebay_sold_p6.html
406326134578,GENERIC kompatibler Schwingmassenschlüssel für ROLEX Cal. 2030 (NEU),20.0,EUR,Neu,Gewerblich,2026-06-08,8. Jun 2026,1,19.0,0,0,"Sofort-Kaufen +EUR 19,00 Lieferung  Italien Ähnliche aktive Angebote ansehen Solch einen Artikel verkaufen","fornitura_boccacci 99,9% positiv (4.089)",https://www.ebay.de/itm/406326134578,ebay_sold_p6.html
306866470750,Rolex 2030 4494 Inka Feder,20.0,EUR,Neu,Privat,2026-06-08,8. Jun 2026,1,10.0,0,1,"oder Preisvorschlag +EUR 10,00 Lieferung  Italien Ähnliche aktive Angebote ansehen Solch einen Artikel verkaufen","timelost 97,4% positiv (346)",https://www.ebay.de/itm/306866470750,ebay_sold_p6.html
403770361629,Schraubkronenrohr mit Dichtung für Rolex Tube for screw-on crowns 65.006,15.99,EUR,Neu,Gewerblich,2026-06-08,8. Jun 2026,1,7.99,0,0,"Sofort-Kaufen +EUR 7,99 Lieferung  Frankreich Ähnliche aktive Angebote ansehen Solch einen Artikel verkaufen","elisabeth9679 97,4% positiv (75.166)",https://www.ebay.de/itm/403770361629,ebay_sold_p6.html
295423050614,ROLEX Schrauben für Uhrwerk cal 1530 1570 1575 7896 2 Stück screws for movement,39.0,EUR,Gebraucht,Gewerblich,2026-06-08,8. Jun 2026,1,7.0,0,0,,luxini_hamburg 100% positiv (3.973),https://www.ebay.de/itm/295423050614,ebay_sold_p6.html
196197103963,"1x Aufzugwelle Rolex 1530 1535 Winding Stem Ref. 7869, Silber, Stahl",35.92,EUR,Neu (Sonstige),Gewerblich,2026-06-08,8. Jun 2026,1,0.0,1,0,Sofort-Kaufen Gratis Lieferung  Frankreich Letzter Artikel Ähnliche aktive Angebote ansehen Solch einen Artikel verkaufen,ocoeurdutemps 100% positiv (12.322),https://www.ebay.de/itm/196197103963,ebay_sold_p6.html
170713551916,"OYSTER JUBILEE UHRENARMBAND SCHRAUBENDREHER FÜR ROLEX PRESIDENT SUBMARINER 1,40 MM WERKZEUG",15.58,EUR,Neu,Gewerblich,2026-06-08,8. Jun 2026,1,6.25,0,0,"Sofort-Kaufen +EUR 6,25 Lieferung  Vereinigte Staaten von Amerika Ähnliche aktive Angebote ansehen Solch einen Artikel verkaufen","ewatchparts 99,9% positiv (225.086)",https://www.ebay.de/itm/170713551916,ebay_sold_p6.html
277715567243,NEU Rolex 2135-6800-1 Datumsanzeige Champagner 5055 Original,288.0,EUR,Neu,Gewerblich,2026-06-08,8. Jun 2026,1,25.0,0,0,"Sofort-Kaufen +EUR 25,00 Lieferung  Italien Letzter Artikel Ähnliche aktive Angebote ansehen Solch einen Artikel verkaufen",millerighetime_by_arriwatch 100% positiv (913),https://www.ebay.de/itm/277715567243,ebay_sold_p6.html
254953099465,Original Rolex Kaliber 3135-410 Hemmungsrad,60.0,EUR,Neu (Sonstige),Privat,2026-06-08,8. Jun 2026,1,25.0,0,0,"Sofort-Kaufen +EUR 25,00 Lieferung  Italien Ähnliche aktive Angebote ansehen Solch einen Artikel verkaufen",pasquale9359 100% positiv (123),https://www.ebay.de/itm/254953099465,ebay_sold_p6.html
800139287328,Rolex DayDate Zifferblatt 18038 18238 36mm,220.0,EUR,Neu (Sonstige),Privat,2026-06-08,8. Jun 2026,1,25.0,0,1,"oder Preisvorschlag +EUR 25,00 Lieferung  Italien Ähnliche aktive Angebote ansehen Solch einen Artikel verkaufen",fa_628642 100% positiv (18),https://www.ebay.de/itm/800139287328,ebay_sold_p6.html
277537330911,NEU Rolex 3235-432 Unruh komplett Spirale Parachrome blau,458.0,EUR,ORIGINAL NEU - ORIGINAL NEW,,2026-06-08,8. Jun 2026,1,25.0,0,0,"Sofort-Kaufen +EUR 25,00 Lieferung  Italien Ähnliche aktive Angebote ansehen Solch einen Artikel verkaufen",millerighetime_by_arriwatch 100% positiv (913),https://www.ebay.de/itm/277537330911,ebay_sold_p6.html
187740928759,ROLEX TUBO DE CORONA ORO ROSA B24-7030-5-2-G1,250.0,EUR,Neu,Gewerblich,2026-06-08,8. Jun 2026,1,15.0,0,1,"Preisvorschlag akzeptiert +EUR 15,00 Lieferung  Spanien Ähnliche aktive Angebote ansehen Solch einen Artikel verkaufen","multiserviciosbukay 97,1% positiv (962)",https://www.ebay.de/itm/187740928759,ebay_sold_p6.html
117144146246,"ROLEX CAL. 3130-3135, 3155-3175, 3185 AUFZUGSFEDER PART No. 311  ~NOS~",34.9,EUR,Neu (Sonstige),Gewerblich,2026-06-08,8. Jun 2026,1,5.0,0,0,,"horlogerie2012 99,8% positiv (11.438)",https://www.ebay.de/itm/117144146246,ebay_sold_p6.html
184960212351,ROLEX 1530 7882 Schraube Tiretto KOMPATIBEL Rolex Schraube für Einstellhebel swiss,20.0,EUR,Neu (Sonstige),Gewerblich,2026-06-08,8. Jun 2026,1,13.0,0,0,"Sofort-Kaufen +EUR 13,00 Lieferung  Italien Ähnliche aktive Angebote ansehen Solch einen Artikel verkaufen","watchparts-italy 99,5% positiv (3.454)",https://www.ebay.de/itm/184960212351,ebay_sold_p6.html
406951794543,Gehäuseöffner Für Rolex Uhren Uhrmacherwerkzeug Sets Für Gerillte Gehäuseböden,13.76,EUR,Neu,Gewerblich,2026-06-08,8. Jun 2026,1,3.0,0,0,"Sofort-Kaufen +EUR 3,00 Lieferung  Tschechische Republik Ähnliche aktive Angebote ansehen Solch einen Artikel verkaufen","yiyibushe-5 98,6% positiv (1.834)",https://www.ebay.de/itm/406951794543,ebay_sold_p6.html
276815553855,NEW Rolex 3130-315 Lauf Komplett Neu im Blister 3135,168.0,EUR,BRAND NEW PACKED - ORIGINAL NEU IM BLISTER,,2026-06-08,8. Jun 2026,1,25.0,0,0,"Sofort-Kaufen +EUR 25,00 Lieferung  Italien Ähnliche aktive Angebote ansehen Solch einen Artikel verkaufen",millerighetime_by_arriwatch 100% positiv (913),https://www.ebay.de/itm/276815553855,ebay_sold_p6.html
127847382038,Original ROLEX GMT Master BLACK Inlay Bezel Lünette 16710 16700 16760 Insert,219.0,EUR,Gebraucht,Gewerblich,2026-06-08,8. Jun 2026,1,5.9,0,1,,almawatches 100% positiv (3.677),https://www.ebay.de/itm/127847382038,ebay_sold_p6.html
284860908405,Rolex 5723  710  Ancre  Jewelled Pallet Fork,35.0,EUR,Gebraucht,Privat,2026-06-08,8. Jun 2026,1,7.2,0,0,"Sofort-Kaufen +EUR 7,20 Lieferung  Frankreich Ähnliche aktive Angebote ansehen Solch einen Artikel verkaufen",horlogerclaude 100% positiv (665),https://www.ebay.de/itm/284860908405,ebay_sold_p6.html
115919935581,ROLEX 4130 Daytona Chrono Hammer Cod. 4130-880 Calib: 4130 (TOP ZUSTAND),114.0,EUR,Gebraucht,Gewerblich,2026-06-08,8. Jun 2026,1,19.0,0,0,"Sofort-Kaufen +EUR 19,00 Lieferung  Italien Ähnliche aktive Angebote ansehen Solch einen Artikel verkaufen","fornitura_boccacci 99,9% positiv (4.089)",https://www.ebay.de/itm/115919935581,ebay_sold_p6.html
265134618298,Original Rolex Kaliber 3186-130 Wickelbrücke,200.0,EUR,Neu (Sonstige),Privat,2026-06-08,8. Jun 2026,1,25.0,0,0,"Sofort-Kaufen +EUR 25,00 Lieferung  Italien Ähnliche aktive Angebote ansehen Solch einen Artikel verkaufen",pasquale9359 100% positiv (123),https://www.ebay.de/itm/265134618298,ebay_sold_p6.html
175603798014,"Acryl Ersatzglas kompatibel zu Rolex  5520, 5500, 1005, 1010, 1028, 1030, 1035",39.95,EUR,Neu,Gewerblich,2026-06-08,8. Jun 2026,1,0.0,1,0,,watchparts24 100% positiv (71.339),https://www.ebay.de/itm/175603798014,ebay_sold_p6.html
800106303198,"Booklet Booklet ""ROLEX CELLINI"" Vintage Jahr 1991",25.0,EUR,Gebraucht,Privat,2026-06-08,8. Jun 2026,1,1.0,0,1,"1 Gebot Preisvorschlag akzeptiert +EUR 20,00 Lieferung  Italien Ähnliche aktive Angebote ansehen Solch einen Artikel verkaufen",adres-florence 100% positiv (150),https://www.ebay.de/itm/800106303198,ebay_sold_p6.html
386173511063,Rolex libretto COSC garanzia warranty booklet service 563.81,25.0,EUR,Gebraucht,Gewerblich,2026-06-08,8. Jun 2026,1,14.9,0,1,"Preisvorschlag akzeptiert +EUR 14,90 Lieferung  Italien Ähnliche aktive Angebote ansehen Solch einen Artikel verkaufen","luxurytime.shop 99,8% positiv (2.110)",https://www.ebay.de/itm/386173511063,ebay_sold_p6.html
186397947273,ROLEX 3186 657 Radklammer gmt KOMPATIBEL Jumping Hour Click swiss old,29.0,EUR,Neu,Gewerblich,2026-06-08,8. Jun 2026,1,13.0,0,0,"Sofort-Kaufen +EUR 13,00 Lieferung  Italien Letzter Artikel Ähnliche aktive Angebote ansehen Solch einen Artikel verkaufen","watchparts-italy 99,5% positiv (3.454)",https://www.ebay.de/itm/186397947273,ebay_sold_p6.html
318364222620,Rolex Submariner Date Booklet 599.02 Eng - 7.2015,75.0,EUR,Gebraucht,Gewerblich,2026-06-06,6. Jun 2026,1,16.0,0,0,"Sofort-Kaufen +EUR 16,00 Lieferung  Spanien Ähnliche aktive Angebote ansehen Solch einen Artikel verkaufen","aswatches_parts 99,8% positiv (1.023)",https://www.ebay.de/itm/318364222620,ebay_sold_p6.html
206131150815,Rolex Sea- dweller Deapsea Handbuch Anleitung booklet Deutsch -DE-605.53 6.2008,49.0,EUR,Gebraucht,Gewerblich,2026-06-08,8. Jun 2026,1,5.0,0,0,,kian-werke 100% positiv (7.720),https://www.ebay.de/itm/206131150815,ebay_sold_p6.html
277497789091,Rolex Sapphire Crystal 25-7019 Saphirglas LOGO Sky-Dweller 326239 336239,138.0,EUR,Neu,Gewerblich,2026-06-08,8. Jun 2026,1,25.0,0,0,"Sofort-Kaufen +EUR 25,00 Lieferung  Italien Ähnliche aktive Angebote ansehen Solch einen Artikel verkaufen",millerighetime_by_arriwatch 100% positiv (913),https://www.ebay.de/itm/277497789091,ebay_sold_p6.html
324206859811,Zirkonia CZ Diamond Bezel Lünette Kompatibel für Rolex 36 mm Day Datejust,89.0,EUR,Neu,Gewerblich,2026-06-08,8. Jun 2026,1,3.49,0,0,,"uhrenexpert 99,3% positiv (21.349)",https://www.ebay.de/itm/324206859811,ebay_sold_p6.html
277874772332,NEU Rolex 316-10009-J2 Lünettendichtung Submariner 41mm 126610 x2pcs,168.0,EUR,Neu,Gewerblich,2026-06-07,7. Jun 2026,1,25.0,0,0,"Sofort-Kaufen +EUR 25,00 Lieferung  Italien Ähnliche aktive Angebote ansehen Solch einen Artikel verkaufen",millerighetime_by_arriwatch 100% positiv (913),https://www.ebay.de/itm/277874772332,ebay_sold_p6.html
358525428908,Rolex GMT Master 16700/16750/16760/16710 Black Tritium Dial/Zifferblatt,490.0,EUR,Gebraucht,Gewerblich,2026-06-07,7. Jun 2026,1,19.0,0,1,,luxewatchesgermany 100% positiv (92),https://www.ebay.de/itm/358525428908,ebay_sold_p6.html
168139456368,ROLEX Cosmograph Daytona Booklet 11.2007 USA,74.0,EUR,Neu (Sonstige),Gewerblich,2026-06-07,7. Jun 2026,1,0.0,1,0,,"eupen-feine-uhren 84,6% positiv (108)",https://www.ebay.de/itm/168139456368,ebay_sold_p6.html
127066863995,Rolex cal. 1600 Cellini Uhrwerk Handaufzug Zifferblatt Zeiger,259.9,EUR,Gebraucht,Privat,2026-06-07,7. Jun 2026,1,6.19,0,1,,23lloyd 100% positiv (1.837),https://www.ebay.de/itm/127066863995,ebay_sold_p6.html
116876708900,GENERIC kompatibel ROLEX 2230 Ref. 568 Achse der oszillierenden Masse Calib: 22...,14.0,EUR,Neu,Gewerblich,2026-06-07,7. Jun 2026,1,19.0,0,0,"Sofort-Kaufen +EUR 19,00 Lieferung  Italien Ähnliche aktive Angebote ansehen Solch einen Artikel verkaufen","fornitura_boccacci 99,9% positiv (4.089)",https://www.ebay.de/itm/116876708900,ebay_sold_p6.html
298393790707,Ghiera  rolex submariner 1680 5513 5512,250.0,EUR,Gebraucht,Privat,2026-06-07,7. Jun 2026,1,40.0,0,1,"Preisvorschlag akzeptiert +EUR 40,00 Lieferung  Italien Ähnliche aktive Angebote ansehen Solch einen Artikel verkaufen","maurizia323 94,4% positiv (991)",https://www.ebay.de/itm/298393790707,ebay_sold_p6.html
800054006255,Rolex DayDate Zifferblatt 18038 18238 36mm,230.0,EUR,Neu (Sonstige),Privat,2026-06-07,7. Jun 2026,1,35.0,0,1,"oder Preisvorschlag +EUR 35,00 Lieferung  Italien Ähnliche aktive Angebote ansehen Solch einen Artikel verkaufen",fa_628642 100% positiv (18),https://www.ebay.de/itm/800054006255,ebay_sold_p6.html
800017799699,Rolex DayDate Zifferblatt 18038 18238 36mm Malachit,250.0,EUR,Neu (Sonstige),Privat,2026-06-07,7. Jun 2026,1,35.0,0,1,"Preisvorschlag akzeptiert +EUR 35,00 Lieferung  Italien Ähnliche aktive Angebote ansehen Solch einen Artikel verkaufen",fa_628642 100% positiv (18),https://www.ebay.de/itm/800017799699,ebay_sold_p6.html
406537858002,#1758 ZIFFERBLATT ROLEX 126300 126334 BLUE DATEJUST BLAU DIAL ZIFFERBLATT ISSUE,239.99,EUR,Gebraucht,Gewerblich,2026-06-07,7. Jun 2026,1,6.95,0,0,,state_of_time 100% positiv (3.803),https://www.ebay.de/itm/406537858002,ebay_sold_p6.html
166022994952,Dichtungen komplett Kit Gaskets for Rolex Datejust 1600 1601 1603 1610 1611,6.9,EUR,Neu,Gewerblich,2026-06-07,7. Jun 2026,1,13.5,0,0,"Sofort-Kaufen +EUR 13,50 Lieferung  Italien Ähnliche aktive Angebote ansehen Solch einen Artikel verkaufen","sabaec 99,9% positiv (22.965)",https://www.ebay.de/itm/166022994952,ebay_sold_p6.html
386291049612,Rolex Datejust Datejust 2 Ausstattungsheft italienische Uhr ( 1984 - 2020 ),25.0,EUR,Gebraucht,Gewerblich,2026-06-07,7. Jun 2026,1,14.9,0,0,"Sofort-Kaufen +EUR 14,90 Lieferung  Italien Ähnliche aktive Angebote ansehen Solch einen Artikel verkaufen","luxurytime.shop 99,8% positiv (2.110)",https://www.ebay.de/itm/386291049612,ebay_sold_p6.html
162092321054,Gehäusebodendichtung passend für Rolex Damen Datejust President 29-214-64 für 69173A,12.51,EUR,Neu,Gewerblich,2026-06-07,7. Jun 2026,1,12.89,0,0,"Sofort-Kaufen +EUR 12,89 Lieferung  Vereinigte Staaten von Amerika Ähnliche aktive Angebote ansehen Solch einen Artikel verkaufen","watchpartusa 99,8% positiv (44.143)",https://www.ebay.de/itm/162092321054,ebay_sold_p6.html
206191962416,Original Rolex GMT-Master II 78790A Edelstahl Uhrenarmband Schließe 801,950.0,EUR,Gebraucht,Gewerblich,2026-06-07,7. Jun 2026,1,29.0,0,0,"Sofort-Kaufen +EUR 29,00 Lieferung  Italien Ähnliche aktive Angebote ansehen Solch einen Artikel verkaufen",watchmydial 100% positiv (460),https://www.ebay.de/itm/206191962416,ebay_sold_p6.html
388680263573,Rolex Daytona libretto corredo orologio watch booklet 3.2019 italiano,80.0,EUR,Gebraucht,Gewerblich,2026-06-07,7. Jun 2026,1,14.9,0,1,"Preisvorschlag akzeptiert +EUR 14,90 Lieferung  Italien Ähnliche aktive Angebote ansehen Solch einen Artikel verkaufen","luxurytime.shop 99,8% positiv (2.110)",https://www.ebay.de/itm/388680263573,ebay_sold_p6.html
358621428083,Verlängerungsglied bicolor 18kt für Rolex Herren Uhren Armband,150.0,EUR,Neu (Sonstige),Privat,2026-06-07,7. Jun 2026,1,1.0,0,0,,mango131313 97% positiv (1.224),https://www.ebay.de/itm/358621428083,ebay_sold_p6.html
365050511750,"ROLEX ERSATZGLIED GLIED 750 MASSIV GELBGOLDGOLD OYSTER BAND 15,5MM NEUE VERSION",699.0,EUR,Gebraucht,Gewerblich,2026-06-07,7. Jun 2026,1,0.0,1,1,,"luxus-freund24 99,5% positiv (41.881)",https://www.ebay.de/itm/365050511750,ebay_sold_p6.html
306924208632,Ihren Krone für Seikomod/Rolex GMT Master 2,80.0,EUR,Neu (Sonstige),Privat,2026-06-07,7. Jun 2026,1,1.1,0,1,,"minifigs*n*bricks 96,7% positiv (341)",https://www.ebay.de/itm/306924208632,ebay_sold_p6.html
406619932474,ROLEX 10mm Jubilee Stahlgewebe (TOP ZUSTAND),79.0,EUR,Gebraucht,Gewerblich,2026-06-07,7. Jun 2026,1,19.0,0,0,"Sofort-Kaufen +EUR 19,00 Lieferung  Italien Ähnliche aktive Angebote ansehen Solch einen Artikel verkaufen","fornitura_boccacci 99,9% positiv (4.089)",https://www.ebay.de/itm/406619932474,ebay_sold_p6.html
311823569593,Uhrenöffner Set 1-teilig für Rolex Uhren,30.8,EUR,Neu,Gewerblich,2026-06-07,7. Jun 2026,1,7.9,0,1,,plentin 100% positiv (14.288),https://www.ebay.de/itm/311823569593,ebay_sold_p6.html
177476090460,Libretto Originale Rolex Daytona corredo orologio watch booklet 10-2014 italiano,50.0,EUR,Neu,Privat,2026-06-07,7. Jun 2026,1,11.0,0,0,"Sofort-Kaufen +EUR 11,00 Lieferung  Italien Ähnliche aktive Angebote ansehen Solch einen Artikel verkaufen",clotildeone 100% positiv (279),https://www.ebay.de/itm/177476090460,ebay_sold_p6.html
137193728665,Rolex Uhren  Historische Luxusuhren von Dominik Josef Hofrichter gebundenes Buch,17.99,EUR,Neu (Sonstige),Privat,2026-06-07,7. Jun 2026,1,0.0,1,0,,heraion 100% positiv (284),https://www.ebay.de/itm/137193728665,ebay_sold_p6.html
178183707693,Rolex Sea-Dweller - Reklame Werbeanzeige Original-Werbung 1973,9.95,EUR,Gebraucht,Privat,2026-06-07,7. Jun 2026,1,1.95,0,0,,"jaydee01 99,5% positiv (7.025)",https://www.ebay.de/itm/178183707693,ebay_sold_p6.html
176925305133,Rolex Explorer - Reklame Werbeanzeige Original-Werbung 1970,3.95,EUR,Gebraucht,Privat,2026-06-07,7. Jun 2026,1,1.95,0,0,,"jaydee01 99,5% positiv (7.025)",https://www.ebay.de/itm/176925305133,ebay_sold_p6.html
177513218744,Rolex Day-Date - Reklame Werbeanzeige Original-Werbung 1976,3.95,EUR,Gebraucht,Privat,2026-06-07,7. Jun 2026,1,1.95,0,0,,"jaydee01 99,5% positiv (7.025)",https://www.ebay.de/itm/177513218744,ebay_sold_p6.html
178183707682,Rolex Uhren - Reklame Werbeanzeige Original-Werbung 1977,2.99,EUR,Gebraucht,Privat,2026-06-07,7. Jun 2026,1,1.95,0,1,,"jaydee01 99,5% positiv (7.025)",https://www.ebay.de/itm/178183707682,ebay_sold_p6.html
227361802668,Rolex Magazin Watches 2026  Englisch NEU,5.0,EUR,Neu,Privat,2026-06-07,7. Jun 2026,1,1.0,0,0,,posiblock 100% positiv (411),https://www.ebay.de/itm/227361802668,ebay_sold_p6.html
178179811927,The Rolex Magazine - Ausgabe 12,3.0,EUR,Neu (Sonstige),Privat,2026-06-07,7. Jun 2026,1,1.0,0,0,,conasava 100% positiv (391),https://www.ebay.de/itm/178179811927,ebay_sold_p6.html
326137682002,Rolex T4 Zeiger Set Datejust 16200 etc Fit Kaliber 3135 Original guter Zustand,200.0,EUR,Gebraucht,Gewerblich,2026-06-07,7. Jun 2026,1,25.0,0,1,"Preisvorschlag akzeptiert +EUR 25,00 Lieferung  Italien Ähnliche aktive Angebote ansehen Solch einen Artikel verkaufen",silverwingnico 100% positiv (1.516),https://www.ebay.de/itm/326137682002,ebay_sold_p6.html
226531158223,"1 Unruhwelle Rolex 8 3/4``` 500 Ronda 4331 neuwertig,ältere Lagerware",12.0,EUR,Neu (Sonstige),Gewerblich,2026-06-07,7. Jun 2026,1,2.0,0,0,,euro-tictac 100% positiv (35.656),https://www.ebay.de/itm/226531158223,ebay_sold_p6.html
406858369428,Rolex 3235-410 Escape Wheel - Original,79.0,EUR,Gebraucht,Privat,2026-06-07,7. Jun 2026,1,20.0,0,0,"Sofort-Kaufen +EUR 20,00 Lieferung  Italien Letzter Artikel Ähnliche aktive Angebote ansehen Solch einen Artikel verkaufen","luxuryreplacementparts 96,4% positiv (64)",https://www.ebay.de/itm/406858369428,ebay_sold_p6.html
117234857272,Rolex GMT-Master 1675 Insert Pepsi Violet/Blue Vintage,1850.0,EUR,Gebraucht,Privat,2026-06-06,6. Jun 2026,1,50.0,0,1,"Preisvorschlag akzeptiert +EUR 50,00 Lieferung  Frankreich Ähnliche aktive Angebote ansehen Solch einen Artikel verkaufen",raygue7_0 100% positiv (39),https://www.ebay.de/itm/117234857272,ebay_sold_p6.html
204606790520,Rolex Zeiger Set Explorer 2 16570 schwarz für weißes Zifferblatt Luminova NOS neuwertig,390.0,EUR,Neu,Gewerblich,2026-06-06,6. Jun 2026,1,29.0,0,1,"oder Preisvorschlag +EUR 29,00 Lieferung  Italien Ähnliche aktive Angebote ansehen Solch einen Artikel verkaufen",watchmydial 100% positiv (460),https://www.ebay.de/itm/204606790520,ebay_sold_p6.html
164360034448,Rolex 3135-510 Mobil Entraineur Rochet Driving Gear Ratschenrad NEU,29.9,EUR,Neu (Sonstige),Gewerblich,2026-06-06,6. Jun 2026,1,13.5,0,0,"Sofort-Kaufen +EUR 13,50 Lieferung  Italien Ähnliche aktive Angebote ansehen Solch einen Artikel verkaufen","sabaec 99,9% positiv (22.965)",https://www.ebay.de/itm/164360034448,ebay_sold_p6.html
170764680994,12 KUNSTSTOFF PLEXI UHRENGLAS FÜR ROLEX DATEJUST 25-118 1600 1602 1603 1611,156.31,EUR,Neu,Gewerblich,2026-06-06,6. Jun 2026,1,10.42,0,0,"Sofort-Kaufen +EUR 10,42 Lieferung  Vereinigte Staaten von Amerika Ähnliche aktive Angebote ansehen Solch einen Artikel verkaufen","ewatchparts 99,9% positiv (225.086)",https://www.ebay.de/itm/170764680994,ebay_sold_p6.html
168041616421,Rolex Busta Negozio Verde ORIGINALE- Official Reseller Shopping Bag,25.0,EUR,Neu (Sonstige),Privat,2026-06-06,6. Jun 2026,1,11.0,0,1,"Preisvorschlag akzeptiert +EUR 11,00 Lieferung  Italien Ähnliche aktive Angebote ansehen Solch einen Artikel verkaufen",gennaro10381 100% positiv (186),https://www.ebay.de/itm/168041616421,ebay_sold_p6.html
354206481696,Rolex Ersatzteil Rotor 3135 - 570 Schwungmasse neu Part,149.0,EUR,Gebraucht,Gewerblich,2026-06-06,6. Jun 2026,1,0.0,1,0,,"sandtuhr 99,8% positiv (54.529)",https://www.ebay.de/itm/354206481696,ebay_sold_p6.html
324616157344,Zirkonia CZ Diamond Bezel Lünette Kompatibel für Rolex 41 mm Day Datejust,89.0,EUR,Neu,Gewerblich,2026-06-06,6. Jun 2026,1,3.49,0,0,,"uhrenexpert 99,3% positiv (21.349)",https://www.ebay.de/itm/324616157344,ebay_sold_p6.html
325567092856,Zugfeder passend für 2030 or 2035 Rolex Kaliber Armbanduhr Mainspring 2035-4419,23.95,EUR,Neu,Gewerblich,2026-06-06,6. Jun 2026,1,3.49,0,0,,"uhrenexpert 99,3% positiv (21.349)",https://www.ebay.de/itm/325567092856,ebay_sold_p6.html
326144042479,Faltschliesse Silber passend für Datejust Oyster edelstahl,16.99,EUR,Neu,Gewerblich,2026-06-06,6. Jun 2026,1,3.49,0,0,,"uhrenexpert 99,3% positiv (21.349)",https://www.ebay.de/itm/326144042479,ebay_sold_p6.html
257550193951,Rolex Schatulle für Day Date Box Schatulle Full Set incl Tuch Neuwertig 8 Teile,365.0,EUR,Neu,Gewerblich,2026-06-06,6. Jun 2026,1,0.0,1,0,,riegelantik 100% positiv (1.419),https://www.ebay.de/itm/257550193951,ebay_sold_p6.html
278043520038,NEU Rolex B22-16-0-L1 Stahlschließe Armbandbefestigung 16mm Original im Blister,248.0,EUR,BRAND NEW PACKED - NUOVO IN BLISTER ORIGINALE,,2026-06-06,6. Jun 2026,1,25.0,0,1,"oder Preisvorschlag +EUR 25,00 Lieferung  Italien Ähnliche aktive Angebote ansehen Solch einen Artikel verkaufen",millerighetime_by_arriwatch 100% positiv (913),https://www.ebay.de/itm/278043520038,ebay_sold_p6.html
157946292885,Rolex Daytona Zenith Zifferblatt Stahl Gold,86.0,EUR,Gebraucht,Privat,2026-06-06,6. Jun 2026,1,17.0,0,0,,"fynn20025 93,8% positiv (253)",https://www.ebay.de/itm/157946292885,ebay_sold_p6.html
182277528130,"Lünette, Edelstahl, poliert, kompatibel zum Rolex Datejust Herren-Modell",34.95,EUR,Neu,Gewerblich,2026-06-06,6. Jun 2026,1,0.0,1,0,,watchparts24 100% positiv (71.339),https://www.ebay.de/itm/182277528130,ebay_sold_p6.html
225891013594,ENG 3.1988 Rolex Datejust 16014 Libretto Booklet Originale,25.0,EUR,Neu (Sonstige),Privat,2026-06-06,6. Jun 2026,1,20.0,0,0,"Sofort-Kaufen +EUR 20,00 Lieferung  Italien Ähnliche aktive Angebote ansehen Solch einen Artikel verkaufen",watchbox70 100% positiv (190),https://www.ebay.de/itm/225891013594,ebay_sold_p6.html
164765845336,O-Ring Bodendichtung für Rolex 29-337-8 Gasket Case Back Bezel,4.0,EUR,Neu,Gewerblich,2026-06-06,6. Jun 2026,1,13.5,0,0,"Sofort-Kaufen +EUR 13,50 Lieferung  Italien Ähnliche aktive Angebote ansehen Solch einen Artikel verkaufen","sabaec 99,9% positiv (22.965)",https://www.ebay.de/itm/164765845336,ebay_sold_p6.html
388986721349,Rolex Submariner Date Ausstattungsheft Uhr watch booklet 2.2016 Spanisch,60.0,EUR,Gebraucht,Gewerblich,2026-06-06,6. Jun 2026,1,14.9,0,1,"oder Preisvorschlag +EUR 14,90 Lieferung  Italien Ähnliche aktive Angebote ansehen Solch einen Artikel verkaufen","luxurytime.shop 99,8% positiv (2.110)",https://www.ebay.de/itm/388986721349,ebay_sold_p6.html
162782548964,O-Ring Bodendichtung für Rolex 29-322-10 Gasket Case Back 14060 16610 16710,4.0,EUR,Neu,Gewerblich,2026-06-06,6. Jun 2026,1,13.5,0,0,"Sofort-Kaufen +EUR 13,50 Lieferung  Italien Ähnliche aktive Angebote ansehen Solch einen Artikel verkaufen","sabaec 99,9% positiv (22.965)",https://www.ebay.de/itm/162782548964,ebay_sold_p6.html
389991702373,Rolex Submariner 313-5513 | 5512 | 1680 Insert + Black Insert Ghiera + Bezel,1200.0,EUR,Gebraucht,Gewerblich,2026-06-06,6. Jun 2026,1,21.0,0,1,"oder Preisvorschlag +EUR 21,00 Lieferung  Italien Letzter Artikel Ähnliche aktive Angebote ansehen Solch einen Artikel verkaufen",only_quality_stuff_new2026 100% positiv (48),https://www.ebay.de/itm/389991702373,ebay_sold_p6.html
356724713668,Rolex Armband Bracelet 19mm Jubilee 16570 N8 55endlink,999.0,EUR,Gebraucht,Privat,2026-06-06,6. Jun 2026,1,50.0,0,1,"Preisvorschlag akzeptiert +EUR 50,00 Lieferung  Italien Ähnliche aktive Angebote ansehen Solch einen Artikel verkaufen",bancodeipugni 100% positiv (63),https://www.ebay.de/itm/356724713668,ebay_sold_p6.html
192847500587,1 AUFZUGSSTANGE ROLEX 1530 1535 AUFZUGSVORBAU Ref. 7869,25.0,EUR,Neu (Sonstige),Gewerblich,2026-06-06,6. Jun 2026,1,6.0,0,0,"Sofort-Kaufen +EUR 6,00 Lieferung  Frankreich Letzter Artikel Ähnliche aktive Angebote ansehen Solch einen Artikel verkaufen",ocoeurdutemps 100% positiv (12.322),https://www.ebay.de/itm/192847500587,ebay_sold_p6.html
295423088457,ROLEX Umstelltrieb Wig Wag Pinion cal 2030 2035 movement part 4444 original,49.0,EUR,Gebraucht,Gewerblich,2026-06-06,6. Jun 2026,1,7.0,0,0,,luxini_hamburg 100% positiv (3.973),https://www.ebay.de/itm/295423088457,ebay_sold_p6.html
227345438610,2x Rolex Oyster Armband-Glied Daytona zB 16523 16518 16528,380.0,EUR,Gebraucht,Privat,2026-06-06,6. Jun 2026,1,6.19,0,1,,hjv25 100% positiv (2.980),https://www.ebay.de/itm/227345438610,ebay_sold_p6.html
161183115250,GERIFFELTE LÜNETTE FÜR 26MM ROLEX LADY DATEJUST 6916 6917 69173 EDELSTAHL,52.07,EUR,Neu,Gewerblich,2026-06-06,6. Jun 2026,1,10.42,0,0,"Sofort-Kaufen +EUR 10,42 Lieferung  Vereinigte Staaten von Amerika Ähnliche aktive Angebote ansehen Solch einen Artikel verkaufen","ewatchparts 99,9% positiv (225.086)",https://www.ebay.de/itm/161183115250,ebay_sold_p6.html
226272374946,Rolex Daytona 6263/6265 Nr.2 Pushers Vintage P301 Mk1 NOS Original 100% Blistered,3200.0,EUR,Neu (Sonstige),Privat,2026-06-06,6. Jun 2026,1,0.0,1,0,Sofort-Kaufen Gratis Lieferung  Italien Ähnliche aktive Angebote ansehen Solch einen Artikel verkaufen,watchesinnaples 100% positiv (267),https://www.ebay.de/itm/226272374946,ebay_sold_p6.html
166232511146,"Plexiglas für 25-39 30,50mm #39-2 Rolex Crystal Glass Uhrenglas Verre 1665",8.9,EUR,Neu,Gewerblich,2026-06-06,6. Jun 2026,1,13.5,0,0,"Sofort-Kaufen +EUR 13,50 Lieferung  Italien Ähnliche aktive Angebote ansehen Solch einen Artikel verkaufen","sabaec 99,9% positiv (22.965)",https://www.ebay.de/itm/166232511146,ebay_sold_p6.html
126598990385,ROLEX DATEJUST 24-600 Original KRONE CROWN 6mm GMT Steel Stahl,149.0,EUR,Gebraucht,Gewerblich,2026-06-06,6. Jun 2026,1,6.9,0,1,,almawatches 100% positiv (3.677),https://www.ebay.de/itm/126598990385,ebay_sold_p6.html
277696694877,NEW Rolex 3135 3035-5021 Disc Plateau Neu im Blister,58.0,EUR,Neu,Gewerblich,2026-06-05,5. Jun 2026,1,25.0,0,1,"oder Preisvorschlag +EUR 25,00 Lieferung  Italien Ähnliche aktive Angebote ansehen Solch einen Artikel verkaufen",millerighetime_by_arriwatch 100% positiv (913),https://www.ebay.de/itm/277696694877,ebay_sold_p6.html
160990586198,"2 - 9,90 MM SCHRAUBE FÜR 13 MM ANSTOSS LADY ROLEX JUBILEE UHRENARMBAND LINK EDELSTAHL",15.58,EUR,Neu,Gewerblich,2026-06-05,5. Jun 2026,1,6.25,0,0,"Sofort-Kaufen +EUR 6,25 Lieferung  Vereinigte Staaten von Amerika Ähnliche aktive Angebote ansehen Solch einen Artikel verkaufen","ewatchparts 99,9% positiv (225.086)",https://www.ebay.de/itm/160990586198,ebay_sold_p6.html
115917192292,"ROLEX 2230 Spule oder Laderolle Cod. 305 Kaliber: 2230, 2235 (SEHR GUTER ST...",48.0,EUR,Gebraucht,Gewerblich,2026-06-05,5. Jun 2026,1,19.0,0,0,"Sofort-Kaufen +EUR 19,00 Lieferung  Italien Ähnliche aktive Angebote ansehen Solch einen Artikel verkaufen","fornitura_boccacci 99,9% positiv (4.089)",https://www.ebay.de/itm/115917192292,ebay_sold_p6.html
188457472711,rolex submariner 3135 Zeiger Lanzette,220.0,EUR,Gebraucht,Gewerblich,2026-06-05,5. Jun 2026,1,30.0,0,1,"oder Preisvorschlag +EUR 30,00 Lieferung  Italien Ähnliche aktive Angebote ansehen Solch einen Artikel verkaufen","the-watchmaker 99,8% positiv (2.266)",https://www.ebay.de/itm/188457472711,ebay_sold_p6.html
406930882566,"Rolex  Dial Silver Luminova For Daytona Ref. 116528, -523, -518, -508, -503",1290.0,EUR,Gebraucht,Privat,2026-06-05,5. Jun 2026,1,25.0,0,1,"Preisvorschlag akzeptiert +EUR 25,00 Lieferung  Spanien Ähnliche aktive Angebote ansehen Solch einen Artikel verkaufen",interlude-07 100% positiv (157),https://www.ebay.de/itm/406930882566,ebay_sold_p6.html
117215905612,Rolex Uhrwerk für Armbanduhr Handaufzug Kal. 1600 - 21 mm ca. 1965,252.0,EUR,Gebraucht,Gewerblich,2026-06-05,5. Jun 2026,1,23.0,0,0,,"harz-uhr 99,7% positiv (16.962)",https://www.ebay.de/itm/117215905612,ebay_sold_p6.html
306365372340,Rolex 645 A260 - Teile / Parts,40.0,EUR,Gebraucht,Privat,2026-06-05,5. Jun 2026,1,5.0,0,0,"Sofort-Kaufen +EUR 5,00 Lieferung  Frankreich Ähnliche aktive Angebote ansehen Solch einen Artikel verkaufen",fmclassic 100% positiv (333),https://www.ebay.de/itm/306365372340,ebay_sold_p6.html
126905605256,ROLEX Datejust 24 604 8 MONO 18k GOLD Original KRONE CROWN 6mm Yellow,269.0,EUR,Gebraucht,Gewerblich,2026-06-05,5. Jun 2026,1,6.9,0,1,,almawatches 100% positiv (3.677),https://www.ebay.de/itm/126905605256,ebay_sold_p6.html
115925498781,"ROLEX 3135 Mittelrad Cod. 3135 - 340 Kaliber: 3155, 3156, 3175, 3185 (OPTIM...",39.0,EUR,Gebraucht,Gewerblich,2026-06-05,5. Jun 2026,1,19.0,0,0,"Sofort-Kaufen +EUR 19,00 Lieferung  Italien Ähnliche aktive Angebote ansehen Solch einen Artikel verkaufen","fornitura_boccacci 99,9% positiv (4.089)",https://www.ebay.de/itm/115925498781,ebay_sold_p6.html
126870791900,Oszillierender Rotor Gewicht Achsstempelsatz Für Rolex 1570 2130 2235 3135,26.64,EUR,Neu,Gewerblich,2026-05-26,26. Mai 2026,1,0.0,1,1,oder Preisvorschlag Gratis Lieferung  China Ähnliche aktive Angebote ansehen Solch einen Artikel verkaufen,"candy-jewelry168 98,3% positiv (1.063)",https://www.ebay.de/itm/126870791900,ebay_sold_p6.html
406541151307,#1762 ORIGINAL ROLEX 3135 3130 3186 3175 3155 DATUMSSCHEIBE CHAMPAGNER GOLD,99.99,EUR,Gebraucht,Gewerblich,2026-06-05,5. Jun 2026,1,6.95,0,0,,state_of_time 100% positiv (3.803),https://www.ebay.de/itm/406541151307,ebay_sold_p6.html
398026325486,Rolex  2035 - 4511 Pignon de minute avec chaussée - Minute pinion with cannon,63.25,EUR,Gebraucht,Gewerblich,2026-06-05,5. Jun 2026,1,9.0,0,0,"Sofort-Kaufen +EUR 9,00 Lieferung  Frankreich Ähnliche aktive Angebote ansehen Solch einen Artikel verkaufen","manz15 99,5% positiv (8.231)",https://www.ebay.de/itm/398026325486,ebay_sold_p6.html
388928543387,"Original ! Rolex  Rotor  3135, 3130 - 570",142.8,EUR,Neu (Sonstige),Privat,2026-06-05,5. Jun 2026,1,6.53,0,1,,micweis_56 100% positiv (33),https://www.ebay.de/itm/388928543387,ebay_sold_p6.html
306443757224,ROLEX Unruhwelle cal 3035 3055 3075 3085 - 5020 balance wheel axle staff,59.0,EUR,Gebraucht,Gewerblich,2026-06-05,5. Jun 2026,1,7.0,0,0,,luxini_hamburg 100% positiv (3.973),https://www.ebay.de/itm/306443757224,ebay_sold_p6.html
177790572967,Rolex Libretto Booklet Il Vostro Rolex Oyster 1992 Italiano,59.0,EUR,Neu (Sonstige),Privat,2026-06-05,5. Jun 2026,1,1.0,0,1,"oder Preisvorschlag +EUR 1,00 Lieferung  Italien Ähnliche aktive Angebote ansehen Solch einen Artikel verkaufen",zorzi.2014 100% positiv (322),https://www.ebay.de/itm/177790572967,ebay_sold_p6.html
377184638979,Rolex Daytona Booklet Anleitung Deutsch Handbuch Für Daytona 2000-2009,49.0,EUR,Gebraucht,Privat,2026-06-05,5. Jun 2026,1,6.19,0,0,,"dxbf-86 99,5% positiv (331)",https://www.ebay.de/itm/377184638979,ebay_sold_p6.html
227370921330,LÜNETTENMONTAGE für ROLEX GMT 16700 16710 16760 16610 16800,800.0,EUR,Gebraucht,Privat,2026-06-05,5. Jun 2026,1,40.0,0,1,"oder Preisvorschlag +EUR 40,00 Lieferung  Frankreich Ähnliche aktive Angebote ansehen Solch einen Artikel verkaufen",artinwatchesuk 100% positiv (83),https://www.ebay.de/itm/227370921330,ebay_sold_p6.html
227194240527,VINTAGE Zifferblatt ROLEX  CHRONOGRAPH  VALJOUX 72,1350.0,EUR,Gebraucht,Privat,2026-06-05,5. Jun 2026,1,6.19,0,1,,nagromkm800 100% positiv (1.122),https://www.ebay.de/itm/227194240527,ebay_sold_p6.html
227222267075,Rolex Explorer Booklet Set From 2000 SDJ14,150.0,EUR,Gebraucht,Privat,2026-06-05,5. Jun 2026,1,20.0,0,0,"Sofort-Kaufen +EUR 20,00 Lieferung  Italien Ähnliche aktive Angebote ansehen Solch einen Artikel verkaufen",watchbox70 100% positiv (190),https://www.ebay.de/itm/227222267075,ebay_sold_p6.html
336419912375,"Saphirglas f Rolex GMT Master 2 25-295C2 16700, 16710, 16760, 16713, 16718 GMT40",43.9,EUR,Neu,Gewerblich,2026-06-05,5. Jun 2026,1,0.0,1,0,,"master-watch-parts 99,9% positiv (15.133)",https://www.ebay.de/itm/336419912375,ebay_sold_p6.html
227234485051,Rolex Daytona 6263/6265 n.2 Pushers Vintage P302 Mk2 NOS Genuine 100%,799.0,EUR,Neu (Sonstige),Privat,2026-06-05,5. Jun 2026,1,59.0,0,0,"Sofort-Kaufen +EUR 59,00 Lieferung  Italien Ähnliche aktive Angebote ansehen Solch einen Artikel verkaufen",watchesinnaples 100% positiv (267),https://www.ebay.de/itm/227234485051,ebay_sold_p6.html
335581190387,"SCHWINGENACHSE FÜR ROLEX UHR 83/4 1120, 1130, 1135 KIF - HÖHE 264",35.75,EUR,Neu (Sonstige),Gewerblich,2026-06-05,5. Jun 2026,1,7.95,0,0,"Sofort-Kaufen +EUR 7,95 Lieferung  Frankreich Ähnliche aktive Angebote ansehen Solch einen Artikel verkaufen","fournitures-horlogerie 99,9% positiv (37.398)",https://www.ebay.de/itm/335581190387,ebay_sold_p6.html
389991910519,Rolex Daytona 4030-360 Second Wheel Second Wheel BLISTER Original,169.0,EUR,Neu,Gewerblich,2026-06-05,5. Jun 2026,1,12.5,0,1,"oder Preisvorschlag +EUR 12,50 Lieferung  Italien Letzter Artikel Ähnliche aktive Angebote ansehen Solch einen Artikel verkaufen",only_quality_stuff_new2026 100% positiv (48),https://www.ebay.de/itm/389991910519,ebay_sold_p6.html
297493623956,Uhrenteil 38.5mm ohne Leuchtkeramik Lünette für ROLEX Daytona,30.32,EUR,Neu (Sonstige),Gewerblich,2026-05-10,10. Mai 2026,1,5.85,0,0,"Sofort-Kaufen +EUR 5,85 Lieferung  China Ähnliche aktive Angebote ansehen Solch einen Artikel verkaufen","dcompter201 98,9% positiv (631)",https://www.ebay.de/itm/297493623956,ebay_sold_p6.html
297493938168,Flaches Saphirglas für Rolex 114300 176200 124300 26-41mm Zifferblatt,39.98,EUR,Neu (Sonstige),Gewerblich,2026-05-29,29. Mai 2026,1,5.85,0,0,"Sofort-Kaufen +EUR 5,85 Lieferung  China Ähnliche aktive Angebote ansehen Solch einen Artikel verkaufen","dcompter201 98,9% positiv (631)",https://www.ebay.de/itm/297493938168,ebay_sold_p6.html
205022244945,Beschreibung für Rolex | Oyster Perpetual Date| 2009 | Booklet | Manual,49.0,EUR,Neu (Sonstige),Gewerblich,2026-06-05,5. Jun 2026,1,0.0,1,1,,gmbharnold 100% positiv (6.946),https://www.ebay.de/itm/205022244945,ebay_sold_p6.html
395576256903,Gehäuseöffner Für Rolex Uhren Uhrmacherwerkzeug Sets Für Gerillte Gehäuseböden,16.76,EUR,Neu,Gewerblich,2026-04-22,22. Apr 2026,1,0.0,1,1,,"cncestonlinestore06 99,5% positiv (411)",https://www.ebay.de/itm/395576256903,ebay_sold_p6.html
198051781427,Rolex cal.2030/2035 ref.4428,25.0,EUR,Gebraucht,Gewerblich,2026-06-05,5. Jun 2026,1,18.0,0,0,"Sofort-Kaufen +EUR 18,00 Lieferung  Italien Ähnliche aktive Angebote ansehen Solch einen Artikel verkaufen",combattiamolacrisi 100% positiv (8.907),https://www.ebay.de/itm/198051781427,ebay_sold_p6.html
186397479394,"ROLEX 3135-5210 SCHRAUBE FÜR KRONENRAD UND RATSCHENRAD 5210, VITE DELLA RUOTA",8.0,EUR,Neu,Gewerblich,2026-06-05,5. Jun 2026,1,13.0,0,0,"Sofort-Kaufen +EUR 13,00 Lieferung  Italien Ähnliche aktive Angebote ansehen Solch einen Artikel verkaufen","watchparts-italy 99,5% positiv (3.454)",https://www.ebay.de/itm/186397479394,ebay_sold_p6.html
174197934617,Aufzugwelle nach Hersteller+Kaliber (1) winding stem Aufzugwellen,13.2,EUR,Neu,Gewerblich,2026-06-05,5. Jun 2026,1,0.95,0,0,,"horare 99,5% positiv (3.401)",https://www.ebay.de/itm/174197934617,ebay_sold_p6.html
116342721078,ROLEX 2236 Lenkrad mit Achse Cod. 432 Kaliber: 2236 (TOP ZUSTAND),50.0,EUR,Gebraucht,Gewerblich,2026-06-05,5. Jun 2026,1,19.0,0,0,"Sofort-Kaufen +EUR 19,00 Lieferung  Italien Ähnliche aktive Angebote ansehen Solch einen Artikel verkaufen","fornitura_boccacci 99,9% positiv (4.089)",https://www.ebay.de/itm/116342721078,ebay_sold_p6.html
116547831451,Rolex  Oyster HANGTAG,19.0,EUR,Gebraucht,Gewerblich,2026-06-05,5. Jun 2026,1,1.2,0,0,,colortime58 100% positiv (4.794),https://www.ebay.de/itm/116547831451,ebay_sold_p6.html
310412692256,12 O-RING GEHÄUSEDICHTUNG FÜR HERREN ROLEX DATEJUST 16200 16220 16233 16234 16238 16248,26.01,EUR,Neu,Gewerblich,2026-06-05,5. Jun 2026,1,10.42,0,0,"Sofort-Kaufen +EUR 10,42 Lieferung  Vereinigte Staaten von Amerika Ähnliche aktive Angebote ansehen Solch einen Artikel verkaufen","ewatchparts 99,9% positiv (225.086)",https://www.ebay.de/itm/310412692256,ebay_sold_p6.html
162099922991,Federsteg 19mm passend für Rolex Oyster Date 1500 1503 Swiss Made,15.58,EUR,Neu,Gewerblich,2026-06-05,5. Jun 2026,1,12.98,0,0,"Sofort-Kaufen +EUR 12,98 Lieferung  Vereinigte Staaten von Amerika Ähnliche aktive Angebote ansehen Solch einen Artikel verkaufen","watchpartusa 99,8% positiv (44.143)",https://www.ebay.de/itm/162099922991,ebay_sold_p6.html
377107371535,AUFZUGSWELLE FÜR ROLEX Kaliber 65 Oyster Ligne 10 1/2''' NOS winding stem,12.9,EUR,Neu (Sonstige),Gewerblich,2026-06-04,4. Jun 2026,1,0.0,1,0,,antikvona-z 100% positiv (10.040),https://www.ebay.de/itm/377107371535,ebay_sold_p6.html
267686947518,Rolex Jubilee 20mm Gold Stahl 14K USA Datejust GMT 36mm Armband ORIGINAL,1190.0,EUR,Gebraucht,Privat,2026-06-04,4. Jun 2026,1,25.0,0,1,"Preisvorschlag akzeptiert +EUR 25,00 Lieferung  Italien Ähnliche aktive Angebote ansehen Solch einen Artikel verkaufen",fabiovr86 100% positiv (318),https://www.ebay.de/itm/267686947518,ebay_sold_p6.html
277704859286,NEW Rolex 3135-211 Kronenkern Neu im Blister,48.0,EUR,Neu,Gewerblich,2026-06-04,4. Jun 2026,1,25.0,0,0,"Sofort-Kaufen +EUR 25,00 Lieferung  Italien Letzter Artikel Ähnliche aktive Angebote ansehen Solch einen Artikel verkaufen",millerighetime_by_arriwatch 100% positiv (913),https://www.ebay.de/itm/277704859286,ebay_sold_p6.html
157912615262,BERGEON 5523-3 Tasseau Zum Öffnen Und Schließen Von Rolex Mit Rillen Ø 26.5 Mm,40.45,EUR,Neu,Gewerblich,2026-06-04,4. Jun 2026,1,7.99,0,0,"Sofort-Kaufen +EUR 7,99 Lieferung  Frankreich Ähnliche aktive Angebote ansehen Solch einen Artikel verkaufen","elisabeth9679 97,4% positiv (75.166)",https://www.ebay.de/itm/157912615262,ebay_sold_p6.html
357682821468,Rolex Air King Silver Tritium Dial 14000/14010/114200/114234,420.0,EUR,Gebraucht,Gewerblich,2026-06-04,4. Jun 2026,1,19.0,0,1,,luxewatchesgermany 100% positiv (92),https://www.ebay.de/itm/357682821468,ebay_sold_p6.html
336619741513,Rolex GMT Acryl Insert und Stahl-Lünette für 6542 und 1675,490.0,EUR,Gebraucht,Privat,2026-06-04,4. Jun 2026,1,1.0,0,0,,reelpeter 100% positiv (1.252),https://www.ebay.de/itm/336619741513,ebay_sold_p6.html
397999992924,"Armbandteil ROLEX 93150 S S2, Befestigung 580, Vintage, Länge 16 cm",221.0,EUR,Gebraucht,Gewerblich,2026-06-04,4. Jun 2026,1,13.0,0,0,"13 Gebote +EUR 15,00 Lieferung  Frankreich Ähnliche aktive Angebote ansehen Solch einen Artikel verkaufen",mathilde9662 100% positiv (15.500),https://www.ebay.de/itm/397999992924,ebay_sold_p6.html
277367013096,NEU Rolex 316-10009-J2 Lünettendichtung Submariner 41mm 126610 x1pc,84.0,EUR,Brand New - Neu Original,,2026-06-04,4. Jun 2026,1,25.0,0,1,"oder Preisvorschlag +EUR 25,00 Lieferung  Italien Ähnliche aktive Angebote ansehen Solch einen Artikel verkaufen",millerighetime_by_arriwatch 100% positiv (913),https://www.ebay.de/itm/277367013096,ebay_sold_p6.html
298331733345,Ghiera  rolex submariner 1680 5513 5512,350.0,EUR,Gebraucht,Privat,2026-06-04,4. Jun 2026,1,40.0,0,1,"Preisvorschlag akzeptiert +EUR 40,00 Lieferung  Italien Ähnliche aktive Angebote ansehen Solch einen Artikel verkaufen","maurizia323 94,4% positiv (991)",https://www.ebay.de/itm/298331733345,ebay_sold_p6.html
116889586420,ROLEX Stahlring für Datejust 36mm Ref. 1603 (TOP ZUSTAND),149.0,EUR,Gebraucht,Gewerblich,2026-06-04,4. Jun 2026,1,19.0,0,0,"Sofort-Kaufen +EUR 19,00 Lieferung  Italien Ähnliche aktive Angebote ansehen Solch einen Artikel verkaufen","fornitura_boccacci 99,9% positiv (4.089)",https://www.ebay.de/itm/116889586420,ebay_sold_p6.html
147158591115,Rolex 78360-V10 Oyster Anno 1996 Clasp GMT Daytona Datejust Explorer,300.0,EUR,Gebraucht,Privat,2026-06-04,4. Jun 2026,1,20.0,0,1,"oder Preisvorschlag +EUR 20,00 Lieferung  Italien Ähnliche aktive Angebote ansehen Solch einen Artikel verkaufen",oro-vintage 100% positiv (630),https://www.ebay.de/itm/147158591115,ebay_sold_p6.html
306982550290,Original Rolex Teile für 16610 16800 Submariner,400.0,EUR,Gebraucht,Privat,2026-06-04,4. Jun 2026,1,6.19,0,0,,leon12polarize 100% positiv (354),https://www.ebay.de/itm/306982550290,ebay_sold_p7.html
376899097857,Rolex Libretto 579.25 I 1.1982,70.0,EUR,Gebraucht,Privat,2026-06-04,4. Jun 2026,1,8.0,0,0,"Sofort-Kaufen +EUR 8,00 Lieferung  Italien Ähnliche aktive Angebote ansehen Solch einen Artikel verkaufen",smartiy33 100% positiv (21),https://www.ebay.de/itm/376899097857,ebay_sold_p7.html
177697904451,Rolex 3235-625 - Kalenderrad,110.0,EUR,Neu (Sonstige),Privat,2026-06-04,4. Jun 2026,1,20.0,0,0,"Sofort-Kaufen +EUR 20,00 Lieferung  Italien Ähnliche aktive Angebote ansehen Solch einen Artikel verkaufen",refanoro79 100% positiv (244),https://www.ebay.de/itm/177697904451,ebay_sold_p7.html
406337671711,"#1665 ORIGINAL ROLEX 24-531-0 KRONE & TUBUS CROWN TUBE STAHL OYSTER 5,3mm E",129.99,EUR,Gebraucht,Gewerblich,2026-06-04,4. Jun 2026,1,6.95,0,0,,state_of_time 100% positiv (3.803),https://www.ebay.de/itm/406337671711,ebay_sold_p7.html
116847604026,ROLEX Silber Zifferblatt Datejust Superluminova Ref. 126300 Calib: 3235 Refer: ...,299.0,EUR,Gebraucht,Gewerblich,2026-06-04,4. Jun 2026,1,19.0,0,0,"Sofort-Kaufen +EUR 19,00 Lieferung  Italien Ähnliche aktive Angebote ansehen Solch einen Artikel verkaufen","fornitura_boccacci 99,9% positiv (4.089)",https://www.ebay.de/itm/116847604026,ebay_sold_p7.html
205655458966,Brand New Genuine Rolex 2235 2230-315 Barrel Complete w/ Mainspring  (R129),65.0,EUR,Neu,Gewerblich,2026-06-04,4. Jun 2026,1,5.0,0,0,,kian-werke 100% positiv (7.720),https://www.ebay.de/itm/205655458966,ebay_sold_p7.html
405065577288,#1302 ROLEX 3135-105 PLATINE FEDERHAUS BRÜCKE BARREL BRIDGE WERKSPLATINE PART,71.3,EUR,Gebraucht,Gewerblich,2026-06-04,4. Jun 2026,1,6.95,0,0,,state_of_time 100% positiv (3.803),https://www.ebay.de/itm/405065577288,ebay_sold_p7.html
357682821566,Rolex Oyster Perpetual Date Blue Faded Dial 1500/1501,475.0,EUR,Gebraucht,Gewerblich,2026-06-04,4. Jun 2026,1,19.0,0,1,,luxewatchesgermany 100% positiv (92),https://www.ebay.de/itm/357682821566,ebay_sold_p7.html
254600523518,ROLEX SUBMARINER - Heft / Bedienungsanleitung von 10-1990 - Deutsch Ref. 594.93,115.0,EUR,Gebraucht,Gewerblich,2026-06-04,4. Jun 2026,1,0.0,1,1,,linckersdorff-gmbh 100% positiv (2.077),https://www.ebay.de/itm/254600523518,ebay_sold_p7.html
167938614085,Ultra Rare Original Rolex Tag Geneva Bienne Cosc Day Date Submariner Gmt Year '80,90.0,EUR,Neu (Sonstige),Privat,2026-06-04,4. Jun 2026,1,15.0,0,1,"oder Preisvorschlag +EUR 15,00 Lieferung  Italien Ähnliche aktive Angebote ansehen Solch einen Artikel verkaufen",caronda 100% positiv (1.037),https://www.ebay.de/itm/167938614085,ebay_sold_p7.html
358636714981,Valjoux 72c/23/88 Ref 182 Bariletto,35.0,EUR,Neu,Privat,2026-06-04,4. Jun 2026,1,8.0,0,1,"Preisvorschlag akzeptiert +EUR 8,00 Lieferung  Italien Ähnliche aktive Angebote ansehen Solch einen Artikel verkaufen",disebast-40 100% positiv (74),https://www.ebay.de/itm/358636714981,ebay_sold_p7.html
800014097678,Rolex 410-14060-80 | 16610 | 16600 Kugeln / Lancette Set Zeiger NEU Originali,349.0,EUR,Neu,Gewerblich,2026-06-04,4. Jun 2026,1,21.0,0,1,"oder Preisvorschlag +EUR 21,00 Lieferung  Italien Ähnliche aktive Angebote ansehen Solch einen Artikel verkaufen",only_quality_stuff_new2026 100% positiv (48),https://www.ebay.de/itm/800014097678,ebay_sold_p7.html
318383517913,Rolex GMT Master Ref. 1675 gebrauchte Wagen Serie 24483XX Bj. 1970.,1300.0,EUR,Gebraucht,Privat,2026-06-04,4. Jun 2026,1,0.0,1,0,"1 Gebot +EUR 50,00 Lieferung  Italien Kostenloser Rückversand Ähnliche aktive Angebote ansehen Solch einen Artikel verkaufen",skx007custom 100% positiv (57),https://www.ebay.de/itm/318383517913,ebay_sold_p7.html
318383510194,Rolex GMT Ref. 1675 boden gebraucht,650.0,EUR,Gebraucht,Privat,2026-06-04,4. Jun 2026,1,0.0,1,0,"1 Gebot +EUR 50,00 Lieferung  Italien Kostenloser Rückversand Ähnliche aktive Angebote ansehen Solch einen Artikel verkaufen",skx007custom 100% positiv (57),https://www.ebay.de/itm/318383510194,ebay_sold_p7.html
175250248101,"BERGEON 5523-5 Dübel zum Öffnen und Schließen der Rolex mit Rillen Ø 29,5 mm",36.99,EUR,Neu,Gewerblich,2026-06-04,4. Jun 2026,1,7.99,0,0,"Sofort-Kaufen +EUR 7,99 Lieferung  Frankreich Ähnliche aktive Angebote ansehen Solch einen Artikel verkaufen","elisabeth9679 97,4% positiv (75.166)",https://www.ebay.de/itm/175250248101,ebay_sold_p7.html
397202853708,Original Vintage Rolex Uhr 67193  Gebraucht Zertifikat Garantie,85.0,EUR,Gebraucht,Privat,2026-06-04,4. Jun 2026,1,6.0,0,1,,s2_823 100% positiv (392),https://www.ebay.de/itm/397202853708,ebay_sold_p7.html
358589114867,Valjoux 72c/23/88 Ref 182 Lauf,35.0,EUR,Neu,Privat,2026-06-04,4. Jun 2026,1,8.0,0,1,"oder Preisvorschlag +EUR 8,00 Lieferung  Italien Ähnliche aktive Angebote ansehen Solch einen Artikel verkaufen",disebast-40 100% positiv (74),https://www.ebay.de/itm/358589114867,ebay_sold_p7.html
356536954220,IHRE ROLEX OYSTER BOOKLET BOOKLET DE AGE 20.7 1990 VINTAGE ORIGINAL EPOCHE,42.99,EUR,Neu,Privat,2026-06-04,4. Jun 2026,1,14.99,0,0,"Sofort-Kaufen +EUR 14,99 Lieferung  Italien Letzter Artikel Ähnliche aktive Angebote ansehen Solch einen Artikel verkaufen","mercatinousato2 97,9% positiv (56)",https://www.ebay.de/itm/356536954220,ebay_sold_p7.html
406939534798,Tubus kompatibel zum Rolex Tubus 24-7030,23.87,EUR,Neu,Gewerblich,2026-06-04,4. Jun 2026,1,0.0,1,0,,"www_uhrenwerkzeuge24_de 99,4% positiv (26.110)",https://www.ebay.de/itm/406939534798,ebay_sold_p7.html
236744231228,ROLEX GMT. MASTER 6542 TAG UND GARANTIE IN WEISS ZUM AUSFÜLLEN,750.0,EUR,Gebraucht,Privat,2026-06-04,4. Jun 2026,1,0.0,1,1,oder Preisvorschlag Gratis Lieferung  Italien Ähnliche aktive Angebote ansehen Solch einen Artikel verkaufen,piera3421 100% positiv (282),https://www.ebay.de/itm/236744231228,ebay_sold_p7.html
406842366133,Rolex B24-V53-2-Y1 Valve Elio Helium Valve Sea-Dweller 16660 16600 - Original,159.0,EUR,Neu,Privat,2026-06-04,4. Jun 2026,1,20.0,0,0,"Sofort-Kaufen +EUR 20,00 Lieferung  Italien Ähnliche aktive Angebote ansehen Solch einen Artikel verkaufen","luxuryreplacementparts 96,4% positiv (64)",https://www.ebay.de/itm/406842366133,ebay_sold_p7.html
800072502175,Rolex 25-118 Vetro Plexi Glas Kristall Cyclope 1601 | 1603 | 1608 BLISTER,169.0,EUR,Neu,Gewerblich,2026-06-04,4. Jun 2026,1,12.5,0,1,"oder Preisvorschlag +EUR 12,50 Lieferung  Italien Ähnliche aktive Angebote ansehen Solch einen Artikel verkaufen",only_quality_stuff_new2026 100% positiv (48),https://www.ebay.de/itm/800072502175,ebay_sold_p7.html
203178721407,Rolex Yacht-Master Booklet USA 8.1998 (R12),26.0,EUR,Gebraucht,Gewerblich,2026-06-04,4. Jun 2026,1,5.0,0,0,,kian-werke 100% positiv (7.720),https://www.ebay.de/itm/203178721407,ebay_sold_p7.html
126599022622,ROLEX Oyster Perpetual BEZEL Lunette SMOOTH Steel 39mm 114300 Stahl,169.0,EUR,Gebraucht,Gewerblich,2026-06-04,4. Jun 2026,1,6.9,0,1,,almawatches 100% positiv (3.677),https://www.ebay.de/itm/126599022622,ebay_sold_p7.html
257001286968,"MOVIMIENTO ROLEX CAL.1601 , USADO , PARA PIEZAS",250.0,EUR,Gebraucht,Privat,2026-06-04,4. Jun 2026,1,29.9,0,1,"Preisvorschlag akzeptiert +EUR 29,90 Lieferung  Spanien Ähnliche aktive Angebote ansehen Solch einen Artikel verkaufen","kitesurfs 88,2% positiv (51)",https://www.ebay.de/itm/257001286968,ebay_sold_p7.html
167435887103,ORIGINAL ROLEX DATEJUST Booklet Deutsch 5.1993 Vintage 593.53 DE,45.0,EUR,Gebraucht,Gewerblich,2026-06-04,4. Jun 2026,1,0.0,1,1,,shw-goldsilver 100% positiv (557),https://www.ebay.de/itm/167435887103,ebay_sold_p7.html
187416841746,"Rolex Fahrwerksfeder, Hauptfeder 1520 1530 1560 1555 1570 1575",16.0,EUR,Neu,Gewerblich,2026-06-04,4. Jun 2026,1,13.0,0,0,"Sofort-Kaufen +EUR 13,00 Lieferung  Italien Ähnliche aktive Angebote ansehen Solch einen Artikel verkaufen","watchparts-italy 99,5% positiv (3.454)",https://www.ebay.de/itm/187416841746,ebay_sold_p7.html
227304534190,ROLEX OYSTER ARMBAND STAHL/GOLD 18K ERSATZGLIED GLIED LINK 12MM,125.0,EUR,Gebraucht,Privat,2026-06-04,4. Jun 2026,1,6.19,0,1,,"a.von-steigenberger 83,3% positiv (309)",https://www.ebay.de/itm/227304534190,ebay_sold_p7.html
147280636610,ORIGINAL ROLEX 16013 BOX + GARANTIE,149.99,EUR,Neu (Sonstige),Privat,2026-06-03,3. Jun 2026,1,29.99,0,1,"Preisvorschlag akzeptiert +EUR 29,99 Lieferung  Italien Ähnliche aktive Angebote ansehen Solch einen Artikel verkaufen","steit-uxjtv1qk 99,3% positiv (1.047)",https://www.ebay.de/itm/147280636610,ebay_sold_p7.html
404531792228,ERSATZ AUFZUGSWELLE STEM TIGE FÜR KALIBER 1210 1215 1225 ROLEX PRECISION,11.99,EUR,Gebraucht,Gewerblich,2026-06-03,3. Jun 2026,1,6.95,0,0,,state_of_time 100% positiv (3.803),https://www.ebay.de/itm/404531792228,ebay_sold_p7.html
358597883266,"ROLEX Garantieschein 1995,Etui,DATEJUST Anleitung,OYSTER Preisliste 2002,Katalog",49.99,EUR,Gebraucht,Privat,2026-06-03,3. Jun 2026,1,1.8,0,1,,"yve.puetz.planjul 92,9% positiv (12)",https://www.ebay.de/itm/358597883266,ebay_sold_p7.html
306802694007,Rolex 9 3/4 Hunter - Teile / Parts,40.0,EUR,Gebraucht,Privat,2026-06-03,3. Jun 2026,1,9.0,0,0,"Sofort-Kaufen +EUR 9,00 Lieferung  Frankreich Ähnliche aktive Angebote ansehen Solch einen Artikel verkaufen",fmclassic 100% positiv (333),https://www.ebay.de/itm/306802694007,ebay_sold_p7.html
127888699246,ROLEX Buch 2019 2020 Uhr Preisliste,3.2,EUR,Gebraucht,Privat,2026-06-03,3. Jun 2026,1,1.0,0,0,,no1ellebee 100% positiv (265),https://www.ebay.de/itm/127888699246,ebay_sold_p7.html
358501730212,rolex 2360 case back  genuine - fondello - watch case back,199.0,EUR,Gebraucht,Privat,2026-06-03,3. Jun 2026,1,50.0,0,1,"Preisvorschlag akzeptiert +EUR 50,00 Lieferung  Italien Ähnliche aktive Angebote ansehen Solch einen Artikel verkaufen",bancodeipugni 100% positiv (63),https://www.ebay.de/itm/358501730212,ebay_sold_p7.html
185484708376,ROLEX 2230 2235 568 OSZILLIERENDE MASSENACHSE KOMPATIBEL rotor axle swiss,28.0,EUR,Neu,Gewerblich,2026-06-03,3. Jun 2026,1,13.0,0,0,"Sofort-Kaufen +EUR 13,00 Lieferung  Italien Ähnliche aktive Angebote ansehen Solch einen Artikel verkaufen","watchparts-italy 99,5% positiv (3.454)",https://www.ebay.de/itm/185484708376,ebay_sold_p7.html
177513218771,Rolex Submariner - Reklame Werbeanzeige Original-Werbung 2006,4.95,EUR,Gebraucht,Privat,2026-06-03,3. Jun 2026,1,1.95,0,0,,"jaydee01 99,5% positiv (7.025)",https://www.ebay.de/itm/177513218771,ebay_sold_p7.html
178183707689,Rolex Submariner - Reklame Werbeanzeige Original-Werbung 1977,4.95,EUR,Gebraucht,Privat,2026-06-03,3. Jun 2026,1,1.95,0,0,,"jaydee01 99,5% positiv (7.025)",https://www.ebay.de/itm/178183707689,ebay_sold_p7.html
287347456884,​Rolex Datejust 1601 Weißgold Zifferblatt Silver - Rev. 12 Monate Garantie,4300.0,EUR,Gebraucht,Privat,2026-06-03,3. Jun 2026,1,150.0,0,1,"Preisvorschlag akzeptiert +EUR 150,00 Lieferung  Italien Ähnliche aktive Angebote ansehen Solch einen Artikel verkaufen",orologi_dimenticati 100% positiv (165),https://www.ebay.de/itm/287347456884,ebay_sold_p7.html
202660952869,"Rolex Cal.3135 Ref.268 Ersatzteil ""NEU""",40.0,EUR,Neu (Sonstige),Gewerblich,2026-06-03,3. Jun 2026,1,18.0,0,0,"Sofort-Kaufen +EUR 18,00 Lieferung  Italien Ähnliche aktive Angebote ansehen Solch einen Artikel verkaufen",combattiamolacrisi 100% positiv (8.907),https://www.ebay.de/itm/202660952869,ebay_sold_p7.html
403954193927,ORIGINAL ROLEX ZIFFERBLATT  DIAL DATEJUST 1603 1600 SIGMA 1570 PIEPAN SILVER,324.87,EUR,Gebraucht,Gewerblich,2026-06-03,3. Jun 2026,1,6.95,0,0,,state_of_time 100% positiv (3.803),https://www.ebay.de/itm/403954193927,ebay_sold_p7.html
165079698889,Rolex 3030 3035 Part 5064 Axe de masse oscillante Asse masse oscillante NEU,24.9,EUR,Neu (Sonstige),Gewerblich,2026-06-03,3. Jun 2026,1,13.5,0,0,"Sofort-Kaufen +EUR 13,50 Lieferung  Italien Letzter Artikel Ähnliche aktive Angebote ansehen Solch einen Artikel verkaufen","sabaec 99,9% positiv (22.965)",https://www.ebay.de/itm/165079698889,ebay_sold_p7.html
206316454580,"ROLEX DAYTONA 116518 116523 116528 GENUINE ARABIC NUMBER DIAL ""PH"" MK1 LUMINOVA",900.0,EUR,Gebraucht,Privat,2026-06-03,3. Jun 2026,1,50.0,0,1,"Preisvorschlag akzeptiert +EUR 50,00 Lieferung  Italien Ähnliche aktive Angebote ansehen Solch einen Artikel verkaufen",stepe4532 100% positiv (538),https://www.ebay.de/itm/206316454580,ebay_sold_p7.html
185145297009,"ROLEX 3235 305 ROCHET, ERSATZTEIL ROLEX ORIGINAL ORIGINAL ORIGINAL PARTS 3235-305",95.0,EUR,Neu (Sonstige),Gewerblich,2026-06-03,3. Jun 2026,1,13.0,0,1,"oder Preisvorschlag +EUR 13,00 Lieferung  Italien Ähnliche aktive Angebote ansehen Solch einen Artikel verkaufen","watchparts-italy 99,5% positiv (3.454)",https://www.ebay.de/itm/185145297009,ebay_sold_p7.html
227240382065,Rolex Datejust 69173 Garantie Garantie Garantie 1995,250.0,EUR,Neu (Sonstige),Privat,2026-06-03,3. Jun 2026,1,20.0,0,0,"Sofort-Kaufen +EUR 20,00 Lieferung  Italien Ähnliche aktive Angebote ansehen Solch einen Artikel verkaufen",watchbox70 100% positiv (190),https://www.ebay.de/itm/227240382065,ebay_sold_p7.html
226611274942,Rolex Datejust 79173 Elfenbein Pyramide Roman Garantie Garantie 2000,250.0,EUR,Neu (Sonstige),Privat,2026-06-03,3. Jun 2026,1,20.0,0,0,"Sofort-Kaufen +EUR 20,00 Lieferung  Italien Ähnliche aktive Angebote ansehen Solch einen Artikel verkaufen",watchbox70 100% positiv (190),https://www.ebay.de/itm/226611274942,ebay_sold_p7.html
168422259234,Original Rolex Submariner Booklet Ch Hk 10.2005 16613 16618 1661014060M 16600,40.0,EUR,Gebraucht,Privat,2026-06-03,3. Jun 2026,1,12.0,0,1,"Preisvorschlag akzeptiert +EUR 12,00 Lieferung  Italien Ähnliche aktive Angebote ansehen Solch einen Artikel verkaufen",caronda 100% positiv (1.037),https://www.ebay.de/itm/168422259234,ebay_sold_p7.html
127884820930,Rolex Datejust 41 Ersatzglied Glied Link Stahl Steel Gelbgold Yellowgold 126333,279.0,EUR,Neu (Sonstige),Privat,2026-06-03,3. Jun 2026,1,6.19,0,1,,feroo38 100% positiv (105),https://www.ebay.de/itm/127884820930,ebay_sold_p7.html
186669444013,ROLEX ERSATZGLIED GLIED LINK JUBILEE STAHL POLIERT 15MM EDELSTAHL RAR VINTAGE,79.0,EUR,Gebraucht,Gewerblich,2026-06-03,3. Jun 2026,1,0.0,1,1,,"uhrenatelier-halle-gmbh 99,7% positiv (9.146)",https://www.ebay.de/itm/186669444013,ebay_sold_p7.html
116336524683,GENERIC 25-145 Plexiglas kompatibel für ROLEX Ref. 15000 15010 15053 15505...,20.0,EUR,Gebraucht,Gewerblich,2026-06-03,3. Jun 2026,1,19.0,0,0,"Sofort-Kaufen +EUR 19,00 Lieferung  Italien Ähnliche aktive Angebote ansehen Solch einen Artikel verkaufen","fornitura_boccacci 99,9% positiv (4.089)",https://www.ebay.de/itm/116336524683,ebay_sold_p7.html
277756925305,NEU Rolex Daytona 116503 116508 116518 116523 Quadrante Nero Chroma Blister,2388.0,EUR,Neu,Gewerblich,2026-06-03,3. Jun 2026,1,25.0,0,0,"Sofort-Kaufen +EUR 25,00 Lieferung  Italien Ähnliche aktive Angebote ansehen Solch einen Artikel verkaufen",millerighetime_by_arriwatch 100% positiv (913),https://www.ebay.de/itm/277756925305,ebay_sold_p7.html
380136402490,10 Federstege für Rolex Datejust 116203 116234 Daytona 114270 116203 GMT 16710,22.93,EUR,Neu (Sonstige),Gewerblich,2026-06-03,3. Jun 2026,1,3.07,0,0,"Sofort-Kaufen +EUR 3,07 Lieferung  Vereinigte Staaten von Amerika Ähnliche aktive Angebote ansehen Solch einen Artikel verkaufen","outletgoods 99,7% positiv (43.412)",https://www.ebay.de/itm/380136402490,ebay_sold_p7.html
387396506913,Edelstahl Lünetten Rahmen Set kompatibel Rolex Submariner 116610,90.0,EUR,Neu (Sonstige),Gewerblich,2026-06-03,3. Jun 2026,1,5.0,0,1,,"sekowatchworld 99,1% positiv (1.120)",https://www.ebay.de/itm/387396506913,ebay_sold_p7.html
277833439428,Rolex Kunststoffglas Plexiglas 25-135 mit DATUM Top Qualität,38.0,EUR,Neu,Gewerblich,2026-06-03,3. Jun 2026,1,25.0,0,0,"Sofort-Kaufen +EUR 25,00 Lieferung  Italien Ähnliche aktive Angebote ansehen Solch einen Artikel verkaufen",millerighetime_by_arriwatch 100% positiv (913),https://www.ebay.de/itm/277833439428,ebay_sold_p7.html
116553175474,"ROLEX 3135 Datumsrad Cod. 3135-625 Kaliber: 3135, 3136 (TOP ZUSTAND)",48.0,EUR,Gebraucht,Gewerblich,2026-06-03,3. Jun 2026,1,19.0,0,0,"Sofort-Kaufen +EUR 19,00 Lieferung  Italien Ähnliche aktive Angebote ansehen Solch einen Artikel verkaufen","fornitura_boccacci 99,9% positiv (4.089)",https://www.ebay.de/itm/116553175474,ebay_sold_p7.html
275975533038,BRANDNEU Rolex 32-20684 GMT Bracelet Link Oyster 78360 78790 Original Trikot,128.0,EUR,REFERENZEN MODELLLISTE IN BESCHREIBUNG,,2026-06-03,3. Jun 2026,1,25.0,0,1,"oder Preisvorschlag +EUR 25,00 Lieferung  Italien Ähnliche aktive Angebote ansehen Solch einen Artikel verkaufen",millerighetime_by_arriwatch 100% positiv (913),https://www.ebay.de/itm/275975533038,ebay_sold_p7.html
389725616644,"Rolex Unruhwelle rund 5077 12"" 1530",24.6,EUR,Neu (Sonstige),Privat,2026-06-03,3. Jun 2026,1,9.9,0,0,"Sofort-Kaufen +EUR 9,90 Lieferung  Italien Ähnliche aktive Angebote ansehen Solch einen Artikel verkaufen",vacc-6985 100% positiv (120),https://www.ebay.de/itm/389725616644,ebay_sold_p7.html
178110939480,Rolex Explorer - Reklame Werbeanzeige Original-Werbung 1967,17.95,EUR,Gebraucht,Privat,2026-06-03,3. Jun 2026,1,1.95,0,0,,"jaydee01 99,5% positiv (7.025)",https://www.ebay.de/itm/178110939480,ebay_sold_p7.html
800014734392,Rolex 25-295C2 Saphirglas Sapphire Crystal Old Model 16610 | 16710 Original,499.0,EUR,Neu,Gewerblich,2026-06-03,3. Jun 2026,1,21.0,0,1,"oder Preisvorschlag +EUR 21,00 Lieferung  Italien Letzter Artikel Ähnliche aktive Angebote ansehen Solch einen Artikel verkaufen",only_quality_stuff_new2026 100% positiv (48),https://www.ebay.de/itm/800014734392,ebay_sold_p7.html
236725902587,Rolex grünes Zifferblatt für Oyster Perpetual 41mm Modell Ref 124300,1500.0,EUR,Gebraucht,Gewerblich,2026-06-02,2. Jun 2026,1,49.0,0,1,"oder Preisvorschlag +EUR 49,00 Lieferung  Frankreich Ähnliche aktive Angebote ansehen Solch einen Artikel verkaufen",spareswatch 100% positiv (556),https://www.ebay.de/itm/236725902587,ebay_sold_p7.html
116382743586,ROLEX 3130 Brücke der Ladevorrichtung Cod. 3130-130 (Radbrücke C...,79.0,EUR,Gebraucht,Gewerblich,2026-06-03,3. Jun 2026,1,19.0,0,0,"Sofort-Kaufen +EUR 19,00 Lieferung  Italien Ähnliche aktive Angebote ansehen Solch einen Artikel verkaufen","fornitura_boccacci 99,9% positiv (4.089)",https://www.ebay.de/itm/116382743586,ebay_sold_p7.html
404394847936,ORIGINAL ROLEX 1225 7560 CLICK SPRING KLINKE FEDER  1210 1220 1200 1215 PART,29.0,EUR,Gebraucht,Gewerblich,2026-06-03,3. Jun 2026,1,6.95,0,0,,state_of_time 100% positiv (3.803),https://www.ebay.de/itm/404394847936,ebay_sold_p7.html
327187417283,Rolex Passion New Guido Mondani - Rolex 2017,280.0,EUR,Neu (Sonstige),Privat,2026-06-03,3. Jun 2026,1,1.0,0,0,"1 Gebot +EUR 80,00 Lieferung  Italien Ähnliche aktive Angebote ansehen Solch einen Artikel verkaufen","tapiokina 97,9% positiv (759)",https://www.ebay.de/itm/327187417283,ebay_sold_p7.html
205860781184,ROLEX MANUAL BOOKLET GMT-MASTER VERSION 1989 VINTAGE RAR DEUTSCH,199.0,EUR,Gebraucht,Gewerblich,2026-06-03,3. Jun 2026,1,0.0,1,1,,"luxus-freund24 99,5% positiv (41.881)",https://www.ebay.de/itm/205860781184,ebay_sold_p7.html
203160614262,Rolex Cal.2230/2235 Ref.231 Ersatzteil,55.0,EUR,Neu (Sonstige),Gewerblich,2026-06-03,3. Jun 2026,1,18.0,0,0,"Sofort-Kaufen +EUR 18,00 Lieferung  Italien Ähnliche aktive Angebote ansehen Solch einen Artikel verkaufen",combattiamolacrisi 100% positiv (8.907),https://www.ebay.de/itm/203160614262,ebay_sold_p7.html
187329039954,ROLEX 1600-1850 Schraube für Einstellhebel / Vite Del Tiretto Rolex 1600 1850 Swiss,20.0,EUR,Neu,Gewerblich,2026-06-03,3. Jun 2026,1,13.0,0,0,"Sofort-Kaufen +EUR 13,00 Lieferung  Italien Ähnliche aktive Angebote ansehen Solch einen Artikel verkaufen","watchparts-italy 99,5% positiv (3.454)",https://www.ebay.de/itm/187329039954,ebay_sold_p7.html
205327487883,Rolex Daytona Chronograph Zeiger Set 6263 6265 6241 6239 Stunde nicht perfekt,3099.0,EUR,Gebraucht,Gewerblich,2026-06-03,3. Jun 2026,1,29.0,0,1,"oder Preisvorschlag +EUR 29,00 Lieferung  Italien Ähnliche aktive Angebote ansehen Solch einen Artikel verkaufen",watchmydial 100% positiv (460),https://www.ebay.de/itm/205327487883,ebay_sold_p7.html
311376333296,MASSANFERTIGUNG ARMBAND ENDGLIED FÜR ROLEX DAYTONA 16520 116520 16518 116509 116519 GLÄNZEND,57.28,EUR,Neu,Gewerblich,2026-06-03,3. Jun 2026,1,10.42,0,0,"Sofort-Kaufen +EUR 10,42 Lieferung  Vereinigte Staaten von Amerika Ähnliche aktive Angebote ansehen Solch einen Artikel verkaufen","ewatchparts 99,9% positiv (225.086)",https://www.ebay.de/itm/311376333296,ebay_sold_p7.html
277965637530,Rolex GMT 1675 blank warranty,650.0,EUR,Neu (Sonstige),Privat,2026-06-03,3. Jun 2026,1,10.0,0,1,"oder Preisvorschlag +EUR 10,00 Lieferung  Spanien Ähnliche aktive Angebote ansehen Solch einen Artikel verkaufen",sarsisa 100% positiv (630),https://www.ebay.de/itm/277965637530,ebay_sold_p7.html
198035478258,Rolex 24-702-0 Krone 5513 1680 6263 Original Nr.s. vintage im daytona blister,430.0,EUR,Neu,Gewerblich,2026-06-03,3. Jun 2026,1,0.0,1,1,"oder Preisvorschlag +EUR 12,00 Lieferung  Italien Kostenloser Rückversand Ähnliche aktive Angebote ansehen Solch einen Artikel verkaufen","sebi_1611 99,8% positiv (1.567)",https://www.ebay.de/itm/198035478258,ebay_sold_p7.html
404524920777,#933 NEU ROLEX 26 PROTEKTOR 36mm DATEJUST SCHUTZ BEZEL PROTECTOR 116200 116234,22.99,EUR,Gebraucht,Gewerblich,2026-06-03,3. Jun 2026,1,6.95,0,0,,state_of_time 100% positiv (3.803),https://www.ebay.de/itm/404524920777,ebay_sold_p7.html
336526940885,Rolex 31mm Eigener Weiß Mop Diamant Zifferblatt für Datejust/Präsidenten Uhren,351.24,EUR,Gebraucht,Gewerblich,2026-04-26,26. Apr 2026,1,0.0,1,0,Sofort-Kaufen Gratis Lieferung  Vereinigte Staaten von Amerika Ähnliche aktive Angebote ansehen Solch einen Artikel verkaufen,"goldumnyc 99,3% positiv (40.762)",https://www.ebay.de/itm/336526940885,ebay_sold_p7.html
404686571145,#1064 ORIGINAL ROLEX 4130 ZEIGER STAHL HAND SEKUNDENZEIGER STOP HAND CHRONOGRAPH,117.29,EUR,Gebraucht,Gewerblich,2026-06-03,3. Jun 2026,1,6.95,0,0,,state_of_time 100% positiv (3.803),https://www.ebay.de/itm/404686571145,ebay_sold_p7.html
404686573915,#1064 ORIGINAL ROLEX 4130 ZEIGER STAHL HAND TOTALISATOR STOP HAND CHRONOGRAPH,156.39,EUR,Gebraucht,Gewerblich,2026-06-03,3. Jun 2026,1,6.95,0,0,,state_of_time 100% positiv (3.803),https://www.ebay.de/itm/404686573915,ebay_sold_p7.html
306840384579,ROLEX Datejust 16200 16220 36 mm Lünette Bezel Engine Turned f Saphirglas Steel,179.0,EUR,Gebraucht,Gewerblich,2026-06-02,2. Jun 2026,1,7.0,0,0,,luxini_hamburg 100% positiv (3.973),https://www.ebay.de/itm/306840384579,ebay_sold_p7.html
204606711364,Rolex Zeiger Set Precision 6694 cremefarben 34mm Stahl Vintage Uhr,449.0,EUR,Gebraucht,Gewerblich,2026-06-02,2. Jun 2026,1,29.0,0,1,"oder Preisvorschlag +EUR 29,00 Lieferung  Italien Ähnliche aktive Angebote ansehen Solch einen Artikel verkaufen",watchmydial 100% positiv (460),https://www.ebay.de/itm/204606711364,ebay_sold_p7.html
198382187075,Rolex 2360 Gehäuseboden Original Gehäuseboden Für Rolex Submariner 116610 114060 126610,380.0,EUR,Neu (Sonstige),Privat,2026-06-02,2. Jun 2026,1,10.0,0,0,"10 Gebote +EUR 19,00 Lieferung  Italien Ähnliche aktive Angebote ansehen Solch einen Artikel verkaufen",thecostantino2012 100% positiv (230),https://www.ebay.de/itm/198382187075,ebay_sold_p7.html
170871777026,3 SATZ ENDGLIED STÜCK FÜR VINTAGE ROLEX OYSTER UHRENARMBAND 93150 EDELSTAHL,78.13,EUR,Neu,Gewerblich,2026-06-02,2. Jun 2026,1,10.42,0,0,"Sofort-Kaufen +EUR 10,42 Lieferung  Vereinigte Staaten von Amerika Ähnliche aktive Angebote ansehen Solch einen Artikel verkaufen","ewatchparts 99,9% positiv (225.086)",https://www.ebay.de/itm/170871777026,ebay_sold_p7.html
277715800873,NEU Rolex 2235-220 Original Streifen im Blister,88.0,EUR,Neu,Gewerblich,2026-06-02,2. Jun 2026,1,25.0,0,0,"Sofort-Kaufen +EUR 25,00 Lieferung  Italien Ähnliche aktive Angebote ansehen Solch einen Artikel verkaufen",millerighetime_by_arriwatch 100% positiv (913),https://www.ebay.de/itm/277715800873,ebay_sold_p7.html
173373126368,Lünetten Rastfeder kompatibel zu Rolex Submariner und GMT Master II,24.95,EUR,Neu,Gewerblich,2026-06-02,2. Jun 2026,1,0.0,1,0,,watchparts24 100% positiv (71.339),https://www.ebay.de/itm/173373126368,ebay_sold_p7.html
236818232348,Rolex NOS Sealed Pepsi Insert For Gmt Master Model Ref 1675 & 16750,599.0,EUR,Gebraucht,Gewerblich,2026-06-02,2. Jun 2026,1,49.0,0,1,"oder Preisvorschlag +EUR 49,00 Lieferung  Frankreich Ähnliche aktive Angebote ansehen Solch einen Artikel verkaufen",spareswatch 100% positiv (556),https://www.ebay.de/itm/236818232348,ebay_sold_p7.html
186237161073,ROLEX 3135 9571 Rubin Unterer Rotor KOMPATIBEL swiss Jewel for rotor lower,22.0,EUR,Neu,Gewerblich,2026-06-02,2. Jun 2026,1,13.0,0,0,"Sofort-Kaufen +EUR 13,00 Lieferung  Italien Ähnliche aktive Angebote ansehen Solch einen Artikel verkaufen","watchparts-italy 99,5% positiv (3.454)",https://www.ebay.de/itm/186237161073,ebay_sold_p7.html
397988178357,"rolex 3130 / 3135 generic ratchet wheel, part no. 3135-305",29.0,EUR,Neu (Sonstige),Privat,2026-06-02,2. Jun 2026,1,3.0,0,0,"Sofort-Kaufen +EUR 3,00 Lieferung  Zypern Ähnliche aktive Angebote ansehen Solch einen Artikel verkaufen",watchgears2 100% positiv (56),https://www.ebay.de/itm/397988178357,ebay_sold_p7.html
167298405256,ACHSE OSZILLIERENDE OSZILLIERENDE GEWICHTSACHSE ROLEX 2230 2235 2231 Ref. 568 1496,39.0,EUR,Neu (Sonstige),Gewerblich,2026-06-02,2. Jun 2026,1,6.0,0,0,"Sofort-Kaufen +EUR 6,00 Lieferung  Frankreich Ähnliche aktive Angebote ansehen Solch einen Artikel verkaufen",ocoeurdutemps 100% positiv (12.322),https://www.ebay.de/itm/167298405256,ebay_sold_p7.html
267248045165,Rolex Tropical Faded Sigma Zifferblatt für OP Datejust 36 mm 1600 | 1601 | 1603,1490.0,EUR,Gebraucht,Gewerblich,2026-05-10,10. Mai 2026,1,0.0,1,1,,jmpwatchesmunich 100% positiv (38),https://www.ebay.de/itm/267248045165,ebay_sold_p7.html
267248049064,Rolex Zifferblatt (Matte Service Dial) für GMT 1675 Tritium,1390.0,EUR,Gebraucht,Gewerblich,2026-04-14,14. Apr 2026,1,0.0,1,1,,jmpwatchesmunich 100% positiv (38),https://www.ebay.de/itm/267248049064,ebay_sold_p7.html
267647422926,Rolex near NOS Baguette Ice Blue Zifferblatt für Cosmograph Daytona 116506,8900.0,EUR,Neu,Gewerblich,2026-05-07,7. Mai 2026,1,0.0,1,1,,jmpwatchesmunich 100% positiv (38),https://www.ebay.de/itm/267647422926,ebay_sold_p7.html
196181067937,ROLEX Federsatz Unruhfeder 1520 1530 1560 1570 1580 Teil 7825,40.64,EUR,Neu (Sonstige),Gewerblich,2026-06-02,2. Jun 2026,1,0.0,1,0,Sofort-Kaufen Gratis Lieferung  Frankreich Ähnliche aktive Angebote ansehen Solch einen Artikel verkaufen,ocoeurdutemps 100% positiv (12.322),https://www.ebay.de/itm/196181067937,ebay_sold_p7.html
336578918261,Balance Staff X3 Rolex 1220 7631,125.0,EUR,Neu,Privat,2026-06-02,2. Jun 2026,1,25.0,0,1,"oder Preisvorschlag +EUR 25,00 Lieferung  Frankreich Ähnliche aktive Angebote ansehen Solch einen Artikel verkaufen",trit42 100% positiv (1.635),https://www.ebay.de/itm/336578918261,ebay_sold_p7.html
358528726297,Rolex GMT Master 2 16713/16718/16753/16758 Eye of the Tiger Dial Brown Luminova,950.0,EUR,Gebraucht,Gewerblich,2026-06-02,2. Jun 2026,1,19.0,0,1,,luxewatchesgermany 100% positiv (92),https://www.ebay.de/itm/358528726297,ebay_sold_p7.html
357682821447,Rolex Submariner 1680 Red MK8 Dial,4900.0,EUR,Gebraucht,Gewerblich,2026-06-02,2. Jun 2026,1,19.0,0,1,,luxewatchesgermany 100% positiv (92),https://www.ebay.de/itm/357682821447,ebay_sold_p7.html
277720616349,NEU Rolex 2230-568 Achse der oszillierenden Masse Original im Blister,68.0,EUR,Neu,Gewerblich,2026-06-02,2. Jun 2026,1,25.0,0,0,"Sofort-Kaufen +EUR 25,00 Lieferung  Italien Ähnliche aktive Angebote ansehen Solch einen Artikel verkaufen",millerighetime_by_arriwatch 100% positiv (913),https://www.ebay.de/itm/277720616349,ebay_sold_p7.html
364239579185,ROLEX ANKER ANCHOR 300M 1000 FEETS VINTAGE RAR 2,199.0,EUR,Gebraucht,Gewerblich,2026-06-02,2. Jun 2026,1,0.0,1,1,,"luxus-freund24 99,5% positiv (41.881)",https://www.ebay.de/itm/364239579185,ebay_sold_p7.html
206225971775,Rolex Day-Date Zifferblatt Gold mit römischen Ziffern und Datumsanzeige,250.0,EUR,Gebraucht,Privat,2026-06-02,2. Jun 2026,1,6.19,0,1,,wantward 100% positiv (96),https://www.ebay.de/itm/206225971775,ebay_sold_p7.html
357682819452,Rolex Oyster Perpetual Date Silver Swiss Only Dial 1500/1501/1503/1508,400.0,EUR,Gebraucht,Gewerblich,2026-06-02,2. Jun 2026,1,19.0,0,1,,luxewatchesgermany 100% positiv (92),https://www.ebay.de/itm/357682819452,ebay_sold_p7.html
175604857489,"Acryl Ersatzglas kompatibel Rolex  Oyster Perpetual Medium, Speedking 6745, 6751",39.95,EUR,Neu,Gewerblich,2026-06-02,2. Jun 2026,1,0.0,1,0,,watchparts24 100% positiv (71.339),https://www.ebay.de/itm/175604857489,ebay_sold_p7.html
377184455046,Rolex Oyster 78790 GMT Armband '96/97 + 501B END Links,590.0,EUR,Gebraucht,Privat,2026-06-02,2. Jun 2026,1,35.0,0,0,"Sofort-Kaufen +EUR 35,00 Lieferung  Italien Ähnliche aktive Angebote ansehen Solch einen Artikel verkaufen",eleobagl0 100% positiv (7),https://www.ebay.de/itm/377184455046,ebay_sold_p7.html
168384016583,"Rolex  Band bracelett 78350 , code A",550.0,EUR,Gebraucht,Privat,2026-06-02,2. Jun 2026,1,6.19,0,0,,aktuell2051 100% positiv (184),https://www.ebay.de/itm/168384016583,ebay_sold_p7.html
186164897223,rolex 'your rolex oyster' booklet livret 579.56 USA - 60 - 3.1998 (in english),21.0,EUR,Gebraucht,Privat,2026-06-02,2. Jun 2026,1,7.65,0,1,"Preisvorschlag akzeptiert +EUR 7,65 Lieferung  Frankreich Ähnliche aktive Angebote ansehen Solch einen Artikel verkaufen",lipton1_fr 100% positiv (617),https://www.ebay.de/itm/186164897223,ebay_sold_p7.html
117227541474,Rolex Chronometre Uhrwerk mit Zifferblatt.Ref.6744 Cal.2030.Wasserschaden,189.0,EUR,Gebraucht,Gewerblich,2026-06-02,2. Jun 2026,1,7.0,0,1,,colortime58 100% positiv (4.794),https://www.ebay.de/itm/117227541474,ebay_sold_p7.html
286977519836,ROLEX PRÄSIDENT ARMBAND ERSATZGLIED GLIED LINK 10MM 18K 750 GOLD,200.0,EUR,Gebraucht,Privat,2026-06-02,2. Jun 2026,1,5.19,0,1,,rock.chick 100% positiv (1.044),https://www.ebay.de/itm/286977519836,ebay_sold_p7.html
236840842834,"Rolex DateJust Schraubkrone 6mm Röhre 2,1mn",25.0,EUR,Gebraucht,Privat,2026-06-02,2. Jun 2026,1,1.0,0,1,"1 Gebot Preisvorschlag akzeptiert +EUR 25,00 Lieferung  Italien Ähnliche aktive Angebote ansehen Solch einen Artikel verkaufen",gipsytime 100% positiv (138),https://www.ebay.de/itm/236840842834,ebay_sold_p7.html
306812050905,ROLEX GMT 1675 Sekundenzeiger GOLD Second Hand cal 1575 Tritium original,153.0,EUR,Gebraucht,Gewerblich,2026-06-02,2. Jun 2026,1,7.0,0,1,,luxini_hamburg 100% positiv (3.973),https://www.ebay.de/itm/306812050905,ebay_sold_p7.html
394590093341,Rolex 6508 Verre - Glas 25-3 - Verlux,28.75,EUR,Gebraucht,Gewerblich,2026-06-02,2. Jun 2026,1,9.0,0,0,"Sofort-Kaufen +EUR 9,00 Lieferung  Frankreich Ähnliche aktive Angebote ansehen Solch einen Artikel verkaufen","manz15 99,5% positiv (8.231)",https://www.ebay.de/itm/394590093341,ebay_sold_p7.html
277058366699,NEW Rolex 24-6330-0-2 Röhre x Krone Stahl Neu im Blister,88.0,EUR,Genuine Brand New Blister - Neu im Original Blister,,2026-06-02,2. Jun 2026,1,25.0,0,1,"oder Preisvorschlag +EUR 25,00 Lieferung  Italien Ähnliche aktive Angebote ansehen Solch einen Artikel verkaufen",millerighetime_by_arriwatch 100% positiv (913),https://www.ebay.de/itm/277058366699,ebay_sold_p7.html
277715567032,NEU Rolex 2130-340 Third Median Wheel Original im Blister,68.0,EUR,Neu,Gewerblich,2026-06-02,2. Jun 2026,1,25.0,0,0,"Sofort-Kaufen +EUR 25,00 Lieferung  Italien Ähnliche aktive Angebote ansehen Solch einen Artikel verkaufen",millerighetime_by_arriwatch 100% positiv (913),https://www.ebay.de/itm/277715567032,ebay_sold_p7.html
276152249522,NEU Rolex 24-604-8 Original Krone 18K Gelbgold Day-Date Datejust GMT 116x 118x,328.0,EUR,BRAND NEW PACKED - NEU IM ORIGINAL BLISTER,,2026-06-02,2. Jun 2026,1,25.0,0,1,"oder Preisvorschlag +EUR 25,00 Lieferung  Italien Ähnliche aktive Angebote ansehen Solch einen Artikel verkaufen",millerighetime_by_arriwatch 100% positiv (913),https://www.ebay.de/itm/276152249522,ebay_sold_p7.html
135683272280,Genuine Factory Rolex 2235- 625 Date Wheel   (RO 625),40.0,EUR,Neu (Sonstige),Gewerblich,2026-06-02,2. Jun 2026,1,5.0,0,0,,www-kimiatime-de 100% positiv (3.939),https://www.ebay.de/itm/135683272280,ebay_sold_p7.html
276815520566,NEW Rolex 3135-5110 Brückenschraube Neu im Blister x1pc,18.0,EUR,BRAND NEW PACKED - ORIGINAL NEU IM BLISTER,,2026-06-02,2. Jun 2026,1,25.0,0,0,"Sofort-Kaufen +EUR 25,00 Lieferung  Italien Ähnliche aktive Angebote ansehen Solch einen Artikel verkaufen",millerighetime_by_arriwatch 100% positiv (913),https://www.ebay.de/itm/276815520566,ebay_sold_p7.html
172250368394,Keramik Lünetten-Inlay schwarz kompatibel zu Rolex GMT-Master,79.95,EUR,Neu,Gewerblich,2026-06-02,2. Jun 2026,1,0.0,1,0,,watchparts24 100% positiv (71.339),https://www.ebay.de/itm/172250368394,ebay_sold_p7.html
170821537343,"DICHTUNG SAPHIRGLAS FÜR ROLEX DATEJUST 25-295, 25-295C, 295C2 HÖHE 2,5",15.58,EUR,Neu,Gewerblich,2026-06-02,2. Jun 2026,1,6.25,0,0,"Sofort-Kaufen +EUR 6,25 Lieferung  Vereinigte Staaten von Amerika Ähnliche aktive Angebote ansehen Solch einen Artikel verkaufen","ewatchparts 99,9% positiv (225.086)",https://www.ebay.de/itm/170821537343,ebay_sold_p7.html
310127717420,3. Rad passend für Rolex 1530 1556 1570 7831,46.91,EUR,Neu,Gewerblich,2026-06-02,2. Jun 2026,1,14.0,0,0,"Sofort-Kaufen +EUR 14,00 Lieferung  Vereinigte Staaten von Amerika Ähnliche aktive Angebote ansehen Solch einen Artikel verkaufen","watchpartusa 99,8% positiv (44.143)",https://www.ebay.de/itm/310127717420,ebay_sold_p7.html
204132821896,"Rolex 3135-135 Lower Bridge, Movement Genuine Watch Parts new (R310)",50.0,EUR,Neu (Sonstige),Gewerblich,2026-06-02,2. Jun 2026,1,5.0,0,0,,kian-werke 100% positiv (7.720),https://www.ebay.de/itm/204132821896,ebay_sold_p7.html
116092535633,"ROLEX 3135 Nockenwaage Auslöser Datum Cod.633 Calib: 3130, 3135, 3155, 3...",50.0,EUR,Gebraucht,Gewerblich,2026-06-01,1. Jun 2026,1,19.0,0,0,"Sofort-Kaufen +EUR 19,00 Lieferung  Italien Ähnliche aktive Angebote ansehen Solch einen Artikel verkaufen","fornitura_boccacci 99,9% positiv (4.089)",https://www.ebay.de/itm/116092535633,ebay_sold_p7.html
396365668471,Folleto Booklet - ROLEX Datejust - Relojes Watches - Español,55.0,EUR,Gebraucht,Gewerblich,2026-06-01,1. Jun 2026,1,16.95,0,1,"oder Preisvorschlag +EUR 16,95 Lieferung  Spanien Letzter Artikel Ähnliche aktive Angebote ansehen Solch einen Artikel verkaufen",househut 100% positiv (264),https://www.ebay.de/itm/396365668471,ebay_sold_p7.html
316489326921,Rolex Submariner / Submariner Date Booklet Set 4 Teilig  - englisch von 4.2016 -,195.0,EUR,Gebraucht,Gewerblich,2026-06-01,1. Jun 2026,1,0.0,1,1,,blackpen4810 100% positiv (9.414),https://www.ebay.de/itm/316489326921,ebay_sold_p7.html
160626673329,SAPHIR UHRENGLAS FÜR 36MM ROLEX PERPETUAL DATEJUST + DICHTUNG 16008.16233 TQ,31.22,EUR,Neu,Gewerblich,2026-06-01,1. Jun 2026,1,10.42,0,0,"Sofort-Kaufen +EUR 10,42 Lieferung  Vereinigte Staaten von Amerika Ähnliche aktive Angebote ansehen Solch einen Artikel verkaufen","ewatchparts 99,9% positiv (225.086)",https://www.ebay.de/itm/160626673329,ebay_sold_p7.html
267673420117,Rolex Jubilee 20mm Gold Stahl 14K USA Datejust GMT 36mm Armband ORIGINAL,1190.0,EUR,Gebraucht,Privat,2026-06-01,1. Jun 2026,1,25.0,0,1,"Preisvorschlag akzeptiert +EUR 25,00 Lieferung  Italien Ähnliche aktive Angebote ansehen Solch einen Artikel verkaufen",fabiovr86 100% positiv (318),https://www.ebay.de/itm/267673420117,ebay_sold_p7.html
168335598176,Buch book Oyster Perpetual Datejust - A Watch that Made History -,149.0,EUR,Neu,Gewerblich,2026-06-01,1. Jun 2026,1,0.0,1,0,,uhrenaterl 100% positiv (1.326),https://www.ebay.de/itm/168335598176,ebay_sold_p7.html
197369016975,Rolex Cal.3035 Ref.5016,120.0,EUR,Neu (Sonstige),Gewerblich,2026-06-01,1. Jun 2026,1,18.0,0,0,"Sofort-Kaufen +EUR 18,00 Lieferung  Italien Letzter Artikel Ähnliche aktive Angebote ansehen Solch einen Artikel verkaufen",combattiamolacrisi 100% positiv (8.907),https://www.ebay.de/itm/197369016975,ebay_sold_p7.html
397367820881,ROLEX ARMBANDUHREN Book - Guido Mondani 1998 - Watches Collectors,200.0,EUR,Gebraucht,Privat,2026-06-01,1. Jun 2026,1,48.0,0,1,"oder Preisvorschlag +EUR 48,00 Lieferung  Italien Ähnliche aktive Angebote ansehen Solch einen Artikel verkaufen","dacampo 92,9% positiv (48)",https://www.ebay.de/itm/397367820881,ebay_sold_p7.html
356633188878,Rolex Submariner 16610 Ringeinsatz Bezel Insert,199.0,EUR,Gebraucht,Privat,2026-06-01,1. Jun 2026,1,30.0,0,1,"oder Preisvorschlag +EUR 30,00 Lieferung  Italien Letzter Artikel Ähnliche aktive Angebote ansehen Solch einen Artikel verkaufen",bancodeipugni 100% positiv (63),https://www.ebay.de/itm/356633188878,ebay_sold_p7.html
277718346303,NEU Rolex 2236-315 Original Lauf im Blister,168.0,EUR,Neu,Gewerblich,2026-06-01,1. Jun 2026,1,25.0,0,0,"Sofort-Kaufen +EUR 25,00 Lieferung  Italien Ähnliche aktive Angebote ansehen Solch einen Artikel verkaufen",millerighetime_by_arriwatch 100% positiv (913),https://www.ebay.de/itm/277718346303,ebay_sold_p7.html
304742112754,ROLEX Datejust Jubilee Armband Glied Stahl Bracelet link Steel 15.5 mm original,65.0,EUR,Gebraucht,Gewerblich,2026-06-01,1. Jun 2026,1,7.0,0,1,,luxini_hamburg 100% positiv (3.973),https://www.ebay.de/itm/304742112754,ebay_sold_p7.html
287260713270,Jaeger LeCoultre Zifferblatt Mystery Innen und Außen Neuwertig,80.0,EUR,Gebraucht,Privat,2026-06-01,1. Jun 2026,1,6.19,0,1,,w-noble 100% positiv (72),https://www.ebay.de/itm/287260713270,ebay_sold_p7.html
287260716412,Jaeger LeCoultre Memovox Zifferblatt  Innen und Außen Neuwertig,110.0,EUR,Neu (Sonstige),Privat,2026-06-01,1. Jun 2026,1,6.19,0,1,,w-noble 100% positiv (72),https://www.ebay.de/itm/287260716412,ebay_sold_p7.html
318211252265,Rolex Date Indicator 3055/5055-5134-1 Champagne Open 6 & 9,105.0,EUR,Gebraucht,Gewerblich,2026-05-29,29. Mai 2026,1,16.0,0,0,"Sofort-Kaufen +EUR 16,00 Lieferung  Spanien Ähnliche aktive Angebote ansehen Solch einen Artikel verkaufen","aswatches_parts 99,8% positiv (1.023)",https://www.ebay.de/itm/318211252265,ebay_sold_p7.html
358617406357,Rolex Datejust 16233/16013/16018/16238 Blue Roman Dial Luminova,420.0,EUR,Gebraucht,Gewerblich,2026-06-01,1. Jun 2026,1,19.0,0,1,,luxewatchesgermany 100% positiv (92),https://www.ebay.de/itm/358617406357,ebay_sold_p7.html
168281804664,Original Rolex Booklet Ch Hk 1.2007 Rolex Explorer 114270 16570 Chine Hong Kong,30.0,EUR,Gebraucht,Privat,2026-06-01,1. Jun 2026,1,14.0,0,0,"Sofort-Kaufen +EUR 14,00 Lieferung  Italien Ähnliche aktive Angebote ansehen Solch einen Artikel verkaufen",caronda 100% positiv (1.037),https://www.ebay.de/itm/168281804664,ebay_sold_p7.html
306963653069,Rolex 2030 4438 Schaft,20.0,EUR,Neu,Privat,2026-06-01,1. Jun 2026,1,10.0,0,1,"oder Preisvorschlag +EUR 10,00 Lieferung  Italien Ähnliche aktive Angebote ansehen Solch einen Artikel verkaufen","timelost 97,4% positiv (346)",https://www.ebay.de/itm/306963653069,ebay_sold_p7.html
127851372898,"Aufzugsstange für ROLEX 1200, 1210, 1215, 1220, 1225, 1230",12.0,EUR,Neu,Privat,2026-06-01,1. Jun 2026,1,6.0,0,0,"Sofort-Kaufen +EUR 6,00 Lieferung  Frankreich Ähnliche aktive Angebote ansehen Solch einen Artikel verkaufen",yatdun 100% positiv (297),https://www.ebay.de/itm/127851372898,ebay_sold_p7.html
167928949759,Original Rolex Submariner Booklet Ch Hk 10.2005 16613 16618 1661014060M 16600,40.0,EUR,Gebraucht,Privat,2026-06-01,1. Jun 2026,1,12.0,0,1,"Preisvorschlag akzeptiert +EUR 12,00 Lieferung  Italien Ähnliche aktive Angebote ansehen Solch einen Artikel verkaufen",caronda 100% positiv (1.037),https://www.ebay.de/itm/167928949759,ebay_sold_p7.html
177513218772,Rolex Datejust - WEMPE - Reklame Werbeanzeige Original-Werbung 1980,1.95,EUR,Gebraucht,Privat,2026-06-01,1. Jun 2026,1,1.95,0,0,,"jaydee01 99,5% positiv (7.025)",https://www.ebay.de/itm/177513218772,ebay_sold_p7.html
197798541971,"Original ROLEX GMT  Lünette 16710 blau / rot Pepsi , schöne Patina !",350.0,EUR,Gebraucht,Gewerblich,2026-06-01,1. Jun 2026,1,5.0,0,0,,"uhrenfachzentrum 99,6% positiv (1.645)",https://www.ebay.de/itm/197798541971,ebay_sold_p7.html
403973356537,NEW Original Rolex Silver Dial for Ref.115200 Date 34mm. Blister. Hand Set.,700.0,EUR,Neu (Sonstige),Gewerblich,2026-06-01,1. Jun 2026,1,20.0,0,0,"Sofort-Kaufen +EUR 20,00 Lieferung  Spanien Ähnliche aktive Angebote ansehen Solch einen Artikel verkaufen","17jewelswatches 97,1% positiv (256)",https://www.ebay.de/itm/403973356537,ebay_sold_p7.html
178154007033,ROLEX UHRWERK 1570,2200.0,EUR,Gebraucht,Privat,2026-06-01,1. Jun 2026,1,20.0,0,1,"Preisvorschlag akzeptiert +EUR 20,00 Lieferung  Italien Ähnliche aktive Angebote ansehen Solch einen Artikel verkaufen",caiapalm 100% positiv (406),https://www.ebay.de/itm/178154007033,ebay_sold_p7.html
126598935726,"ROLEX RARE 40s 50s 60s NOS 18k Yellow GOLD Original KRONE CROWN 4,4mm flat",249.0,EUR,Gebraucht,Gewerblich,2026-06-01,1. Jun 2026,1,5.9,0,1,,almawatches 100% positiv (3.677),https://www.ebay.de/itm/126598935726,ebay_sold_p7.html
163769372633,Stange Winding stem Aufzugwelle Antriebswelle ROLEX 1225 1220 NOS - SWISS MADE,4.9,EUR,Neu (Sonstige),Gewerblich,2026-06-01,1. Jun 2026,1,13.5,0,0,"Sofort-Kaufen +EUR 13,50 Lieferung  Italien Ähnliche aktive Angebote ansehen Solch einen Artikel verkaufen","sabaec 99,9% positiv (22.965)",https://www.ebay.de/itm/163769372633,ebay_sold_p7.html
157824277985,Rolex Daytona Cosmograph 116520 Zifferblatt Original Schwarz/Black,1199.0,EUR,Gebraucht,Gewerblich,2026-06-01,1. Jun 2026,1,7.99,0,1,,erbschaftantreten99 100% positiv (1.862),https://www.ebay.de/itm/157824277985,ebay_sold_p7.html
405065508662,#1302 ORIG. ROLEX 24-703-0 KRONE TUBUS CROWN STAHL OYSTER VINTAGE 7mm SUBMARINER,114.99,EUR,Gebraucht,Gewerblich,2026-06-01,1. Jun 2026,1,6.95,0,0,,state_of_time 100% positiv (3.803),https://www.ebay.de/itm/405065508662,ebay_sold_p7.html
136410628775,Vintage Rolex GMT-Master Red Blue Pepsi Faded Bezel Insert Inlay 1675 16750,600.0,EUR,Gebraucht,Privat,2026-06-01,1. Jun 2026,1,35.0,0,0,"Sofort-Kaufen +EUR 35,00 Lieferung  Dänemark Ähnliche aktive Angebote ansehen Solch einen Artikel verkaufen",odder1 100% positiv (671),https://www.ebay.de/itm/136410628775,ebay_sold_p7.html
267650490237,Rolex Submariner Booklet Set 6 Teilig  - englisch 1994 -,99.0,EUR,Gebraucht,Gewerblich,2026-06-01,1. Jun 2026,1,0.0,1,0,,blackpen4810 100% positiv (9.414),https://www.ebay.de/itm/267650490237,ebay_sold_p7.html
257441128710,Konvolut 6 Rolex Daytona 16520 116520 Lünette 100% ORIGINAL MK6,449.0,EUR,Gebraucht,Gewerblich,2026-06-01,1. Jun 2026,1,19.9,0,0,"Sofort-Kaufen +EUR 19,90 Lieferung  Italien Ähnliche aktive Angebote ansehen Solch einen Artikel verkaufen",il_tempo_dei_principi_srl 100% positiv (442),https://www.ebay.de/itm/257441128710,ebay_sold_p7.html
171209846552,UHRZEIGER FÜR HERREN 36MM ROLEX DATEJUST 16013 16014 16019 16233 16030 SILBER,26.01,EUR,Neu,Gewerblich,2026-05-31,31. Mai 2026,1,10.42,0,0,"Sofort-Kaufen +EUR 10,42 Lieferung  Vereinigte Staaten von Amerika Ähnliche aktive Angebote ansehen Solch einen Artikel verkaufen","ewatchparts 99,9% positiv (225.086)",https://www.ebay.de/itm/171209846552,ebay_sold_p7.html
236803323034,Gehäuseöffner Für Rolex Uhren Uhrmacherwerkzeug Sets Für Gerillte Gehäuseböden,13.76,EUR,Neu,Gewerblich,2026-05-31,31. Mai 2026,1,0.0,1,0,,"fadacai888-fortune01 98,9% positiv (653)",https://www.ebay.de/itm/236803323034,ebay_sold_p7.html
395846445499,Rolex 1530 - 7879 Vis de ratsche - Screw for click,11.5,EUR,Gebraucht,Gewerblich,2026-05-31,31. Mai 2026,1,9.0,0,0,"Sofort-Kaufen +EUR 9,00 Lieferung  Frankreich Letzter Artikel Ähnliche aktive Angebote ansehen Solch einen Artikel verkaufen","manz15 99,5% positiv (8.231)",https://www.ebay.de/itm/395846445499,ebay_sold_p7.html
127675609810,ROLEX CATALOGUE 2021-22 BOOK LIBRO SHOP STORE SPANISH CATÁLOGO ESPAÑOL NEW,29.9,EUR,Neu,Gewerblich,2026-05-31,31. Mai 2026,1,7.15,0,0,"Sofort-Kaufen +EUR 7,15 Lieferung  Spanien Ähnliche aktive Angebote ansehen Solch einen Artikel verkaufen",deluxemarketmadrid 100% positiv (1.739),https://www.ebay.de/itm/127675609810,ebay_sold_p7.html
127675679647,ROLEX CATALOGUE 2019-20 BOOK LIBRO SHOP STORE SPANISH CATÁLOGO ESPAÑOL NEW,29.9,EUR,Neu,Gewerblich,2026-05-31,31. Mai 2026,1,7.15,0,0,"Sofort-Kaufen +EUR 7,15 Lieferung  Spanien Ähnliche aktive Angebote ansehen Solch einen Artikel verkaufen",deluxemarketmadrid 100% positiv (1.739),https://www.ebay.de/itm/127675679647,ebay_sold_p7.html
206296620957,"*** 2023 / 11 *** ""Der Neuste"" **** ROLEX *** Uhren *** Magazin *** Katalog NEU",17.0,EUR,Neu,Privat,2026-05-31,31. Mai 2026,1,1.0,0,0,,dr.voraus70 100% positiv (102),https://www.ebay.de/itm/206296620957,ebay_sold_p7.html
384719294931,Lünette Bezel Inlay schwarz-gold kompatibel zu Rolex GMT Master # 16713,28.0,EUR,Neu (Sonstige),Gewerblich,2026-05-31,31. Mai 2026,1,5.0,0,0,,"sekowatchworld 99,1% positiv (1.120)",https://www.ebay.de/itm/384719294931,ebay_sold_p7.html
117213180143,Rolex Oyster Glied Armband Gold / Stahl [260564],43.5,EUR,Gebraucht,Gewerblich,2026-05-31,31. Mai 2026,1,4.0,0,0,,albbaron 100% positiv (3.396),https://www.ebay.de/itm/117213180143,ebay_sold_p7.html
117213178096,Rolex Oyster Krone Gold 24-600-8 [260563],25.5,EUR,Gebraucht,Gewerblich,2026-05-31,31. Mai 2026,1,4.0,0,0,,albbaron 100% positiv (3.396),https://www.ebay.de/itm/117213178096,ebay_sold_p7.html
117213176703,Rolex Oyster Glas 25-118 [260562],16.1,EUR,Gebraucht,Gewerblich,2026-05-31,31. Mai 2026,1,2.0,0,0,,albbaron 100% positiv (3.396),https://www.ebay.de/itm/117213176703,ebay_sold_p7.html
257536229692,Rolex Oyster Booklet Rolex Oyster,18.0,EUR,Gebraucht,Privat,2026-05-31,31. Mai 2026,1,1.0,0,1,"1 Gebot Preisvorschlag akzeptiert +EUR 60,00 Lieferung  Italien Ähnliche aktive Angebote ansehen Solch einen Artikel verkaufen","doriana.62 95,5% positiv (536)",https://www.ebay.de/itm/257536229692,ebay_sold_p7.html
205760070410,Disco data Rolex cal.2035 diam.mm.18,50.0,EUR,Gebraucht,Gewerblich,2026-05-31,31. Mai 2026,1,18.0,0,0,"Sofort-Kaufen +EUR 18,00 Lieferung  Italien Ähnliche aktive Angebote ansehen Solch einen Artikel verkaufen",combattiamolacrisi 100% positiv (8.907),https://www.ebay.de/itm/205760070410,ebay_sold_p7.html
117205027902,Rolex Automatic Uhrwerk für Armbanduhr ETA 2671 - 20 mm Schweiz ca. 1960,44.5,EUR,Gebraucht,Gewerblich,2026-05-31,31. Mai 2026,1,12.0,0,0,,"harz-uhr 99,7% positiv (16.962)",https://www.ebay.de/itm/117205027902,ebay_sold_p7.html
406705960404,Eslabones para pulseraJubille Rolex Lady-Datejust  62523D.18k,350.0,EUR,Neu (Sonstige),Privat,2026-05-31,31. Mai 2026,1,5.0,0,1,"oder Preisvorschlag +EUR 5,00 Lieferung  Spanien Ähnliche aktive Angebote ansehen Solch einen Artikel verkaufen",liusoko_0 100% positiv (3),https://www.ebay.de/itm/406705960404,ebay_sold_p7.html
257521611225,IBERMONEDA| Relojes. Máquina Rolex,33.5,EUR,Gebraucht,Gewerblich,2026-05-31,31. Mai 2026,1,11.0,0,0,"11 Gebote +EUR 8,25 Lieferung  Spanien Ähnliche aktive Angebote ansehen Solch einen Artikel verkaufen",ibermoneda 100% positiv (6.826),https://www.ebay.de/itm/257521611225,ebay_sold_p7.html
123760301518,"Stahlbügel 20mm Lochgehäuse Ø 2,00mm Rolex 10 Stück Submarine Sea Dweller",24.9,EUR,Neu,Gewerblich,2026-05-31,31. Mai 2026,1,10.0,0,0,"Sofort-Kaufen +EUR 10,00 Lieferung  Italien Ähnliche aktive Angebote ansehen Solch einen Artikel verkaufen","azario_1873 99,8% positiv (35.563)",https://www.ebay.de/itm/123760301518,ebay_sold_p7.html
205618605006,Plexi Glas Acrylic Crystal Cyclop Glass für Rolex Datejust 36 mm cal 1570 25-114,35.0,EUR,Neu (Sonstige),Gewerblich,2026-05-31,31. Mai 2026,1,7.0,0,0,,riohausgmbh 100% positiv (725),https://www.ebay.de/itm/205618605006,ebay_sold_p7.html
185554491049,ROLEX 1530 1570 - 7909 Rubin Stein Schwungmasse unten - Jewel Oscillating,16.0,EUR,Neu,Gewerblich,2026-05-31,31. Mai 2026,1,13.0,0,0,"Sofort-Kaufen +EUR 13,00 Lieferung  Italien Ähnliche aktive Angebote ansehen Solch einen Artikel verkaufen","watchparts-italy 99,5% positiv (3.454)",https://www.ebay.de/itm/185554491049,ebay_sold_p7.html
147340376524,Lünette Aluminium Einsatz GMT 1675 16710 2 Stück Eine Cola Eine Pepsi,20.0,EUR,Neu (Sonstige),Privat,2026-05-31,31. Mai 2026,1,6.0,0,0,"Sofort-Kaufen +EUR 6,00 Lieferung  Italien Ähnliche aktive Angebote ansehen Solch einen Artikel verkaufen",erreorologi-accessori-ricambi 100% positiv (36),https://www.ebay.de/itm/147340376524,ebay_sold_p7.html
147312334953,Rolex 3135-140 Automatik Top Bridge -für Cal. 3135 / 3130 - Original,55.3,EUR,Gebraucht,Privat,2026-05-31,31. Mai 2026,1,12.0,0,0,"Sofort-Kaufen +EUR 12,00 Lieferung  Italien Ähnliche aktive Angebote ansehen Solch einen Artikel verkaufen",aderaldo_time 100% positiv (1),https://www.ebay.de/itm/147312334953,ebay_sold_p7.html
206226053009,ROLEX Oyster Glied Bracelet Link Stahl Gold Steel Gold massiv 15.5 mm original,249.0,EUR,Gebraucht,Gewerblich,2026-05-31,31. Mai 2026,1,7.0,0,1,,riohausgmbh 100% positiv (725),https://www.ebay.de/itm/206226053009,ebay_sold_p7.html
306959590500,"Rolex Roman ""Hans Wilsdorf """,7.0,EUR,Neu (Sonstige),Privat,2026-05-31,31. Mai 2026,1,1.0,0,1,,"ha0231 99,4% positiv (2.146)",https://www.ebay.de/itm/306959590500,ebay_sold_p7.html
800049719337,ROLEX Stand Display Glas Display Vintage 80/90er Jahre,90.0,EUR,Gebraucht,Privat,2026-05-31,31. Mai 2026,1,1.0,0,1,"1 Gebot Preisvorschlag akzeptiert +EUR 20,00 Lieferung  Italien Ähnliche aktive Angebote ansehen Solch einen Artikel verkaufen",adres-florence 100% positiv (150),https://www.ebay.de/itm/800049719337,ebay_sold_p7.html
156824932449,Rolex 3135 3155 3175 3185 Technical Manual - Watchmaker Repair Service Guide,19.9,EUR,Neu,Privat,2026-05-31,31. Mai 2026,1,0.0,1,1,oder Preisvorschlag Gratis Lieferung  Frankreich Ähnliche aktive Angebote ansehen Solch einen Artikel verkaufen,joshua07g 100% positiv (155),https://www.ebay.de/itm/156824932449,ebay_sold_p7.html
287352220517,Original Rolex Jubilee Stahlband 6251H von Datejust 1603,599.0,EUR,Gebraucht,Privat,2026-05-31,31. Mai 2026,1,6.19,0,1,,wolfgangm6161 100% positiv (559),https://www.ebay.de/itm/287352220517,ebay_sold_p7.html
389974816422,Rolex Date Lady 26 Cal.2035 Full Movement Complete Movement 6917,1599.0,EUR,Gebraucht,Gewerblich,2026-05-31,31. Mai 2026,1,21.0,0,1,"oder Preisvorschlag +EUR 21,00 Lieferung  Italien Letzter Artikel Ähnliche aktive Angebote ansehen Solch einen Artikel verkaufen",only_quality_stuff_new2026 100% positiv (48),https://www.ebay.de/itm/389974816422,ebay_sold_p7.html
406692683649,"Rolex Kalender, verschiedene Jahre",25.0,EUR,Gebraucht,Privat,2026-05-31,31. Mai 2026,1,10.0,0,0,"Sofort-Kaufen +EUR 10,00 Lieferung  Italien Ähnliche aktive Angebote ansehen Solch einen Artikel verkaufen",cla-fine*shop* 100% positiv (178),https://www.ebay.de/itm/406692683649,ebay_sold_p7.html
406647750471,Rolex Übersetzungsheft verschiedene Jahre,20.0,EUR,Gebraucht,Privat,2026-05-31,31. Mai 2026,1,10.0,0,0,"Sofort-Kaufen +EUR 10,00 Lieferung  Italien Ähnliche aktive Angebote ansehen Solch einen Artikel verkaufen",cla-fine*shop* 100% positiv (178),https://www.ebay.de/itm/406647750471,ebay_sold_p7.html
277880752572,NEU Rolex 25-295 Original Saphirglas OLD MODEL NO LOGO Daytona 16520 16523,448.0,EUR,Neu,Gewerblich,2026-05-31,31. Mai 2026,1,25.0,0,0,"Sofort-Kaufen +EUR 25,00 Lieferung  Italien Ähnliche aktive Angebote ansehen Solch einen Artikel verkaufen",millerighetime_by_arriwatch 100% positiv (913),https://www.ebay.de/itm/277880752572,ebay_sold_p7.html
800034533166,"Rolex Magazine Ausgabe 5, 7, 8, 9, 10 als Bundle",50.0,EUR,Neu (Sonstige),Privat,2026-05-31,31. Mai 2026,1,7.69,0,1,,norddeutsch-0 100% positiv (16),https://www.ebay.de/itm/800034533166,ebay_sold_p7.html
406963328591,#2024 NEU / NOS ORIGINAL ROLEX 1600 1601 1603 ZEIGER SCHWARZ BUCKLEY BLACK HANDS,459.99,EUR,Gebraucht,Gewerblich,2026-05-31,31. Mai 2026,1,6.95,0,0,,state_of_time 100% positiv (3.803),https://www.ebay.de/itm/406963328591,ebay_sold_p7.html
298315509422,Rolex Explorer Carcasa Y Cristal,300.0,EUR,Gebraucht,Privat,2026-05-31,31. Mai 2026,1,35.0,0,1,"Preisvorschlag akzeptiert +EUR 35,00 Lieferung  Spanien Ähnliche aktive Angebote ansehen Solch einen Artikel verkaufen","arni.10 95,5% positiv (78)",https://www.ebay.de/itm/298315509422,ebay_sold_p7.html
224897756996,ENG 6.2005 Rolex Yacht Master Booklet Original Booklet,35.0,EUR,Neu (Sonstige),Privat,2026-05-31,31. Mai 2026,1,18.0,0,0,"Sofort-Kaufen +EUR 18,00 Lieferung  Italien Ähnliche aktive Angebote ansehen Solch einen Artikel verkaufen",watchbox70 100% positiv (190),https://www.ebay.de/itm/224897756996,ebay_sold_p7.html
204895655537,Rolex DayDate Day Date 18038 18238 36mm Tapestry Swiss Made Zifferblatt,1299.0,EUR,Gebraucht,Gewerblich,2026-05-31,31. Mai 2026,1,29.0,0,1,"oder Preisvorschlag +EUR 29,00 Lieferung  Italien Ähnliche aktive Angebote ansehen Solch einen Artikel verkaufen",watchmydial 100% positiv (460),https://www.ebay.de/itm/204895655537,ebay_sold_p7.html
318263829730,Watch Crown Tube Insert Remover für Rolex Rlx Tudr Case Tube mit 4 Spitzen,16.77,EUR,Neu,Gewerblich,2026-05-31,31. Mai 2026,1,0.0,1,0,Sofort-Kaufen Gratis Lieferung  China Ähnliche aktive Angebote ansehen Solch einen Artikel verkaufen,"boxin666 99,2% positiv (599)",https://www.ebay.de/itm/318263829730,ebay_sold_p7.html
311671736091,3 PERLEN PUNKT PIP FÜR LÜNETTENEINSATZ ROLEX DEEPSEA 116660 UHR BLAU LEUCHTEND USA,62.49,EUR,Neu,Gewerblich,2026-05-31,31. Mai 2026,1,10.42,0,0,"Sofort-Kaufen +EUR 10,42 Lieferung  Vereinigte Staaten von Amerika Ähnliche aktive Angebote ansehen Solch einen Artikel verkaufen","ewatchparts 99,9% positiv (225.086)",https://www.ebay.de/itm/311671736091,ebay_sold_p7.html
257536682811,Rolex Aftermarket Krone GOLD 6mm,14.9,EUR,Neu (Sonstige),Privat,2026-05-31,31. Mai 2026,1,13.9,0,0,"Sofort-Kaufen +EUR 13,90 Lieferung  Italien Ähnliche aktive Angebote ansehen Solch einen Artikel verkaufen",lelekas69 100% positiv (1.539),https://www.ebay.de/itm/257536682811,ebay_sold_p7.html
257509090404,Corona Rolex aftermarket 6mm,9.9,EUR,Neu (Sonstige),Privat,2026-05-31,31. Mai 2026,1,13.9,0,0,"Sofort-Kaufen +EUR 13,90 Lieferung  Italien Ähnliche aktive Angebote ansehen Solch einen Artikel verkaufen",lelekas69 100% positiv (1.539),https://www.ebay.de/itm/257509090404,ebay_sold_p7.html
236387264378,ROLEX PROTECTOR BEZEL 9 FÜR EXPLORER 16570 16550 RINGABDECKUNG VINTAGE,40.0,EUR,Gebraucht,Privat,2026-05-31,31. Mai 2026,1,15.0,0,0,"Sofort-Kaufen +EUR 15,00 Lieferung  Italien Ähnliche aktive Angebote ansehen Solch einen Artikel verkaufen",hydrelyox 100% positiv (3.602),https://www.ebay.de/itm/236387264378,ebay_sold_p7.html
358618523428,"Bullonge T-Schliff Schraubendreher, 1,6 mm, z.B. für Rolex Oyster Armband, neuw.",24.9,EUR,Gebraucht,Privat,2026-05-31,31. Mai 2026,1,6.19,0,0,,schafsfreund-hb 100% positiv (1.398),https://www.ebay.de/itm/358618523428,ebay_sold_p7.html
176149028860,Rolex-3000-3035-55053-Viti originali-15€ L'una,75.0,EUR,Gebraucht,Privat,2026-05-30,30. Mai 2026,1,25.0,0,0,"Sofort-Kaufen +EUR 25,00 Lieferung  Italien Ähnliche aktive Angebote ansehen Solch einen Artikel verkaufen",refanoro79 100% positiv (244),https://www.ebay.de/itm/176149028860,ebay_sold_p7.html
310977055461,LÜNETTENEINSATZ FÜR VINTAGE ROLEX SUBMARINER 5513/1680 KUNSTSTOFF (ACRYL) PERLE @12,41.64,EUR,Neu,Gewerblich,2026-05-30,30. Mai 2026,1,10.42,0,0,"Sofort-Kaufen +EUR 10,42 Lieferung  Vereinigte Staaten von Amerika Ähnliche aktive Angebote ansehen Solch einen Artikel verkaufen","ewatchparts 99,9% positiv (225.086)",https://www.ebay.de/itm/310977055461,ebay_sold_p7.html
406695621048,#1834 ORIGINAL ROLEX 24-600-8 KRONE  CROWN GOLD OYSTER DATEJUST 6mm,229.99,EUR,Gebraucht,Gewerblich,2026-05-30,30. Mai 2026,1,6.95,0,0,,state_of_time 100% positiv (3.803),https://www.ebay.de/itm/406695621048,ebay_sold_p7.html
800039733169,Rolex Submariner disco data bianco white date disc cal. 3135-16200-K1,100.0,EUR,Gebraucht,Gewerblich,2026-05-30,30. Mai 2026,1,14.9,0,1,"Preisvorschlag akzeptiert +EUR 14,90 Lieferung  Italien Ähnliche aktive Angebote ansehen Solch einen Artikel verkaufen","luxurytime.shop 99,8% positiv (2.110)",https://www.ebay.de/itm/800039733169,ebay_sold_p7.html
206022575545,Rolex cal.2030/2035 ref.4449,45.0,EUR,Gebraucht,Gewerblich,2026-05-30,30. Mai 2026,1,18.0,0,0,"Sofort-Kaufen +EUR 18,00 Lieferung  Italien Ähnliche aktive Angebote ansehen Solch einen Artikel verkaufen",combattiamolacrisi 100% positiv (8.907),https://www.ebay.de/itm/206022575545,ebay_sold_p7.html
236387278309,ROLEX PROTECTOR BEZEL 1 DAYTONA 16520 16523 16528 16518 16519 RINGABDECKUNG,60.0,EUR,Gebraucht,Privat,2026-05-30,30. Mai 2026,1,15.0,0,0,"Sofort-Kaufen +EUR 15,00 Lieferung  Italien Ähnliche aktive Angebote ansehen Solch einen Artikel verkaufen",hydrelyox 100% positiv (3.602),https://www.ebay.de/itm/236387278309,ebay_sold_p7.html
188058105284,"ROLEX 3235 Schaft 3230-201 Tragwelle kompatibel, ROLEX 3235 Fit Schaft",23.0,EUR,Neu,Gewerblich,2026-05-30,30. Mai 2026,1,13.0,0,0,"Sofort-Kaufen +EUR 13,00 Lieferung  Italien Ähnliche aktive Angebote ansehen Solch einen Artikel verkaufen","watchparts-italy 99,5% positiv (3.454)",https://www.ebay.de/itm/188058105284,ebay_sold_p7.html
206303128157,BREITLING LEDER ARMBAND FALTSCHLIESSE 18MM 18K 750 GOLD DEPLOYMENT ROT GOLD,3999.0,EUR,Gebraucht,Gewerblich,2026-05-30,30. Mai 2026,1,0.0,1,1,,"luxus-freund24 99,5% positiv (41.881)",https://www.ebay.de/itm/206303128157,ebay_sold_p7.html
357960079787,Rolex Datejust 16233/16013/16018/16238 Blue Roman Dial Luminova,420.0,EUR,Gebraucht,Gewerblich,2026-05-30,30. Mai 2026,1,19.0,0,1,,luxewatchesgermany 100% positiv (92),https://www.ebay.de/itm/357960079787,ebay_sold_p7.html
277705057072,NEW Rolex 3000-360 Sekundenrad Neu im Blister,78.0,EUR,Neu,Gewerblich,2026-05-30,30. Mai 2026,1,25.0,0,0,"Sofort-Kaufen +EUR 25,00 Lieferung  Italien Ähnliche aktive Angebote ansehen Solch einen Artikel verkaufen",millerighetime_by_arriwatch 100% positiv (913),https://www.ebay.de/itm/277705057072,ebay_sold_p7.html
204201593431,Rolex Oyster Perpetual Yacht-Master II Booklet Instruction Manual English 2021,50.0,EUR,Neu (Sonstige),Gewerblich,2026-05-30,30. Mai 2026,1,5.0,0,0,,kian-werke 100% positiv (7.720),https://www.ebay.de/itm/204201593431,ebay_sold_p7.html
327124280372,Original Rolex Katalog 2021–2022 mit Preisliste,19.0,EUR,Gebraucht,Privat,2026-05-30,30. Mai 2026,1,4.98,0,1,,sommersonne2021 100% positiv (805),https://www.ebay.de/itm/327124280372,ebay_sold_p7.html
406621438140,Tubus kompatibel zum Rolex Tubus 24-6020,23.87,EUR,Neu,Gewerblich,2026-05-30,30. Mai 2026,1,0.0,1,0,,"www_uhrenwerkzeuge24_de 99,4% positiv (26.110)",https://www.ebay.de/itm/406621438140,ebay_sold_p7.html
178150082529,Rolex Formwerk mit Ziffernblatt und Zeiger (defekt),36.5,EUR,Gebraucht,Privat,2026-05-30,30. Mai 2026,1,8.0,0,0,,hm-o 100% positiv (1.495),https://www.ebay.de/itm/178150082529,ebay_sold_p7.html
206303127104,PATEK PHILLIPE LEDER ARMBAND DORNSCHLIESSE BUCKLE 14MM 18K 750 WEISS WEISSGOLD,999.0,EUR,Gebraucht,Gewerblich,2026-05-30,30. Mai 2026,1,0.0,1,1,,"luxus-freund24 99,5% positiv (41.881)",https://www.ebay.de/itm/206303127104,ebay_sold_p7.html
403937522227,ROLEX TURN O GRAPH ZIFFERBLATT THUNDERBIRD SIGMA DIAL DATEJUST 1625 CAL: 1570,869.0,EUR,Gebraucht,Gewerblich,2026-05-30,30. Mai 2026,1,9.5,0,0,,state_of_time 100% positiv (3.803),https://www.ebay.de/itm/403937522227,ebay_sold_p7.html
406960271395,Rolex 1600 ( CELLINI ) Original Volllauf,70.0,EUR,Gebraucht,Privat,2026-05-30,30. Mai 2026,1,12.0,0,0,"Sofort-Kaufen +EUR 12,00 Lieferung  Rumänien Ähnliche aktive Angebote ansehen Solch einen Artikel verkaufen",robbed-673 100% positiv (19),https://www.ebay.de/itm/406960271395,ebay_sold_p7.html
276176279675,NEU Rolex 2130- 311 Mainspring Lader Cal. 2135 Top Qualität,21.98,EUR,NEW PACKED - NEU,,2026-05-30,30. Mai 2026,1,25.0,0,0,"Sofort-Kaufen +EUR 25,00 Lieferung  Italien Ähnliche aktive Angebote ansehen Solch einen Artikel verkaufen",millerighetime_by_arriwatch 100% positiv (913),https://www.ebay.de/itm/276176279675,ebay_sold_p7.html
397758085778,Feder für Lünette kompatibel zu Rolex Submariner Old SUB/GMT Ref.3165512,27.99,EUR,Neu,Gewerblich,2026-05-29,29. Mai 2026,1,0.0,1,0,,dreamuniversesari 100% positiv (1.205),https://www.ebay.de/itm/397758085778,ebay_sold_p7.html
358501781932,ORIGINAL VINTAGE ROLEX  Oyster Perpetual Datejust ZIFFERBLATT  - DIAL,44.0,EUR,Gebraucht,Privat,2026-05-29,29. Mai 2026,1,6.19,0,1,,leve-_21 100% positiv (2),https://www.ebay.de/itm/358501781932,ebay_sold_p7.html
287281001656,Rolex Mappe Grün Leder,39.99,EUR,Gebraucht,Privat,2026-05-29,29. Mai 2026,1,0.0,1,1,,megazuza 100% positiv (889),https://www.ebay.de/itm/287281001656,ebay_sold_p7.html
377195954047,"Vintage ROLEX Coke Redback Inlay, 80er Jahre für 'Fat Lady' faded/ghosted",389.0,EUR,Gebraucht,Privat,2026-05-29,29. Mai 2026,1,1.0,0,0,,dr.krempel 100% positiv (1.048),https://www.ebay.de/itm/377195954047,ebay_sold_p7.html
126078477818,ROLEX SEA DWELLER DEEPSEA ITALIAN BOOKLET LIBRO BOOK MANUAL GUIDE 2009 MINT,49.9,EUR,Neu (Sonstige),Gewerblich,2026-05-29,29. Mai 2026,1,7.15,0,0,"Sofort-Kaufen +EUR 7,15 Lieferung  Spanien Ähnliche aktive Angebote ansehen Solch einen Artikel verkaufen",deluxemarketmadrid 100% positiv (1.739),https://www.ebay.de/itm/126078477818,ebay_sold_p7.html
406371664123,#1691 ORIGINAL ROLEX DAYTONA 116520 116509 116519 LUMINOVA CAL 4130 ZEIGER HANDS,299.99,EUR,Gebraucht,Gewerblich,2026-05-29,29. Mai 2026,1,6.95,0,0,,state_of_time 100% positiv (3.803),https://www.ebay.de/itm/406371664123,ebay_sold_p7.html
227097091393,Rolex Daytona 6240/6263/6265 N.2 Brass Pushers P300 Mk0 Prototype „Millerighe“,4900.0,EUR,Gebraucht,Privat,2026-05-29,29. Mai 2026,1,50.0,0,1,"Preisvorschlag akzeptiert +EUR 50,00 Lieferung  Italien Ähnliche aktive Angebote ansehen Solch einen Artikel verkaufen",watchesinnaples 100% positiv (267),https://www.ebay.de/itm/227097091393,ebay_sold_p7.html
164017864008,Saphirglas für 25-295C2 Rolex Sapphire Glass Submariner 16610 16613 16800,20.9,EUR,Neu,Gewerblich,2026-05-29,29. Mai 2026,1,13.5,0,0,"Sofort-Kaufen +EUR 13,50 Lieferung  Italien Ähnliche aktive Angebote ansehen Solch einen Artikel verkaufen","sabaec 99,9% positiv (22.965)",https://www.ebay.de/itm/164017864008,ebay_sold_p7.html
406841970200,#1942 NEU ROLEX DAYTONA 116520 116509 116519 BLUE LUME CAL 4130 ZEIGER HANDS,459.99,EUR,Gebraucht,Gewerblich,2026-05-29,29. Mai 2026,1,6.95,0,0,,state_of_time 100% positiv (3.803),https://www.ebay.de/itm/406841970200,ebay_sold_p7.html
204258420320,ROLEX Lady Oyster Perpetual DATEJUST Zifferblatt Dial 20mm,189.0,EUR,Gebraucht,Gewerblich,2026-05-29,29. Mai 2026,1,5.99,0,1,,armonia24 100% positiv (6.339),https://www.ebay.de/itm/204258420320,ebay_sold_p7.html
236805304777,Rolex Zifferblatt Lumi für Datejust 36mm Modell Ref 16018 16013 16233 16238 16003 16203,399.0,EUR,Gebraucht,Gewerblich,2026-05-29,29. Mai 2026,1,49.0,0,1,"oder Preisvorschlag +EUR 49,00 Lieferung  Frankreich Ähnliche aktive Angebote ansehen Solch einen Artikel verkaufen",spareswatch 100% positiv (556),https://www.ebay.de/itm/236805304777,ebay_sold_p7.html
186841328076,"ROLEX 10 1/2"" Oyster 10 1/2"" 1920 Balance Staff / Unruhwelle - Rund 2165",20.0,EUR,Gebraucht,Gewerblich,2026-05-29,29. Mai 2026,1,13.0,0,0,"Sofort-Kaufen +EUR 13,00 Lieferung  Italien Ähnliche aktive Angebote ansehen Solch einen Artikel verkaufen","watchparts-italy 99,5% positiv (3.454)",https://www.ebay.de/itm/186841328076,ebay_sold_p7.html
311652108003,Gib Federclip für Schwinggewicht passend für Rolex Kaliber 2030 2035 - 4478,18.76,EUR,Neu,Gewerblich,2026-05-29,29. Mai 2026,1,13.08,0,0,"Sofort-Kaufen +EUR 13,08 Lieferung  Vereinigte Staaten von Amerika Ähnliche aktive Angebote ansehen Solch einen Artikel verkaufen","watchpartusa 99,8% positiv (44.143)",https://www.ebay.de/itm/311652108003,ebay_sold_p7.html
186237060682,FIT Rolex 25-108 Cyclope Plexiglas für Präzision 6694,9.5,EUR,Neu,Gewerblich,2026-05-29,29. Mai 2026,1,13.0,0,0,"Sofort-Kaufen +EUR 13,00 Lieferung  Italien Ähnliche aktive Angebote ansehen Solch einen Artikel verkaufen","watchparts-italy 99,5% positiv (3.454)",https://www.ebay.de/itm/186237060682,ebay_sold_p7.html
116847770724,GENERIC kompatible Schwingmasseachse für ROLEX Cal. 3135 (NEU),20.0,EUR,Neu,Gewerblich,2026-05-29,29. Mai 2026,1,19.0,0,0,"Sofort-Kaufen +EUR 19,00 Lieferung  Italien Ähnliche aktive Angebote ansehen Solch einen Artikel verkaufen","fornitura_boccacci 99,9% positiv (4.089)",https://www.ebay.de/itm/116847770724,ebay_sold_p7.html
183569318737,"Rolex Aufzugswelle, Tiges, Winding Stem 3130,3135,3155,3175,3185",8.0,EUR,Neu (Sonstige),Gewerblich,2026-05-29,29. Mai 2026,1,13.0,0,0,"Sofort-Kaufen +EUR 13,00 Lieferung  Italien Ähnliche aktive Angebote ansehen Solch einen Artikel verkaufen","watchparts-italy 99,5% positiv (3.454)",https://www.ebay.de/itm/183569318737,ebay_sold_p7.html
404860605101,#622 ORIGINAL ROLEX 3035 DATUMSSCHEIBE DATE DISC GOLD CHAMP. OPEN 6 & 9 VINTAGE,127.49,EUR,Gebraucht,Gewerblich,2026-05-29,29. Mai 2026,1,6.95,0,0,,state_of_time 100% positiv (3.803),https://www.ebay.de/itm/404860605101,ebay_sold_p7.html
406331445966,#1665 ORIGINAL ROLEX 3035 DATUMSSCHEIBE DATE DISC GOLD THIN OPEN 6 & 9 VINTAGE,109.99,EUR,Gebraucht,Gewerblich,2026-05-29,29. Mai 2026,1,6.95,0,0,,state_of_time 100% positiv (3.803),https://www.ebay.de/itm/406331445966,ebay_sold_p7.html
164846247897,Dichtungen komplett Kit Gaskets for Rolex Explorer 1016,6.9,EUR,Neu,Gewerblich,2026-05-29,29. Mai 2026,1,13.5,0,0,"Sofort-Kaufen +EUR 13,50 Lieferung  Italien Ähnliche aktive Angebote ansehen Solch einen Artikel verkaufen","sabaec 99,9% positiv (22.965)",https://www.ebay.de/itm/164846247897,ebay_sold_p7.html
117214716002,4 Rolex Ersatzteil Box / Alu Box,20.0,EUR,Gebraucht,Privat,2026-05-29,29. Mai 2026,1,1.0,0,1,,uhren55 100% positiv (1.259),https://www.ebay.de/itm/117214716002,ebay_sold_p7.html
201552738462,"Protektoren für Rolex GMT HD Kristall Anti-Kratzer, Datumsfenster und Lünette Set x2",60.46,EUR,Neu (Sonstige),Gewerblich,2026-05-29,29. Mai 2026,1,14.44,0,0,"Sofort-Kaufen +EUR 14,44 Lieferung  Vereinigte Staaten von Amerika Ähnliche aktive Angebote ansehen Solch einen Artikel verkaufen",standingo 100% positiv (6.104),https://www.ebay.de/itm/201552738462,ebay_sold_p7.html
266614408060,"Rolex Day_Date II Booklet, Beschreibung und Hang Tag 09/2010 Deutsch",120.0,EUR,Neu (Sonstige),Privat,2026-05-29,29. Mai 2026,1,0.0,1,1,,info_pls 100% positiv (177),https://www.ebay.de/itm/266614408060,ebay_sold_p7.html
205102363833,ROLEX ERSATZGLIED GLIED 18K 750 GOLD 12MM GELBGOLD CELLINI DAMEN 6621,499.0,EUR,Gebraucht,Gewerblich,2026-05-29,29. Mai 2026,1,0.0,1,1,,"luxus-freund24 99,5% positiv (41.881)",https://www.ebay.de/itm/205102363833,ebay_sold_p7.html
235040268681,3055  Day Disc  Champagne ROLEX spanish .,79.37,EUR,Gebraucht,Privat,2026-05-29,29. Mai 2026,1,5.49,0,1,,mokus2002 100% positiv (301),https://www.ebay.de/itm/235040268681,ebay_sold_p7.html
205678758524,"ROLEX 2030 Median Wheel Cod. 4425 Calib: 2030, 2035",30.0,EUR,Neu (Sonstige),Gewerblich,2026-05-29,29. Mai 2026,1,14.99,0,0,"Sofort-Kaufen +EUR 14,99 Lieferung  Italien Ähnliche aktive Angebote ansehen Solch einen Artikel verkaufen",lookatvintagetime 100% positiv (420),https://www.ebay.de/itm/205678758524,ebay_sold_p7.html
287317070732,Uhrendeckel Öffner Schließer Reparatur Für Rolex Uhren Gehäuseöffner Reparatur,16.86,EUR,Neu,Gewerblich,2026-05-29,29. Mai 2026,1,0.0,1,0,,"tongyaowalking 99,3% positiv (199)",https://www.ebay.de/itm/287317070732,ebay_sold_p7.html
365825444264,Rolex Kalenderkarte Jahr auswählen 1976 - 1994 Original,12.02,EUR,Gebraucht,Gewerblich,2026-05-29,29. Mai 2026,1,0.0,1,0,"Sofort-Kaufen +EUR 9,22 Lieferung  Japan Kostenloser Rückversand Ähnliche aktive Angebote ansehen Solch einen Artikel verkaufen","dsjapan_4783 99,8% positiv (3.000)",https://www.ebay.de/itm/365825444264,ebay_sold_p7.html
317676133644,Original Rolex 1987 1988 Datejust Your Rolex Oyster Booklet Englisch 593.02/5...,81.76,EUR,Gebraucht,Privat,2026-05-29,29. Mai 2026,1,0.0,1,0,Sofort-Kaufen Gratis Lieferung  Japan Ähnliche aktive Angebote ansehen Solch einen Artikel verkaufen,"j-style.lx 99,3% positiv (6.035)",https://www.ebay.de/itm/317676133644,ebay_sold_p7.html
195942521299,Rolex Day-Date Booklet / Beschreibung 2011 Deutsch,15.0,EUR,Gebraucht,Gewerblich,2026-05-29,29. Mai 2026,1,5.0,0,0,,"uhrenfachzentrum 99,6% positiv (1.645)",https://www.ebay.de/itm/195942521299,ebay_sold_p7.html
387833593924,ROLEX GMT Master 16700 16710 16750 GMT Zeiger 3186 3185 Superluminova hands,299.0,EUR,Gebraucht,Privat,2026-05-29,29. Mai 2026,1,9.9,0,1,,vintagerlx 100% positiv (70),https://www.ebay.de/itm/387833593924,ebay_sold_p7.html
406612586237,#1778 GEBRAUCHT ROLEX 25-7035-J1 SUBMARINER 16610 16800 CRYSTAL SAPHIRGLAS USED,199.99,EUR,Gebraucht,Gewerblich,2026-05-29,29. Mai 2026,1,6.95,0,0,,state_of_time 100% positiv (3.803),https://www.ebay.de/itm/406612586237,ebay_sold_p7.html
406844379961,Rolex 24-531-0 crown Steel 5.3 mm - Genuine,39.0,EUR,Gebraucht,Privat,2026-05-29,29. Mai 2026,1,20.0,0,0,"Sofort-Kaufen +EUR 20,00 Lieferung  Italien Ähnliche aktive Angebote ansehen Solch einen Artikel verkaufen","luxuryreplacementparts 96,4% positiv (64)",https://www.ebay.de/itm/406844379961,ebay_sold_p7.html
406616928653,ROLEX Innenplatten Clasp 6251 H 1 / 72 aus Stahl (TOP ZUSTAND),149.0,EUR,Gebraucht,Gewerblich,2026-05-29,29. Mai 2026,1,19.0,0,0,"Sofort-Kaufen +EUR 19,00 Lieferung  Italien Ähnliche aktive Angebote ansehen Solch einen Artikel verkaufen","fornitura_boccacci 99,9% positiv (4.089)",https://www.ebay.de/itm/406616928653,ebay_sold_p7.html
406014799048,GENERIC Dübelsatz für Scheiben- und Scheibenmontage Typ ROLEX 116710/610 (NEU),79.0,EUR,Neu,Gewerblich,2026-05-29,29. Mai 2026,1,19.0,0,0,"Sofort-Kaufen +EUR 19,00 Lieferung  Italien Ähnliche aktive Angebote ansehen Solch einen Artikel verkaufen","fornitura_boccacci 99,9% positiv (4.089)",https://www.ebay.de/itm/406014799048,ebay_sold_p7.html
358611655890,Rolex GMT Master 16700/16750/16760/16710 Black Tritium Dial/Zifferblatt + Hands,876.0,EUR,Gebraucht,Gewerblich,2026-05-29,29. Mai 2026,1,10.0,0,0,,luxewatchesgermany 100% positiv (92),https://www.ebay.de/itm/358611655890,ebay_sold_p7.html
365857860164,ROLEX BOOKLET MANUAL ROLEX CELLINI PRINCE 4243,89.0,EUR,Gebraucht,Gewerblich,2026-05-29,29. Mai 2026,1,0.0,1,1,,"luxus-freund24 99,5% positiv (41.881)",https://www.ebay.de/itm/365857860164,ebay_sold_p7.html
147331176530,"ROLEX OYSTER, Prospekt mit Preisliste Januar 1991/20.000Stck.",36.0,EUR,Gebraucht,Privat,2026-05-28,28. Mai 2026,1,1.0,0,0,,jfpjag 100% positiv (2.184),https://www.ebay.de/itm/147331176530,ebay_sold_p7.html
187109038628,ROLEX 3175-280 STUNDENRAD / HOUR WHEEL KOMPATIBEL SWISS MADE,55.0,EUR,Neu,Gewerblich,2026-05-28,28. Mai 2026,1,13.0,0,0,"Sofort-Kaufen +EUR 13,00 Lieferung  Italien Letzter Artikel Ähnliche aktive Angebote ansehen Solch einen Artikel verkaufen","watchparts-italy 99,5% positiv (3.454)",https://www.ebay.de/itm/187109038628,ebay_sold_p7.html
187239165600,FIT ROLEX SEA-DWELLER 16600 16660 Ringeinsatz kompatibel Aftermarket,24.0,EUR,Neu,Gewerblich,2026-05-28,28. Mai 2026,1,13.0,0,0,"Sofort-Kaufen +EUR 13,00 Lieferung  Italien Letzter Artikel Ähnliche aktive Angebote ansehen Solch einen Artikel verkaufen","watchparts-italy 99,5% positiv (3.454)",https://www.ebay.de/itm/187239165600,ebay_sold_p7.html
317721175956,Rolex Milgauss Handbuch Anleitung booklet Chinesisch 601.19 Ch HK - 7.2015,34.0,EUR,Gebraucht,Gewerblich,2026-05-23,23. Mai 2026,1,0.0,1,1,,eBay Top-Service,https://www.ebay.de/itm/317721175956,ebay_sold_p7.html
404443507228,#892 NOS NEU ORIGINAL ROLEX 1030 1035 1065 1055 7123 BALANCE WHEEL UNRUH FACTORY,599.99,EUR,Gebraucht,Gewerblich,2026-05-28,28. Mai 2026,1,9.5,0,0,,state_of_time 100% positiv (3.803),https://www.ebay.de/itm/404443507228,ebay_sold_p8.html
116847839623,GENERIC Kompatible Rückführung für Rolex Cal 3135 (NEU),20.0,EUR,Neu,Gewerblich,2026-05-28,28. Mai 2026,1,19.0,0,0,"Sofort-Kaufen +EUR 19,00 Lieferung  Italien Ähnliche aktive Angebote ansehen Solch einen Artikel verkaufen","fornitura_boccacci 99,9% positiv (4.089)",https://www.ebay.de/itm/116847839623,ebay_sold_p8.html
177613189198,Rolex-2235-220-Tiretto,35.0,EUR,Gebraucht,Privat,2026-05-28,28. Mai 2026,1,20.0,0,0,"Sofort-Kaufen +EUR 20,00 Lieferung  Italien Ähnliche aktive Angebote ansehen Solch einen Artikel verkaufen",refanoro79 100% positiv (244),https://www.ebay.de/itm/177613189198,ebay_sold_p8.html
115925585048,"ROLEX 3135 Abdeckung-Mechanismus montiert Cod. 3135-268 Kaliber: 3135, 3136, 3155, 31...",44.0,EUR,Gebraucht,Gewerblich,2026-05-28,28. Mai 2026,1,19.0,0,0,"Sofort-Kaufen +EUR 19,00 Lieferung  Italien Ähnliche aktive Angebote ansehen Solch einen Artikel verkaufen","fornitura_boccacci 99,9% positiv (4.089)",https://www.ebay.de/itm/115925585048,ebay_sold_p8.html
166597109214,Rolex 1530 1570 Part 7906 Achse Schwungmasse Achse Schwungmasse Swiss Made,29.9,EUR,Neu (Sonstige),Gewerblich,2026-05-28,28. Mai 2026,1,13.5,0,0,"Sofort-Kaufen +EUR 13,50 Lieferung  Italien Letzter Artikel Ähnliche aktive Angebote ansehen Solch einen Artikel verkaufen","sabaec 99,9% positiv (22.965)",https://www.ebay.de/itm/166597109214,ebay_sold_p8.html
397071963885,ROLEX Elektronikmodul Schaltung - cal 5035 5055 6005,465.0,EUR,Gebraucht,Privat,2026-05-28,28. Mai 2026,1,35.0,0,1,"Preisvorschlag akzeptiert +EUR 35,00 Lieferung  Frankreich Ähnliche aktive Angebote ansehen Solch einen Artikel verkaufen",a.lex27 100% positiv (47),https://www.ebay.de/itm/397071963885,ebay_sold_p8.html
318338385772,Movimento Zenith El Primero 400,871.0,EUR,Gebraucht,Privat,2026-05-28,28. Mai 2026,1,26.0,0,0,"26 Gebote +EUR 30,00 Lieferung  Italien Ähnliche aktive Angebote ansehen Solch einen Artikel verkaufen",enzopaci_0 100% positiv (213),https://www.ebay.de/itm/318338385772,ebay_sold_p8.html
137331098681,Magazine - The Rolex Magazine - Ausgabe 5 italienische Sprache,29.0,EUR,Neu (Sonstige),Privat,2026-05-28,28. Mai 2026,1,1.0,0,0,"1 Gebot +EUR 18,00 Lieferung  Italien Ähnliche aktive Angebote ansehen Solch einen Artikel verkaufen",maxchevalier 100% positiv (403),https://www.ebay.de/itm/137331098681,ebay_sold_p8.html
206070587389,BREITLING LEDER ARMBAND FALTSCHLIESSE 18MM 18K 750 GOLD DEPLOYMENT GELBGOLD 2,2999.0,EUR,Gebraucht,Gewerblich,2026-05-28,28. Mai 2026,1,0.0,1,1,,"luxus-freund24 99,5% positiv (41.881)",https://www.ebay.de/itm/206070587389,ebay_sold_p8.html
205139077238,ROLEX PRÄSIDENT ARMBAND ERSATZGLIED LINK GLIED 18K 750 MASSIVGOLD 16MM WEISSGOLD,599.0,EUR,Gebraucht,Gewerblich,2026-05-28,28. Mai 2026,1,0.0,1,1,,"luxus-freund24 99,5% positiv (41.881)",https://www.ebay.de/itm/205139077238,ebay_sold_p8.html
406738766209,#1876 NEU NOS  ROLEX 3155 - 360 ERSATZTEIL SEALED BLISTERED PART TEIL MOVEMENT,99.99,EUR,Gebraucht,Gewerblich,2026-05-28,28. Mai 2026,1,6.95,0,0,,state_of_time 100% positiv (3.803),https://www.ebay.de/itm/406738766209,ebay_sold_p8.html
389829488533,Gehäuseöffner Für Rolex Uhren Uhrmacherwerkzeug Sets Für Gerillte Gehäuseböden,13.76,EUR,Neu,Gewerblich,2026-05-28,28. Mai 2026,1,0.0,1,1,,"magicho-90 99,4% positiv (615)",https://www.ebay.de/itm/389829488533,ebay_sold_p8.html
198041572410,KIF 2-3 Flector Stoßsicherungsfeder Feder f. Stoßsicherung Rolex 12xx 15xx Patek,14.9,EUR,Neu (Sonstige),Privat,2026-05-28,28. Mai 2026,1,1.1,0,1,,"joshsell 97,5% positiv (355)",https://www.ebay.de/itm/198041572410,ebay_sold_p8.html
267642720285,Zifferblatt Türkis Zifferblatt Tiffany Rolex Datejust 36mm Referenzen 1601-1603,179.0,EUR,Neu (Sonstige),Privat,2026-05-28,28. Mai 2026,1,30.0,0,1,"Preisvorschlag akzeptiert +EUR 30,00 Lieferung  Italien Ähnliche aktive Angebote ansehen Solch einen Artikel verkaufen",giacoromel 100% positiv (76),https://www.ebay.de/itm/267642720285,ebay_sold_p8.html
127660870119,Rolex 1680 Ring,190.0,EUR,Neu (Sonstige),Privat,2026-05-28,28. Mai 2026,1,22.9,0,0,"Sofort-Kaufen +EUR 22,90 Lieferung  Italien Ähnliche aktive Angebote ansehen Solch einen Artikel verkaufen",alino832011 100% positiv (209),https://www.ebay.de/itm/127660870119,ebay_sold_p8.html
336273036885,1680 Midcase Set (Replacement Case for Rolex Submariner Date),360.0,EUR,Neu,Gewerblich,2026-05-27,27. Mai 2026,1,7.0,0,0,,old-crowns-com 100% positiv (289),https://www.ebay.de/itm/336273036885,ebay_sold_p8.html
127783075190,"Rolex Micro Stella Regulierschlüssel für Uhrwerke 3035,3055,3155 etc",85.0,EUR,Gebraucht,Privat,2026-05-27,27. Mai 2026,1,5.79,0,1,,2015devanhl 100% positiv (593),https://www.ebay.de/itm/127783075190,ebay_sold_p8.html
404589880322,#791 ORIGINAL ROLEX 24-603-0 KRONE & TUBUS CROWN TUBE STAHL OYSTER DATEJUST 6mm,93.5,EUR,Gebraucht,Gewerblich,2026-05-27,27. Mai 2026,1,6.95,0,0,,state_of_time 100% positiv (3.803),https://www.ebay.de/itm/404589880322,ebay_sold_p8.html
800035547698,Rolex Schwungmasse Uhr Oscillating Weight B2130-570-L1 Cal. 2130,80.0,EUR,Gebraucht,Gewerblich,2026-05-27,27. Mai 2026,1,14.9,0,1,"oder Preisvorschlag +EUR 14,90 Lieferung  Italien Ähnliche aktive Angebote ansehen Solch einen Artikel verkaufen","luxurytime.shop 99,8% positiv (2.110)",https://www.ebay.de/itm/800035547698,ebay_sold_p8.html
287337010866,Rolex Katalog der begehrtesten Modelle,3.5,EUR,Gebraucht,Privat,2026-05-27,27. Mai 2026,1,1.0,0,0,,"14momo2014 97,7% positiv (898)",https://www.ebay.de/itm/287337010866,ebay_sold_p8.html
147158584482,Rolex 78360-W12 Oyster Anno 1995 Clasp GMT Daytona Datejust Explorer,300.0,EUR,Gebraucht,Privat,2026-05-27,27. Mai 2026,1,20.0,0,1,"Preisvorschlag akzeptiert +EUR 20,00 Lieferung  Italien Ähnliche aktive Angebote ansehen Solch einen Artikel verkaufen",oro-vintage 100% positiv (630),https://www.ebay.de/itm/147158584482,ebay_sold_p8.html
116901235032,ROLEX ALLGEMEINER KATALOG 2004 2005 IN MEHREREN SPRACHEN,299.0,EUR,Gebraucht,Gewerblich,2026-05-25,25. Mai 2026,1,10.0,0,1,"oder Preisvorschlag +EUR 10,00 Lieferung  Italien Ähnliche aktive Angebote ansehen Solch einen Artikel verkaufen",vintagestars 100% positiv (1.765),https://www.ebay.de/itm/116901235032,ebay_sold_p8.html
363581323847,ROLEX ERSATZGLIED GLIED STAHL OYSTERQUARTZ 15MM HERREN VINTAGE RAR,249.0,EUR,Gebraucht,Gewerblich,2026-05-27,27. Mai 2026,1,0.0,1,1,,"luxus-freund24 99,5% positiv (41.881)",https://www.ebay.de/itm/363581323847,ebay_sold_p8.html
147305133264,Rolex Krone gold !,110.0,EUR,Gebraucht,Privat,2026-05-27,27. Mai 2026,1,3.0,0,1,,pfenninger100 100% positiv (1.210),https://www.ebay.de/itm/147305133264,ebay_sold_p8.html
358576905651,Original Rolex Krone in Gold 24-703-8 gebraucht in gutem Zustand,155.0,EUR,Gebraucht,Privat,2026-05-27,27. Mai 2026,1,20.0,0,1,"oder Preisvorschlag +EUR 20,00 Lieferung  Italien Ähnliche aktive Angebote ansehen Solch einen Artikel verkaufen",lorenzo1994994 100% positiv (12),https://www.ebay.de/itm/358576905651,ebay_sold_p8.html
334386042279,"REPLACEMENT PART ROLEX ORIGINAL CALIBRE.2230, REF.209.",18.9,EUR,Neu (Sonstige),Gewerblich,2026-05-27,27. Mai 2026,1,16.0,0,0,"Sofort-Kaufen +EUR 16,00 Lieferung  Spanien Ähnliche aktive Angebote ansehen Solch einen Artikel verkaufen","dimar2018 99,8% positiv (11.466)",https://www.ebay.de/itm/334386042279,ebay_sold_p8.html
406559246729,#1758 ORIGINAL ROLEX 16520 / 116520 BEZEL LÜNETTE DAYTONA STAHL TACHYMETER RING,489.99,EUR,Gebraucht,Gewerblich,2026-05-27,27. Mai 2026,1,6.95,0,1,,state_of_time 100% positiv (3.803),https://www.ebay.de/itm/406559246729,ebay_sold_p8.html
404147799219,ONE New Original Rolex 3030-5066-2 Spring-Clip for Oscillating weight.,20.0,EUR,Neu,Gewerblich,2026-05-27,27. Mai 2026,1,20.0,0,0,"Sofort-Kaufen +EUR 20,00 Lieferung  Spanien Ähnliche aktive Angebote ansehen Solch einen Artikel verkaufen","17jewelswatches 97,1% positiv (256)",https://www.ebay.de/itm/404147799219,ebay_sold_p8.html
206059698742,Rolex 1856 large setting wheel for cal 1600 1601 1602,19.0,EUR,Gebraucht,Privat,2026-05-27,27. Mai 2026,1,12.0,0,1,"oder Preisvorschlag +EUR 12,00 Lieferung  Spanien Letzter Artikel Ähnliche aktive Angebote ansehen Solch einen Artikel verkaufen","sai_es5 99,6% positiv (1.172)",https://www.ebay.de/itm/206059698742,ebay_sold_p8.html
206059696798,Rolex 1853 yoke for cal 1600 1601 1602,19.0,EUR,Gebraucht,Privat,2026-05-27,27. Mai 2026,1,12.0,0,1,"oder Preisvorschlag +EUR 12,00 Lieferung  Spanien Letzter Artikel Ähnliche aktive Angebote ansehen Solch einen Artikel verkaufen","sai_es5 99,6% positiv (1.172)",https://www.ebay.de/itm/206059696798,ebay_sold_p8.html
406328989815,#1665 ORIG ROLEX 24-704-0 KRONE TUBUS CROWN STAHL OYSTER TRIPLOCK 7mm STEEL 6,129.99,EUR,Gebraucht,Gewerblich,2026-05-27,27. Mai 2026,1,6.95,0,0,,state_of_time 100% positiv (3.803),https://www.ebay.de/itm/406328989815,ebay_sold_p8.html
275668558227,NEU Rolex Submariner 16610 14060 Sea Dweller Original Lancette 3135 Luminova,468.0,EUR,Genuine New Packed - Neu in Originalverpackung,,2026-05-27,27. Mai 2026,1,25.0,0,1,"oder Preisvorschlag +EUR 25,00 Lieferung  Italien Ähnliche aktive Angebote ansehen Solch einen Artikel verkaufen",millerighetime_by_arriwatch 100% positiv (913),https://www.ebay.de/itm/275668558227,ebay_sold_p8.html
134853745423,Rolex 1030 1040 1066 Original Zwischenrad Teil 6991 New Old Stock,95.0,EUR,Neu (Sonstige),Privat,2026-05-27,27. Mai 2026,1,9.0,0,0,"Sofort-Kaufen +EUR 9,00 Lieferung  Frankreich Letzter Artikel Ähnliche aktive Angebote ansehen Solch einen Artikel verkaufen",clinhorlo 100% positiv (1.239),https://www.ebay.de/itm/134853745423,ebay_sold_p8.html
204907418315,ROLEX Oyster Armband Glied Bracelet Link Folded Gefaltet Steel 14 mm vintage,120.0,EUR,Gebraucht,Gewerblich,2026-05-27,27. Mai 2026,1,7.0,0,1,,riohausgmbh 100% positiv (725),https://www.ebay.de/itm/204907418315,ebay_sold_p8.html
406842749256,NEW Rolex 24-7030-0 Crown Tube - Genuine,69.0,EUR,Neu,Privat,2026-05-27,27. Mai 2026,1,20.0,0,0,"Sofort-Kaufen +EUR 20,00 Lieferung  Italien Ähnliche aktive Angebote ansehen Solch einen Artikel verkaufen","luxuryreplacementparts 96,4% positiv (64)",https://www.ebay.de/itm/406842749256,ebay_sold_p8.html
117214064629,Rolex case back deckel 1665,450.0,EUR,Gebraucht,Privat,2026-05-27,27. Mai 2026,1,1.0,0,1,,allegro5151 100% positiv (173),https://www.ebay.de/itm/117214064629,ebay_sold_p8.html
276757563573,NEU Rolex 3135-330 Rad Di Grande Mediana Neu im Blister,68.0,EUR,BRAND NEW PACKED - ORIGINAL NEU IM BLISTER,,2026-05-27,27. Mai 2026,1,25.0,0,0,"Sofort-Kaufen +EUR 25,00 Lieferung  Italien Ähnliche aktive Angebote ansehen Solch einen Artikel verkaufen",millerighetime_by_arriwatch 100% positiv (913),https://www.ebay.de/itm/276757563573,ebay_sold_p8.html
277699582364,NEU Rolex 2130-205 Original Schieberitzel im Blister 2135,78.0,EUR,Neu,Gewerblich,2026-05-27,27. Mai 2026,1,25.0,0,0,"Sofort-Kaufen +EUR 25,00 Lieferung  Italien Ähnliche aktive Angebote ansehen Solch einen Artikel verkaufen",millerighetime_by_arriwatch 100% positiv (913),https://www.ebay.de/itm/277699582364,ebay_sold_p8.html
277738380642,NEW Rolex 4130-5305 Schraube Neu im Blister x1pc,18.0,EUR,Neu,Gewerblich,2026-05-27,27. Mai 2026,1,25.0,0,0,"Sofort-Kaufen +EUR 25,00 Lieferung  Italien Ähnliche aktive Angebote ansehen Solch einen Artikel verkaufen",millerighetime_by_arriwatch 100% positiv (913),https://www.ebay.de/itm/277738380642,ebay_sold_p8.html
317790707063,Rolex Submariner Booklet Set 6 Teilig  - deutsch von 8-1989 -,295.0,EUR,Gebraucht,Gewerblich,2026-05-27,27. Mai 2026,1,0.0,1,0,,blackpen4810 100% positiv (9.414),https://www.ebay.de/itm/317790707063,ebay_sold_p8.html
178156720293,ROLEX SUBMARINER Inlay Bezel Lünette 16610 16800 Vintage Black TRITIUM FLAT FOUR,240.0,EUR,Gebraucht,Privat,2026-05-26,26. Mai 2026,1,1.0,0,1,,kom_schneider 100% positiv (2.004),https://www.ebay.de/itm/178156720293,ebay_sold_p8.html
257442362753,Rolex Schließe 78760 Edelstahl Yatch Master SH11 NEU NOS ZUSTAND Aufkleber,529.0,EUR,Gebraucht,Gewerblich,2026-05-26,26. Mai 2026,1,19.9,0,0,"Sofort-Kaufen +EUR 19,90 Lieferung  Italien Ähnliche aktive Angebote ansehen Solch einen Artikel verkaufen",il_tempo_dei_principi_srl 100% positiv (442),https://www.ebay.de/itm/257442362753,ebay_sold_p8.html
198366642537,Guarantee Rolex GMT Master II 16710 Garanzia Warranty 1991 Serial N,358.0,EUR,Gebraucht,Privat,2026-05-26,26. Mai 2026,1,7.0,0,0,"7 Gebote +EUR 9,00 Lieferung  Italien Ähnliche aktive Angebote ansehen Solch einen Artikel verkaufen",thecostantino2012 100% positiv (230),https://www.ebay.de/itm/198366642537,ebay_sold_p8.html
117205187185,"Bergeon 5537 Schlüssel zum Öffnen von Oyster Uhren, Rolex Fabr.",140.0,EUR,Gebraucht,Privat,2026-05-26,26. Mai 2026,1,25.0,0,1,"Preisvorschlag akzeptiert +EUR 25,00 Lieferung  Österreich Ähnliche aktive Angebote ansehen Solch einen Artikel verkaufen",dschi_em 100% positiv (667),https://www.ebay.de/itm/117205187185,ebay_sold_p8.html
358571852529,For Rolex 5537 5539 Watch Case Back Opener Tools Watch Wrench W/t13 Dies Tools,69.41,EUR,Neu (Sonstige),Gewerblich,2026-05-26,26. Mai 2026,1,3.47,0,0,"Sofort-Kaufen +EUR 3,47 Lieferung  China Ähnliche aktive Angebote ansehen Solch einen Artikel verkaufen",yaojin196 100% positiv (70),https://www.ebay.de/itm/358571852529,ebay_sold_p8.html
220795574103,"President Uhrenglied 18KW für Rolex Day-Date II 2 41MM 218239, 218349, 218399",833.86,EUR,Neu,Gewerblich,2026-05-26,26. Mai 2026,1,39.58,0,0,"Sofort-Kaufen +EUR 39,58 Lieferung  Vereinigte Staaten von Amerika Ähnliche aktive Angebote ansehen Solch einen Artikel verkaufen",watchbandman50 100% positiv (14.906),https://www.ebay.de/itm/220795574103,ebay_sold_p8.html
168386836996,ORIGINAL VINTAGE ROLEX WARRANTY CERTIFICATE FROM THE 1970s IN WHITE,407.0,EUR,Gebraucht,Privat,2026-05-26,26. Mai 2026,1,2.0,0,0,"2 Gebote +EUR 39,00 Lieferung  Argentinien Ähnliche aktive Angebote ansehen Solch einen Artikel verkaufen",oestewatches2011 100% positiv (354),https://www.ebay.de/itm/168386836996,ebay_sold_p8.html
171500067084,12 LÜNETTE KLICKFEDER FÜR 40MM ROLEX YACHTMASTER 16622 16623 16628 116622 116628,62.49,EUR,Neu,Gewerblich,2026-05-26,26. Mai 2026,1,10.42,0,0,"Sofort-Kaufen +EUR 10,42 Lieferung  Vereinigte Staaten von Amerika Ähnliche aktive Angebote ansehen Solch einen Artikel verkaufen","ewatchparts 99,9% positiv (225.086)",https://www.ebay.de/itm/171500067084,ebay_sold_p8.html
287341128369,Rolex Werbung,38.5,EUR,Neu,Privat,2026-05-26,26. Mai 2026,1,5.0,0,0,,clemens.clemi 100% positiv (608),https://www.ebay.de/itm/287341128369,ebay_sold_p8.html
317944813356,QUADRANTE  Rolex Datejust 36mm per 16200 16220 16234 Silver E Diamanti,350.0,EUR,Gebraucht,Gewerblich,2026-05-26,26. Mai 2026,1,100.0,0,1,"Preisvorschlag akzeptiert +EUR 100,00 Lieferung  Italien Ähnliche aktive Angebote ansehen Solch einen Artikel verkaufen",demontel1919 100% positiv (57),https://www.ebay.de/itm/317944813356,ebay_sold_p8.html
117172561537,Rolex Daytona 116520 Booklet - ORIGINAL 2009 - Cod. 555.25 DEU - Top Zustand,40.0,EUR,Gebraucht,Privat,2026-05-26,26. Mai 2026,1,9.0,0,0,"Sofort-Kaufen +EUR 9,00 Lieferung  Italien Ähnliche aktive Angebote ansehen Solch einen Artikel verkaufen","pol.00 97,8% positiv (540)",https://www.ebay.de/itm/117172561537,ebay_sold_p8.html
404956113842,#1252 ORIGINAL ROLEX 3135 DATUMSSCHEIBE DATE DISC WEIß WHITE 3130 3175,127.49,EUR,Gebraucht,Gewerblich,2026-05-26,26. Mai 2026,1,6.95,0,0,,state_of_time 100% positiv (3.803),https://www.ebay.de/itm/404956113842,ebay_sold_p8.html
257457564270,Rolex Aftermarket Krone 7mm - Kompatibel mit Submariner und Daytona,9.9,EUR,Neu (Sonstige),Privat,2026-05-26,26. Mai 2026,1,12.9,0,0,"Sofort-Kaufen +EUR 12,90 Lieferung  Italien Ähnliche aktive Angebote ansehen Solch einen Artikel verkaufen",lelekas69 100% positiv (1.539),https://www.ebay.de/itm/257457564270,ebay_sold_p8.html
318183057652,Rolex genuine Jubilee steel & gold 268 endlink 13mm,85.0,EUR,Gebraucht,Privat,2026-05-26,26. Mai 2026,1,15.0,0,0,"Sofort-Kaufen +EUR 15,00 Lieferung  Italien Ähnliche aktive Angebote ansehen Solch einen Artikel verkaufen",filzu54 100% positiv (77),https://www.ebay.de/itm/318183057652,ebay_sold_p8.html
206128953665,Rolex Spare Parts 2230-315 Barrel Used,100.0,EUR,Gebraucht,Privat,2026-05-26,26. Mai 2026,1,30.0,0,1,"oder Preisvorschlag +EUR 30,00 Lieferung  Italien Ähnliche aktive Angebote ansehen Solch einen Artikel verkaufen",stepe4532 100% positiv (538),https://www.ebay.de/itm/206128953665,ebay_sold_p8.html
406692426196,ORIGINAL ROLEX ZIFFERBLATT  DIAL DATEJUST 1603 1600 LUMELESS 1570 PIEPAN SILVER,223.7,EUR,Gebraucht,Gewerblich,2026-05-26,26. Mai 2026,1,6.95,0,0,,state_of_time 100% positiv (3.803),https://www.ebay.de/itm/406692426196,ebay_sold_p8.html
188422109201,"Rolex magazine edition 05 Yacht-Master, en français, 145 pages",36.3,EUR,Gebraucht,Privat,2026-05-26,26. Mai 2026,1,28.39,0,1,"oder Preisvorschlag +EUR 28,39 Lieferung  Frankreich Ähnliche aktive Angebote ansehen Solch einen Artikel verkaufen",lipton1_fr 100% positiv (617),https://www.ebay.de/itm/188422109201,ebay_sold_p8.html
406347247008,ROLEX Zifferblatt gedreht für Datejust 41 116300 116334 Luminova (GEBRAUCHT),149.0,EUR,Gebraucht,Gewerblich,2026-05-26,26. Mai 2026,1,19.0,0,0,"Sofort-Kaufen +EUR 19,00 Lieferung  Italien Ähnliche aktive Angebote ansehen Solch einen Artikel verkaufen","fornitura_boccacci 99,9% positiv (4.089)",https://www.ebay.de/itm/406347247008,ebay_sold_p8.html
366035282504,ROLEX OYSTER ARMBAND STAHL/GOLD ERSATZGLIED GLIED LINK 14MM,249.0,EUR,Gebraucht,Gewerblich,2026-05-26,26. Mai 2026,1,0.0,1,0,,"luxus-freund24 99,5% positiv (41.881)",https://www.ebay.de/itm/366035282504,ebay_sold_p8.html
186699966254,"Rolex Cellini Aufzugswelle, Tiges, Winding Stem Rolex 1600 1601 1602",15.0,EUR,Neu,Gewerblich,2026-05-26,26. Mai 2026,1,13.0,0,0,"Sofort-Kaufen +EUR 13,00 Lieferung  Italien Ähnliche aktive Angebote ansehen Solch einen Artikel verkaufen","watchparts-italy 99,5% positiv (3.454)",https://www.ebay.de/itm/186699966254,ebay_sold_p8.html
176296650357,Rolex 2030-4449-Molla del tiretto,40.0,EUR,Neu,Privat,2026-05-26,26. Mai 2026,1,20.0,0,0,"Sofort-Kaufen +EUR 20,00 Lieferung  Italien Ähnliche aktive Angebote ansehen Solch einen Artikel verkaufen",refanoro79 100% positiv (244),https://www.ebay.de/itm/176296650357,ebay_sold_p8.html
264568916282,ROLEX COSMOGRAPH DAYTONA - EL PRIMERO - HEFT / BEDIENUNGS ANLEITUNG - VON 1997,250.0,EUR,Gebraucht,Gewerblich,2026-05-26,26. Mai 2026,1,0.0,1,1,,linckersdorff-gmbh 100% positiv (2.077),https://www.ebay.de/itm/264568916282,ebay_sold_p8.html
162456403874,ROLEX 2030 2035 TEIL. 311 HANDFEDER NEU OYSTER PERPETUAL DATE LADY,32.0,EUR,Neu (Sonstige),Gewerblich,2026-05-26,26. Mai 2026,1,6.0,0,0,"Sofort-Kaufen +EUR 6,00 Lieferung  Frankreich Ähnliche aktive Angebote ansehen Solch einen Artikel verkaufen",ocoeurdutemps 100% positiv (12.322),https://www.ebay.de/itm/162456403874,ebay_sold_p8.html
186250153089,ROLEX 2130-429 2135 SCHWINGENACHSE KOMPATIBEL Rolex BALANCE STAFF SWISS MADE,22.0,EUR,Neu,Gewerblich,2026-05-26,26. Mai 2026,1,13.0,0,0,"Sofort-Kaufen +EUR 13,00 Lieferung  Italien Ähnliche aktive Angebote ansehen Solch einen Artikel verkaufen","watchparts-italy 99,5% positiv (3.454)",https://www.ebay.de/itm/186250153089,ebay_sold_p8.html
147158574645,ROLEX ARMBAND Clasp 78363.18/T5 Baujahr 1994 Chisura mit Netz komplett mit Ring,450.0,EUR,Gebraucht,Privat,2026-05-26,26. Mai 2026,1,20.0,0,1,"Preisvorschlag akzeptiert +EUR 20,00 Lieferung  Italien Ähnliche aktive Angebote ansehen Solch einen Artikel verkaufen",oro-vintage 100% positiv (630),https://www.ebay.de/itm/147158574645,ebay_sold_p8.html
163929293806,Mainspring Feder Zugfeder Feder für Rolex 1530 1570 1575 SWISS MADE,13.9,EUR,Neu (Sonstige),Gewerblich,2026-05-26,26. Mai 2026,1,13.5,0,0,"Sofort-Kaufen +EUR 13,50 Lieferung  Italien Letzter Artikel Ähnliche aktive Angebote ansehen Solch einen Artikel verkaufen","sabaec 99,9% positiv (22.965)",https://www.ebay.de/itm/163929293806,ebay_sold_p8.html
306866470105,Rolex 2030 4438 Schaft,20.0,EUR,Neu,Privat,2026-05-26,26. Mai 2026,1,10.0,0,1,"oder Preisvorschlag +EUR 10,00 Lieferung  Italien Ähnliche aktive Angebote ansehen Solch einen Artikel verkaufen","timelost 97,4% positiv (346)",https://www.ebay.de/itm/306866470105,ebay_sold_p8.html
126598927522,ROLEX Zifferblatt DATEJUST Gold 1601 1600 1603 Pie Pan DIAL,279.0,EUR,Gebraucht,Gewerblich,2026-05-26,26. Mai 2026,1,6.9,0,1,,almawatches 100% positiv (3.677),https://www.ebay.de/itm/126598927522,ebay_sold_p8.html
357854298938,Uhrenöffner Gehäuseöffner Wrench Reparatur Uhrmacher Werkzeug 36.5mm Für Rolex,19.04,EUR,Neu (Sonstige),Gewerblich,2026-05-14,14. Mai 2026,1,0.0,1,0,Sofort-Kaufen Gratis Lieferung  China Ähnliche aktive Angebote ansehen Solch einen Artikel verkaufen,"xwcztengbest 98,3% positiv (4.044)",https://www.ebay.de/itm/357854298938,ebay_sold_p8.html
357886203471,Uhrenöffner Uhren Gehäuse-Öffner Reparatur Uhrmacher Werkzeug Für Rolex Watch DE,18.99,EUR,Neu,Gewerblich,2026-05-11,11. Mai 2026,1,0.0,1,0,Sofort-Kaufen Gratis Lieferung  China Ähnliche aktive Angebote ansehen Solch einen Artikel verkaufen,"xwcztengbest 98,3% positiv (4.044)",https://www.ebay.de/itm/357886203471,ebay_sold_p8.html
357682821480,Rolex Datejust Blue Dial 16220/16234/16200/16014/16000,700.0,EUR,Gebraucht,Gewerblich,2026-05-26,26. Mai 2026,1,19.0,0,1,,luxewatchesgermany 100% positiv (92),https://www.ebay.de/itm/357682821480,ebay_sold_p8.html
358525428903,Rolex GMT Master 16700/16750/16760/16710 Black Tritium Dial/Zifferblatt,559.0,EUR,Gebraucht,Gewerblich,2026-05-26,26. Mai 2026,1,19.0,0,1,,luxewatchesgermany 100% positiv (92),https://www.ebay.de/itm/358525428903,ebay_sold_p8.html
374570775499,Rolex Ersatzteil Kal. 2230-260 Wechselrad,49.0,EUR,Neu (Sonstige),Gewerblich,2026-05-25,25. Mai 2026,1,0.0,1,0,,"sandtuhr 99,8% positiv (54.529)",https://www.ebay.de/itm/374570775499,ebay_sold_p8.html
127825492754,Rolex Datejust 36 Dial/Zifferblatt - Champagne Roman Numerals Buckley - 1601,450.0,EUR,Neu (Sonstige),Gewerblich,2026-05-25,25. Mai 2026,1,0.0,1,0,,"chronext_shop 97,9% positiv (542)",https://www.ebay.de/itm/127825492754,ebay_sold_p8.html
389055578509,"Original Rolex Datejust 1600, 1601, 1603 Zifferblatt",150.0,EUR,Gebraucht,Privat,2026-05-25,25. Mai 2026,1,6.19,0,1,,worldtimewatches 100% positiv (22),https://www.ebay.de/itm/389055578509,ebay_sold_p8.html
206165579462,ROLEX JUBILEE STAHL ARMBAND FALTSCHLIESSE 15MM 62510H VINTAGE SCHÖNER ZUSTAND,349.0,EUR,Gebraucht,Gewerblich,2026-05-25,25. Mai 2026,1,0.0,1,1,,"luxus-freund24 99,5% positiv (41.881)",https://www.ebay.de/itm/206165579462,ebay_sold_p8.html
257516434064,"Rolex Uhrenkatalog 2013-2014 Deutsch mit Preisliste, sehr gut",7.0,EUR,Gebraucht,Privat,2026-05-25,25. Mai 2026,1,1.0,0,0,,tundmacau 100% positiv (300),https://www.ebay.de/itm/257516434064,ebay_sold_p8.html
116668451301,GENERIC kompatibel ROLEX 2130 Ref. 568 Achse der oszillierenden Masse Calib: 21...,29.0,EUR,Neu,Gewerblich,2026-05-25,25. Mai 2026,1,19.0,0,0,"Sofort-Kaufen +EUR 19,00 Lieferung  Italien Ähnliche aktive Angebote ansehen Solch einen Artikel verkaufen","fornitura_boccacci 99,9% positiv (4.089)",https://www.ebay.de/itm/116668451301,ebay_sold_p8.html
406861551792,Rolex X2 3135-250 setting wheel cal 3130 3135 - Genuine,34.0,EUR,Gebraucht,Privat,2026-05-25,25. Mai 2026,1,20.0,0,0,"Sofort-Kaufen +EUR 20,00 Lieferung  Italien Ähnliche aktive Angebote ansehen Solch einen Artikel verkaufen","luxuryreplacementparts 96,4% positiv (64)",https://www.ebay.de/itm/406861551792,ebay_sold_p8.html
187182198461,"ROLEX 3135 Palettenstab 3135 419, Ankerwelle SWISS MADE",24.0,EUR,Neu,Gewerblich,2026-05-25,25. Mai 2026,1,13.0,0,0,"Sofort-Kaufen +EUR 13,00 Lieferung  Italien Ähnliche aktive Angebote ansehen Solch einen Artikel verkaufen","watchparts-italy 99,5% positiv (3.454)",https://www.ebay.de/itm/187182198461,ebay_sold_p8.html
188396467915,ROLEX PLEXIGLAS GLAS REF. B25-116-J1 FÜR GMT MASTER 1675 6542 16750 EXP. 1655,319.0,EUR,Neu,Privat,2026-05-25,25. Mai 2026,1,1.0,0,0,"1 Gebot +EUR 38,00 Lieferung  Italien Ähnliche aktive Angebote ansehen Solch einen Artikel verkaufen",meteora25 100% positiv (159),https://www.ebay.de/itm/188396467915,ebay_sold_p8.html
115917191799,"ROLEX 2035 Datumsanzeige weiß Cod. 4520-2 Kaliber: 1135, 1165, 1166, ...",118.0,EUR,Gebraucht,Gewerblich,2026-05-25,25. Mai 2026,1,19.0,0,0,"Sofort-Kaufen +EUR 19,00 Lieferung  Italien Letzter Artikel Ähnliche aktive Angebote ansehen Solch einen Artikel verkaufen","fornitura_boccacci 99,9% positiv (4.089)",https://www.ebay.de/itm/115917191799,ebay_sold_p8.html
147295692080,Rolex 1500 Oyster Date Aubergine Dial Zifferblatt,30.0,EUR,Gebraucht,Privat,2026-05-25,25. Mai 2026,1,15.0,0,1,"oder Preisvorschlag +EUR 15,00 Lieferung  Frankreich Ähnliche aktive Angebote ansehen Solch einen Artikel verkaufen",pierro078 100% positiv (931),https://www.ebay.de/itm/147295692080,ebay_sold_p8.html
265719950657,Rolex Daytona Booklet Set 6 Teilig - englisch von 8-2002 -,99.0,EUR,Gebraucht,Gewerblich,2026-05-25,25. Mai 2026,1,0.0,1,0,,blackpen4810 100% positiv (9.414),https://www.ebay.de/itm/265719950657,ebay_sold_p8.html
146088462323,"Original Zifferblatt schwarz, silber Stick Index für Rolex Oyster Perpetual 31mm",290.0,EUR,Gebraucht,Gewerblich,2026-05-25,25. Mai 2026,1,30.0,0,1,"oder Preisvorschlag +EUR 30,00 Lieferung  Italien Ähnliche aktive Angebote ansehen Solch einen Artikel verkaufen",afadsrl 100% positiv (2.101),https://www.ebay.de/itm/146088462323,ebay_sold_p8.html
358343682311,Rolex Oysterdate Precision 6694 Dial 34mm Black Dial,700.0,EUR,Gebraucht,Gewerblich,2026-05-25,25. Mai 2026,1,19.0,0,1,,luxewatchesgermany 100% positiv (92),https://www.ebay.de/itm/358343682311,ebay_sold_p8.html
176085925291,Rolex 3000-432 - Unruh,550.0,EUR,Gebraucht,Privat,2026-05-25,25. Mai 2026,1,20.0,0,0,"Sofort-Kaufen +EUR 20,00 Lieferung  Italien Ähnliche aktive Angebote ansehen Solch einen Artikel verkaufen",refanoro79 100% positiv (244),https://www.ebay.de/itm/176085925291,ebay_sold_p8.html
277767790405,NEW Rolex 16800 | 16610 Submariner Date Black Ring Insert Original im Blister,388.0,EUR,Neu,Gewerblich,2026-05-25,25. Mai 2026,1,25.0,0,0,"Sofort-Kaufen +EUR 25,00 Lieferung  Italien Ähnliche aktive Angebote ansehen Solch einen Artikel verkaufen",millerighetime_by_arriwatch 100% positiv (913),https://www.ebay.de/itm/277767790405,ebay_sold_p8.html
126598927542,ROLEX Zifferblatt DATEJUST Gold 1601 1600 1603 Pie Pan DIAL,279.0,EUR,Gebraucht,Gewerblich,2026-05-25,25. Mai 2026,1,6.9,0,1,,almawatches 100% positiv (3.677),https://www.ebay.de/itm/126598927542,ebay_sold_p8.html
800040234220,Rolex Lady Datejust 6917 Garantie Zertifikat,70.0,EUR,Gebraucht,Privat,2026-05-25,25. Mai 2026,1,15.0,0,1,"Preisvorschlag akzeptiert +EUR 15,00 Lieferung  Italien Ähnliche aktive Angebote ansehen Solch einen Artikel verkaufen",lume-8042 100% positiv (57),https://www.ebay.de/itm/800040234220,ebay_sold_p8.html
358282890145,Rolex Datejust 16200/16014/16030/16000 Black Roman Dial,420.0,EUR,Gebraucht,Gewerblich,2026-05-25,25. Mai 2026,1,19.0,0,1,,luxewatchesgermany 100% positiv (92),https://www.ebay.de/itm/358282890145,ebay_sold_p8.html
188400025294,ROLEX DAYTONA LE MANS BOOKLET 2024 126529LN 126528LN 126525LN ENGLISH VERSION,700.0,EUR,Gebraucht,Privat,2026-05-25,25. Mai 2026,1,1.0,0,1,"1 Gebot Preisvorschlag akzeptiert +EUR 50,00 Lieferung  Italien Ähnliche aktive Angebote ansehen Solch einen Artikel verkaufen",meteora25 100% positiv (159),https://www.ebay.de/itm/188400025294,ebay_sold_p8.html
186238753396,ROLEX 2030 2035 4476 OSZILLIERENDE MASSENACHSE KOMPATIBEL Rotor axle swiss,29.0,EUR,Neu,Gewerblich,2026-05-25,25. Mai 2026,1,13.0,0,0,"Sofort-Kaufen +EUR 13,00 Lieferung  Italien Ähnliche aktive Angebote ansehen Solch einen Artikel verkaufen","watchparts-italy 99,5% positiv (3.454)",https://www.ebay.de/itm/186238753396,ebay_sold_p8.html
357058395261,Original Rolex Lünette für Submariner ohne Datum Stahl 315-14060 -81 NEU,369.0,EUR,Neu (Sonstige),Gewerblich,2026-05-25,25. Mai 2026,1,0.0,1,0,,"sandtuhr 99,8% positiv (54.529)",https://www.ebay.de/itm/357058395261,ebay_sold_p8.html
147146920399,Rolex 5500 Oyster Air King Precision Silver Dial Zifferblatt,100.0,EUR,Gebraucht,Privat,2026-05-25,25. Mai 2026,1,15.0,0,1,"oder Preisvorschlag +EUR 15,00 Lieferung  Frankreich Ähnliche aktive Angebote ansehen Solch einen Artikel verkaufen",pierro078 100% positiv (931),https://www.ebay.de/itm/147146920399,ebay_sold_p8.html
126639758686,ROLEX Submariner NOS NEW Zeiger HANDS CERACHROME 116610 116619 Zeiger 3135 BLUE,599.0,EUR,Gebraucht,Gewerblich,2026-05-25,25. Mai 2026,1,6.9,0,1,,almawatches 100% positiv (3.677),https://www.ebay.de/itm/126639758686,ebay_sold_p8.html
227348269380,Neu Original Rolex Tropic B25 19 J1 Plexiglas Kristall Submariner 5512 5513 1016,35.0,EUR,Gebraucht,Privat,2026-05-25,25. Mai 2026,1,15.0,0,0,"Sofort-Kaufen +EUR 15,00 Lieferung  Frankreich Ähnliche aktive Angebote ansehen Solch einen Artikel verkaufen",artinwatchesuk 100% positiv (83),https://www.ebay.de/itm/227348269380,ebay_sold_p8.html
287348477723,ROLEX Lünetteneinsatz B315-16760 schwarz/rot,350.0,EUR,Neu,Privat,2026-05-25,25. Mai 2026,1,15.0,0,1,"oder Preisvorschlag +EUR 15,00 Lieferung  Frankreich Ähnliche aktive Angebote ansehen Solch einen Artikel verkaufen",jean-gtom-0 100% positiv (6),https://www.ebay.de/itm/287348477723,ebay_sold_p8.html
287262186895,Jaeger LeCoultre Memovox World Time Zifferblatt  Innen und Außen Neuwertig,130.0,EUR,Neu (Sonstige),Privat,2026-05-25,25. Mai 2026,1,6.19,0,1,,w-noble 100% positiv (72),https://www.ebay.de/itm/287262186895,ebay_sold_p8.html
186398841956,ROLEX DATE 1500 GLAS 117 PLEXY CYCLOPE 25-117 AFTERMARKET,9.0,EUR,Neu,Gewerblich,2026-05-25,25. Mai 2026,1,13.0,0,0,"Sofort-Kaufen +EUR 13,00 Lieferung  Italien Ähnliche aktive Angebote ansehen Solch einen Artikel verkaufen","watchparts-italy 99,5% positiv (3.454)",https://www.ebay.de/itm/186398841956,ebay_sold_p8.html
366421651711,Rolex 116400GV Oyster Perpetual Milgauss Uhrenpapier r80520001,228.84,EUR,Gebraucht,Gewerblich,2026-05-22,22. Mai 2026,1,0.0,1,0,"Sofort-Kaufen +EUR 23,74 Lieferung  Japan Kostenloser Rückversand Ähnliche aktive Angebote ansehen Solch einen Artikel verkaufen","dsjapan_4783 99,8% positiv (3.000)",https://www.ebay.de/itm/366421651711,ebay_sold_p8.html
394639838184,Rolex Couronne ancienne,51.75,EUR,Gebraucht,Gewerblich,2026-05-24,24. Mai 2026,1,9.0,0,0,"Sofort-Kaufen +EUR 9,00 Lieferung  Frankreich Ähnliche aktive Angebote ansehen Solch einen Artikel verkaufen","manz15 99,5% positiv (8.231)",https://www.ebay.de/itm/394639838184,ebay_sold_p8.html
388386043437,Rolex Gmt-Master II Ausstattungsheft Uhr watch booklet Jahr 2012 Englisch,70.0,EUR,Gebraucht,Gewerblich,2026-05-24,24. Mai 2026,1,14.9,0,1,"Preisvorschlag akzeptiert +EUR 14,90 Lieferung  Italien Ähnliche aktive Angebote ansehen Solch einen Artikel verkaufen","luxurytime.shop 99,8% positiv (2.110)",https://www.ebay.de/itm/388386043437,ebay_sold_p8.html
170729308698,UHRZEIGER FÜR ROLEX GMT UHRWERK 3075-3175 16700 16750 16753 16570 16758 GOLD,36.43,EUR,Neu,Gewerblich,2026-05-24,24. Mai 2026,1,10.42,0,0,"Sofort-Kaufen +EUR 10,42 Lieferung  Vereinigte Staaten von Amerika Ähnliche aktive Angebote ansehen Solch einen Artikel verkaufen","ewatchparts 99,9% positiv (225.086)",https://www.ebay.de/itm/170729308698,ebay_sold_p8.html
127802205980,Rolex Day-Date Dial/Zifferblatt - Blue Wave Arabic - 118206,1300.0,EUR,Neu (Sonstige),Gewerblich,2026-05-24,24. Mai 2026,1,0.0,1,0,,"chronext_shop 97,9% positiv (542)",https://www.ebay.de/itm/127802205980,ebay_sold_p8.html
178142750663,für Sammler Rolex Servicekarte für Submariner Date 16610 (U-Serial) NFC + MwSt.,1.0,EUR,Gebraucht,Gewerblich,2026-05-24,24. Mai 2026,1,0.0,1,0,,"steinjaeger 99,4% positiv (2.145)",https://www.ebay.de/itm/178142750663,ebay_sold_p8.html
366414347788,Rolex Day-Date Booklet 1995 Deutsch 18238 / 18239,20.0,EUR,Gebraucht,Privat,2026-05-24,24. Mai 2026,1,1.0,0,0,,picasondi 100% positiv (621),https://www.ebay.de/itm/366414347788,ebay_sold_p8.html
127869860051,Rolex Tragetasche/Baumwolltasche Watches&Wonders 2024,10.5,EUR,Gebraucht,Privat,2026-05-24,24. Mai 2026,1,5.0,0,0,,mr.monopoly 100% positiv (1.005),https://www.ebay.de/itm/127869860051,ebay_sold_p8.html
358203955221,Rolex Uhrenkatalog mit Preisliste 2020-2021,18.0,EUR,Gebraucht,Privat,2026-05-24,24. Mai 2026,1,6.19,0,1,,dekoratives* 100% positiv (994),https://www.ebay.de/itm/358203955221,ebay_sold_p8.html
327170720512,Rolex Uhrwerk Kaliber 3135 Original Submariner 16610 16610LV 116610 116610LV,2820.0,EUR,Neu (Sonstige),Privat,2026-05-24,24. Mai 2026,1,0.0,1,1,Preisvorschlag akzeptiert Gratis Lieferung  Italien Ähnliche aktive Angebote ansehen Solch einen Artikel verkaufen,matteo_piacenza 100% positiv (40),https://www.ebay.de/itm/327170720512,ebay_sold_p8.html
236821728887,Gehäuseöffner Für Rolex Uhren Uhrmacherwerkzeug Sets Für Gerillte Gehäuseböden,6.0,EUR,Neu,Privat,2026-05-24,24. Mai 2026,1,1.0,0,0,,"55ring19 97,1% positiv (2.108)",https://www.ebay.de/itm/236821728887,ebay_sold_p8.html
188393005868,4 Rolex Kataloge,30.0,EUR,Neu (Sonstige),Privat,2026-05-24,24. Mai 2026,1,1.0,0,0,,juergens84 100% positiv (479),https://www.ebay.de/itm/188393005868,ebay_sold_p8.html
198149790369,Rolex cal.3135 ref.570,70.0,EUR,Gebraucht,Gewerblich,2026-05-24,24. Mai 2026,1,18.0,0,0,"Sofort-Kaufen +EUR 18,00 Lieferung  Italien Ähnliche aktive Angebote ansehen Solch einen Artikel verkaufen",combattiamolacrisi 100% positiv (8.907),https://www.ebay.de/itm/198149790369,ebay_sold_p8.html
277741406411,NEW Rolex 3055-5135-229 Day Indicator Disc Datum DAY-DATE Catalano Grey,428.0,EUR,Neu,Gewerblich,2026-05-24,24. Mai 2026,1,25.0,0,1,"oder Preisvorschlag +EUR 25,00 Lieferung  Italien Ähnliche aktive Angebote ansehen Solch einen Artikel verkaufen",millerighetime_by_arriwatch 100% positiv (913),https://www.ebay.de/itm/277741406411,ebay_sold_p8.html
277744588501,NEW Rolex 3055-5135-129 Disc Day Indicator Date DAY-DATE Champagne Catalano,428.0,EUR,Neu,Gewerblich,2026-05-24,24. Mai 2026,1,25.0,0,0,"Sofort-Kaufen +EUR 25,00 Lieferung  Italien Ähnliche aktive Angebote ansehen Solch einen Artikel verkaufen",millerighetime_by_arriwatch 100% positiv (913),https://www.ebay.de/itm/277744588501,ebay_sold_p8.html
389663076127,ORIGINAL ROLEX 1501 GEHÄUSE CASE & DIAL DATEJUST 34mm SILBER,350.0,EUR,Gebraucht,Privat,2026-05-24,24. Mai 2026,1,6.19,0,1,,worldtimewatches 100% positiv (22),https://www.ebay.de/itm/389663076127,ebay_sold_p8.html
387798359765,Mickey Mouse  und Mini Zifferblatt Dail passend für Rolex Precision Ref. 6427,350.0,EUR,Gebraucht,Privat,2026-05-24,24. Mai 2026,1,0.0,1,1,,tcshamburg 100% positiv (171),https://www.ebay.de/itm/387798359765,ebay_sold_p8.html
116224746931,"ROLEX 1210 Radkupplungsfeder Sekunde Cod. 7519 Kaliber: 1210, 1215, 12...",48.0,EUR,Gebraucht,Gewerblich,2026-05-24,24. Mai 2026,1,19.0,0,0,"Sofort-Kaufen +EUR 19,00 Lieferung  Italien Ähnliche aktive Angebote ansehen Solch einen Artikel verkaufen","fornitura_boccacci 99,9% positiv (4.089)",https://www.ebay.de/itm/116224746931,ebay_sold_p8.html
226825383018,TIJA  ROLEX 3135 PARA RECAMBIO 401,35.0,EUR,Neu (Sonstige),Gewerblich,2026-05-24,24. Mai 2026,1,0.0,1,0,"Sofort-Kaufen +EUR 9,00 Lieferung  Spanien Kostenloser Rückversand Ähnliche aktive Angebote ansehen Solch einen Artikel verkaufen","eldesguacedelrelojero 99,1% positiv (10.504)",https://www.ebay.de/itm/226825383018,ebay_sold_p8.html
396419225143,Copri ghiera Rolex Datejust Numero 26,15.0,EUR,Neu (Sonstige),Privat,2026-05-24,24. Mai 2026,1,13.0,0,1,"oder Preisvorschlag +EUR 13,00 Lieferung  Italien Ähnliche aktive Angebote ansehen Solch einen Artikel verkaufen",dall99 100% positiv (16),https://www.ebay.de/itm/396419225143,ebay_sold_p8.html
387380910085,Stahlkugel Stahlfeder Set unter Lünette drehbar kompatibel Rolex Submariner,20.0,EUR,Neu (Sonstige),Gewerblich,2026-05-24,24. Mai 2026,1,5.0,0,0,,"sekowatchworld 99,1% positiv (1.120)",https://www.ebay.de/itm/387380910085,ebay_sold_p8.html
385569419491,WATCH BEZEL INSERT INLAY GOLD COLOUR COMPATIBLE FOR 40MM  ROLEX  DTONA,45.0,EUR,Neu (Sonstige),Gewerblich,2026-05-24,24. Mai 2026,1,6.0,0,0,,"sekowatchworld 99,1% positiv (1.120)",https://www.ebay.de/itm/385569419491,ebay_sold_p8.html
389933391946,Rolex Oyster Perpetual Lady 6719 Garantie Zertifikat,70.0,EUR,Gebraucht,Privat,2026-05-24,24. Mai 2026,1,15.0,0,1,"oder Preisvorschlag +EUR 15,00 Lieferung  Italien Ähnliche aktive Angebote ansehen Solch einen Artikel verkaufen",lume-8042 100% positiv (57),https://www.ebay.de/itm/389933391946,ebay_sold_p8.html
800040371843,Certificato di garabzia 69173 Lady Date Just,70.0,EUR,Gebraucht,Privat,2026-05-24,24. Mai 2026,1,15.0,0,1,"oder Preisvorschlag +EUR 15,00 Lieferung  Italien Ähnliche aktive Angebote ansehen Solch einen Artikel verkaufen",lume-8042 100% positiv (57),https://www.ebay.de/itm/800040371843,ebay_sold_p8.html
188413199975,ROLEX GMT MASTER 16700 16710 PEPSI SERIF INSERT BEZEL LÜNETTE ORIGINAL GRAZIATA,499.0,EUR,Gebraucht,Privat,2026-05-24,24. Mai 2026,1,1.0,0,1,"1 Gebot Preisvorschlag akzeptiert +EUR 38,00 Lieferung  Italien Ähnliche aktive Angebote ansehen Solch einen Artikel verkaufen",meteora25 100% positiv (159),https://www.ebay.de/itm/188413199975,ebay_sold_p8.html
266658463260,Rolex Datejust Booklet 7/2004,15.0,EUR,Gebraucht,Privat,2026-05-24,24. Mai 2026,1,30.0,0,1,"oder Preisvorschlag +EUR 30,00 Lieferung  Italien Ähnliche aktive Angebote ansehen Solch einen Artikel verkaufen",noempucciarmat-0 100% positiv (176),https://www.ebay.de/itm/266658463260,ebay_sold_p8.html
357682821560,Rolex Oyster Perpetual Date Blue Tritium Dial 1500/1501,250.0,EUR,Gebraucht,Gewerblich,2026-05-24,24. Mai 2026,1,19.0,0,1,,luxewatchesgermany 100% positiv (92),https://www.ebay.de/itm/357682821560,ebay_sold_p8.html
197202798428,Rolex ( 159 ) Damen ohne Datum Original Zifferblatt Cellini,89.0,EUR,Gebraucht,Gewerblich,2026-05-24,24. Mai 2026,1,5.0,0,0,,"uhrenfachzentrum 99,6% positiv (1.645)",https://www.ebay.de/itm/197202798428,ebay_sold_p8.html
397981133643,"Rolex GMT-Master 16710, 16700, 16760 Pepsi Bezel Insert Lunette Authentic",490.0,EUR,Neu,Privat,2026-05-23,23. Mai 2026,1,55.0,0,1,"Preisvorschlag akzeptiert +EUR 55,00 Lieferung  Frankreich Ähnliche aktive Angebote ansehen Solch einen Artikel verkaufen",pieuvre13 100% positiv (610),https://www.ebay.de/itm/397981133643,ebay_sold_p8.html
206131243206,Rolex  Yacht master Handbuch Anleitung booklet Deutsch IMR-YM DE  4.2022,49.0,EUR,Gebraucht,Gewerblich,2026-05-23,23. Mai 2026,1,5.0,0,0,,kian-werke 100% positiv (7.720),https://www.ebay.de/itm/206131243206,ebay_sold_p8.html
404362408814,#835 ORIGINAL ROLEX EXPLORER II 2 ZIFFERBLATT SCHWARZ 216570 MARONE DIAL,189.99,EUR,Gebraucht,Gewerblich,2026-05-23,23. Mai 2026,1,6.95,0,0,,state_of_time 100% positiv (3.803),https://www.ebay.de/itm/404362408814,ebay_sold_p8.html
177991686630,Rolex Lady-Datejust - Kiri Te Kanawa - Werbeanzeige Original-Werbung 1986,2.95,EUR,Gebraucht,Privat,2026-05-23,23. Mai 2026,1,1.95,0,0,,"jaydee01 99,5% positiv (7.025)",https://www.ebay.de/itm/177991686630,ebay_sold_p8.html
287327449068,Rolex Datejust Tiffany Diamond only Dial 💎 For Datejust 16014 / 16234 Cal. 3035,220.0,EUR,Neu (Sonstige),Privat,2026-05-23,23. Mai 2026,1,15.0,0,0,"Sofort-Kaufen +EUR 15,00 Lieferung  Italien Ähnliche aktive Angebote ansehen Solch einen Artikel verkaufen",imperial_time 100% positiv (16),https://www.ebay.de/itm/287327449068,ebay_sold_p8.html
115934197947,ROLEX Zifferblatt Dial OYSTER Perpetual 34mm schwarz rosa Indizes Ref. ''Swiss Made'...,399.0,EUR,Gebraucht,Gewerblich,2026-05-23,23. Mai 2026,1,19.0,0,0,"Sofort-Kaufen +EUR 19,00 Lieferung  Italien Letzter Artikel Ähnliche aktive Angebote ansehen Solch einen Artikel verkaufen","fornitura_boccacci 99,9% positiv (4.089)",https://www.ebay.de/itm/115934197947,ebay_sold_p8.html
198352519285,"Rolex Ersatzglieder, Bandglieder, Glieder gebraucht",124.0,EUR,Gebraucht,Privat,2026-05-23,23. Mai 2026,1,13.0,0,0,"13 Gebote +EUR 13,00 Lieferung  Österreich Ähnliche aktive Angebote ansehen Solch einen Artikel verkaufen",fritz_h30 100% positiv (16),https://www.ebay.de/itm/198352519285,ebay_sold_p8.html
316637892174,"Rolex Lünettenschutz bezel protector Ref. N203 für Day-Date 40 228206, 22823x",19.0,EUR,Gebraucht,Gewerblich,2026-05-23,23. Mai 2026,1,0.0,1,0,,eBay Top-Service,https://www.ebay.de/itm/316637892174,ebay_sold_p8.html
146958970077,Rolex 78360-W5 Oyster Anno 1995 Clasp GMT Daytona Datejust Explorer,300.0,EUR,Gebraucht,Privat,2026-05-23,23. Mai 2026,1,20.0,0,1,"Preisvorschlag akzeptiert +EUR 20,00 Lieferung  Italien Ähnliche aktive Angebote ansehen Solch einen Artikel verkaufen",oro-vintage 100% positiv (630),https://www.ebay.de/itm/146958970077,ebay_sold_p8.html
206293605785,Stella Dial Rolex Day Date 18038 Baguette,17000.0,EUR,Gebraucht,Privat,2026-05-23,23. Mai 2026,1,50.0,0,1,"Preisvorschlag akzeptiert +EUR 50,00 Lieferung  Italien Ähnliche aktive Angebote ansehen Solch einen Artikel verkaufen",stepe4532 100% positiv (538),https://www.ebay.de/itm/206293605785,ebay_sold_p8.html
276193557165,Rolex Sapphire Crystal 25-286-C1 Saphirglas LOGO Submariner No Date 14060,68.0,EUR,TOP QUALITÄT - MIT LOGO,,2026-05-23,23. Mai 2026,1,25.0,0,0,"Sofort-Kaufen +EUR 25,00 Lieferung  Italien Ähnliche aktive Angebote ansehen Solch einen Artikel verkaufen",millerighetime_by_arriwatch 100% positiv (913),https://www.ebay.de/itm/276193557165,ebay_sold_p8.html
164701555154,AXE MASSE OSZILLANTE OSZILLIERENDE GEWICHTSACHSE ROLEX LADY 2130 2135 Ref. 568 1496,35.0,EUR,Neu (Sonstige),Gewerblich,2026-05-23,23. Mai 2026,1,6.0,0,0,"Sofort-Kaufen +EUR 6,00 Lieferung  Frankreich Letzter Artikel Ähnliche aktive Angebote ansehen Solch einen Artikel verkaufen",ocoeurdutemps 100% positiv (12.322),https://www.ebay.de/itm/164701555154,ebay_sold_p8.html
277776234283,Rolex 24-603-0 Krone Stahl Original 6mm,108.0,EUR,Neu,Gewerblich,2026-05-23,23. Mai 2026,1,25.0,0,0,"Sofort-Kaufen +EUR 25,00 Lieferung  Italien Ähnliche aktive Angebote ansehen Solch einen Artikel verkaufen",millerighetime_by_arriwatch 100% positiv (913),https://www.ebay.de/itm/277776234283,ebay_sold_p8.html
206224255516,Rolex 2130-429 Unruhwelle - Balance Staff,28.75,EUR,Gebraucht,Gewerblich,2026-05-23,23. Mai 2026,1,9.0,0,0,"Sofort-Kaufen +EUR 9,00 Lieferung  Frankreich Ähnliche aktive Angebote ansehen Solch einen Artikel verkaufen","manz15 99,5% positiv (8.231)",https://www.ebay.de/itm/206224255516,ebay_sold_p8.html
127851305988,Rolex Magazin Watches 2026  Englisch NEU,15.0,EUR,Neu,Privat,2026-05-23,23. Mai 2026,1,3.0,0,0,,ke225 100% positiv (353),https://www.ebay.de/itm/127851305988,ebay_sold_p8.html
164169516712,Stange Winding stem Aufzugwelle Antriebswelle ROLEX 4130 NOS - SWISS MADE,7.9,EUR,Neu (Sonstige),Gewerblich,2026-05-23,23. Mai 2026,1,13.5,0,0,"Sofort-Kaufen +EUR 13,50 Lieferung  Italien Ähnliche aktive Angebote ansehen Solch einen Artikel verkaufen","sabaec 99,9% positiv (22.965)",https://www.ebay.de/itm/164169516712,ebay_sold_p8.html
196069278723,Stangen kompatibel Rolex 4130-201 Daytona Swiss Made Aufzugswelle Winding Stem,22.0,EUR,Neu (Sonstige),Gewerblich,2026-05-23,23. Mai 2026,1,12.0,0,1,"oder Preisvorschlag +EUR 12,00 Lieferung  Italien Ähnliche aktive Angebote ansehen Solch einen Artikel verkaufen","sebi_1611 99,8% positiv (1.567)",https://www.ebay.de/itm/196069278723,ebay_sold_p8.html
147306225869,Rolex Vetro zaffiro 25-318C-C1 Originale - Sapphire Sapphire Datejust 41mm,39.0,EUR,Gebraucht,Privat,2026-05-23,23. Mai 2026,1,10.0,0,0,"Sofort-Kaufen +EUR 10,00 Lieferung  Italien Ähnliche aktive Angebote ansehen Solch einen Artikel verkaufen",aderaldo_time 100% positiv (1),https://www.ebay.de/itm/147306225869,ebay_sold_p8.html
336557024568,Rolex Karte Garantie leer. Leere Karte anpassbar mit Ihren Informationen.,200.0,EUR,Neu,Privat,2026-05-23,23. Mai 2026,1,5.0,0,1,"oder Preisvorschlag +EUR 5,00 Lieferung  Frankreich Ähnliche aktive Angebote ansehen Solch einen Artikel verkaufen","manille0313 92,3% positiv (70)",https://www.ebay.de/itm/336557024568,ebay_sold_p8.html
188395264987,Original Rolex Tragetasche - Beutel -WW 2026 Genf und Rolexmagazin RARITÄT,90.0,EUR,Neu,Privat,2026-05-22,22. Mai 2026,1,1.0,0,1,,carola2026 100% positiv (219),https://www.ebay.de/itm/188395264987,ebay_sold_p8.html
389978762708,"Rolex Submariner Stahl Mesh Steel Link 126610 | 124060, 16mm Original",130.0,EUR,Gebraucht,Gewerblich,2026-05-22,22. Mai 2026,1,12.5,0,1,"oder Preisvorschlag +EUR 12,50 Lieferung  Italien Ähnliche aktive Angebote ansehen Solch einen Artikel verkaufen",only_quality_stuff_new2026 100% positiv (48),https://www.ebay.de/itm/389978762708,ebay_sold_p8.html
266652226319,Rolex GMT-Master II Booklet Set 4 Teilig - englisch von 7-2007 -,145.0,EUR,Gebraucht,Gewerblich,2026-05-22,22. Mai 2026,1,0.0,1,1,,blackpen4810 100% positiv (9.414),https://www.ebay.de/itm/266652226319,ebay_sold_p8.html
236821957200,Rolex Oyster Produktkatalog 1997 (inkl. Preisliste),40.0,EUR,Gebraucht,Privat,2026-05-22,22. Mai 2026,1,0.0,1,1,,magic48ges 100% positiv (7.339),https://www.ebay.de/itm/236821957200,ebay_sold_p8.html
357058328205,Original Rolex Lünette für GMT  Rot / Schwarz 315-16700  gebraucht gute erhalten,339.0,EUR,Gebraucht,Gewerblich,2026-05-22,22. Mai 2026,1,0.0,1,0,,"sandtuhr 99,8% positiv (54.529)",https://www.ebay.de/itm/357058328205,ebay_sold_p8.html
406944932605,NEU Rolex Daytona 24-P502-0 Pusher-Button 116520 | 116500LN - Original RAR,449.0,EUR,Neu,Privat,2026-05-22,22. Mai 2026,1,20.0,0,0,"Sofort-Kaufen +EUR 20,00 Lieferung  Italien Ähnliche aktive Angebote ansehen Solch einen Artikel verkaufen","luxuryreplacementparts 96,4% positiv (64)",https://www.ebay.de/itm/406944932605,ebay_sold_p8.html
312428070675,"SAPHIRGLAS FÜR ÄLTERE ROLEX UHR HERREN DATUM 5700, 5701, 15000-15018 SWISS",41.64,EUR,Neu,Gewerblich,2026-05-22,22. Mai 2026,1,10.42,0,0,"Sofort-Kaufen +EUR 10,42 Lieferung  Vereinigte Staaten von Amerika Ähnliche aktive Angebote ansehen Solch einen Artikel verkaufen","ewatchparts 99,9% positiv (225.086)",https://www.ebay.de/itm/312428070675,ebay_sold_p8.html
800035564538,Rolex Schwungmasse Uhr Oscillating Weight B2230-570-2-L1 Cal. 2230,80.0,EUR,Gebraucht,Gewerblich,2026-05-21,21. Mai 2026,1,14.9,0,1,"oder Preisvorschlag +EUR 14,90 Lieferung  Italien Letzter Artikel Ähnliche aktive Angebote ansehen Solch einen Artikel verkaufen","luxurytime.shop 99,8% positiv (2.110)",https://www.ebay.de/itm/800035564538,ebay_sold_p8.html
205818018047,"ROLEX OYSTER HERREN GOLD ARMBAND ERSATZGLIED 18K 750 GOLD 15,5MM WEISSGOLD",799.0,EUR,Gebraucht,Gewerblich,2026-05-22,22. Mai 2026,1,0.0,1,1,,"luxus-freund24 99,5% positiv (41.881)",https://www.ebay.de/itm/205818018047,ebay_sold_p8.html
800026483476,"Libretto Booklet ""YOUR ROLEX OYSTER"" Vintage anno 1981",90.0,EUR,Gebraucht,Privat,2026-05-22,22. Mai 2026,1,1.0,0,1,"1 Gebot Preisvorschlag akzeptiert +EUR 20,00 Lieferung  Italien Ähnliche aktive Angebote ansehen Solch einen Artikel verkaufen",adres-florence 100% positiv (150),https://www.ebay.de/itm/800026483476,ebay_sold_p8.html
126078931500,ROLEX YOUR OYSTER BOOKLET SPANISH LIBRO BOOK  MANUAL ESPAÑOL GUIDE 2004,39.9,EUR,Gebraucht,Gewerblich,2026-05-22,22. Mai 2026,1,7.15,0,0,"Sofort-Kaufen +EUR 7,15 Lieferung  Spanien Ähnliche aktive Angebote ansehen Solch einen Artikel verkaufen",deluxemarketmadrid 100% positiv (1.739),https://www.ebay.de/itm/126078931500,ebay_sold_p8.html
188405551826,Rolex Daytona Dial Dial 116500 LN KALIBER 4130 ORIGINAL,2999.0,EUR,Gebraucht,Gewerblich,2026-05-22,22. Mai 2026,1,90.0,0,1,"Preisvorschlag akzeptiert +EUR 90,00 Lieferung  Italien Ähnliche aktive Angebote ansehen Solch einen Artikel verkaufen",debswatch 100% positiv (37),https://www.ebay.de/itm/188405551826,ebay_sold_p8.html
206000218324,"New  Sealed Rolex Movement Part Cal.1210-7518,1215 Pinion For Center (R43A)",65.0,EUR,Neu,Gewerblich,2026-05-22,22. Mai 2026,1,5.0,0,0,,kian-werke 100% positiv (7.720),https://www.ebay.de/itm/206000218324,ebay_sold_p8.html
800021603889,Rolex Oyster Perpetual Katalog Buch 2007,35.0,EUR,Gebraucht,Privat,2026-05-22,22. Mai 2026,1,1.0,0,0,,niccoz 100% positiv (51),https://www.ebay.de/itm/800021603889,ebay_sold_p8.html
186238543397,"ROLEX GMT 1675 16750 PEPSI-RINGEINSATZ ROT BLAU, ROLEX GMT BEZEL PEPSI AFTER",25.0,EUR,Neu,Gewerblich,2026-05-22,22. Mai 2026,1,13.0,0,0,"Sofort-Kaufen +EUR 13,00 Lieferung  Italien Letzter Artikel Ähnliche aktive Angebote ansehen Solch einen Artikel verkaufen","watchparts-italy 99,5% positiv (3.454)",https://www.ebay.de/itm/186238543397,ebay_sold_p8.html
204682324653,ROLEX Tubus mit Dichtung Tube with gasket 24-6020 Stahl Steel original vintage,79.0,EUR,Gebraucht,Gewerblich,2026-05-22,22. Mai 2026,1,7.0,0,0,,riohausgmbh 100% positiv (725),https://www.ebay.de/itm/204682324653,ebay_sold_p8.html
800035607173,Rolex Schwungmasse Uhr Oscillating Weight B2230-570-1-L1 Cal. 2230,80.0,EUR,Gebraucht,Gewerblich,2026-05-22,22. Mai 2026,1,14.9,0,1,"oder Preisvorschlag +EUR 14,90 Lieferung  Italien Ähnliche aktive Angebote ansehen Solch einen Artikel verkaufen","luxurytime.shop 99,8% positiv (2.110)",https://www.ebay.de/itm/800035607173,ebay_sold_p8.html
206166199318,Plexi Glas Acrylic Crystal Cyclop Glass für Rolex 25-117 OP Date Airking 34 mm,39.0,EUR,Neu (Sonstige),Gewerblich,2026-05-22,22. Mai 2026,1,7.0,0,0,,riohausgmbh 100% positiv (725),https://www.ebay.de/itm/206166199318,ebay_sold_p8.html
177876019980,Rolex Gmt-Master II libretto originale In Italiano watch booklet 9-2013,50.0,EUR,Neu,Privat,2026-05-21,21. Mai 2026,1,15.0,0,1,"oder Preisvorschlag +EUR 15,00 Lieferung  Italien Ähnliche aktive Angebote ansehen Solch einen Artikel verkaufen",clotildeone 100% positiv (279),https://www.ebay.de/itm/177876019980,ebay_sold_p8.html
257475004755,Lot 4 Aufkleber Sticker Weiß Rolex Logo Zifferblatt Uhr,14.9,EUR,Neu (Sonstige),Privat,2026-05-21,21. Mai 2026,1,12.9,0,0,"Sofort-Kaufen +EUR 12,90 Lieferung  Italien Ähnliche aktive Angebote ansehen Solch einen Artikel verkaufen",lelekas69 100% positiv (1.539),https://www.ebay.de/itm/257475004755,ebay_sold_p8.html
188383096422,Rolex Lünettenschutz Ring Nr. 1 für Rolex Daytona Ref. 116520,25.0,EUR,Gebraucht,Privat,2026-05-21,21. Mai 2026,1,1.0,0,0,,h-u-h 100% positiv (590),https://www.ebay.de/itm/188383096422,ebay_sold_p8.html
163418074709,Saphirglas für 25-286C Rolex Sapphire Glass 15200 15210 15233 15238,20.9,EUR,Neu,Gewerblich,2026-05-21,21. Mai 2026,1,13.5,0,0,"Sofort-Kaufen +EUR 13,50 Lieferung  Italien Ähnliche aktive Angebote ansehen Solch einen Artikel verkaufen","sabaec 99,9% positiv (22.965)",https://www.ebay.de/itm/163418074709,ebay_sold_p8.html
163257314382,Unruhwelle Unruhwelle Unruhwelle Unruhwelle ROLEX A 295 720 sr NOS,16.9,EUR,Neu (Sonstige),Gewerblich,2026-05-21,21. Mai 2026,1,13.5,0,1,"oder Preisvorschlag +EUR 13,50 Lieferung  Italien Letzter Artikel Ähnliche aktive Angebote ansehen Solch einen Artikel verkaufen","sabaec 99,9% positiv (22.965)",https://www.ebay.de/itm/163257314382,ebay_sold_p8.html
318302665040,original rolex boxen lady,180.0,EUR,Gebraucht,Privat,2026-05-21,21. Mai 2026,1,3.0,0,0,"3 Gebote +EUR 34,00 Lieferung  Italien Ähnliche aktive Angebote ansehen Solch einen Artikel verkaufen","bianch_18 97,7% positiv (169)",https://www.ebay.de/itm/318302665040,ebay_sold_p8.html
117002164250,GENERIC kompatibel Acrylglas 25-125 für ROLEX Tud. 7021 7109 9411 Ø 30....,25.0,EUR,Neu,Gewerblich,2026-05-21,21. Mai 2026,1,19.0,0,0,"Sofort-Kaufen +EUR 19,00 Lieferung  Italien Ähnliche aktive Angebote ansehen Solch einen Artikel verkaufen","fornitura_boccacci 99,9% positiv (4.089)",https://www.ebay.de/itm/117002164250,ebay_sold_p8.html
182438815212,Lünetten-Inlay blau/gold kompatibel zu Rolex Submariner 16613 16618 16803 16808,39.95,EUR,Neu,Gewerblich,2026-05-21,21. Mai 2026,1,0.0,1,0,,watchparts24 100% positiv (71.339),https://www.ebay.de/itm/182438815212,ebay_sold_p8.html
185043081992,"Rolex Aufzugswelle, Tiges, Winding Stem 1120 1160 1161",12.9,EUR,Neu (Sonstige),Gewerblich,2026-05-21,21. Mai 2026,1,13.0,0,0,"Sofort-Kaufen +EUR 13,00 Lieferung  Italien Letzter Artikel Ähnliche aktive Angebote ansehen Solch einen Artikel verkaufen","watchparts-italy 99,5% positiv (3.454)",https://www.ebay.de/itm/185043081992,ebay_sold_p8.html
267139257990,Rolex GMT-Master Booklet Set 6 Teilig - deutsch von 6.1991 -,295.0,EUR,Gebraucht,Gewerblich,2026-05-21,21. Mai 2026,1,0.0,1,1,,blackpen4810 100% positiv (9.414),https://www.ebay.de/itm/267139257990,ebay_sold_p8.html
176004867718,VERLUX GLAS für ROLEX CYCLOP 129 XS 215.429,25.0,EUR,Neu (Sonstige),Gewerblich,2026-05-21,21. Mai 2026,1,10.0,0,1,"oder Preisvorschlag +EUR 10,00 Lieferung  Italien Ähnliche aktive Angebote ansehen Solch einen Artikel verkaufen",orologivenditassistenza 100% positiv (3.015),https://www.ebay.de/itm/176004867718,ebay_sold_p8.html
406331441296,#1665 ORIGINAL ROLEX 3035 DATUMSSCHEIBE DATE DISC WEIß WHITE OPEN 6 & 9 VINTAGE,129.99,EUR,Gebraucht,Gewerblich,2026-05-21,21. Mai 2026,1,6.95,0,0,,state_of_time 100% positiv (3.803),https://www.ebay.de/itm/406331441296,ebay_sold_p8.html
406091288167,"ONE USED Original Rolex Tool Cal. 2230, Referencia: 2270.",50.0,EUR,Gebraucht,Gewerblich,2026-05-21,21. Mai 2026,1,20.0,0,0,"Sofort-Kaufen +EUR 20,00 Lieferung  Spanien Letzter Artikel Ähnliche aktive Angebote ansehen Solch einen Artikel verkaufen","17jewelswatches 97,1% positiv (256)",https://www.ebay.de/itm/406091288167,ebay_sold_p8.html
227344173705,LÜNETTENMONTAGE für ROLEX GMT 16700 16710 16760 16610 16800,530.0,EUR,Gebraucht,Privat,2026-05-21,21. Mai 2026,1,40.0,0,0,"Sofort-Kaufen +EUR 40,00 Lieferung  Frankreich Ähnliche aktive Angebote ansehen Solch einen Artikel verkaufen",artinwatchesuk 100% positiv (83),https://www.ebay.de/itm/227344173705,ebay_sold_p8.html
126599026475,Rolex WARRANTY booklet Garantie Datejust Sub Papers vintage,149.0,EUR,Gebraucht,Gewerblich,2026-05-21,21. Mai 2026,1,5.9,0,1,,almawatches 100% positiv (3.677),https://www.ebay.de/itm/126599026475,ebay_sold_p8.html
126598923459,Rolex WARRANTY booklet Garantie Datejust GMT Sub Papers vintage  LC430 1994,119.0,EUR,Gebraucht,Gewerblich,2026-05-21,21. Mai 2026,1,6.9,0,1,,almawatches 100% positiv (3.677),https://www.ebay.de/itm/126598923459,ebay_sold_p8.html
389979076767,Rolex 2135-335 Minutenritzel Pinion + Original BLISTER Chausse,120.0,EUR,Neu,Gewerblich,2026-05-21,21. Mai 2026,1,12.5,0,1,"oder Preisvorschlag +EUR 12,50 Lieferung  Italien Ähnliche aktive Angebote ansehen Solch einen Artikel verkaufen",only_quality_stuff_new2026 100% positiv (48),https://www.ebay.de/itm/389979076767,ebay_sold_p8.html
406895133472,"2 alte Rolex Uhrwerke   , 2 alte Uhrwerke für Armbanduhren  , ROLEX",94.0,EUR,Gebraucht,Gewerblich,2026-05-21,21. Mai 2026,1,0.0,1,0,,eBay Top-Service,https://www.ebay.de/itm/406895133472,ebay_sold_p8.html
326362526195,Rolex original 24-600-0 Krone und 24-6000 Kronenrohr mit Dichtung. NEU.,210.0,EUR,Neu (Sonstige),Privat,2026-05-21,21. Mai 2026,1,20.0,0,0,"Sofort-Kaufen +EUR 20,00 Lieferung  Dänemark Ähnliche aktive Angebote ansehen Solch einen Artikel verkaufen",misser10 100% positiv (477),https://www.ebay.de/itm/326362526195,ebay_sold_p8.html
182871960547,Lünetten-Inlay schwarz kompatibel zu Rolex Submariner 16610 16800,49.95,EUR,Neu,Gewerblich,2026-05-21,21. Mai 2026,1,0.0,1,0,,watchparts24 100% positiv (71.339),https://www.ebay.de/itm/182871960547,ebay_sold_p8.html
116990500227,"ROLEX Mesh OYSTER gefaltet Vintage 16,30mm 15,60mm (GEBRAUCHT)",40.0,EUR,Gebraucht,Gewerblich,2026-05-21,21. Mai 2026,1,19.0,0,0,"Sofort-Kaufen +EUR 19,00 Lieferung  Italien Ähnliche aktive Angebote ansehen Solch einen Artikel verkaufen","fornitura_boccacci 99,9% positiv (4.089)",https://www.ebay.de/itm/116990500227,ebay_sold_p8.html
206121904914,ROLEX DAY DATE PIEPAN 1803 1802 1807 DEUTSCH BOOKLET  1972 vintage gut erhalten,279.0,EUR,Gebraucht,Gewerblich,2026-05-21,21. Mai 2026,1,6.99,0,0,,kian-werke 100% positiv (7.720),https://www.ebay.de/itm/206121904914,ebay_sold_p8.html
800040224912,Garanzia Rolex 69178 Lady Date-just,70.0,EUR,Gebraucht,Privat,2026-05-21,21. Mai 2026,1,15.0,0,1,"Preisvorschlag akzeptiert +EUR 15,00 Lieferung  Italien Ähnliche aktive Angebote ansehen Solch einen Artikel verkaufen",lume-8042 100% positiv (57),https://www.ebay.de/itm/800040224912,ebay_sold_p8.html
334778560144,Uhrglas Acryl f. Rolex Submariner Tudor Plexiglas Ersatzglas Vintage Watch Glass,22.9,EUR,Neu (Sonstige),Gewerblich,2026-05-21,21. Mai 2026,1,0.0,1,0,,"master-watch-parts 99,9% positiv (15.133)",https://www.ebay.de/itm/334778560144,ebay_sold_p8.html
206121171834,Rolex Daytona Newman Zifferblatt gelb 116503 116508 116528 Chromalight,950.0,EUR,Neu (Sonstige),Privat,2026-05-21,21. Mai 2026,1,30.0,0,0,"Sofort-Kaufen +EUR 30,00 Lieferung  Italien Ähnliche aktive Angebote ansehen Solch einen Artikel verkaufen",stepe4532 100% positiv (538),https://www.ebay.de/itm/206121171834,ebay_sold_p8.html
235256031887,"REPLACEMENT PART ROLEX ORIGINAL CALIBRE. 3185, REF.660.",126.0,EUR,Neu (Sonstige),Gewerblich,2026-05-21,21. Mai 2026,1,16.0,0,0,"Sofort-Kaufen +EUR 16,00 Lieferung  Spanien Ähnliche aktive Angebote ansehen Solch einen Artikel verkaufen","dimar2018 99,8% positiv (11.466)",https://www.ebay.de/itm/235256031887,ebay_sold_p8.html
336541155741,Rolex Zifferblatt Custom Onyx 26mm Für Datejust Presidential Schwarz,328.48,EUR,Gebraucht,Gewerblich,2026-04-19,19. Apr 2026,1,0.0,1,0,Sofort-Kaufen Gratis Lieferung  Vereinigte Staaten von Amerika Ähnliche aktive Angebote ansehen Solch einen Artikel verkaufen,"goldumnyc 99,3% positiv (40.762)",https://www.ebay.de/itm/336541155741,ebay_sold_p8.html
178148044647,Rolex Oyster Zifferblatt 36mm.  blau original neu inkl. Zeiger,530.0,EUR,Gebraucht,Privat,2026-05-21,21. Mai 2026,1,20.0,0,1,"Preisvorschlag akzeptiert +EUR 20,00 Lieferung  Italien Ähnliche aktive Angebote ansehen Solch einen Artikel verkaufen",refanoro79 100% positiv (244),https://www.ebay.de/itm/178148044647,ebay_sold_p8.html
164384363894,Seiko 310W04AN Vetro Crystal Glass Uhrenglas Verre 5740-8000 6206-8150 6600-7020,11.9,EUR,Neu,Gewerblich,2026-05-21,21. Mai 2026,1,13.5,0,0,"Sofort-Kaufen +EUR 13,50 Lieferung  Italien Ähnliche aktive Angebote ansehen Solch einen Artikel verkaufen","sabaec 99,9% positiv (22.965)",https://www.ebay.de/itm/164384363894,ebay_sold_p8.html
202149049219,Protektoren für Rolex Deep Sea-Dweller HD Clr Kristall mit Lünette und Seiten Set X2,70.88,EUR,Neu (Sonstige),Gewerblich,2026-05-21,21. Mai 2026,1,14.78,0,0,"Sofort-Kaufen +EUR 14,78 Lieferung  Vereinigte Staaten von Amerika Ähnliche aktive Angebote ansehen Solch einen Artikel verkaufen",standingo 100% positiv (6.104),https://www.ebay.de/itm/202149049219,ebay_sold_p8.html
406864785982,Glas Esalite Kompatibel Für Rolex 25-116 1655 1675 16750 16753 Swiss Made H.Q,19.9,EUR,Neu,Gewerblich,2026-04-21,21. Apr 2026,1,12.5,0,1,"oder Preisvorschlag +EUR 12,50 Lieferung  Italien Letzter Artikel Ähnliche aktive Angebote ansehen Solch einen Artikel verkaufen","tourbillonsnc 99,5% positiv (10.425)",https://www.ebay.de/itm/406864785982,ebay_sold_p8.html
168267874734,Neuer Bezel Keramikeinsatz Für Rolex Yacht Master 40/42MM Uhr Gravierter Einsatz,44.64,EUR,Neu,Gewerblich,2026-04-21,21. Apr 2026,1,0.0,1,0,Sofort-Kaufen Gratis Lieferung  Ukraine Kostenloser Rückversand Ähnliche aktive Angebote ansehen Solch einen Artikel verkaufen,"zeikaua2014 97,9% positiv (2.684)",https://www.ebay.de/itm/168267874734,ebay_sold_p8.html
168260085455,Rolex Daytona Transparent Gehäuseboden Kompatibel Modell 116500 16523 116520,55.92,EUR,Neu,Gewerblich,2026-04-16,16. Apr 2026,1,0.0,1,0,Sofort-Kaufen Gratis Lieferung  Ukraine Kostenloser Rückversand Ähnliche aktive Angebote ansehen Solch einen Artikel verkaufen,"zeikaua2014 97,9% positiv (2.684)",https://www.ebay.de/itm/168260085455,ebay_sold_p8.html
404589798852,#791 ORIGINAL ROLEX 24-600-0 KRONE & TUBUS CROWN TUBE STAHL OYSTER DATEJUST 6mm,117.29,EUR,Gebraucht,Gewerblich,2026-05-20,20. Mai 2026,1,6.95,0,0,,state_of_time 100% positiv (3.803),https://www.ebay.de/itm/404589798852,ebay_sold_p8.html
177991686634,Rolex Uhren -  GMT-Master - Submariner - Werbeanzeige Original-Werbung 1979,2.95,EUR,Gebraucht,Privat,2026-05-20,20. Mai 2026,1,1.95,0,0,,"jaydee01 99,5% positiv (7.025)",https://www.ebay.de/itm/177991686634,ebay_sold_p8.html
186397425834,ROLEX 3135 550 RITZEL OSZILLIERENDE MASSE KOMPATIBEL Rolex Rotor Ritzel swiss,30.0,EUR,Neu,Gewerblich,2026-05-20,20. Mai 2026,1,13.0,0,0,"Sofort-Kaufen +EUR 13,00 Lieferung  Italien Ähnliche aktive Angebote ansehen Solch einen Artikel verkaufen","watchparts-italy 99,5% positiv (3.454)",https://www.ebay.de/itm/186397425834,ebay_sold_p8.html
206059678829,Rolex 1805 barrel complete with arbor and 1803 mainspring for cal 1600 1601 1602,99.0,EUR,Gebraucht,Privat,2026-05-20,20. Mai 2026,1,12.0,0,1,"oder Preisvorschlag +EUR 12,00 Lieferung  Spanien Letzter Artikel Ähnliche aktive Angebote ansehen Solch einen Artikel verkaufen","sai_es5 99,6% positiv (1.172)",https://www.ebay.de/itm/206059678829,ebay_sold_p8.html
168377108936,Original Rolex Oysterquartz Cal.5035 Uhrwerk Überholt,2500.0,EUR,Gebraucht,Privat,2026-05-20,20. Mai 2026,1,1.0,0,1,"1 Gebot Preisvorschlag akzeptiert +EUR 250,00 Lieferung  Italien Ähnliche aktive Angebote ansehen Solch einen Artikel verkaufen",fabio631 100% positiv (239),https://www.ebay.de/itm/168377108936,ebay_sold_p8.html
188350929305,Rolex Daytona Dial Dial 116500 LN KALIBER 4130 ORIGINAL,2999.0,EUR,Gebraucht,Gewerblich,2026-05-20,20. Mai 2026,1,90.0,0,1,"Preisvorschlag akzeptiert +EUR 90,00 Lieferung  Italien Ähnliche aktive Angebote ansehen Solch einen Artikel verkaufen",debswatch 100% positiv (37),https://www.ebay.de/itm/188350929305,ebay_sold_p8.html
146434997908,Watch Bracelet,22.0,EUR,Gebraucht,Privat,2026-05-20,20. Mai 2026,1,35.0,0,1,"Preisvorschlag akzeptiert +EUR 35,00 Lieferung  Spanien Ähnliche aktive Angebote ansehen Solch einen Artikel verkaufen",albertcc1 100% positiv (9),https://www.ebay.de/itm/146434997908,ebay_sold_p8.html
306866466382,Rolex 2130 217,40.0,EUR,Neu,Privat,2026-05-20,20. Mai 2026,1,10.0,0,1,"Preisvorschlag akzeptiert +EUR 10,00 Lieferung  Italien Ähnliche aktive Angebote ansehen Solch einen Artikel verkaufen","timelost 97,4% positiv (346)",https://www.ebay.de/itm/306866466382,ebay_sold_p8.html
406647770283,Rolex GMT Master II Kunststoff Lünettenschutz Nr. 47,25.0,EUR,Gebraucht,Privat,2026-05-20,20. Mai 2026,1,10.0,0,0,"Sofort-Kaufen +EUR 10,00 Lieferung  Italien Ähnliche aktive Angebote ansehen Solch einen Artikel verkaufen",cla-fine*shop* 100% positiv (178),https://www.ebay.de/itm/406647770283,ebay_sold_p8.html
358442897876,Lot von 3 Büchern Rolex Magazin Nummer 1-2-3,90.0,EUR,Gebraucht,Privat,2026-05-20,20. Mai 2026,1,15.0,0,1,"oder Preisvorschlag +EUR 15,00 Lieferung  Italien Ähnliche aktive Angebote ansehen Solch einen Artikel verkaufen",lorenzo1994994 100% positiv (12),https://www.ebay.de/itm/358442897876,ebay_sold_p8.html
406424179409,"GENERIC Kompatible Unruhwelle für ROLEX Cal. 3035 Kaliber: 3035, 3055...",25.0,EUR,Neu,Gewerblich,2026-05-20,20. Mai 2026,1,19.0,0,0,"Sofort-Kaufen +EUR 19,00 Lieferung  Italien Letzter Artikel Ähnliche aktive Angebote ansehen Solch einen Artikel verkaufen","fornitura_boccacci 99,9% positiv (4.089)",https://www.ebay.de/itm/406424179409,ebay_sold_p8.html
358558359510,Ref. 124060 COPRI GHIERA ROLEX - Plastic bezel protection.Submariner NoData41mm,35.0,EUR,Neu (Sonstige),Privat,2026-05-20,20. Mai 2026,1,20.0,0,1,"oder Preisvorschlag +EUR 20,00 Lieferung  Italien Ähnliche aktive Angebote ansehen Solch einen Artikel verkaufen",giustrop-78 100% positiv (43),https://www.ebay.de/itm/358558359510,ebay_sold_p8.html
311773663470,3 SET UHRZEIGER FÜR HERREN ROLEX DATEJUST UHRWERK # 3035-3135 16013 16014 GOLD,72.92,EUR,Neu,Gewerblich,2026-05-20,20. Mai 2026,1,10.42,0,0,"Sofort-Kaufen +EUR 10,42 Lieferung  Vereinigte Staaten von Amerika Letzter Artikel Ähnliche aktive Angebote ansehen Solch einen Artikel verkaufen","ewatchparts 99,9% positiv (225.086)",https://www.ebay.de/itm/311773663470,ebay_sold_p8.html
318220851551,Rolex Reinigungstuch für innere Vintage Box,20.0,EUR,Gebraucht,Gewerblich,2026-05-20,20. Mai 2026,1,16.0,0,0,"Sofort-Kaufen +EUR 16,00 Lieferung  Spanien Ähnliche aktive Angebote ansehen Solch einen Artikel verkaufen","aswatches_parts 99,8% positiv (1.023)",https://www.ebay.de/itm/318220851551,ebay_sold_p8.html
203228558864,Genuine Rolex Part 1400-2921 Second Wheel NOS new (R375),40.0,EUR,Neu (Sonstige),Gewerblich,2026-05-20,20. Mai 2026,1,6.99,0,0,,kian-werke 100% positiv (7.720),https://www.ebay.de/itm/203228558864,ebay_sold_p8.html
165079690662,Rolex 3135-5625 Schraube für Datumsrad Vite per ruota Daten NEU,9.9,EUR,Neu (Sonstige),Gewerblich,2026-05-20,20. Mai 2026,1,13.5,0,0,"Sofort-Kaufen +EUR 13,50 Lieferung  Italien Letzter Artikel Ähnliche aktive Angebote ansehen Solch einen Artikel verkaufen","sabaec 99,9% positiv (22.965)",https://www.ebay.de/itm/165079690662,ebay_sold_p8.html
358548655038,1 x Polywatch Uhr Glas Kratzer Entferner Kunststoff Acryl – hp100b,7.4,EUR,Neu,Gewerblich,2026-05-19,19. Mai 2026,1,0.0,1,0,,acstore-4 100% positiv (15),https://www.ebay.de/itm/358548655038,ebay_sold_p8.html
236651071734,REPLACEMENT PART ROLEX ORIGINAL CALIBRE. 2130- PART 307.,49.0,EUR,Neu,Gewerblich,2026-05-20,20. Mai 2026,1,16.0,0,0,"Sofort-Kaufen +EUR 16,00 Lieferung  Spanien Ähnliche aktive Angebote ansehen Solch einen Artikel verkaufen","dimar2018 99,8% positiv (11.466)",https://www.ebay.de/itm/236651071734,ebay_sold_p8.html
357682819429,Rolex Oyster Perpetual Date Gold Sigma Dial 1500/1501/1503/1508,400.0,EUR,Gebraucht,Gewerblich,2026-05-20,20. Mai 2026,1,19.0,0,1,,luxewatchesgermany 100% positiv (92),https://www.ebay.de/itm/357682819429,ebay_sold_p8.html
406227986859,Tubus kompatibel zum Rolex Tubus 24-7030,23.87,EUR,Neu,Gewerblich,2026-05-20,20. Mai 2026,1,0.0,1,0,,"www_uhrenwerkzeuge24_de 99,4% positiv (26.110)",https://www.ebay.de/itm/406227986859,ebay_sold_p8.html
394478764618,Rolex 1800-1749 Zugsprung,28.75,EUR,Gebraucht,Gewerblich,2026-05-20,20. Mai 2026,1,9.0,0,0,"Sofort-Kaufen +EUR 9,00 Lieferung  Frankreich Ähnliche aktive Angebote ansehen Solch einen Artikel verkaufen","manz15 99,5% positiv (8.231)",https://www.ebay.de/itm/394478764618,ebay_sold_p8.html
176141741736,Rolex Yacht-Master - Reklame Werbeanzeige Original-Werbung 2001,1.95,EUR,Gebraucht,Privat,2026-05-20,20. Mai 2026,1,1.95,0,0,,"jaydee01 99,5% positiv (7.025)",https://www.ebay.de/itm/176141741736,ebay_sold_p8.html
177272388971,Rolex Lady-Date - WEMPE - Reklame Werbeanzeige Original-Werbung 1985,1.95,EUR,Gebraucht,Privat,2026-05-20,20. Mai 2026,1,1.95,0,0,,"jaydee01 99,5% positiv (7.025)",https://www.ebay.de/itm/177272388971,ebay_sold_p8.html
358041244352,Rolex Day Date Cal 1556 Uhrwerk,1999.0,EUR,Gebraucht,Privat,2026-05-20,20. Mai 2026,1,100.0,0,1,"oder Preisvorschlag +EUR 100,00 Lieferung  Italien Ähnliche aktive Angebote ansehen Solch einen Artikel verkaufen",bancodeipugni 100% positiv (63),https://www.ebay.de/itm/358041244352,ebay_sold_p8.html
286929926530,Booklet Booklet Rolex Datejust 2001,18.0,EUR,Neu (Sonstige),Privat,2026-05-20,20. Mai 2026,1,20.0,0,0,"Sofort-Kaufen +EUR 20,00 Lieferung  Italien Ähnliche aktive Angebote ansehen Solch einen Artikel verkaufen",ricambiluxurywatch 100% positiv (99),https://www.ebay.de/itm/286929926530,ebay_sold_p8.html
318306734280,"Rolex Sea Dweller Ref. 1665 Ring und Glasring neu ""NOS""",450.0,EUR,Gebraucht,Privat,2026-05-20,20. Mai 2026,1,0.0,1,0,"1 Gebot +EUR 50,00 Lieferung  Italien Kostenloser Rückversand Ähnliche aktive Angebote ansehen Solch einen Artikel verkaufen",skx007custom 100% positiv (57),https://www.ebay.de/itm/318306734280,ebay_sold_p8.html
184702106721,Lünetten Klickfeder kompatibel zu Rolex GMT Master SWISS MADE,29.95,EUR,Neu,Gewerblich,2026-05-20,20. Mai 2026,1,0.0,1,0,,watchparts24 100% positiv (71.339),https://www.ebay.de/itm/184702106721,ebay_sold_p8.html
116990455612,ROLEX Innenplatte Clasp 62523h aus Stahl (TOP ZUSTAND),79.0,EUR,Gebraucht,Gewerblich,2026-05-20,20. Mai 2026,1,19.0,0,0,"Sofort-Kaufen +EUR 19,00 Lieferung  Italien Ähnliche aktive Angebote ansehen Solch einen Artikel verkaufen","fornitura_boccacci 99,9% positiv (4.089)",https://www.ebay.de/itm/116990455612,ebay_sold_p8.html
326869153239,Rolex Daytona 116505 Zifferblatt Dial chromalight black gold,1290.0,EUR,Gebraucht,Gewerblich,2026-05-20,20. Mai 2026,1,9.5,0,1,,prime-timeparts 100% positiv (254),https://www.ebay.de/itm/326869153239,ebay_sold_p8.html
164536665611,Stange Winding stem Aufzugwelle Aufzugswelle ROLEX 1030 1035 1065 1066 SWISS MADE,7.9,EUR,Neu (Sonstige),Gewerblich,2026-05-20,20. Mai 2026,1,13.5,0,0,"Sofort-Kaufen +EUR 13,50 Lieferung  Italien Ähnliche aktive Angebote ansehen Solch einen Artikel verkaufen","sabaec 99,9% positiv (22.965)",https://www.ebay.de/itm/164536665611,ebay_sold_p8.html
406014011919,ORIG ROLEX DAY DATE PAVEE 118238 18238 GOLD YG STRIPE ZEIGERSATZ HANDSET ZEIGER,399.99,EUR,Gebraucht,Gewerblich,2026-05-20,20. Mai 2026,1,6.95,0,0,,state_of_time 100% positiv (3.803),https://www.ebay.de/itm/406014011919,ebay_sold_p8.html
164169551393,Balance Staff Unruhwelle Unruhwelle Unruhwelle ROLEX 3135 Swiss Made NOS,9.9,EUR,Neu (Sonstige),Gewerblich,2026-05-20,20. Mai 2026,1,13.5,0,0,"Sofort-Kaufen +EUR 13,50 Lieferung  Italien Letzter Artikel Ähnliche aktive Angebote ansehen Solch einen Artikel verkaufen","sabaec 99,9% positiv (22.965)",https://www.ebay.de/itm/164169551393,ebay_sold_p8.html
127851364191,"Aufzugsstange für ROLEX 1520, 1530, 1555, 1556, 1560, 1566, 1570",12.0,EUR,Neu,Privat,2026-05-20,20. Mai 2026,1,6.0,0,0,"Sofort-Kaufen +EUR 6,00 Lieferung  Frankreich Ähnliche aktive Angebote ansehen Solch einen Artikel verkaufen",yatdun 100% positiv (297),https://www.ebay.de/itm/127851364191,ebay_sold_p8.html
182994393163,Leuchtpunkt Leuchtperle grün 2.30 mm kompatibel mit Rolex Lünetten,16.95,EUR,Neu,Gewerblich,2026-05-20,20. Mai 2026,1,0.0,1,0,,watchparts24 100% positiv (71.339),https://www.ebay.de/itm/182994393163,ebay_sold_p8.html
227185032411,Rolex 1130 6671 Neu NEW Blister X1 Stück Median Wheel 1135 1160 1161 1165,70.4,EUR,Neu,Gewerblich,2026-05-20,20. Mai 2026,1,29.0,0,1,"oder Preisvorschlag +EUR 29,00 Lieferung  Italien Letzter Artikel Ähnliche aktive Angebote ansehen Solch einen Artikel verkaufen",*rarecollections 100% positiv (1.384),https://www.ebay.de/itm/227185032411,ebay_sold_p8.html
178075477189,Rolex papers from 1988,30.0,EUR,Neu (Sonstige),Privat,2026-05-20,20. Mai 2026,1,12.0,0,0,"Sofort-Kaufen +EUR 12,00 Lieferung  Spanien Ähnliche aktive Angebote ansehen Solch einen Artikel verkaufen",benthos500 100% positiv (476),https://www.ebay.de/itm/178075477189,ebay_sold_p8.html
116245006999,"ROLEX 1120 Umkehrrad, mit Ratschen Cod. 1120-6711 Kaliber: 1120 (SEHR GUT...",74.0,EUR,Gebraucht,Gewerblich,2026-05-19,19. Mai 2026,1,19.0,0,0,"Sofort-Kaufen +EUR 19,00 Lieferung  Italien Ähnliche aktive Angebote ansehen Solch einen Artikel verkaufen","fornitura_boccacci 99,9% positiv (4.089)",https://www.ebay.de/itm/116245006999,ebay_sold_p8.html
166232447574,Plexiglas für 25-16 Rolex Crystal Glass Uhrenglas Verre 5508 6205 6536-1 6541,8.9,EUR,Neu,Gewerblich,2026-05-19,19. Mai 2026,1,13.5,0,0,"Sofort-Kaufen +EUR 13,50 Lieferung  Italien Letzter Artikel Ähnliche aktive Angebote ansehen Solch einen Artikel verkaufen","sabaec 99,9% positiv (22.965)",https://www.ebay.de/itm/166232447574,ebay_sold_p8.html
318292750933,Zenith El Primero 400 Uhrwerk,1010.0,EUR,Gebraucht,Privat,2026-05-19,19. Mai 2026,1,36.0,0,0,"36 Gebote +EUR 30,00 Lieferung  Italien Ähnliche aktive Angebote ansehen Solch einen Artikel verkaufen",enzopaci_0 100% positiv (213),https://www.ebay.de/itm/318292750933,ebay_sold_p8.html
170871758742,2 - VINTAGE UHRENENDGLIED STÜCK FÜR 20MM HERREN ROLEX UHR OYSTER BAND 93150,29.13,EUR,Neu,Gewerblich,2026-05-19,19. Mai 2026,1,10.42,0,0,"Sofort-Kaufen +EUR 10,42 Lieferung  Vereinigte Staaten von Amerika Ähnliche aktive Angebote ansehen Solch einen Artikel verkaufen","ewatchparts 99,9% positiv (225.086)",https://www.ebay.de/itm/170871758742,ebay_sold_p8.html
126639849243,ROLEX ORIGINAL Sapphire Crystal Saphirglas 25-295 OLD TYPE Datejust Submariner,159.0,EUR,Gebraucht,Gewerblich,2026-05-19,19. Mai 2026,1,6.9,0,1,,almawatches 100% positiv (3.677),https://www.ebay.de/itm/126639849243,ebay_sold_p8.html
406337432815,"#1665 ORIGINAL ROLEX 24-530-0 KRONE & TUBUS CROWN TUBE STAHL OYSTER 5,3mm K",129.99,EUR,Gebraucht,Gewerblich,2026-05-19,19. Mai 2026,1,6.95,0,0,,state_of_time 100% positiv (3.803),https://www.ebay.de/itm/406337432815,ebay_sold_p8.html
116974380152,Rolex Katalog Buch 117Seiten Cartier Katalog,5.9,EUR,Gebraucht,Gewerblich,2026-05-12,12. Mai 2026,1,5.95,0,0,,licht_und_gruen_produkte24 100% positiv (2.120),https://www.ebay.de/itm/116974380152,ebay_sold_p9.html
127796793207,Original ROLEX NOS GMT Master BLACK Inlay Bezel Lünette 1675 16750 Insert Plexig,299.0,EUR,Neu (Sonstige),Gewerblich,2026-05-19,19. Mai 2026,1,6.9,0,1,,almawatches 100% positiv (3.677),https://www.ebay.de/itm/127796793207,ebay_sold_p9.html
336159117283,"REPLACEMENT PART ROLEX ORIGINAL CALIBRE.3035, PART.5066.",39.0,EUR,Neu,Gewerblich,2026-05-19,19. Mai 2026,1,16.0,0,0,"Sofort-Kaufen +EUR 16,00 Lieferung  Spanien Ähnliche aktive Angebote ansehen Solch einen Artikel verkaufen","dimar2018 99,8% positiv (11.466)",https://www.ebay.de/itm/336159117283,ebay_sold_p9.html
178116842771,Rolex Holder + calendar 1982-1983,99.9,EUR,Gebraucht,Privat,2026-05-19,19. Mai 2026,1,12.0,0,1,"Preisvorschlag akzeptiert +EUR 12,00 Lieferung  Spanien Ähnliche aktive Angebote ansehen Solch einen Artikel verkaufen",benthos500 100% positiv (476),https://www.ebay.de/itm/178116842771,ebay_sold_p9.html
206121203494,Rolex Zifferblatt Daytona 116509,1700.0,EUR,Neu (Sonstige),Privat,2026-05-19,19. Mai 2026,1,30.0,0,1,"Preisvorschlag akzeptiert +EUR 30,00 Lieferung  Italien Ähnliche aktive Angebote ansehen Solch einen Artikel verkaufen",stepe4532 100% positiv (538),https://www.ebay.de/itm/206121203494,ebay_sold_p9.html
254539595010,ROLEX DATEJUST - Heft / Booklet von 1-1991 - Deutsch Ref. 593.53 DE,75.0,EUR,Gebraucht,Gewerblich,2026-05-19,19. Mai 2026,1,0.0,1,1,,linckersdorff-gmbh 100% positiv (2.077),https://www.ebay.de/itm/254539595010,ebay_sold_p9.html
178009909969,ROLEX  HANG TAG  VINTAGE,50.0,EUR,Gebraucht,Gewerblich,2026-05-19,19. Mai 2026,1,30.0,0,1,"Preisvorschlag akzeptiert +EUR 30,00 Lieferung  Österreich Ähnliche aktive Angebote ansehen Solch einen Artikel verkaufen","luxuryscapes 94,8% positiv (172)",https://www.ebay.de/itm/178009909969,ebay_sold_p9.html
177849367442,Rolex Sea-Dweller - Reklame Werbeanzeige Original-Werbung 1973,9.95,EUR,Gebraucht,Privat,2026-05-19,19. Mai 2026,1,1.95,0,0,,"jaydee01 99,5% positiv (7.025)",https://www.ebay.de/itm/177849367442,ebay_sold_p9.html
117166509271,GENERIC Keramik Einsatz schwarz für ROLEX Submariner 116610 LN (A) (NEU),40.0,EUR,Neu,Gewerblich,2026-05-19,19. Mai 2026,1,19.0,0,0,"Sofort-Kaufen +EUR 19,00 Lieferung  Italien Ähnliche aktive Angebote ansehen Solch einen Artikel verkaufen","fornitura_boccacci 99,9% positiv (4.089)",https://www.ebay.de/itm/117166509271,ebay_sold_p9.html
406093652116,"ONE USED Original Rolex Tool Cal. 3135, Referencia: 2111.",50.0,EUR,Gebraucht,Gewerblich,2026-05-19,19. Mai 2026,1,20.0,0,0,"Sofort-Kaufen +EUR 20,00 Lieferung  Spanien Ähnliche aktive Angebote ansehen Solch einen Artikel verkaufen","17jewelswatches 97,1% positiv (256)",https://www.ebay.de/itm/406093652116,ebay_sold_p9.html
406093688112,"ONE USED Original Rolex Tool Cal. 3035, Referencia: 2021.",50.0,EUR,Gebraucht,Gewerblich,2026-05-19,19. Mai 2026,1,20.0,0,0,"Sofort-Kaufen +EUR 20,00 Lieferung  Spanien Ähnliche aktive Angebote ansehen Solch einen Artikel verkaufen","17jewelswatches 97,1% positiv (256)",https://www.ebay.de/itm/406093688112,ebay_sold_p9.html
406091047530,ONE USED Original Rolex Tool Cal.1520.,50.0,EUR,Gebraucht,Gewerblich,2026-05-19,19. Mai 2026,1,20.0,0,0,"Sofort-Kaufen +EUR 20,00 Lieferung  Spanien Ähnliche aktive Angebote ansehen Solch einen Artikel verkaufen","17jewelswatches 97,1% positiv (256)",https://www.ebay.de/itm/406091047530,ebay_sold_p9.html
227343982313,Rolex Submariner 5513 BEZEL INSERT,220.0,EUR,Neu (Sonstige),Privat,2026-05-19,19. Mai 2026,1,1.0,0,0,"1 Gebot +EUR 1,00 Lieferung  Frankreich Ähnliche aktive Angebote ansehen Solch einen Artikel verkaufen",artinwatchesuk 100% positiv (83),https://www.ebay.de/itm/227343982313,ebay_sold_p9.html
355919229912,1 Watch Repair Tool for Necessary Rolex Watch Case Opening,35.78,EUR,Neu,Gewerblich,2026-05-19,19. Mai 2026,1,0.0,1,1,oder Preisvorschlag Gratis Lieferung  China Kostenloser Rückversand Ähnliche aktive Angebote ansehen Solch einen Artikel verkaufen,"ghnjgc53 99,7% positiv (10.831)",https://www.ebay.de/itm/355919229912,ebay_sold_p9.html
206127988519,Ihre Rolex Oyster Booklet Deutech DE 1.1992 vintage original,55.0,EUR,Gebraucht,Gewerblich,2026-05-19,19. Mai 2026,1,5.0,0,0,,kian-werke 100% positiv (7.720),https://www.ebay.de/itm/206127988519,ebay_sold_p9.html
397948775450,Rolex Daytona 116523,16500.0,EUR,Neu (Sonstige),Privat,2026-05-19,19. Mai 2026,1,0.0,1,1,Preisvorschlag akzeptiert Gratis Lieferung  Spanien Ähnliche aktive Angebote ansehen Solch einen Artikel verkaufen,joalfarom-0 100% positiv (6),https://www.ebay.de/itm/397948775450,ebay_sold_p9.html
336037620405,"SMOOTH BEZEL RING for ROLEX DATEJUST 36mm 1600, 16000",60.0,EUR,Neu,Gewerblich,2026-05-19,19. Mai 2026,1,7.0,0,0,,old-crowns-com 100% positiv (289),https://www.ebay.de/itm/336037620405,ebay_sold_p9.html
366200704018,Rolex 1601 Dauphine Hands,260.0,EUR,Gebraucht,Privat,2026-05-19,19. Mai 2026,1,10.0,0,0,"Sofort-Kaufen +EUR 10,00 Lieferung  Österreich Ähnliche aktive Angebote ansehen Solch einen Artikel verkaufen",erwag_1877 100% positiv (15),https://www.ebay.de/itm/366200704018,ebay_sold_p9.html
226902741408,NEW Neu Rolex 3235-670 Intermediate Data Wheel Intermediate Datumsrad,89.3,EUR,Gebraucht,Gewerblich,2026-05-19,19. Mai 2026,1,29.0,0,1,"oder Preisvorschlag +EUR 29,00 Lieferung  Italien Ähnliche aktive Angebote ansehen Solch einen Artikel verkaufen",*rarecollections 100% positiv (1.384),https://www.ebay.de/itm/226902741408,ebay_sold_p9.html
127851355572,Aufzugsstange für ROLEX 2030-2035,12.0,EUR,Neu,Privat,2026-05-19,19. Mai 2026,1,6.0,0,0,"Sofort-Kaufen +EUR 6,00 Lieferung  Frankreich Ähnliche aktive Angebote ansehen Solch einen Artikel verkaufen",yatdun 100% positiv (297),https://www.ebay.de/itm/127851355572,ebay_sold_p9.html
227119808988,Rolex Datejust Booklet / Beschreibung 1.1992 Deutsch,33.0,EUR,Neu,Privat,2026-05-19,19. Mai 2026,1,2.9,0,1,,wesir-des-shejks 100% positiv (1.388),https://www.ebay.de/itm/227119808988,ebay_sold_p9.html
165924100288,Plexiglas für 25-143 Tudor Crystal Glass Uhrenglas Verre 74000 75100 91520,8.9,EUR,Neu,Gewerblich,2026-05-19,19. Mai 2026,1,13.5,0,0,"Sofort-Kaufen +EUR 13,50 Lieferung  Italien Ähnliche aktive Angebote ansehen Solch einen Artikel verkaufen","sabaec 99,9% positiv (22.965)",https://www.ebay.de/itm/165924100288,ebay_sold_p9.html
395618825012,Rolex Submariner GMT Master O-ring Dichtung Ref.16610/116610-16710/116710,8.99,EUR,Neu (Sonstige),Gewerblich,2026-05-19,19. Mai 2026,1,0.0,1,0,,dreamuniversesari 100% positiv (1.205),https://www.ebay.de/itm/395618825012,ebay_sold_p9.html
406574346231,"#1769 ORIGINAL ROLEX 15,4mm BANDGLIED DATEJUST 62523H STAHL/GOLD GLIED 16233",129.99,EUR,Gebraucht,Gewerblich,2026-05-19,19. Mai 2026,1,6.95,0,0,,state_of_time 100% positiv (3.803),https://www.ebay.de/itm/406574346231,ebay_sold_p9.html
186397423956,ROLEX 3135 670 Datenrad Zwischenrad GENERIC Zwischenrad Datumsrad SWISS,40.0,EUR,Neu,Gewerblich,2026-05-19,19. Mai 2026,1,13.0,0,0,"Sofort-Kaufen +EUR 13,00 Lieferung  Italien Letzter Artikel Ähnliche aktive Angebote ansehen Solch einen Artikel verkaufen","watchparts-italy 99,5% positiv (3.454)",https://www.ebay.de/itm/186397423956,ebay_sold_p9.html
357657646864,Original Rolex Krone GMT 6 mm Gold B24 603 8 G1 gebraucht,239.0,EUR,Gebraucht,Gewerblich,2026-05-19,19. Mai 2026,1,0.0,1,0,,"sandtuhr 99,8% positiv (54.529)",https://www.ebay.de/itm/357657646864,ebay_sold_p9.html
277880563014,Rolex 24-600-0 Krone Stahl Original Gebraucht 6mm Vintage Gebraucht,128.0,EUR,Neu,Gewerblich,2026-05-19,19. Mai 2026,1,25.0,0,0,"Sofort-Kaufen +EUR 25,00 Lieferung  Italien Ähnliche aktive Angebote ansehen Solch einen Artikel verkaufen",millerighetime_by_arriwatch 100% positiv (913),https://www.ebay.de/itm/277880563014,ebay_sold_p9.html
206059047886,Rolex 7725 balance complete for cal 1300 1310 1315,139.0,EUR,Gebraucht,Privat,2026-05-19,19. Mai 2026,1,12.0,0,1,"oder Preisvorschlag +EUR 12,00 Lieferung  Spanien Ähnliche aktive Angebote ansehen Solch einen Artikel verkaufen","sai_es5 99,6% positiv (1.172)",https://www.ebay.de/itm/206059047886,ebay_sold_p9.html
205769382285,Rolex Date Dial NOS Factory 15000 15008 15233 15238,1099.0,EUR,Gebraucht,Gewerblich,2026-05-19,19. Mai 2026,1,29.0,0,0,"Sofort-Kaufen +EUR 29,00 Lieferung  Italien Ähnliche aktive Angebote ansehen Solch einen Artikel verkaufen",watchmydial 100% positiv (460),https://www.ebay.de/itm/205769382285,ebay_sold_p9.html
160981466839,GEFERTIGTE DIAMANT LÜNETTE FÜR 34 MM ROLEX DATE & AIRKING MODELL 14000 14010 WEISS,67.7,EUR,Neu,Gewerblich,2026-05-18,18. Mai 2026,1,10.42,0,0,"Sofort-Kaufen +EUR 10,42 Lieferung  Vereinigte Staaten von Amerika Ähnliche aktive Angebote ansehen Solch einen Artikel verkaufen","ewatchparts 99,9% positiv (225.086)",https://www.ebay.de/itm/160981466839,ebay_sold_p9.html
185676881189,ROLEX Oyster Chronometer Garantieheft Anleitung Broschüre ORIGINAL 56500 Booklet,39.99,EUR,Neu,Gewerblich,2026-05-18,18. Mai 2026,1,0.0,1,1,,"world24trade 99,9% positiv (9.918)",https://www.ebay.de/itm/185676881189,ebay_sold_p9.html
167675161124,Ultra Rare Genuine Rolex Box Triangle 50/60er Jahre Rolex 6241 6239 6538 1625 1665,269.0,EUR,Gebraucht,Privat,2026-05-18,18. Mai 2026,1,22.0,0,1,"oder Preisvorschlag +EUR 22,00 Lieferung  Italien Ähnliche aktive Angebote ansehen Solch einen Artikel verkaufen",caronda 100% positiv (1.037),https://www.ebay.de/itm/167675161124,ebay_sold_p9.html
173893018428,Aufzugswelle Rolex Winding Stem 1210 1530/70 2030/5 2130/5 2230/5 3030/5 3130/5,4.5,EUR,Neu,Gewerblich,2026-05-18,18. Mai 2026,1,9.9,0,0,"Sofort-Kaufen +EUR 9,90 Lieferung  Italien Ähnliche aktive Angebote ansehen Solch einen Artikel verkaufen","watchbandman75 98,5% positiv (14.068)",https://www.ebay.de/itm/173893018428,ebay_sold_p9.html
116853085503,GENERIC kompatibel ROLEX 3035 Ref. 5091 Feder der Nockenwaage Cali...,20.0,EUR,Neu,Gewerblich,2026-05-18,18. Mai 2026,1,19.0,0,0,"Sofort-Kaufen +EUR 19,00 Lieferung  Italien Letzter Artikel Ähnliche aktive Angebote ansehen Solch einen Artikel verkaufen","fornitura_boccacci 99,9% positiv (4.089)",https://www.ebay.de/itm/116853085503,ebay_sold_p9.html
311157286449,3 PEARL DOT GREEN LUME IN DARK FOR BEZEL INSERT 40MM ROLEX SUBMARINER USA T/QLY,36.43,EUR,Neu,Gewerblich,2026-05-18,18. Mai 2026,1,10.42,0,0,"Sofort-Kaufen +EUR 10,42 Lieferung  Vereinigte Staaten von Amerika Ähnliche aktive Angebote ansehen Solch einen Artikel verkaufen","ewatchparts 99,9% positiv (225.086)",https://www.ebay.de/itm/311157286449,ebay_sold_p9.html
277474920483,Rolex 3135-130 Ponte di carica | Genuine Winding Bridge,138.0,EUR,Gebraucht,Privat,2026-05-18,18. Mai 2026,1,13.0,0,1,"Preisvorschlag akzeptiert +EUR 13,00 Lieferung  Italien Ähnliche aktive Angebote ansehen Solch einen Artikel verkaufen","marinakistore 98,9% positiv (531)",https://www.ebay.de/itm/277474920483,ebay_sold_p9.html
389993387867,ROLEX very rare Stand Display Expositore Vintage 40/50er Jahre,260.0,EUR,Gebraucht,Privat,2026-05-18,18. Mai 2026,1,1.0,0,0,"1 Gebot +EUR 20,00 Lieferung  Italien Ähnliche aktive Angebote ansehen Solch einen Artikel verkaufen",adres-florence 100% positiv (150),https://www.ebay.de/itm/389993387867,ebay_sold_p9.html
227182074964,Rolex 3135-300 Neuwertig Ratsche 3135 3130 3155 3156 3175 3185 Click,29.7,EUR,Gebraucht,Gewerblich,2026-05-18,18. Mai 2026,1,29.0,0,1,"oder Preisvorschlag +EUR 29,00 Lieferung  Italien Ähnliche aktive Angebote ansehen Solch einen Artikel verkaufen",*rarecollections 100% positiv (1.384),https://www.ebay.de/itm/227182074964,ebay_sold_p9.html
316142628594,Rolex Yacht-Master Handbuch Anleitung booklet Französisch IMR-YM-FR-22 - 4.2022,44.0,EUR,Gebraucht,Gewerblich,2026-05-18,18. Mai 2026,1,0.0,1,1,,eBay Top-Service,https://www.ebay.de/itm/316142628594,ebay_sold_p9.html
116332026492,"ROLEX Abdeckung OYSTER Vintage 257 19mm, Armband Ref. 7835 (TOP ZUSTAND)",99.0,EUR,Gebraucht,Gewerblich,2026-05-18,18. Mai 2026,1,19.0,0,0,"Sofort-Kaufen +EUR 19,00 Lieferung  Italien Ähnliche aktive Angebote ansehen Solch einen Artikel verkaufen","fornitura_boccacci 99,9% positiv (4.089)",https://www.ebay.de/itm/116332026492,ebay_sold_p9.html
406383432143,ROLEX 3130 Strumpfritzel o Chaussèe H. 2.51 Cod. 3130-270 Kaliber: 3130 (OTT...,44.0,EUR,Gebraucht,Gewerblich,2026-05-18,18. Mai 2026,1,19.0,0,0,"Sofort-Kaufen +EUR 19,00 Lieferung  Italien Ähnliche aktive Angebote ansehen Solch einen Artikel verkaufen","fornitura_boccacci 99,9% positiv (4.089)",https://www.ebay.de/itm/406383432143,ebay_sold_p9.html
116092535234,ROLEX 3130 Cod. 148 Zifferblattstärke Calib: 3130 (TOP ZUSTAND),99.0,EUR,Gebraucht,Gewerblich,2026-05-18,18. Mai 2026,1,19.0,0,0,"Sofort-Kaufen +EUR 19,00 Lieferung  Italien Ähnliche aktive Angebote ansehen Solch einen Artikel verkaufen","fornitura_boccacci 99,9% positiv (4.089)",https://www.ebay.de/itm/116092535234,ebay_sold_p9.html
227184814339,Rolex 3130-230 Neu NEW Blister X1 Stück Auslöser Einstellhebel 3130,97.9,EUR,Neu,Gewerblich,2026-05-18,18. Mai 2026,1,29.0,0,1,"oder Preisvorschlag +EUR 29,00 Lieferung  Italien Ähnliche aktive Angebote ansehen Solch einen Artikel verkaufen",*rarecollections 100% positiv (1.384),https://www.ebay.de/itm/227184814339,ebay_sold_p9.html
116560421680,ROLEX 3130 Cod. 360 Sekundenrad in der Mitte Kaliber: 3130 (TOP ZUSTAND),44.0,EUR,Gebraucht,Gewerblich,2026-05-18,18. Mai 2026,1,19.0,0,0,"Sofort-Kaufen +EUR 19,00 Lieferung  Italien Ähnliche aktive Angebote ansehen Solch einen Artikel verkaufen","fornitura_boccacci 99,9% positiv (4.089)",https://www.ebay.de/itm/116560421680,ebay_sold_p9.html
165496454059,"Rolex Booklet ""YOUR ROLEX OSTER"" verschiedene Jahre",39.0,EUR,Gebraucht,Privat,2026-05-18,18. Mai 2026,1,18.0,0,0,"Sofort-Kaufen +EUR 18,00 Lieferung  Italien Ähnliche aktive Angebote ansehen Solch einen Artikel verkaufen","watchesitaly 97,2% positiv (918)",https://www.ebay.de/itm/165496454059,ebay_sold_p9.html
168296277555,Transparent Gehäuseboden Für Rolex Gmt Master II 16700 16710 16760 126700 126710,55.92,EUR,Neu,Gewerblich,2026-05-15,15. Mai 2026,1,0.0,1,0,Sofort-Kaufen Gratis Lieferung  Ukraine Kostenloser Rückversand Letzter Artikel Ähnliche aktive Angebote ansehen Solch einen Artikel verkaufen,"zeikaua2014 97,9% positiv (2.684)",https://www.ebay.de/itm/168296277555,ebay_sold_p9.html
147156630722,"Wickelvorbau RUND Nr 1198 ROLEX 10 1/2"" 10H - Schaft Zugstange",13.0,EUR,Neu (Sonstige),Privat,2026-05-18,18. Mai 2026,1,13.0,0,0,"Sofort-Kaufen +EUR 13,00 Lieferung  Italien Letzter Artikel Ähnliche aktive Angebote ansehen Solch einen Artikel verkaufen",dancuo94 100% positiv (45),https://www.ebay.de/itm/147156630722,ebay_sold_p9.html
177991686627,Rolex Day-Date - Retief Goosen - Reklame Werbeanzeige Original-Werbung 2003,2.95,EUR,Gebraucht,Privat,2026-05-18,18. Mai 2026,1,1.95,0,0,,"jaydee01 99,5% positiv (7.025)",https://www.ebay.de/itm/177991686627,ebay_sold_p9.html
226466602037,Warranty Rolex Year 71,140.0,EUR,Neu (Sonstige),Privat,2026-05-18,18. Mai 2026,1,30.0,0,1,"Preisvorschlag akzeptiert +EUR 30,00 Lieferung  Spanien Ähnliche aktive Angebote ansehen Solch einen Artikel verkaufen",rioferni2 100% positiv (721),https://www.ebay.de/itm/226466602037,ebay_sold_p9.html
277990725350,ROLEX Zifferblatt Uhr Oyster Perpetual DAY-DATE Modell Diamanten (39403),290.0,EUR,Gebraucht,Gewerblich,2026-05-15,15. Mai 2026,1,16.5,0,0,"Sofort-Kaufen +EUR 16,50 Lieferung  Frankreich Ähnliche aktive Angebote ansehen Solch einen Artikel verkaufen","planete.collections 99,6% positiv (12.389)",https://www.ebay.de/itm/277990725350,ebay_sold_p9.html
166518145219,Rolex 2230 2235 Part 568 Axe de masse oscillante Asse masse oscillante NEU,24.9,EUR,Neu (Sonstige),Gewerblich,2026-05-18,18. Mai 2026,1,13.5,0,0,"Sofort-Kaufen +EUR 13,50 Lieferung  Italien Ähnliche aktive Angebote ansehen Solch einen Artikel verkaufen","sabaec 99,9% positiv (22.965)",https://www.ebay.de/itm/166518145219,ebay_sold_p9.html
157824278077,Rolex Cellini Original Werk Cal. 1600 | Zifferblatt & Glas original Ref 4082,429.0,EUR,Gebraucht,Gewerblich,2026-05-18,18. Mai 2026,1,0.0,1,0,,erbschaftantreten99 100% positiv (1.862),https://www.ebay.de/itm/157824278077,ebay_sold_p9.html
406445482029,"ROLEX 3135 Aufladeritzel Cod. 3135-204 Kaliber: 3130, 3135, 3136, 3155, 315...",44.0,EUR,Gebraucht,Gewerblich,2026-05-18,18. Mai 2026,1,19.0,0,0,"Sofort-Kaufen +EUR 19,00 Lieferung  Italien Ähnliche aktive Angebote ansehen Solch einen Artikel verkaufen","fornitura_boccacci 99,9% positiv (4.089)",https://www.ebay.de/itm/406445482029,ebay_sold_p9.html
115925597243,"ROLEX 3135 Schieberitzel Cod. 3135-205 Kaliber: 3130, 3135, 3136, 3155, 31...",44.0,EUR,Gebraucht,Gewerblich,2026-05-18,18. Mai 2026,1,19.0,0,0,"Sofort-Kaufen +EUR 19,00 Lieferung  Italien Ähnliche aktive Angebote ansehen Solch einen Artikel verkaufen","fornitura_boccacci 99,9% positiv (4.089)",https://www.ebay.de/itm/115925597243,ebay_sold_p9.html
318211224648,"Vintage End Link Jubilee P464-687, 18mm",80.0,EUR,Gebraucht,Gewerblich,2026-05-18,18. Mai 2026,1,16.0,0,1,"Preisvorschlag akzeptiert +EUR 16,00 Lieferung  Spanien Ähnliche aktive Angebote ansehen Solch einen Artikel verkaufen","aswatches_parts 99,8% positiv (1.023)",https://www.ebay.de/itm/318211224648,ebay_sold_p9.html
115924914481,"ROLEX 2130 Auspuffrad Cod. 2130-410 Calib: 2130, 2135 (TOP ZUSTAND)",50.0,EUR,Gebraucht,Gewerblich,2026-05-18,18. Mai 2026,1,19.0,0,0,"Sofort-Kaufen +EUR 19,00 Lieferung  Italien Ähnliche aktive Angebote ansehen Solch einen Artikel verkaufen","fornitura_boccacci 99,9% positiv (4.089)",https://www.ebay.de/itm/115924914481,ebay_sold_p9.html
800031926254,Rolex Datejust 36 Zifferblatt (Ersatzteil),95.0,EUR,Gebraucht,Privat,2026-05-18,18. Mai 2026,1,1.0,0,1,,sfgsim_0 100% positiv (107),https://www.ebay.de/itm/800031926254,ebay_sold_p9.html
163032472510,Saphirglas für 25-246 Rolex Sapphire Glass 67480 67483 67513 67518 77080,19.9,EUR,Neu,Gewerblich,2026-05-18,18. Mai 2026,1,13.5,0,0,"Sofort-Kaufen +EUR 13,50 Lieferung  Italien Letzter Artikel Ähnliche aktive Angebote ansehen Solch einen Artikel verkaufen","sabaec 99,9% positiv (22.965)",https://www.ebay.de/itm/163032472510,ebay_sold_p9.html
186238744856,FIT ROLEX SUBMARINER kein Datum 14060 Ringeinsatz kompatibel Aftermarket,25.0,EUR,Neu,Gewerblich,2026-05-18,18. Mai 2026,1,13.0,0,0,"Sofort-Kaufen +EUR 13,00 Lieferung  Italien Ähnliche aktive Angebote ansehen Solch einen Artikel verkaufen","watchparts-italy 99,5% positiv (3.454)",https://www.ebay.de/itm/186238744856,ebay_sold_p9.html
358455382190,Rolex Datejust 16233/16238/16203/16013 Gold Roman Dial Tritium,450.0,EUR,Gebraucht,Gewerblich,2026-05-18,18. Mai 2026,1,19.0,0,1,,luxewatchesgermany 100% positiv (92),https://www.ebay.de/itm/358455382190,ebay_sold_p9.html
167451094417,Rolex Pack,40.0,EUR,Neu (Sonstige),Gewerblich,2026-05-18,18. Mai 2026,1,12.0,0,1,"Preisvorschlag akzeptiert +EUR 12,00 Lieferung  Spanien Ähnliche aktive Angebote ansehen Solch einen Artikel verkaufen",cabre_serg 100% positiv (326),https://www.ebay.de/itm/167451094417,ebay_sold_p9.html
386036640454,Rolex Daytona Submariner Datejust Explorer Gmt Master Saphirglas glass,90.0,EUR,Gebraucht,Gewerblich,2026-05-18,18. Mai 2026,1,14.9,0,0,"Sofort-Kaufen +EUR 14,90 Lieferung  Italien Ähnliche aktive Angebote ansehen Solch einen Artikel verkaufen","luxurytime.shop 99,8% positiv (2.110)",https://www.ebay.de/itm/386036640454,ebay_sold_p9.html
187583916110,"ROLEX 12 1/2"" 1030, 1065, Pas 90 Winding Stem / Lastwelle Stange Ref. Runde",20.0,EUR,Gebraucht,Gewerblich,2026-05-18,18. Mai 2026,1,13.0,0,0,"Sofort-Kaufen +EUR 13,00 Lieferung  Italien Ähnliche aktive Angebote ansehen Solch einen Artikel verkaufen","watchparts-italy 99,5% positiv (3.454)",https://www.ebay.de/itm/187583916110,ebay_sold_p9.html
800027498559,Rolex 24-530-8 Gold Krone Gold Crown 15233 | 69173 | 1675/3 #1 Original,129.0,EUR,Gebraucht,Gewerblich,2026-05-18,18. Mai 2026,1,12.5,0,1,"oder Preisvorschlag +EUR 12,50 Lieferung  Italien Ähnliche aktive Angebote ansehen Solch einen Artikel verkaufen",only_quality_stuff_new2026 100% positiv (48),https://www.ebay.de/itm/800027498559,ebay_sold_p9.html
204868217189,Rolex Yacht-Master matching Booklet Set 10.2001 (V67),150.0,EUR,Gebraucht,Gewerblich,2026-05-18,18. Mai 2026,1,5.0,0,0,,kian-werke 100% positiv (7.720),https://www.ebay.de/itm/204868217189,ebay_sold_p9.html
306820570474,Jubilee Band Two Tone 21mm Aftermarket (Seikomod),40.0,EUR,Neu (Sonstige),Privat,2026-05-18,18. Mai 2026,1,2.9,0,1,,"minifigs*n*bricks 96,7% positiv (341)",https://www.ebay.de/itm/306820570474,ebay_sold_p9.html
389984199058,Rolex 3035-95063 Oberschmuck Jeweler Upper in-Setting Original,49.99,EUR,Gebraucht,Gewerblich,2026-05-18,18. Mai 2026,1,12.5,0,1,"oder Preisvorschlag +EUR 12,50 Lieferung  Italien Ähnliche aktive Angebote ansehen Solch einen Artikel verkaufen",only_quality_stuff_new2026 100% positiv (48),https://www.ebay.de/itm/389984199058,ebay_sold_p9.html
162123144871,Daytona Druckknopf Krone passend für Rolex 16520 16523 16528 Drücker,82.35,EUR,Neu,Gewerblich,2026-05-18,18. Mai 2026,1,15.69,0,0,"Sofort-Kaufen +EUR 15,69 Lieferung  Vereinigte Staaten von Amerika Ähnliche aktive Angebote ansehen Solch einen Artikel verkaufen","watchpartusa 99,8% positiv (44.143)",https://www.ebay.de/itm/162123144871,ebay_sold_p9.html
357935495608,Rolex Datejust White Buckley Dial 1600/1601/1603,900.0,EUR,Gebraucht,Gewerblich,2026-05-17,17. Mai 2026,1,19.0,0,1,,luxewatchesgermany 100% positiv (92),https://www.ebay.de/itm/357935495608,ebay_sold_p9.html
236624446183,Rolex Zifferblatt für Oyster Perpetual 31mm Modell 64780 67514 67480 77080 177200 177234,299.0,EUR,Gebraucht,Gewerblich,2026-05-17,17. Mai 2026,1,49.0,0,1,"oder Preisvorschlag +EUR 49,00 Lieferung  Frankreich Ähnliche aktive Angebote ansehen Solch einen Artikel verkaufen",spareswatch 100% positiv (556),https://www.ebay.de/itm/236624446183,ebay_sold_p9.html
227339643071,Neu Original Rolex Tropic B25 19 J1 Plexiglas Kristall Submariner 5512 5513 1016,50.0,EUR,Gebraucht,Privat,2026-05-17,17. Mai 2026,1,15.0,0,1,"Preisvorschlag akzeptiert +EUR 15,00 Lieferung  Frankreich Ähnliche aktive Angebote ansehen Solch einen Artikel verkaufen",artinwatchesuk 100% positiv (83),https://www.ebay.de/itm/227339643071,ebay_sold_p9.html
336443847939,"Rolex Tudor Original Kristall 25 31 für 7975, 7980 Neu NOS versiegelt",35.0,EUR,Neu (Sonstige),Privat,2026-05-17,17. Mai 2026,1,13.0,0,0,"Sofort-Kaufen +EUR 13,00 Lieferung  Italien Ähnliche aktive Angebote ansehen Solch einen Artikel verkaufen",paoloroberto63 100% positiv (1.477),https://www.ebay.de/itm/336443847939,ebay_sold_p9.html
226449094319,"ESLABON ROLEX JUBILEE  ACERO Y ORO  15,5MM PARA PIEZA DE RECAMBIO",120.0,EUR,Gebraucht,Gewerblich,2026-05-17,17. Mai 2026,1,0.0,1,0,"Sofort-Kaufen +EUR 9,00 Lieferung  Spanien Kostenloser Rückversand Letzter Artikel Ähnliche aktive Angebote ansehen Solch einen Artikel verkaufen","eldesguacedelrelojero 99,1% positiv (10.504)",https://www.ebay.de/itm/226449094319,ebay_sold_p9.html
137288937117,Rolex Datejust 41mm Blaues Zifferblatt Blue Dial,850.0,EUR,Neu (Sonstige),Privat,2026-05-17,17. Mai 2026,1,35.0,0,1,"Preisvorschlag akzeptiert +EUR 35,00 Lieferung  Italien Ähnliche aktive Angebote ansehen Solch einen Artikel verkaufen",vintage*lab 100% positiv (968),https://www.ebay.de/itm/137288937117,ebay_sold_p9.html
257442348802,Rolex 62510H Edelstahl CP12 For Jubile NEU NOS ZUSTAND,349.0,EUR,Gebraucht,Gewerblich,2026-05-17,17. Mai 2026,1,19.9,0,0,"Sofort-Kaufen +EUR 19,90 Lieferung  Italien Ähnliche aktive Angebote ansehen Solch einen Artikel verkaufen",il_tempo_dei_principi_srl 100% positiv (442),https://www.ebay.de/itm/257442348802,ebay_sold_p9.html
204798464967,Rolex Precision Lady NOS sehr altes Zifferblatt RAR,399.0,EUR,Gebraucht,Gewerblich,2026-05-17,17. Mai 2026,1,29.0,0,1,"oder Preisvorschlag +EUR 29,00 Lieferung  Italien Ähnliche aktive Angebote ansehen Solch einen Artikel verkaufen",watchmydial 100% positiv (460),https://www.ebay.de/itm/204798464967,ebay_sold_p9.html
306930444492,Cadran Rolex Paul Newman 6239,500.0,EUR,Gebraucht,Privat,2026-05-17,17. Mai 2026,1,1.0,0,0,"1 Gebot +EUR 15,00 Lieferung  Frankreich Ähnliche aktive Angebote ansehen Solch einen Artikel verkaufen","aurelieconigli0 89,7% positiv (89)",https://www.ebay.de/itm/306930444492,ebay_sold_p9.html
375869352911,Buch Katalog ROLEX 2014 - 2015 + TARIFLISTE Uhr Watch FR FRANZÖSISCH,7.9,EUR,Gebraucht,Privat,2026-05-12,12. Mai 2026,1,12.9,0,0,"Sofort-Kaufen +EUR 12,90 Lieferung  Frankreich Ähnliche aktive Angebote ansehen Solch einen Artikel verkaufen",book.art 100% positiv (32),https://www.ebay.de/itm/375869352911,ebay_sold_p9.html
287330676806,Rolex Submariner Booklet Set 1994 deutsche Ausgabe 6 teilig,95.0,EUR,Gebraucht,Privat,2026-05-17,17. Mai 2026,1,6.0,0,0,,tictac01 100% positiv (818),https://www.ebay.de/itm/287330676806,ebay_sold_p9.html
318211239201,Rolex Datejust 41mm weißes Zifferblatt 126300/334,475.0,EUR,Gebraucht,Gewerblich,2026-05-17,17. Mai 2026,1,16.0,0,0,"Sofort-Kaufen +EUR 16,00 Lieferung  Spanien Ähnliche aktive Angebote ansehen Solch einen Artikel verkaufen","aswatches_parts 99,8% positiv (1.023)",https://www.ebay.de/itm/318211239201,ebay_sold_p9.html
317630934518,Translation Booklet - Libretto Traduzione Rolex 565.00.300.8.95,20.0,EUR,Gebraucht,Privat,2026-05-17,17. Mai 2026,1,25.0,0,1,"Preisvorschlag akzeptiert +EUR 25,00 Lieferung  Italien Ähnliche aktive Angebote ansehen Solch einen Artikel verkaufen",kcvgj_92 100% positiv (53),https://www.ebay.de/itm/317630934518,ebay_sold_p9.html
127747815284,Rolex 16710 16700 GMT MASTER Pepsi Insert Aluminium Inlay Lünette Bezel NOS,979.0,EUR,Gebraucht,Gewerblich,2026-05-17,17. Mai 2026,1,6.9,0,0,,almawatches 100% positiv (3.677),https://www.ebay.de/itm/127747815284,ebay_sold_p9.html
406644637606,GENERIC Gelbe Zeiger Set für Rolex Datejust 16233 Cal. 3035/3135 Kaliber: 30...,25.0,EUR,Neu,Gewerblich,2026-05-17,17. Mai 2026,1,19.0,0,0,"Sofort-Kaufen +EUR 19,00 Lieferung  Italien Ähnliche aktive Angebote ansehen Solch einen Artikel verkaufen","fornitura_boccacci 99,9% positiv (4.089)",https://www.ebay.de/itm/406644637606,ebay_sold_p9.html
168017843253,Ultra Rare Original Rolex Daytona Zenith Cosc Day Date Submariner Gmt Year '90,50.0,EUR,Neu (Sonstige),Privat,2026-05-17,17. Mai 2026,1,15.0,0,1,"Preisvorschlag akzeptiert +EUR 15,00 Lieferung  Italien Ähnliche aktive Angebote ansehen Solch einen Artikel verkaufen",caronda 100% positiv (1.037),https://www.ebay.de/itm/168017843253,ebay_sold_p9.html
127846158746,ROLEX BEZEL PROTECTOR SEA DWELLER 4000 SUBMARINER 39mm INSIDE NUMBER 21 VINTAGE,39.9,EUR,Neu (Sonstige),Gewerblich,2026-05-17,17. Mai 2026,1,7.15,0,0,"Sofort-Kaufen +EUR 7,15 Lieferung  Spanien Ähnliche aktive Angebote ansehen Solch einen Artikel verkaufen",deluxemarketmadrid 100% positiv (1.739),https://www.ebay.de/itm/127846158746,ebay_sold_p9.html
182180950247,Verlängerungsglied Stahl kompatibel zum Rolex Oyster Herren Armband 93150,59.95,EUR,Neu,Gewerblich,2026-05-17,17. Mai 2026,1,0.0,1,0,,watchparts24 100% positiv (71.339),https://www.ebay.de/itm/182180950247,ebay_sold_p9.html
127864776939,Rolex Jubilee Vintage Stahl  Faltschließe 62523 H 14,150.0,EUR,Gebraucht,Privat,2026-05-17,17. Mai 2026,1,7.0,0,0,,molinas22 100% positiv (240),https://www.ebay.de/itm/127864776939,ebay_sold_p9.html
161881660245,"LÜNETTE & EINSATZ FÜR ROLEX GMT 1670, 1675, 16750, 16753 16758 BRAUN SILBER SCHIENEN",140.67,EUR,Neu,Gewerblich,2026-05-17,17. Mai 2026,1,10.42,0,0,"Sofort-Kaufen +EUR 10,42 Lieferung  Vereinigte Staaten von Amerika Ähnliche aktive Angebote ansehen Solch einen Artikel verkaufen","ewatchparts 99,9% positiv (225.086)",https://www.ebay.de/itm/161881660245,ebay_sold_p9.html
267665237474,Rolex Katalog Sammlung  2012–2023,27.5,EUR,Neu (Sonstige),Privat,2026-05-17,17. Mai 2026,1,10.0,0,0,,buccaneersbay 100% positiv (332),https://www.ebay.de/itm/267665237474,ebay_sold_p9.html
276402931086,NEU Rolex 29-295-2-C5 Glasdichtung Explorer Submariner GMT x1 Stück,38.0,EUR,Brand New - Neu Original,,2026-05-16,16. Mai 2026,1,25.0,0,1,"oder Preisvorschlag +EUR 25,00 Lieferung  Italien Ähnliche aktive Angebote ansehen Solch einen Artikel verkaufen",millerighetime_by_arriwatch 100% positiv (913),https://www.ebay.de/itm/276402931086,ebay_sold_p9.html
377184576026,"Pepsi Mk3 Keramik Lünetteneinsatz Rolex GMT Master II Ref. 116710 , 126710",289.0,EUR,Neu (Sonstige),Privat,2026-05-16,16. Mai 2026,1,25.8,0,1,"oder Preisvorschlag +EUR 25,80 Lieferung  Italien Ähnliche aktive Angebote ansehen Solch einen Artikel verkaufen",gi_ta13 100% positiv (17),https://www.ebay.de/itm/377184576026,ebay_sold_p9.html
177513218741,Rolex Day-Date - Reklame Werbeanzeige Original-Werbung 1971 (2),2.99,EUR,Gebraucht,Privat,2026-05-16,16. Mai 2026,1,1.95,0,1,,"jaydee01 99,5% positiv (7.025)",https://www.ebay.de/itm/177513218741,ebay_sold_p9.html
177513218765,Rolex Oyster Perpetual - Reklame Werbeanzeige Original-Werbung 2004,1.95,EUR,Gebraucht,Privat,2026-05-16,16. Mai 2026,1,1.95,0,0,,"jaydee01 99,5% positiv (7.025)",https://www.ebay.de/itm/177513218765,ebay_sold_p9.html
177849367429,Rolex Datejust - Reklame Werbeanzeige Original-Werbung 1960,4.95,EUR,Gebraucht,Privat,2026-05-16,16. Mai 2026,1,1.95,0,0,,"jaydee01 99,5% positiv (7.025)",https://www.ebay.de/itm/177849367429,ebay_sold_p9.html
177849367434,Rolex Datejust - Reklame Werbeanzeige Original-Werbung 1973,4.95,EUR,Gebraucht,Privat,2026-05-16,16. Mai 2026,1,1.95,0,0,,"jaydee01 99,5% positiv (7.025)",https://www.ebay.de/itm/177849367434,ebay_sold_p9.html
178131379730,"ROLEX Preisliste 2020/2021, neu, original, ungelesen",12.0,EUR,Neu,Privat,2026-05-16,16. Mai 2026,1,1.0,0,0,,"breitlingfan 98,2% positiv (1.175)",https://www.ebay.de/itm/178131379730,ebay_sold_p9.html
318208111181,Rolex Submariner Booklet Set 4 Teilig  - deutsch 1999 -,99.0,EUR,Gebraucht,Gewerblich,2026-05-16,16. Mai 2026,1,0.0,1,0,,blackpen4810 100% positiv (9.414),https://www.ebay.de/itm/318208111181,ebay_sold_p9.html
188375591042,ROLEX DATEJUST SILBER ZIFFERBLATT FÜR 16000 16014 16220 16234 MIT RÖMISCHEN ZAHLEN,299.0,EUR,Gebraucht,Privat,2026-05-16,16. Mai 2026,1,1.0,0,0,"1 Gebot +EUR 45,00 Lieferung  Italien Ähnliche aktive Angebote ansehen Solch einen Artikel verkaufen",meteora25 100% positiv (159),https://www.ebay.de/itm/188375591042,ebay_sold_p9.html
394505718194,Rolex Yacht-Master Booklet - Set - 5-Teilig - Englisch von 9.2003 -,145.0,EUR,Gebraucht,Gewerblich,2026-05-16,16. Mai 2026,1,0.0,1,1,,veluzia65 100% positiv (335),https://www.ebay.de/itm/394505718194,ebay_sold_p9.html
377184663623,Rolex Servicekarte Service Card Von Rolex Original Rolex Worle Service NFC Karte,179.0,EUR,Gebraucht,Privat,2026-05-16,16. Mai 2026,1,6.19,0,1,,"dxbf-86 99,5% positiv (331)",https://www.ebay.de/itm/377184663623,ebay_sold_p9.html
403834434785,ROLEX 2230-540 RAD WHEEL PART SPARE REPAIR OYSTER PERPETUAL RESTORE REVERSING,29.0,EUR,Gebraucht,Gewerblich,2026-05-16,16. Mai 2026,1,6.95,0,0,,state_of_time 100% positiv (3.803),https://www.ebay.de/itm/403834434785,ebay_sold_p9.html
236520353040,Rolex Lady DatejustZifferblatt Ref. 69173 79173 / Kaliber 2135 2235 Gold,100.0,EUR,Neu (Sonstige),Privat,2026-05-16,16. Mai 2026,1,6.19,0,0,,q_1919 0% positiv (8),https://www.ebay.de/itm/236520353040,ebay_sold_p9.html
205327489388,Rolex Date 1500 1501 1505 Very Early Rare Dial for 34mm,499.0,EUR,Gebraucht,Gewerblich,2026-05-16,16. Mai 2026,1,29.0,0,1,"oder Preisvorschlag +EUR 29,00 Lieferung  Italien Ähnliche aktive Angebote ansehen Solch einen Artikel verkaufen",watchmydial 100% positiv (460),https://www.ebay.de/itm/205327489388,ebay_sold_p9.html
306931591675,Rolex 1675 Vintage Insert Bezel,500.0,EUR,Gebraucht,Privat,2026-05-16,16. Mai 2026,1,1.0,0,0,"1 Gebot +EUR 15,00 Lieferung  Frankreich Ähnliche aktive Angebote ansehen Solch einen Artikel verkaufen","aurelieconigli0 89,7% positiv (89)",https://www.ebay.de/itm/306931591675,ebay_sold_p9.html
206006272716,ORIGINAL  LÜNETTE KLICKFEDER FÜR ROLEX GMT MASTER II 116710 116710LN 1167 (Z848),45.0,EUR,Neu (Sonstige),Gewerblich,2026-05-16,16. Mai 2026,1,5.0,0,0,,kian-werke 100% positiv (7.720),https://www.ebay.de/itm/206006272716,ebay_sold_p9.html
205097871582,Rolex Vintage 6635 7205 7835 Outer Clasp Date Air King Daytona Oyster BIG Logo,189.0,EUR,Gebraucht,Gewerblich,2026-05-15,15. Mai 2026,1,29.0,0,1,"oder Preisvorschlag +EUR 29,00 Lieferung  Italien Ähnliche aktive Angebote ansehen Solch einen Artikel verkaufen",watchmydial 100% positiv (460),https://www.ebay.de/itm/205097871582,ebay_sold_p9.html
168364221725,Original Rolex Armband Oysterflex schwarz 350501 F 350501 E Daytona Yachtmaster Sub,850.0,EUR,Gebraucht,Privat,2026-05-15,15. Mai 2026,1,30.0,0,1,"Preisvorschlag akzeptiert +EUR 30,00 Lieferung  Italien Ähnliche aktive Angebote ansehen Solch einen Artikel verkaufen",caronda 100% positiv (1.037),https://www.ebay.de/itm/168364221725,ebay_sold_p9.html
126598965049,ROLEX Hands Zeiger RADIUM Vintage ALPHA RARE used Original Gold 5500 1520,349.0,EUR,Gebraucht,Gewerblich,2026-05-15,15. Mai 2026,1,5.9,0,1,,almawatches 100% positiv (3.677),https://www.ebay.de/itm/126598965049,ebay_sold_p9.html
164313726107,Dichtungen komplett Kit Gaskets for Rolex Submariner 16610 16613 16618,17.9,EUR,Neu,Gewerblich,2026-05-15,15. Mai 2026,1,13.5,0,0,"Sofort-Kaufen +EUR 13,50 Lieferung  Italien Ähnliche aktive Angebote ansehen Solch einen Artikel verkaufen","sabaec 99,9% positiv (22.965)",https://www.ebay.de/itm/164313726107,ebay_sold_p9.html
186097715437,ROLEX 3035 5066 Clip Schwingmasse GENERIC SPRING CLIP FOR ROTOR SWISS,23.0,EUR,Neu,Gewerblich,2026-05-15,15. Mai 2026,1,13.0,0,0,"Sofort-Kaufen +EUR 13,00 Lieferung  Italien Ähnliche aktive Angebote ansehen Solch einen Artikel verkaufen","watchparts-italy 99,5% positiv (3.454)",https://www.ebay.de/itm/186097715437,ebay_sold_p9.html
117172645966,"Rolex GMT-Master II 16710 ""Coke"" Ring Einsatz schwarz/rot + Mantel + Dichtung",133.0,EUR,Gebraucht,Privat,2026-05-15,15. Mai 2026,1,9.0,0,1,"oder Preisvorschlag +EUR 9,00 Lieferung  Italien Ähnliche aktive Angebote ansehen Solch einen Artikel verkaufen","pol.00 97,8% positiv (540)",https://www.ebay.de/itm/117172645966,ebay_sold_p9.html
186237233375,ROLEX GMT 16710 16700 16760 Klickfeder Ring Swiss Made 317-16710 Generic Beze,17.0,EUR,Neu,Gewerblich,2026-05-15,15. Mai 2026,1,13.0,0,0,"Sofort-Kaufen +EUR 13,00 Lieferung  Italien Ähnliche aktive Angebote ansehen Solch einen Artikel verkaufen","watchparts-italy 99,5% positiv (3.454)",https://www.ebay.de/itm/186237233375,ebay_sold_p9.html
137080970560,Rolex Masterpiece Pearlmaster 80318 69298 80298 18k Yellow Gold Link 14mm,279.99,EUR,Gebraucht,Privat,2026-05-15,15. Mai 2026,1,6.19,0,1,,mastamm-75 100% positiv (266),https://www.ebay.de/itm/137080970560,ebay_sold_p9.html
157886526262,Rolex Lady-Datejust Zifferblatt mit Uhrwerk 26 mm,81.0,EUR,Gebraucht,Privat,2026-05-15,15. Mai 2026,1,32.0,0,0,,"fynn20025 93,8% positiv (253)",https://www.ebay.de/itm/157886526262,ebay_sold_p9.html
127099640551,ROLEX CARDHOLDER BOOKLET GENUINE 2015 WALLET GREEN TARJETERO ORIGINAL 4119209.34,39.9,EUR,Neu (Sonstige),Gewerblich,2026-05-15,15. Mai 2026,1,7.15,0,0,"Sofort-Kaufen +EUR 7,15 Lieferung  Spanien Ähnliche aktive Angebote ansehen Solch einen Artikel verkaufen",deluxemarketmadrid 100% positiv (1.739),https://www.ebay.de/itm/127099640551,ebay_sold_p9.html
384048347518,Aluminium Bezel Lünette Inlay *coke* schwarz-rot Kompatibel Rolex GMT Master II,35.0,EUR,Neu (Sonstige),Gewerblich,2026-05-15,15. Mai 2026,1,5.0,0,0,,"sekowatchworld 99,1% positiv (1.120)",https://www.ebay.de/itm/384048347518,ebay_sold_p9.html
127595398218,"ROLEX Cellini Uhrwerk Kaliber 1601, für Ref. 4082 mit Zifferblatt und Zeiger",450.0,EUR,Gebraucht,Privat,2026-05-15,15. Mai 2026,1,0.0,1,1,,pinodisilvestre 100% positiv (1.325),https://www.ebay.de/itm/127595398218,ebay_sold_p9.html
327156790607,BERGEON Original Ref: 5537 Schlüssel zum Öffnen und Schließen ROLEX OYSTER Gehäuseböden...,115.0,EUR,Neu (Sonstige),Privat,2026-05-15,15. Mai 2026,1,1.0,0,1,"1 Gebot Preisvorschlag akzeptiert +EUR 33,00 Lieferung  Frankreich Ähnliche aktive Angebote ansehen Solch einen Artikel verkaufen",bond2c 100% positiv (1.133),https://www.ebay.de/itm/327156790607,ebay_sold_p9.html
326830863056,Rolex Datumsscheibe GMT Master II Kaliber 3135,190.0,EUR,Gebraucht,Gewerblich,2026-05-15,15. Mai 2026,1,7.99,0,1,,prime-timeparts 100% positiv (254),https://www.ebay.de/itm/326830863056,ebay_sold_p9.html
173255048812,TRIEBFEDER HGA für Rolex Datejust 3035 16013 16014 16019 16030 16253 16800 16600,26.01,EUR,Neu,Gewerblich,2026-05-15,15. Mai 2026,1,10.42,0,0,"Sofort-Kaufen +EUR 10,42 Lieferung  Vereinigte Staaten von Amerika Ähnliche aktive Angebote ansehen Solch einen Artikel verkaufen","ewatchparts 99,9% positiv (225.086)",https://www.ebay.de/itm/173255048812,ebay_sold_p9.html
404243058465,ROLEX BUBBLEBACK ZEIGER HANDS HANDSET VINTAGE ZEIGERSATZ OYSTER PERPETUAL,127.08,EUR,Gebraucht,Gewerblich,2026-05-15,15. Mai 2026,1,6.95,0,0,,state_of_time 100% positiv (3.803),https://www.ebay.de/itm/404243058465,ebay_sold_p9.html
404462692130,#896 NOS NEU ORIGINAL ROLEX 1030 1035 1055 7123 BALANCE COMPLETE WHEEL UNRUH NEW,599.99,EUR,Gebraucht,Gewerblich,2026-05-15,15. Mai 2026,1,9.5,0,0,,state_of_time 100% positiv (3.803),https://www.ebay.de/itm/404462692130,ebay_sold_p9.html
147254066447,Daytona 116500LN Garantiekarte Garantie 100% Authentic,1200.0,EUR,Gebraucht,Privat,2026-05-14,14. Mai 2026,1,0.0,1,1,Preisvorschlag akzeptiert Gratis Lieferung  Italien Ähnliche aktive Angebote ansehen Solch einen Artikel verkaufen,5c74y_63 100% positiv (40),https://www.ebay.de/itm/147254066447,ebay_sold_p9.html
318049180404,"FIBBIA AD ARDIGLIONE DA 16 MM IN ACCIAIO INOSSIDABILE, COLORE SILVER.",36.9,EUR,Neu (Sonstige),Privat,2026-05-14,14. Mai 2026,1,16.9,0,0,"Sofort-Kaufen +EUR 16,90 Lieferung  Italien Ähnliche aktive Angebote ansehen Solch einen Artikel verkaufen",shady0-90 100% positiv (19),https://www.ebay.de/itm/318049180404,ebay_sold_p9.html
366408682045,rolex submariner date 5513 case back genuine vintage-fondello funzionante orig.,440.0,EUR,Gebraucht,Privat,2026-05-14,14. Mai 2026,1,59.0,0,1,"oder Preisvorschlag +EUR 59,00 Lieferung  Italien Ähnliche aktive Angebote ansehen Solch einen Artikel verkaufen",mrkhs26 100% positiv (24),https://www.ebay.de/itm/366408682045,ebay_sold_p9.html
166232479164,"Plexiglas für 25-19 30,50mm 19-2 Rolex Crystal Glass Uhrenglas Verre 5512 5513",8.9,EUR,Neu,Gewerblich,2026-05-14,14. Mai 2026,1,13.5,0,0,"Sofort-Kaufen +EUR 13,50 Lieferung  Italien Ähnliche aktive Angebote ansehen Solch einen Artikel verkaufen","sabaec 99,9% positiv (22.965)",https://www.ebay.de/itm/166232479164,ebay_sold_p9.html
126598940906,ROLEX tritium Zifferblatt DATEJUST Oysterquartz 17013 5035 DIAL GOLD 36mm,479.0,EUR,Gebraucht,Gewerblich,2026-05-14,14. Mai 2026,1,6.9,0,1,,almawatches 100% positiv (3.677),https://www.ebay.de/itm/126598940906,ebay_sold_p9.html
227203728719,Rolex 2130-0916 Wie Neu Dämpfer Unruh Unten ohne Schmuck,53.9,EUR,Gebraucht,Gewerblich,2026-05-14,14. Mai 2026,1,29.0,0,1,"oder Preisvorschlag +EUR 29,00 Lieferung  Italien Ähnliche aktive Angebote ansehen Solch einen Artikel verkaufen",*rarecollections 100% positiv (1.384),https://www.ebay.de/itm/227203728719,ebay_sold_p9.html
388662726200,Rolex Händlerkatalog Buch Dealer Catalogue Book 2000/01,250.0,EUR,Gebraucht,Gewerblich,2026-05-14,14. Mai 2026,1,14.9,0,1,"oder Preisvorschlag +EUR 14,90 Lieferung  Italien Ähnliche aktive Angebote ansehen Solch einen Artikel verkaufen","luxurytime.shop 99,8% positiv (2.110)",https://www.ebay.de/itm/388662726200,ebay_sold_p9.html
388680260587,Rolex Daytona libretto corredo orologio watch booklet 7.2015 italiano,80.0,EUR,Gebraucht,Gewerblich,2026-05-14,14. Mai 2026,1,14.9,0,1,"Preisvorschlag akzeptiert +EUR 14,90 Lieferung  Italien Ähnliche aktive Angebote ansehen Solch einen Artikel verkaufen","luxurytime.shop 99,8% positiv (2.110)",https://www.ebay.de/itm/388680260587,ebay_sold_p9.html
257475897464,Original Rolex GMT Master Pepsi Bezel Insert Inlay B 315-16700 16710 16760 NEU,490.0,EUR,Neu,Privat,2026-05-14,14. Mai 2026,1,6.19,0,0,,frosch996 100% positiv (1.879),https://www.ebay.de/itm/257475897464,ebay_sold_p9.html
186245086300,"ROLEX 1530 7919, SPULENLEITRADSTEIN, UNTEN",18.0,EUR,Neu,Gewerblich,2026-05-14,14. Mai 2026,1,13.0,0,0,"Sofort-Kaufen +EUR 13,00 Lieferung  Italien Ähnliche aktive Angebote ansehen Solch einen Artikel verkaufen","watchparts-italy 99,5% positiv (3.454)",https://www.ebay.de/itm/186245086300,ebay_sold_p9.html
188316990186,Katalog Rolex 2023/2024 Uhr Armbanduhr Damen Herren 262 Seiten Hardcover Buch,9.99,EUR,Gebraucht,Privat,2026-05-14,14. Mai 2026,1,3.99,0,0,,zaubermaus.2011 96% positiv (83),https://www.ebay.de/itm/188316990186,ebay_sold_p9.html
117076650432,Uhrenkatalog und Schmuck Katalog 2014 - 2015 in Rolex Cartier Baume & Mercier.,39.0,EUR,Gebraucht,Privat,2026-05-14,14. Mai 2026,1,5.79,0,1,,mergim24 100% positiv (671),https://www.ebay.de/itm/117076650432,ebay_sold_p9.html
406612581726,#1778 ORIGINAL ROLEX 25-117 ACRYLGLAS 1500 1501 DATE 1625 TURNOGRAPH 5700 USED,89.99,EUR,Gebraucht,Gewerblich,2026-05-14,14. Mai 2026,1,6.95,0,0,,state_of_time 100% positiv (3.803),https://www.ebay.de/itm/406612581726,ebay_sold_p9.html
186430964136,Stahlarmband mit Faltschließe Jubile Style kompatibel mit Rolex Uhren 17 mm,39.95,EUR,Neu,Gewerblich,2026-05-14,14. Mai 2026,1,0.0,1,0,,watchparts24 100% positiv (71.339),https://www.ebay.de/itm/186430964136,ebay_sold_p9.html
183024608651,RLX Acryl Glas kompatibel Rolex Tropic 19 Superdomed für Rolex Submariner 5513,49.95,EUR,Neu,Gewerblich,2026-05-14,14. Mai 2026,1,0.0,1,0,,watchparts24 100% positiv (71.339),https://www.ebay.de/itm/183024608651,ebay_sold_p9.html
326364429415,"Rolex Daytona 6263, 6265. Submariner 1680, 1680-8. Twinlock Krone und kronenrohr",250.0,EUR,Neu (Sonstige),Privat,2026-05-14,14. Mai 2026,1,20.0,0,0,"Sofort-Kaufen +EUR 20,00 Lieferung  Dänemark Ähnliche aktive Angebote ansehen Solch einen Artikel verkaufen",misser10 100% positiv (477),https://www.ebay.de/itm/326364429415,ebay_sold_p9.html
188375635453,ROLEX DAY DATE BOOKLET SET 1986 ENGLISCHE VERSION 18038 18039 DAYDATE LIBRETTI,180.0,EUR,Gebraucht,Privat,2026-05-14,14. Mai 2026,1,1.0,0,1,"1 Gebot Preisvorschlag akzeptiert +EUR 36,00 Lieferung  Italien Ähnliche aktive Angebote ansehen Solch einen Artikel verkaufen",meteora25 100% positiv (159),https://www.ebay.de/itm/188375635453,ebay_sold_p9.html
357981852619,"ROLEX Leder-Etui für Papiere, grün",19.0,EUR,Neu (Sonstige),Gewerblich,2026-05-14,14. Mai 2026,1,7.0,0,0,,"uhren-pforzheimde 98,5% positiv (282)",https://www.ebay.de/itm/357981852619,ebay_sold_p9.html
306897038794,"ROLEX Uhrenkatalog 2023 - 2024, Hardcover, 258 Seiten",25.0,EUR,Neu,Privat,2026-05-14,14. Mai 2026,1,14.0,0,0,"Sofort-Kaufen +EUR 14,00 Lieferung  Italien Ähnliche aktive Angebote ansehen Solch einen Artikel verkaufen",norton04it 100% positiv (122),https://www.ebay.de/itm/306897038794,ebay_sold_p9.html
177656441968,Rolex 3000-3035-5068-Ruota inversione automatico,75.0,EUR,Gebraucht,Privat,2026-05-14,14. Mai 2026,1,20.0,0,0,"Sofort-Kaufen +EUR 20,00 Lieferung  Italien Ähnliche aktive Angebote ansehen Solch einen Artikel verkaufen",refanoro79 100% positiv (244),https://www.ebay.de/itm/177656441968,ebay_sold_p9.html
406326134099,GENERIC Kompatible Stop Langhantel für ROLEX Cal. 2035 (NEU),20.0,EUR,Neu,Gewerblich,2026-05-14,14. Mai 2026,1,19.0,0,0,"Sofort-Kaufen +EUR 19,00 Lieferung  Italien Ähnliche aktive Angebote ansehen Solch einen Artikel verkaufen","fornitura_boccacci 99,9% positiv (4.089)",https://www.ebay.de/itm/406326134099,ebay_sold_p9.html
198051791159,Rolex Cal.2030/2035 Ref.4440,40.0,EUR,Gebraucht,Gewerblich,2026-05-14,14. Mai 2026,1,18.0,0,0,"Sofort-Kaufen +EUR 18,00 Lieferung  Italien Ähnliche aktive Angebote ansehen Solch einen Artikel verkaufen",combattiamolacrisi 100% positiv (8.907),https://www.ebay.de/itm/198051791159,ebay_sold_p9.html
116850837390,ROLEX VINTAGE KALENDER 2007 - 2008 CALENDAR,69.0,EUR,Neu (Sonstige),Gewerblich,2026-05-14,14. Mai 2026,1,0.0,1,1,,chromoff_group 100% positiv (1.390),https://www.ebay.de/itm/116850837390,ebay_sold_p9.html
157840319162,"Swiss Uhrenglas kompatibel mit Rolex 6505, 6619, 6623, 6718, 6719 - 1 Stück",50.09,EUR,Neu (Sonstige),Gewerblich,2026-05-14,14. Mai 2026,1,6.95,0,0,"Sofort-Kaufen +EUR 6,95 Lieferung  Frankreich Ähnliche aktive Angebote ansehen Solch einen Artikel verkaufen","timed_horlogerie 80,3% positiv (270)",https://www.ebay.de/itm/157840319162,ebay_sold_p9.html
126598973410,ORIGINAL ROLEX Movement Barrel WHEEL Federhaus 3135 3130 Part 310 Arbor 3185,45.0,EUR,Gebraucht,Gewerblich,2026-05-14,14. Mai 2026,1,4.9,0,1,,almawatches 100% positiv (3.677),https://www.ebay.de/itm/126598973410,ebay_sold_p9.html
196088293097,ROLEX TUDOR REFERENZ 7974 TEILE ORIGINAL KAL. GEWICHTE 350 355 380 385 FEF 380-2,12.0,EUR,Neu (Sonstige),Gewerblich,2026-05-14,14. Mai 2026,1,6.0,0,0,"Sofort-Kaufen +EUR 6,00 Lieferung  Frankreich Ähnliche aktive Angebote ansehen Solch einen Artikel verkaufen",ocoeurdutemps 100% positiv (12.322),https://www.ebay.de/itm/196088293097,ebay_sold_p9.html
266854926985,Rolex 1100 6615.1 Banking Pin Original Neu NOS (1x aus Packung),20.0,EUR,Neu (Sonstige),Privat,2026-05-14,14. Mai 2026,1,15.0,0,1,"oder Preisvorschlag +EUR 15,00 Lieferung  Italien Ähnliche aktive Angebote ansehen Solch einen Artikel verkaufen",vanvan66 100% positiv (1.083),https://www.ebay.de/itm/266854926985,ebay_sold_p9.html
127843656113,Rolex GMT Master Haltering Lünetteneinlage 1675 (Retainer Ring),85.5,EUR,Gebraucht,Privat,2026-05-14,14. Mai 2026,1,3.5,0,1,,"didi241956 98,4% positiv (160)",https://www.ebay.de/itm/127843656113,ebay_sold_p9.html
183514004187,ROLEX 3135 250 UMLENKRAD KOMPATIBEL Rolex SET WHEEL SWISS MADE,22.0,EUR,Neu (Sonstige),Gewerblich,2026-05-14,14. Mai 2026,1,13.0,0,0,"Sofort-Kaufen +EUR 13,00 Lieferung  Italien Ähnliche aktive Angebote ansehen Solch einen Artikel verkaufen","watchparts-italy 99,5% positiv (3.454)",https://www.ebay.de/itm/183514004187,ebay_sold_p9.html
297778109114,ROLEX Submariner 16803 GMT Gold Minutenzeiger Minute Hand cal 3035 3135 Tritium,140.0,EUR,Gebraucht,Gewerblich,2026-05-14,14. Mai 2026,1,7.0,0,1,,luxini_hamburg 100% positiv (3.973),https://www.ebay.de/itm/297778109114,ebay_sold_p9.html
226347208909,Rolex 3135 Part 360 Center Seconds Wheel Secondi Centro H.590,48.0,EUR,Neu (Sonstige),Privat,2026-05-14,14. Mai 2026,1,12.0,0,0,"Sofort-Kaufen +EUR 12,00 Lieferung  Italien Ähnliche aktive Angebote ansehen Solch einen Artikel verkaufen",cloxywatch 100% positiv (194),https://www.ebay.de/itm/226347208909,ebay_sold_p9.html
366404727521,rolex submariner date 5513 case back genuine vintage-fondello funzionante orig.,440.0,EUR,Gebraucht,Privat,2026-05-14,14. Mai 2026,1,59.0,0,1,"oder Preisvorschlag +EUR 59,00 Lieferung  Italien Ähnliche aktive Angebote ansehen Solch einen Artikel verkaufen",mrkhs26 100% positiv (24),https://www.ebay.de/itm/366404727521,ebay_sold_p9.html
277743792535,NEU Rolex 25-7035-J1 Saphirglas InBlister Datejust Submariner GMT Explorer II,448.0,EUR,Neu,Gewerblich,2026-05-14,14. Mai 2026,1,25.0,0,0,"Sofort-Kaufen +EUR 25,00 Lieferung  Italien Ähnliche aktive Angebote ansehen Solch einen Artikel verkaufen",millerighetime_by_arriwatch 100% positiv (913),https://www.ebay.de/itm/277743792535,ebay_sold_p9.html
160922464671,SAPHIR UHR GLAS FÜR LADY ROLEX DATEJUST OYSTER PERPETUAL BICOLOR 179173,36.43,EUR,Neu,Gewerblich,2026-05-14,14. Mai 2026,1,10.42,0,0,"Sofort-Kaufen +EUR 10,42 Lieferung  Vereinigte Staaten von Amerika Ähnliche aktive Angebote ansehen Solch einen Artikel verkaufen","ewatchparts 99,9% positiv (225.086)",https://www.ebay.de/itm/160922464671,ebay_sold_p9.html
397883438450,Original Rolex Oyster Precision Zifferblatt Silber Sunbeam Vintage 6426 X3,179.0,EUR,Gebraucht,Gewerblich,2026-05-13,13. Mai 2026,1,9.9,0,1,,"strolchi007 99,3% positiv (1.336)",https://www.ebay.de/itm/397883438450,ebay_sold_p9.html
186237177763,PASSEND FÜR ROLEX SUBMARINER SEADWILLER 14060 16660 KUPPLUNG LÜNETTENFEDER AFTERMARKET,21.0,EUR,Neu,Gewerblich,2026-05-13,13. Mai 2026,1,13.0,0,0,"Sofort-Kaufen +EUR 13,00 Lieferung  Italien Ähnliche aktive Angebote ansehen Solch einen Artikel verkaufen","watchparts-italy 99,5% positiv (3.454)",https://www.ebay.de/itm/186237177763,ebay_sold_p9.html
205724200483,"ROLEX 1530 Setting Lever Cod. 7881 Calib: 1520, 1525, 1530, 1570, + screw  (O83)",48.0,EUR,Gebraucht,Gewerblich,2026-05-13,13. Mai 2026,1,5.0,0,0,,kian-werke 100% positiv (7.720),https://www.ebay.de/itm/205724200483,ebay_sold_p9.html
147304598126,Original Rolex Ladegerät Brücke für Cal. 3185 - Original Ersatzteil,115.0,EUR,Gebraucht,Privat,2026-05-13,13. Mai 2026,1,10.0,0,1,"oder Preisvorschlag +EUR 10,00 Lieferung  Italien Ähnliche aktive Angebote ansehen Solch einen Artikel verkaufen",aderaldo_time 100% positiv (1),https://www.ebay.de/itm/147304598126,ebay_sold_p9.html
317946742587,Gehäuseöffner für Rolex Uhren Uhrmacherwerkzeug Sets für gerillte Gehäuseböden,16.77,EUR,Neu,Gewerblich,2026-05-13,13. Mai 2026,1,0.0,1,0,,yanyulm888 100% positiv (333),https://www.ebay.de/itm/317946742587,ebay_sold_p9.html
318275010613,ROLEX KRANZ NOS 16750 GMT SAPHIR KOMPATIBEL AUCH MIT 16610 SUBMARINER,350.0,EUR,Gebraucht,Privat,2026-05-13,13. Mai 2026,1,0.0,1,1,"1 Gebot Preisvorschlag akzeptiert +EUR 50,00 Lieferung  Italien Kostenloser Rückversand Ähnliche aktive Angebote ansehen Solch einen Artikel verkaufen",skx007custom 100% positiv (57),https://www.ebay.de/itm/318275010613,ebay_sold_p9.html
178117079827,Rolex Gmt 16700 schwarz Top Zustand,80.0,EUR,Gebraucht,Privat,2026-05-13,13. Mai 2026,1,1.0,0,0,"1 Gebot +EUR 15,00 Lieferung  Italien Ähnliche aktive Angebote ansehen Solch einen Artikel verkaufen",marineris.010303 100% positiv (137),https://www.ebay.de/itm/178117079827,ebay_sold_p9.html
177991686632,Rolex Day-Date - WEMPE - Reklame Werbeanzeige Original-Werbung 2004,2.95,EUR,Gebraucht,Privat,2026-05-13,13. Mai 2026,1,1.95,0,0,,"jaydee01 99,5% positiv (7.025)",https://www.ebay.de/itm/177991686632,ebay_sold_p9.html
176141741723,Rolex Uhren - Reklame Werbeanzeige Original-Werbung 1977,2.99,EUR,Gebraucht,Privat,2026-05-13,13. Mai 2026,1,1.95,0,1,,"jaydee01 99,5% positiv (7.025)",https://www.ebay.de/itm/176141741723,ebay_sold_p9.html
177991686628,Rolex Day-Date - Reklame Werbeanzeige Original-Werbung 2004 (2),2.95,EUR,Gebraucht,Privat,2026-05-13,13. Mai 2026,1,1.95,0,0,,"jaydee01 99,5% positiv (7.025)",https://www.ebay.de/itm/177991686628,ebay_sold_p9.html
178110939470,Rolex Uhren - Reklame Werbeanzeige Original-Werbung 1978,2.99,EUR,Gebraucht,Privat,2026-05-13,13. Mai 2026,1,1.95,0,1,,"jaydee01 99,5% positiv (7.025)",https://www.ebay.de/itm/178110939470,ebay_sold_p9.html
236575037558,Rolex Silber Zifferblatt für Datum 34mm Modell Ref 15200 15000 15210 115200 1...,349.0,EUR,Gebraucht,Gewerblich,2026-05-10,10. Mai 2026,1,49.0,0,0,"Sofort-Kaufen +EUR 49,00 Lieferung  Frankreich Ähnliche aktive Angebote ansehen Solch einen Artikel verkaufen",spareswatch 100% positiv (556),https://www.ebay.de/itm/236575037558,ebay_sold_p9.html
236480333746,Rolex weißes Zifferblatt für Lady Datejust 26mm 69173 79173 79178 69178 179173 179178,449.0,EUR,Gebraucht,Gewerblich,2026-05-13,13. Mai 2026,1,49.0,0,1,"Preisvorschlag akzeptiert +EUR 49,00 Lieferung  Frankreich Ähnliche aktive Angebote ansehen Solch einen Artikel verkaufen",spareswatch 100% positiv (556),https://www.ebay.de/itm/236480333746,ebay_sold_p9.html
168357469567,Rolex Oyster Katalog    Jahr 1999  mit Preisliste,15.0,EUR,Gebraucht,Privat,2026-05-13,13. Mai 2026,1,1.0,0,0,,joshi25-2 100% positiv (56),https://www.ebay.de/itm/168357469567,ebay_sold_p9.html
235597643312,Rolex Black Dial For Explorer 2 Model Ref 16570 & 16550,699.0,EUR,Gebraucht,Gewerblich,2026-04-27,27. Apr 2026,1,49.0,0,1,"Preisvorschlag akzeptiert +EUR 49,00 Lieferung  Frankreich Ähnliche aktive Angebote ansehen Solch einen Artikel verkaufen",spareswatch 100% positiv (556),https://www.ebay.de/itm/235597643312,ebay_sold_p9.html
358479817128,"ROLEX Garantieschein 1995,Etui,DATEJUST Anleitung,OYSTER Preisliste 2002,Katalog",59.99,EUR,Gebraucht,Privat,2026-05-13,13. Mai 2026,1,1.8,0,1,,"yve.puetz.planjul 92,9% positiv (12)",https://www.ebay.de/itm/358479817128,ebay_sold_p9.html
115919937449,"ROLEX 4130 Daytona Chrono Ponte del Bariletto, Neu Cod. 4130-105 Kaliber: 413...",149.0,EUR,Gebraucht,Gewerblich,2026-05-13,13. Mai 2026,1,19.0,0,0,"Sofort-Kaufen +EUR 19,00 Lieferung  Italien Ähnliche aktive Angebote ansehen Solch einen Artikel verkaufen","fornitura_boccacci 99,9% positiv (4.089)",https://www.ebay.de/itm/115919937449,ebay_sold_p9.html
162163924678,SAPHIRGLAS FÜR ROLEX DATEJUST 116200 116203 116233 116234 ENTSPIEGELT,36.43,EUR,Neu,Gewerblich,2026-05-13,13. Mai 2026,1,10.42,0,0,"Sofort-Kaufen +EUR 10,42 Lieferung  Vereinigte Staaten von Amerika Ähnliche aktive Angebote ansehen Solch einen Artikel verkaufen","ewatchparts 99,9% positiv (225.086)",https://www.ebay.de/itm/162163924678,ebay_sold_p9.html
397922545736,Rolex 2030 - 4421 Arbre de barillet - Barrel arbor,44.85,EUR,Gebraucht,Gewerblich,2026-05-13,13. Mai 2026,1,9.0,0,0,"Sofort-Kaufen +EUR 9,00 Lieferung  Frankreich Ähnliche aktive Angebote ansehen Solch einen Artikel verkaufen","manz15 99,5% positiv (8.231)",https://www.ebay.de/itm/397922545736,ebay_sold_p9.html
135117177946,Rolex Ladies Datejust Blue Dial 69173 69178 79173 69163 79163 6917 (Damaged),100.0,EUR,Gebraucht,Privat,2026-05-13,13. Mai 2026,1,22.0,0,0,"Sofort-Kaufen +EUR 22,00 Lieferung  Dänemark Ähnliche aktive Angebote ansehen Solch einen Artikel verkaufen",odder1 100% positiv (671),https://www.ebay.de/itm/135117177946,ebay_sold_p9.html
116847770178,GENERIC Kompatible Unruhwelle für ROLEX Cal. 1400 (NEU),20.0,EUR,Neu,Gewerblich,2026-05-13,13. Mai 2026,1,19.0,0,0,"Sofort-Kaufen +EUR 19,00 Lieferung  Italien Ähnliche aktive Angebote ansehen Solch einen Artikel verkaufen","fornitura_boccacci 99,9% positiv (4.089)",https://www.ebay.de/itm/116847770178,ebay_sold_p9.html
306012991011,Leuchtpunkt Leuchtperle Perle Lume Dot für Rolex Submariner Sea Dweller golden,18.5,EUR,Neu (Sonstige),Gewerblich,2026-05-13,13. Mai 2026,1,1.0,0,0,,"electroflash 99,4% positiv (13.304)",https://www.ebay.de/itm/306012991011,ebay_sold_p9.html
147305697801,Original Rolex Ladegerät Brücke für Cal. 3175 - Original Ersatzteil,99.0,EUR,Gebraucht,Privat,2026-05-13,13. Mai 2026,1,10.0,0,1,"oder Preisvorschlag +EUR 10,00 Lieferung  Italien Ähnliche aktive Angebote ansehen Solch einen Artikel verkaufen",aderaldo_time 100% positiv (1),https://www.ebay.de/itm/147305697801,ebay_sold_p9.html
117189794299,ROLEX KATALOG 2018 2019 ED. ITALIENISCH,19.0,EUR,Gebraucht,Gewerblich,2026-05-13,13. Mai 2026,1,10.0,0,1,"Preisvorschlag akzeptiert +EUR 10,00 Lieferung  Italien Ähnliche aktive Angebote ansehen Solch einen Artikel verkaufen",vintagestars 100% positiv (1.765),https://www.ebay.de/itm/117189794299,ebay_sold_p9.html
267647330312,Rolex Daytona 18k Weißgold Lünette Ref 116509,1220.0,EUR,Gebraucht,Gewerblich,2026-05-13,13. Mai 2026,1,53.0,0,1,"oder Preisvorschlag +EUR 53,00 Lieferung  Italien Ähnliche aktive Angebote ansehen Solch einen Artikel verkaufen",sakar.2514 100% positiv (913),https://www.ebay.de/itm/267647330312,ebay_sold_p9.html
305324280509,"ROLEX Wippe für Nullsteller cal 13"" 72A part 8180A yoke for fly back original",159.0,EUR,Gebraucht,Gewerblich,2026-05-13,13. Mai 2026,1,7.0,0,1,,luxini_hamburg 100% positiv (3.973),https://www.ebay.de/itm/305324280509,ebay_sold_p9.html
227339651197,Fat 5 Rolex Submariner 1680 /5513 BEZEL INSERT,1000.0,EUR,Neu (Sonstige),Privat,2026-05-13,13. Mai 2026,1,40.0,0,1,"Preisvorschlag akzeptiert +EUR 40,00 Lieferung  Frankreich Ähnliche aktive Angebote ansehen Solch einen Artikel verkaufen",artinwatchesuk 100% positiv (83),https://www.ebay.de/itm/227339651197,ebay_sold_p9.html
397899409201,"Original Rolex Aufzugskrone Gold 750 , 6mm für z.B. Datejust",55.0,EUR,Gebraucht,Privat,2026-05-13,13. Mai 2026,1,4.65,0,1,,"habenhaben44 96,8% positiv (29)",https://www.ebay.de/itm/397899409201,ebay_sold_p9.html
236744282877,ROLEX ENGLISCHES ZUBEHÖR FÜR SUBMARINER 5508 MIT ETIKETT UND GARANTIE ZUM AUSFÜLLEN,650.0,EUR,Gebraucht,Privat,2026-05-13,13. Mai 2026,1,0.0,1,1,oder Preisvorschlag Gratis Lieferung  Italien Ähnliche aktive Angebote ansehen Solch einen Artikel verkaufen,piera3421 100% positiv (282),https://www.ebay.de/itm/236744282877,ebay_sold_p9.html
287321210912,Original Vintage Guarantee Paper Ref 16233 R Serial Green Wallet,299.0,EUR,Gebraucht,Privat,2026-05-13,13. Mai 2026,1,25.0,0,1,"Preisvorschlag akzeptiert +EUR 25,00 Lieferung  Spanien Ähnliche aktive Angebote ansehen Solch einen Artikel verkaufen",amtejero2021 100% positiv (112),https://www.ebay.de/itm/287321210912,ebay_sold_p9.html
126598940904,INLAY f. ROLEX GMT MASTER 16753 16758 1675 / 3 8 Brown BEZEL LUNETTE Aftermarket,38.9,EUR,Neu,Gewerblich,2026-05-13,13. Mai 2026,1,0.0,1,0,,almawatches 100% positiv (3.677),https://www.ebay.de/itm/126598940904,ebay_sold_p9.html
277491035138,NEU Rolex 25-116 Vetro Plexi Cyclope Vintage GMT-Master Explorer II 1655,248.0,EUR,Neu,Gewerblich,2026-05-13,13. Mai 2026,1,25.0,0,0,"Sofort-Kaufen +EUR 25,00 Lieferung  Italien Ähnliche aktive Angebote ansehen Solch einen Artikel verkaufen",millerighetime_by_arriwatch 100% positiv (913),https://www.ebay.de/itm/277491035138,ebay_sold_p9.html
406841945863,#1942 NEU / NEW ROLEX 25-118 ACRYLGLAS 1601 1603 1600 1608 PLEXY FACTORY SEALED,299.99,EUR,Neu,Gewerblich,2026-05-13,13. Mai 2026,1,6.95,0,0,,state_of_time 100% positiv (3.803),https://www.ebay.de/itm/406841945863,ebay_sold_p9.html
206037964552,Rolex Day-Date Zifferblatt gold Stickdail für Ref 1803 36mm vintage,799.0,EUR,Gebraucht,Gewerblich,2026-05-12,12. Mai 2026,1,0.0,1,1,,gkps_shop 100% positiv (1.578),https://www.ebay.de/itm/206037964552,ebay_sold_p9.html
134176533969,Ersatzteile Rolex 3155-3156 Original Original - Ricambi Originali,10.0,EUR,Neu,Gewerblich,2026-05-12,12. Mai 2026,1,30.0,0,0,"Sofort-Kaufen +EUR 30,00 Lieferung  Italien Ähnliche aktive Angebote ansehen Solch einen Artikel verkaufen",afadsrl 100% positiv (2.101),https://www.ebay.de/itm/134176533969,ebay_sold_p9.html
376914894336,Rolex Katalog 2019 - 2020 neuw. m. Preisliste Oyster Daytona Datejust,9.38,EUR,Neu (Sonstige),Privat,2026-05-12,12. Mai 2026,1,5.19,0,1,,meistereder-54 100% positiv (734),https://www.ebay.de/itm/376914894336,ebay_sold_p9.html
310304840580,LÜNETTENEINSATZ FÜR 40MM ROLEX SUBMARINER NO DATE 14060 14060 M UHR BLAU,36.43,EUR,Neu,Gewerblich,2026-05-12,12. Mai 2026,1,10.42,0,0,"Sofort-Kaufen +EUR 10,42 Lieferung  Vereinigte Staaten von Amerika Ähnliche aktive Angebote ansehen Solch einen Artikel verkaufen","ewatchparts 99,9% positiv (225.086)",https://www.ebay.de/itm/310304840580,ebay_sold_p9.html
358169906125,ROLEX B5068-Y1 Original Cal 3035 Reversing Wheel Neu/new,108.0,EUR,Neu,Gewerblich,2026-05-12,12. Mai 2026,1,8.6,0,0,,"hamimada_0 98,6% positiv (985)",https://www.ebay.de/itm/358169906125,ebay_sold_p9.html
135127124534,Rolex Ladies Datejust Blue Gold Baton Dial 69173 69178 79173 79178 69163 79163,300.0,EUR,Gebraucht,Privat,2026-05-12,12. Mai 2026,1,22.0,0,0,"Sofort-Kaufen +EUR 22,00 Lieferung  Dänemark Ähnliche aktive Angebote ansehen Solch einen Artikel verkaufen",odder1 100% positiv (671),https://www.ebay.de/itm/135127124534,ebay_sold_p9.html
137283153749,"Rolex Box OYSTER Vintage 68.00.01 Holzbox, Karton, Beschreibung, Ersatzglied",97.0,EUR,Gebraucht,Gewerblich,2026-05-12,12. Mai 2026,1,5.0,0,0,,"hanseschatz 99,8% positiv (16.365)",https://www.ebay.de/itm/137283153749,ebay_sold_p9.html
168205623278,Rolex Kalender Kartenformat Jahr 1966-1967,95.0,EUR,Gebraucht,Privat,2026-05-12,12. Mai 2026,1,20.0,0,0,"Sofort-Kaufen +EUR 20,00 Lieferung  Italien Ähnliche aktive Angebote ansehen Solch einen Artikel verkaufen",ricambi-vintage 100% positiv (28),https://www.ebay.de/itm/168205623278,ebay_sold_p9.html
167723442572,"IL Vostro Rolex Oyster 57955 I   1,2000",20.2,EUR,Gebraucht,Privat,2026-05-12,12. Mai 2026,1,1.8,0,1,,fozah_74 100% positiv (31),https://www.ebay.de/itm/167723442572,ebay_sold_p9.html
188359477565,Rolex Oyster Italienischer Katalog,25.0,EUR,Gebraucht,Privat,2026-05-12,12. Mai 2026,1,1.0,0,1,"1 Gebot Preisvorschlag akzeptiert +EUR 10,00 Lieferung  Italien Ähnliche aktive Angebote ansehen Solch einen Artikel verkaufen",giovfranc0883 100% positiv (203),https://www.ebay.de/itm/188359477565,ebay_sold_p9.html
146958949900,Rolex 78360-DE8 Oyster Anno 2001 Clasp GMT Daytona Datejust Explorer,300.0,EUR,Gebraucht,Privat,2026-05-12,12. Mai 2026,1,20.0,0,1,"Preisvorschlag akzeptiert +EUR 20,00 Lieferung  Italien Ähnliche aktive Angebote ansehen Solch einen Artikel verkaufen",oro-vintage 100% positiv (630),https://www.ebay.de/itm/146958949900,ebay_sold_p9.html
188351143356,Zifferblatt Zifferblatt Mickey Mouse Air King Ref 14000 14210 114200 Cal. 3000 - 3130,249.0,EUR,Neu (Sonstige),Gewerblich,2026-05-12,12. Mai 2026,1,30.0,0,1,"oder Preisvorschlag +EUR 30,00 Lieferung  Italien Ähnliche aktive Angebote ansehen Solch einen Artikel verkaufen",debswatch 100% positiv (37),https://www.ebay.de/itm/188351143356,ebay_sold_p9.html
267642720642,dial quadrante Minnie rolex precision 6694,160.0,EUR,Neu (Sonstige),Privat,2026-05-12,12. Mai 2026,1,15.0,0,1,"oder Preisvorschlag +EUR 15,00 Lieferung  Italien Ähnliche aktive Angebote ansehen Solch einen Artikel verkaufen",giacoromel 100% positiv (76),https://www.ebay.de/itm/267642720642,ebay_sold_p9.html
304742112757,ROLEX Datejust 31 Medium Jubilee Armband Glied Bracelet Link Stahl Steel 12.5 mm,65.0,EUR,Gebraucht,Gewerblich,2026-05-12,12. Mai 2026,1,7.0,0,1,,luxini_hamburg 100% positiv (3.973),https://www.ebay.de/itm/304742112757,ebay_sold_p9.html
116250415225,"ROLEX 3135 Auspuff Castone, oben und unten Cod. 0913 Kaliber: 3130, 31...",44.0,EUR,Gebraucht,Gewerblich,2026-05-12,12. Mai 2026,1,19.0,0,0,"Sofort-Kaufen +EUR 19,00 Lieferung  Italien Ähnliche aktive Angebote ansehen Solch einen Artikel verkaufen","fornitura_boccacci 99,9% positiv (4.089)",https://www.ebay.de/itm/116250415225,ebay_sold_p9.html
164201001245,Plexiglas für 25-124 Tudor Crystal Glass Uhrenglas Verre 7017 7019 7020,8.9,EUR,Neu,Gewerblich,2026-05-12,12. Mai 2026,1,13.5,0,0,"Sofort-Kaufen +EUR 13,50 Lieferung  Italien Ähnliche aktive Angebote ansehen Solch einen Artikel verkaufen","sabaec 99,9% positiv (22.965)",https://www.ebay.de/itm/164201001245,ebay_sold_p9.html
204992778835,Genuine ROLEX 1030 - 1035 train wheel bridge for movement  (Z322),109.0,EUR,Gebraucht,Gewerblich,2026-05-12,12. Mai 2026,1,5.0,0,0,,kian-werke 100% positiv (7.720),https://www.ebay.de/itm/204992778835,ebay_sold_p9.html
406630318189,"GENERIC Acrylglas 25-113 für Rolex 6498 6604 Ø 30,6 x 3,85 (NEU)",25.0,EUR,Neu,Gewerblich,2026-05-12,12. Mai 2026,1,19.0,0,0,"Sofort-Kaufen +EUR 19,00 Lieferung  Italien Ähnliche aktive Angebote ansehen Solch einen Artikel verkaufen","fornitura_boccacci 99,9% positiv (4.089)",https://www.ebay.de/itm/406630318189,ebay_sold_p9.html
405198123537,"#1358 ROLEX 5,3mm BUBBLEBACK 2940 OYSTER KRONE CROWN SS EDELSTAHL PATENT STAHL",129.99,EUR,Gebraucht,Gewerblich,2026-05-12,12. Mai 2026,1,6.95,0,0,,state_of_time 100% positiv (3.803),https://www.ebay.de/itm/405198123537,ebay_sold_p9.html
226497877465,1  Aufzugswelle für  Rolex 9 3/4´´´ 600 Ronda 488 R1 neuwertig,11.0,EUR,Neu (Sonstige),Gewerblich,2026-05-12,12. Mai 2026,1,2.0,0,0,,euro-tictac 100% positiv (35.656),https://www.ebay.de/itm/226497877465,ebay_sold_p9.html
277949319769,Offizieller Rolex Katalog 2014-2015 - Neu Ungeblättert - Uhren Sammlung,19.9,EUR,Neu (Sonstige),Privat,2026-05-12,12. Mai 2026,1,0.0,1,0,1 Gebot Gratis Lieferung  Italien Ähnliche aktive Angebote ansehen Solch einen Artikel verkaufen,bashop-24 100% positiv (259),https://www.ebay.de/itm/277949319769,ebay_sold_p9.html
204318078913,Rolex Cal.3135 Ref.540,55.0,EUR,Neu (Sonstige),Gewerblich,2026-05-12,12. Mai 2026,1,18.0,0,0,"Sofort-Kaufen +EUR 18,00 Lieferung  Italien Ähnliche aktive Angebote ansehen Solch einen Artikel verkaufen",combattiamolacrisi 100% positiv (8.907),https://www.ebay.de/itm/204318078913,ebay_sold_p9.html
163769374214,Tige Winding stem Aufzugwelle Antriebswelle ROLEX 2130 2135 NOS - SWISS MADE,4.9,EUR,Neu (Sonstige),Gewerblich,2026-05-12,12. Mai 2026,1,13.5,0,0,"Sofort-Kaufen +EUR 13,50 Lieferung  Italien Ähnliche aktive Angebote ansehen Solch einen Artikel verkaufen","sabaec 99,9% positiv (22.965)",https://www.ebay.de/itm/163769374214,ebay_sold_p9.html
336037621922,"FLUTED BEZEL RING 18K GOLD PLATTED for ROLEX DATEJUST 36mm 1601, 16013",65.0,EUR,Neu,Gewerblich,2026-05-12,12. Mai 2026,1,7.0,0,0,,old-crowns-com 100% positiv (289),https://www.ebay.de/itm/336037621922,ebay_sold_p9.html
394478763163,Rolex 1530-7869 Tige,23.0,EUR,Gebraucht,Gewerblich,2026-05-12,12. Mai 2026,1,9.0,0,0,"Sofort-Kaufen +EUR 9,00 Lieferung  Frankreich Ähnliche aktive Angebote ansehen Solch einen Artikel verkaufen","manz15 99,5% positiv (8.231)",https://www.ebay.de/itm/394478763163,ebay_sold_p9.html
117187834963,Rolex Lünette Ghiera 16570 Explorer II Original Stahl,199.0,EUR,Gebraucht,Gewerblich,2026-05-12,12. Mai 2026,1,25.0,0,1,"oder Preisvorschlag +EUR 25,00 Lieferung  Italien Ähnliche aktive Angebote ansehen Solch einen Artikel verkaufen",angeloperinellia.p.partswatch 100% positiv (391),https://www.ebay.de/itm/117187834963,ebay_sold_p9.html
162187113890,"6 GEHÄUSEROHR 5,3 MM FÜR 34 MM ROLEX AIRKING 5500 5501 5502 15000 1500 DICHTUNG SWISS",36.43,EUR,Neu,Gewerblich,2026-05-11,11. Mai 2026,1,10.42,0,0,"Sofort-Kaufen +EUR 10,42 Lieferung  Vereinigte Staaten von Amerika Ähnliche aktive Angebote ansehen Solch einen Artikel verkaufen","ewatchparts 99,9% positiv (225.086)",https://www.ebay.de/itm/162187113890,ebay_sold_p9.html
297538414304,ROLEX Federwelle Federhauskern cal 2030 2035 4421 barrel arbor movement part,75.0,EUR,Gebraucht,Gewerblich,2026-05-11,11. Mai 2026,1,7.0,0,1,,luxini_hamburg 100% positiv (3.973),https://www.ebay.de/itm/297538414304,ebay_sold_p9.html
395125867497,AUFZUGSWELLE STEM Rolex KALIBER 3130-3135-3155-3175-3185 Premium Qualität,11.99,EUR,Neu,Gewerblich,2026-05-11,11. Mai 2026,1,0.0,1,0,,dreamuniversesari 100% positiv (1.205),https://www.ebay.de/itm/395125867497,ebay_sold_p9.html
327143849442,Rolex Magazin neuste Ausgabe 13 neuste Ausgabe / Hauptthema: Land Dweller- NEU,5.0,EUR,Neu (Sonstige),Privat,2026-05-11,11. Mai 2026,1,1.0,0,0,,"titus-augustus 99,3% positiv (1.118)",https://www.ebay.de/itm/327143849442,ebay_sold_p9.html
227325293285,"Rolex Uhrenkatalog Katalog 2015 - 2016 mit Preisliste Euro, deutsche Fassung",1.0,EUR,Gebraucht,Privat,2026-05-11,11. Mai 2026,1,1.0,0,0,,raeddningschef 100% positiv (3.504),https://www.ebay.de/itm/227325293285,ebay_sold_p9.html
171078284027,GEFERTIGTE DIAMANT + SAPAHIRE LÜNETTE FÜR 36 MM ROLEX DATEJUST PRESIDENT DAY DATE GOLD,67.7,EUR,Neu,Gewerblich,2026-05-11,11. Mai 2026,1,10.42,0,0,"Sofort-Kaufen +EUR 10,42 Lieferung  Vereinigte Staaten von Amerika Ähnliche aktive Angebote ansehen Solch einen Artikel verkaufen","ewatchparts 99,9% positiv (225.086)",https://www.ebay.de/itm/171078284027,ebay_sold_p9.html
317926564533,ROLEX 16613 18K Gold/Steel Oyster Extension Link 93153 Submariner GMT 16713 OEM,299.0,EUR,Gebraucht,Privat,2026-05-11,11. Mai 2026,1,6.19,0,0,,sene_9487 100% positiv (128),https://www.ebay.de/itm/317926564533,ebay_sold_p9.html
317945533051,"Rolex Sea-Dweller, Deepsea Handbuch booklet Italienisch IMR-SEA-IT-19 - 10.2019",54.0,EUR,Gebraucht,Gewerblich,2026-05-05,5. Mai 2026,1,0.0,1,1,,eBay Top-Service,https://www.ebay.de/itm/317945533051,ebay_sold_p9.html
267647322861,Rolex Daytona 18k Weißgold Tachymeter Lünette Ref 116509,1220.0,EUR,Gebraucht,Gewerblich,2026-05-11,11. Mai 2026,1,53.0,0,1,"Preisvorschlag akzeptiert +EUR 53,00 Lieferung  Italien Ähnliche aktive Angebote ansehen Solch einen Artikel verkaufen",sakar.2514 100% positiv (913),https://www.ebay.de/itm/267647322861,ebay_sold_p9.html
267647334831,Rolex Daytona 18k Weißgold Lünette Ref 116509,1220.0,EUR,Gebraucht,Gewerblich,2026-05-11,11. Mai 2026,1,53.0,0,1,"Preisvorschlag akzeptiert +EUR 53,00 Lieferung  Italien Ähnliche aktive Angebote ansehen Solch einen Artikel verkaufen",sakar.2514 100% positiv (913),https://www.ebay.de/itm/267647334831,ebay_sold_p9.html
313962647431,Rolex Submariner Booklet Set 5 Teilig  - deutsch von 1-2002 -,185.0,EUR,Gebraucht,Gewerblich,2026-05-11,11. Mai 2026,1,0.0,1,1,,blackpen4810 100% positiv (9.414),https://www.ebay.de/itm/313962647431,ebay_sold_p9.html
185768625983,"Acryl Ersatzglas für Rolex Airking Date, Oyster Perp. Date 5700N, 15000",29.95,EUR,Neu,Gewerblich,2026-05-11,11. Mai 2026,1,0.0,1,0,,watchparts24 100% positiv (71.339),https://www.ebay.de/itm/185768625983,ebay_sold_p9.html
286967695697,ROLEX DATEJUST 31 aftermarket Lünette Weißgold Edelstahl Diamant Besatz,199.0,EUR,Gebraucht,Gewerblich,2026-05-11,11. Mai 2026,1,6.9,0,1,,tyremate 100% positiv (15.905),https://www.ebay.de/itm/286967695697,ebay_sold_p9.html
164554843701,Dichtungen komplett Kit Gaskets for Rolex Date 15200 - 15210 - 15233 - 15238,6.9,EUR,Neu,Gewerblich,2026-05-11,11. Mai 2026,1,13.5,0,0,"Sofort-Kaufen +EUR 13,50 Lieferung  Italien Ähnliche aktive Angebote ansehen Solch einen Artikel verkaufen","sabaec 99,9% positiv (22.965)",https://www.ebay.de/itm/164554843701,ebay_sold_p9.html
236026409322,Rolex 1530 Melux (Swiss Made) NOS Unruhwelle,38.0,EUR,Neu,Privat,2026-05-11,11. Mai 2026,1,18.0,0,0,"Sofort-Kaufen +EUR 18,00 Lieferung  Italien Ähnliche aktive Angebote ansehen Solch einen Artikel verkaufen",glide257 100% positiv (1.190),https://www.ebay.de/itm/236026409322,ebay_sold_p9.html
115917191545,"ROLEX 1565 GMT, 1575 GMT Datumsaufnahme Cod. 8036 Kaliber: 1565 GMT, 1575 GMT (OTT...",79.0,EUR,Gebraucht,Gewerblich,2026-05-11,11. Mai 2026,1,19.0,0,0,"Sofort-Kaufen +EUR 19,00 Lieferung  Italien Ähnliche aktive Angebote ansehen Solch einen Artikel verkaufen","fornitura_boccacci 99,9% positiv (4.089)",https://www.ebay.de/itm/115917191545,ebay_sold_p9.html
204955149929,Rolex Außenschließe für Stahl Gold Mid Size Moderne Uhr,249.0,EUR,Gebraucht,Gewerblich,2026-05-11,11. Mai 2026,1,29.0,0,1,"oder Preisvorschlag +EUR 29,00 Lieferung  Italien Ähnliche aktive Angebote ansehen Solch einen Artikel verkaufen",watchmydial 100% positiv (460),https://www.ebay.de/itm/204955149929,ebay_sold_p9.html
127782365163,Rolex GMT Master Lünette Coke - 16710 / 16760 / 16700,300.0,EUR,Neu (Sonstige),Gewerblich,2026-05-11,11. Mai 2026,1,0.0,1,0,,"chronext_shop 97,9% positiv (542)",https://www.ebay.de/itm/127782365163,ebay_sold_p9.html
186086246561,"Rolex Precision Aufzugswelle, Tiges, Winding Stem Rolex 1210 1215 1220 1225",10.9,EUR,Neu,Gewerblich,2026-05-11,11. Mai 2026,1,13.0,0,0,"Sofort-Kaufen +EUR 13,00 Lieferung  Italien Ähnliche aktive Angebote ansehen Solch einen Artikel verkaufen","watchparts-italy 99,5% positiv (3.454)",https://www.ebay.de/itm/186086246561,ebay_sold_p9.html
406612591339,#1778 NEU / NEW ROLEX 3155 3156 DAY DATE TAGESSCHEIBE DAY WHEEL DEUTSCH GERMAN,269.99,EUR,Gebraucht,Gewerblich,2026-05-11,11. Mai 2026,1,6.95,0,0,,state_of_time 100% positiv (3.803),https://www.ebay.de/itm/406612591339,ebay_sold_p9.html
356378904712,Rolex Original Esatzteil Kal. 3135 - 568 Rotorachse axel,32.9,EUR,Gebraucht,Gewerblich,2026-05-11,11. Mai 2026,1,0.0,1,0,,"sandtuhr 99,8% positiv (54.529)",https://www.ebay.de/itm/356378904712,ebay_sold_p9.html
389806888635,Rolex Lady Datejust 6917 Garantie Zertifikat,50.0,EUR,Gebraucht,Privat,2026-05-11,11. Mai 2026,1,15.0,0,1,"Preisvorschlag akzeptiert +EUR 15,00 Lieferung  Italien Ähnliche aktive Angebote ansehen Solch einen Artikel verkaufen",lume-8042 100% positiv (57),https://www.ebay.de/itm/389806888635,ebay_sold_p9.html
116124823756,"ROLEX 3035 Ref. 5033 Laderaum Kaliber: 3000, 3035, 3055, 3075, 3085 (OT...",49.0,EUR,Gebraucht,Gewerblich,2026-05-11,11. Mai 2026,1,19.0,0,0,"Sofort-Kaufen +EUR 19,00 Lieferung  Italien Ähnliche aktive Angebote ansehen Solch einen Artikel verkaufen","fornitura_boccacci 99,9% positiv (4.089)",https://www.ebay.de/itm/116124823756,ebay_sold_p9.html
306766405065,Rolex 2030 No Date - Uhrwerk,1100.0,EUR,Gebraucht,Privat,2026-05-11,11. Mai 2026,1,9.0,0,0,"Sofort-Kaufen +EUR 9,00 Lieferung  Frankreich Ähnliche aktive Angebote ansehen Solch einen Artikel verkaufen",fmclassic 100% positiv (333),https://www.ebay.de/itm/306766405065,ebay_sold_p9.html
185781041919,"Automatik Zugfeder 771 für ETA 2821, 2824, 2827, 2830, 2832, 2833, 2839",29.95,EUR,Neu,Gewerblich,2026-05-11,11. Mai 2026,1,0.0,1,0,,watchparts24 100% positiv (71.339),https://www.ebay.de/itm/185781041919,ebay_sold_p9.html
178035041316,Rolex Submariner 126610LN & 124060 - Inserto Lunetta Ceramica Nero Top Quality,249.0,EUR,Neu (Sonstige),Privat,2026-05-11,11. Mai 2026,1,25.8,0,0,"Sofort-Kaufen +EUR 25,80 Lieferung  Italien Ähnliche aktive Angebote ansehen Solch einen Artikel verkaufen",lorenzgall_27 100% positiv (399),https://www.ebay.de/itm/178035041316,ebay_sold_p10.html
404443505734,#892 NOS NEU ORIGINAL ROLEX 1055 7123 BALANCE WHEEL UNRUH 1030 1035 1000,599.99,EUR,Gebraucht,Gewerblich,2026-05-11,11. Mai 2026,1,9.5,0,0,,state_of_time 100% positiv (3.803),https://www.ebay.de/itm/404443505734,ebay_sold_p10.html
165619101349,Rolex 3135-250 Renvoir Einstellrad Rinvio NEU,19.9,EUR,Neu,Gewerblich,2026-05-11,11. Mai 2026,1,13.5,0,0,"Sofort-Kaufen +EUR 13,50 Lieferung  Italien Letzter Artikel Ähnliche aktive Angebote ansehen Solch einen Artikel verkaufen","sabaec 99,9% positiv (22.965)",https://www.ebay.de/itm/165619101349,ebay_sold_p10.html
188352150813,ROLEX 3135 330 KOMPATIBLES RAD ROLEX GREAT WHEEL SWISS MADE,43.0,EUR,Neu (Sonstige),Gewerblich,2026-05-11,11. Mai 2026,1,13.0,0,0,"Sofort-Kaufen +EUR 13,00 Lieferung  Italien Ähnliche aktive Angebote ansehen Solch einen Artikel verkaufen","watchparts-italy 99,5% positiv (3.454)",https://www.ebay.de/itm/188352150813,ebay_sold_p10.html
306866468136,Rolex 3035 5031 Crown Wheel,20.0,EUR,Neu,Privat,2026-05-11,11. Mai 2026,1,10.0,0,1,"oder Preisvorschlag +EUR 10,00 Lieferung  Italien Ähnliche aktive Angebote ansehen Solch einen Artikel verkaufen","timelost 97,4% positiv (346)",https://www.ebay.de/itm/306866468136,ebay_sold_p10.html
222668576254,Blau und Gold Keramik Lünetteneinsatz passend für Rolex SUB 16610LN 16613V,23.97,EUR,Neu (Sonstige),Gewerblich,2026-05-11,11. Mai 2026,1,13.24,0,0,"Sofort-Kaufen +EUR 13,24 Lieferung  Vereinigte Staaten von Amerika Ähnliche aktive Angebote ansehen Solch einen Artikel verkaufen","honcosstraps 98,8% positiv (53.031)",https://www.ebay.de/itm/222668576254,ebay_sold_p10.html
197237050684,Rolex Day-Date Booklet / Beschreibung 2000 Deutsch,15.0,EUR,Gebraucht,Gewerblich,2026-05-11,11. Mai 2026,1,5.0,0,0,,"uhrenfachzentrum 99,6% positiv (1.645)",https://www.ebay.de/itm/197237050684,ebay_sold_p10.html
406738739631,#1876 NEU ROLEX B25-206 SAPHIRGLAS 69173 69174 LADY DATEJUST LASER CROWN GLAS,229.99,EUR,Gebraucht,Gewerblich,2026-05-11,11. Mai 2026,1,6.95,0,0,,state_of_time 100% positiv (3.803),https://www.ebay.de/itm/406738739631,ebay_sold_p10.html
162242996398,LÜNETTENEINSATZ FÜR ROLEX GMT MASTER I II 16700 16710 16713 16718 16760 GRAU SILBER,41.64,EUR,Neu,Gewerblich,2026-05-11,11. Mai 2026,1,10.42,0,0,"Sofort-Kaufen +EUR 10,42 Lieferung  Vereinigte Staaten von Amerika Ähnliche aktive Angebote ansehen Solch einen Artikel verkaufen","ewatchparts 99,9% positiv (225.086)",https://www.ebay.de/itm/162242996398,ebay_sold_p10.html
306239582954,ROLEX Datejust 1600 1601 16000 36 mm Lünette Bezel f. Plexi Stahl Steel original,150.0,EUR,Gebraucht,Gewerblich,2026-05-10,10. Mai 2026,1,7.0,0,1,,luxini_hamburg 100% positiv (3.973),https://www.ebay.de/itm/306239582954,ebay_sold_p10.html
336566691685,Rolex Garantiezertifikat Garantie,26.0,EUR,Gebraucht,Privat,2026-05-10,10. Mai 2026,1,1.0,0,0,,"bre_7051 98,9% positiv (276)",https://www.ebay.de/itm/336566691685,ebay_sold_p10.html
205097868530,"Rolex ""Domed"" NOS Plexiglas für Submariner 5512 5513 5517 Ref 25-19 25 19",399.0,EUR,Gebraucht,Gewerblich,2026-05-10,10. Mai 2026,1,29.0,0,1,"oder Preisvorschlag +EUR 29,00 Lieferung  Italien Ähnliche aktive Angebote ansehen Solch einen Artikel verkaufen",watchmydial 100% positiv (460),https://www.ebay.de/itm/205097868530,ebay_sold_p10.html
196846805968,Rolex 14000 Air King Original Luminova Zeiger Set Nr.S. vintage 410-14000,185.0,EUR,Neu,Gewerblich,2026-05-10,10. Mai 2026,1,12.0,0,1,"oder Preisvorschlag +EUR 12,00 Lieferung  Italien Ähnliche aktive Angebote ansehen Solch einen Artikel verkaufen","sebi_1611 99,8% positiv (1.567)",https://www.ebay.de/itm/196846805968,ebay_sold_p10.html
327140817542,THE ROLEX MAGAZINE AUSGABE 14 ENGLISCH,9.0,EUR,Neu,Privat,2026-05-10,10. Mai 2026,1,1.0,0,0,,hansan7076 100% positiv (580),https://www.ebay.de/itm/327140817542,ebay_sold_p10.html
178119312990,Vintage Rolex Datejust Display Werbeschild Drehdatum Swiss Haefeli Selten,480.0,EUR,Gebraucht,Privat,2026-05-10,10. Mai 2026,1,25.0,0,1,"Preisvorschlag akzeptiert +EUR 25,00 Lieferung  Frankreich Ähnliche aktive Angebote ansehen Solch einen Artikel verkaufen","sypal 98,3% positiv (862)",https://www.ebay.de/itm/178119312990,ebay_sold_p10.html
127844202952,Rolex Tragetasche/Baumwolltasche Watches&Wonders 2024,1.0,EUR,Gebraucht,Privat,2026-05-10,10. Mai 2026,1,1.0,0,0,,mr.monopoly 100% positiv (1.005),https://www.ebay.de/itm/127844202952,ebay_sold_p10.html
396480651592,Neu Rolex Magazin Ausgabe 13 Uhren Katalog Uhr Buch Ungelesen Englisch or Franzö,25.0,EUR,Neu,Privat,2026-05-10,10. Mai 2026,1,6.19,0,1,,maximfr11 100% positiv (71),https://www.ebay.de/itm/396480651592,ebay_sold_p10.html
306915972273,Rolex 1675 Vintage Insert Bezel,505.0,EUR,Gebraucht,Privat,2026-05-10,10. Mai 2026,1,2.0,0,0,"2 Gebote +EUR 15,00 Lieferung  Frankreich Ähnliche aktive Angebote ansehen Solch einen Artikel verkaufen","aurelieconigli0 89,7% positiv (89)",https://www.ebay.de/itm/306915972273,ebay_sold_p10.html
406700964429,GENERIC kompatibel Schieberitzel für Rolex 3135 Ref. 205 (NEU),25.0,EUR,Neu,Gewerblich,2026-05-10,10. Mai 2026,1,19.0,0,0,"Sofort-Kaufen +EUR 19,00 Lieferung  Italien Ähnliche aktive Angebote ansehen Solch einen Artikel verkaufen","fornitura_boccacci 99,9% positiv (4.089)",https://www.ebay.de/itm/406700964429,ebay_sold_p10.html
206175756925,Rolex 2030 - 4494 Feder de balancier - Spring for balance,28.75,EUR,Gebraucht,Gewerblich,2026-05-10,10. Mai 2026,1,9.0,0,0,"Sofort-Kaufen +EUR 9,00 Lieferung  Frankreich Ähnliche aktive Angebote ansehen Solch einen Artikel verkaufen","manz15 99,5% positiv (8.231)",https://www.ebay.de/itm/206175756925,ebay_sold_p10.html
406907976944,Uhr Reparatur Schraubenschlüssel Gehäuseböden Gehäuseöffner für Rolex Uhren Tool,16.78,EUR,Neu,Gewerblich,2026-05-10,10. Mai 2026,1,0.0,1,0,,kapataingo 100% positiv (288),https://www.ebay.de/itm/406907976944,ebay_sold_p10.html
389969977127,ORIGINAL ROLEX 1675 GMT Master GEHÄUSEDECKEL CASEBACK DECKEL VINTAGE I. 62 1962,599.0,EUR,Gebraucht,Privat,2026-05-10,10. Mai 2026,1,2.0,0,0,,vintagerlx 100% positiv (70),https://www.ebay.de/itm/389969977127,ebay_sold_p10.html
326289870099,Zugfeder passend für Rlx 3035 3055 3075 3085 Kaliber Mainspring 3035-5009,23.69,EUR,Neu,Gewerblich,2026-05-10,10. Mai 2026,1,3.49,0,0,,"uhrenexpert 99,3% positiv (21.349)",https://www.ebay.de/itm/326289870099,ebay_sold_p10.html
277767790103,NEU Rolex 16700 | 16710 GMT-Master II Original Pepsi Ring Einsatz im Blister,948.0,EUR,Neu,Gewerblich,2026-05-10,10. Mai 2026,1,25.0,0,0,"Sofort-Kaufen +EUR 25,00 Lieferung  Italien Letzter Artikel Ähnliche aktive Angebote ansehen Solch einen Artikel verkaufen",millerighetime_by_arriwatch 100% positiv (913),https://www.ebay.de/itm/277767790103,ebay_sold_p10.html
405105501707,#A19 ROLEX BANDGLIED GLIED 116500 116710 116520 116400 116300 126334 126300,129.99,EUR,Gebraucht,Gewerblich,2026-05-10,10. Mai 2026,1,6.95,0,0,,state_of_time 100% positiv (3.803),https://www.ebay.de/itm/405105501707,ebay_sold_p10.html
389969125817,Orig. Rolex Design 16710 Gmt Master II Pepsi Case Gehäuse Serie T aus 1996,2340.0,EUR,Gebraucht,Privat,2026-05-10,10. Mai 2026,1,14.0,0,0,,vintagerlx 100% positiv (70),https://www.ebay.de/itm/389969125817,ebay_sold_p10.html
226592577898,Rolex 3135 Teil 310 Original Komplett Barrel Barriletto,65.0,EUR,Gebraucht,Privat,2026-05-10,10. Mai 2026,1,12.0,0,0,"Sofort-Kaufen +EUR 12,00 Lieferung  Italien Letzter Artikel Ähnliche aktive Angebote ansehen Solch einen Artikel verkaufen",cloxywatch 100% positiv (194),https://www.ebay.de/itm/226592577898,ebay_sold_p10.html
366393976434,rolex submariner date 5513 case back original vintage - boden funktionstüchtig orig.,490.0,EUR,Gebraucht,Privat,2026-05-10,10. Mai 2026,1,59.0,0,1,"Preisvorschlag akzeptiert +EUR 59,00 Lieferung  Italien Ähnliche aktive Angebote ansehen Solch einen Artikel verkaufen",mrkhs26 100% positiv (24),https://www.ebay.de/itm/366393976434,ebay_sold_p10.html
317547803274,"Rolex Lünettenschutz bezel protector Ref. N308 für Submariner 12661x, 124060",27.0,EUR,Gebraucht,Gewerblich,2026-05-10,10. Mai 2026,1,0.0,1,0,,eBay Top-Service,https://www.ebay.de/itm/317547803274,ebay_sold_p10.html
117035396225,Rolex 3135 Bausatz Automatik Point Piastra 5 Teile Original Gerät Modul Automatico,1200.0,EUR,Gebraucht,Gewerblich,2026-05-10,10. Mai 2026,1,65.0,0,1,"Preisvorschlag akzeptiert +EUR 65,00 Lieferung  Italien Ähnliche aktive Angebote ansehen Solch einen Artikel verkaufen",angeloperinellia.p.partswatch 100% positiv (391),https://www.ebay.de/itm/117035396225,ebay_sold_p10.html
397900669292,"Original Rolex Lünette Edelstahl glatt poliert, 31 mm für z.B. Datejust",30.0,EUR,Gebraucht,Privat,2026-05-10,10. Mai 2026,1,0.0,1,1,,"habenhaben44 96,8% positiv (29)",https://www.ebay.de/itm/397900669292,ebay_sold_p10.html
135683287439,Genuine Rolex catalog 226 02 04/21 en 4-21 2021/2022 English,30.0,EUR,Neu,Gewerblich,2026-05-10,10. Mai 2026,1,5.0,0,1,,www-kimiatime-de 100% positiv (3.939),https://www.ebay.de/itm/135683287439,ebay_sold_p10.html
332732082343,ROLEX Certificate Garantie Warranty Guarantee DATEJUST 564.00.400.11.92 Garanzia,299.99,EUR,Gebraucht,Gewerblich,2026-05-10,10. Mai 2026,1,12.0,0,1,"Preisvorschlag akzeptiert +EUR 12,00 Lieferung  Spanien Ähnliche aktive Angebote ansehen Solch einen Artikel verkaufen",labersuit 100% positiv (893),https://www.ebay.de/itm/332732082343,ebay_sold_p10.html
397912226441,"Original Rolex Jubilèband Ersatzelement/Glied,  Stahl/Gold 750, 16mm",35.0,EUR,Gebraucht,Privat,2026-05-10,10. Mai 2026,1,0.0,1,1,,"habenhaben44 96,8% positiv (29)",https://www.ebay.de/itm/397912226441,ebay_sold_p10.html
157824277245,Rolex Cellini Ref. 605 Werk Kal. 1600 Handaufzug + ZB/Zeiger + Glas 26mm,400.0,EUR,Gebraucht,Gewerblich,2026-05-10,10. Mai 2026,1,0.0,1,0,,erbschaftantreten99 100% positiv (1.862),https://www.ebay.de/itm/157824277245,ebay_sold_p10.html
366389354603,rolex submariner date 16610 case back original vintage - boden funktionstüchtig orig.,490.0,EUR,Gebraucht,Privat,2026-05-09,9. Mai 2026,1,59.0,0,1,"Preisvorschlag akzeptiert +EUR 59,00 Lieferung  Italien Ähnliche aktive Angebote ansehen Solch einen Artikel verkaufen",mrkhs26 100% positiv (24),https://www.ebay.de/itm/366389354603,ebay_sold_p10.html
389968251537,"Rolex Magazine Ausgabe 5, 7, 8, 9, 10 als Bundle",50.0,EUR,Neu (Sonstige),Privat,2026-05-09,9. Mai 2026,1,7.69,0,1,,norddeutsch-0 100% positiv (16),https://www.ebay.de/itm/389968251537,ebay_sold_p10.html
257487698116,Rolex Oyster Perpetual Uhren Katalog 2007,1.0,EUR,Neu (Sonstige),Privat,2026-05-09,9. Mai 2026,1,1.0,0,0,,"fashiongirly000 94,4% positiv (785)",https://www.ebay.de/itm/257487698116,ebay_sold_p10.html
164777132835,Rolex 3135-5115 Schraubeinstellhebel Steg Abdeckung Original NEU,9.9,EUR,Neu (Sonstige),Gewerblich,2026-05-09,9. Mai 2026,1,13.5,0,0,"Sofort-Kaufen +EUR 13,50 Lieferung  Italien Ähnliche aktive Angebote ansehen Solch einen Artikel verkaufen","sabaec 99,9% positiv (22.965)",https://www.ebay.de/itm/164777132835,ebay_sold_p10.html
406915625991,NEU Rolex GMT-Master II Set Zeiger Set 116710LN - Original,285.0,EUR,Neu (Sonstige),Privat,2026-05-09,9. Mai 2026,1,20.0,0,0,"Sofort-Kaufen +EUR 20,00 Lieferung  Italien Ähnliche aktive Angebote ansehen Solch einen Artikel verkaufen","luxuryreplacementparts 96,4% positiv (64)",https://www.ebay.de/itm/406915625991,ebay_sold_p10.html
125364484634,ruota rolex (ref.5012) cal.3035,50.0,EUR,Gebraucht,Privat,2026-05-09,9. Mai 2026,1,10.0,0,0,"Sofort-Kaufen +EUR 10,00 Lieferung  Italien Ähnliche aktive Angebote ansehen Solch einen Artikel verkaufen",cesco065 100% positiv (195),https://www.ebay.de/itm/125364484634,ebay_sold_p10.html
135528302767,rolex zifferblatt datejust 36,220.0,EUR,Gebraucht,Privat,2026-05-09,9. Mai 2026,1,6.19,0,1,,sagul-94 100% positiv (2),https://www.ebay.de/itm/135528302767,ebay_sold_p10.html
197145202098,"Rolex ( 99 ) Datejust Original Zifferblatt Ref 69173, 69178, 69...",99.0,EUR,Gebraucht,Gewerblich,2026-05-09,9. Mai 2026,1,5.0,0,0,,"uhrenfachzentrum 99,6% positiv (1.645)",https://www.ebay.de/itm/197145202098,ebay_sold_p10.html
227194113105,Guter Zustand Rolex 2030 4446 Gebraucht Ratsche 2035 Click,40.7,EUR,Gebraucht,Gewerblich,2026-05-09,9. Mai 2026,1,29.0,0,1,"oder Preisvorschlag +EUR 29,00 Lieferung  Italien Ähnliche aktive Angebote ansehen Solch einen Artikel verkaufen",*rarecollections 100% positiv (1.384),https://www.ebay.de/itm/227194113105,ebay_sold_p10.html
186468640645,FIT ROLEX GMT MASTER 16713 EINSATZ RING TIGERAUGE AFTER MARKET,23.0,EUR,Neu,Gewerblich,2026-05-09,9. Mai 2026,1,13.0,0,0,"Sofort-Kaufen +EUR 13,00 Lieferung  Italien Letzter Artikel Ähnliche aktive Angebote ansehen Solch einen Artikel verkaufen","watchparts-italy 99,5% positiv (3.454)",https://www.ebay.de/itm/186468640645,ebay_sold_p10.html
406030617898,#1027 ORIGINAL ROLEX GMT MASTER 2 CERAMIC 116710LN 116710  KERAMIK BEZEL LÜNETTE,488.74,EUR,Gebraucht,Gewerblich,2026-05-09,9. Mai 2026,1,6.95,0,0,,state_of_time 100% positiv (3.803),https://www.ebay.de/itm/406030617898,ebay_sold_p10.html
203876234403,defect Vacheron Constantin ladies movement manual balance good for parts (R250),150.0,EUR,Gebraucht,Gewerblich,2026-05-09,9. Mai 2026,1,6.99,0,0,,kian-werke 100% positiv (7.720),https://www.ebay.de/itm/203876234403,ebay_sold_p10.html
164143047500,Flachbodendichtung für Rolex 29-287-105 Gasket Case Back 1500 5700 6694,4.0,EUR,Neu,Gewerblich,2026-05-09,9. Mai 2026,1,13.5,0,0,"Sofort-Kaufen +EUR 13,50 Lieferung  Italien Ähnliche aktive Angebote ansehen Solch einen Artikel verkaufen","sabaec 99,9% positiv (22.965)",https://www.ebay.de/itm/164143047500,ebay_sold_p10.html
127771920234,Rolex Original Spring Bars 20mm Anse Federstege 20mm Daytona Submariner Datejust,17.99,EUR,Neu (Sonstige),Privat,2026-05-09,9. Mai 2026,1,10.49,0,0,"Sofort-Kaufen +EUR 10,49 Lieferung  Italien Ähnliche aktive Angebote ansehen Solch einen Artikel verkaufen",alto.valore 100% positiv (125),https://www.ebay.de/itm/127771920234,ebay_sold_p10.html
389961334427,ROLEX green TAG DAYTONA  etichetta vintage 90-2000's,45.0,EUR,Gebraucht,Privat,2026-05-09,9. Mai 2026,1,1.0,0,1,"1 Gebot Preisvorschlag akzeptiert +EUR 20,00 Lieferung  Italien Ähnliche aktive Angebote ansehen Solch einen Artikel verkaufen",adres-florence 100% positiv (150),https://www.ebay.de/itm/389961334427,ebay_sold_p10.html
142708220287,Original Rolex Yacht-Master 16628 Insert For Bezel - Ringeinsatz,1000.0,EUR,Gebraucht,Gewerblich,2026-05-09,9. Mai 2026,1,30.0,0,1,"oder Preisvorschlag +EUR 30,00 Lieferung  Italien Ähnliche aktive Angebote ansehen Solch einen Artikel verkaufen",afadsrl 100% positiv (2.101),https://www.ebay.de/itm/142708220287,ebay_sold_p10.html
147280362996,"Rolex Ersatzglied, Link Präsident Armband u.a. 15,5 mm, 750 Gold poliert/matt",469.0,EUR,Refurbished,Gewerblich,2026-05-09,9. Mai 2026,1,8.9,0,1,,www.gold-oase 100% positiv (3.424),https://www.ebay.de/itm/147280362996,ebay_sold_p10.html
306762434160,Rolex 1215 Date Disc,150.0,EUR,Gebraucht,Privat,2026-05-09,9. Mai 2026,1,9.0,0,0,"Sofort-Kaufen +EUR 9,00 Lieferung  Frankreich Ähnliche aktive Angebote ansehen Solch einen Artikel verkaufen",fmclassic 100% positiv (333),https://www.ebay.de/itm/306762434160,ebay_sold_p10.html
227199684150,Rolex Original Daytona Zifferblatt Weiß 40mm für 116520 - Neuzustand,1350.0,EUR,Gebraucht,Gewerblich,2026-05-09,9. Mai 2026,1,0.0,1,0,,eBay Top-Service,https://www.ebay.de/itm/227199684150,ebay_sold_p10.html
406644725973,GENERIC Kompatibles weißes Zeigerset für ROLEX GMT 1675 Kal. 1575 Kaliber: ...,30.0,EUR,Neu,Gewerblich,2026-05-08,8. Mai 2026,1,19.0,0,0,"Sofort-Kaufen +EUR 19,00 Lieferung  Italien Letzter Artikel Ähnliche aktive Angebote ansehen Solch einen Artikel verkaufen","fornitura_boccacci 99,9% positiv (4.089)",https://www.ebay.de/itm/406644725973,ebay_sold_p10.html
257441095383,Lot3 E Lot4 Rolex Daytona 16520 116520 Lünette 100% ORIGINAL MK6,450.0,EUR,Gebraucht,Gewerblich,2026-05-08,8. Mai 2026,1,100.0,0,0,"Sofort-Kaufen +EUR 100,00 Lieferung  Italien Ähnliche aktive Angebote ansehen Solch einen Artikel verkaufen",il_tempo_dei_principi_srl 100% positiv (442),https://www.ebay.de/itm/257441095383,ebay_sold_p10.html
396241497480,Rolex 1100-6600 Lauffeder - Mainspring,40.25,EUR,Gebraucht,Gewerblich,2026-05-08,8. Mai 2026,1,9.0,0,0,"Sofort-Kaufen +EUR 9,00 Lieferung  Frankreich Ähnliche aktive Angebote ansehen Solch einen Artikel verkaufen","manz15 99,5% positiv (8.231)",https://www.ebay.de/itm/396241497480,ebay_sold_p10.html
397832399155,ROLEX Uhrengarantie - alt - Schmuck CAPUANO Rom - versiegelt Februar 1997,75.0,EUR,Gebraucht,Gewerblich,2026-04-28,28. Apr 2026,1,13.95,0,1,"oder Preisvorschlag +EUR 13,95 Lieferung  Spanien Ähnliche aktive Angebote ansehen Solch einen Artikel verkaufen",househut 100% positiv (264),https://www.ebay.de/itm/397832399155,ebay_sold_p10.html
406718956717,rolex day date Chocolate,200.0,EUR,Neu (Sonstige),Privat,2026-05-08,8. Mai 2026,1,20.0,0,1,"oder Preisvorschlag +EUR 20,00 Lieferung  Spanien Ähnliche aktive Angebote ansehen Solch einen Artikel verkaufen",alexit20 100% positiv (2),https://www.ebay.de/itm/406718956717,ebay_sold_p10.html
389933418572,Rolex Lady Datejust 6916 Garantie Zertifikat,60.0,EUR,Gebraucht,Privat,2026-05-08,8. Mai 2026,1,15.0,0,1,"oder Preisvorschlag +EUR 15,00 Lieferung  Italien Ähnliche aktive Angebote ansehen Solch einen Artikel verkaufen",lume-8042 100% positiv (57),https://www.ebay.de/itm/389933418572,ebay_sold_p10.html
356514976639,Original Rolex Anker Für Submariner 1000 FT - 300 M Vintage Aus 80er,119.0,EUR,Gebraucht,Gewerblich,2026-05-08,8. Mai 2026,1,0.0,1,0,,"sandtuhr 99,8% positiv (54.529)",https://www.ebay.de/itm/356514976639,ebay_sold_p10.html
317707262979,Rolex Submariner Handbuch Anleitung booklet Italienisch Ref. 594.55 I - 11.2008,64.0,EUR,Gebraucht,Gewerblich,2026-05-08,8. Mai 2026,1,0.0,1,1,,eBay Top-Service,https://www.ebay.de/itm/317707262979,ebay_sold_p10.html
137202162154,Rolex 2135 Platin Und Teile Uhrwerk Gebraucht,288.8,EUR,Gebraucht,Gewerblich,2026-05-08,8. Mai 2026,1,17.0,0,1,"Preisvorschlag akzeptiert +EUR 17,00 Lieferung  Italien Ähnliche aktive Angebote ansehen Solch einen Artikel verkaufen","taccalamela 99,4% positiv (4.321)",https://www.ebay.de/itm/137202162154,ebay_sold_p10.html
236387361234,Rolex 1680 Submariner Case Back,1000.0,EUR,Gebraucht,Privat,2026-05-08,8. Mai 2026,1,25.0,0,1,"Preisvorschlag akzeptiert +EUR 25,00 Lieferung  Spanien Ähnliche aktive Angebote ansehen Solch einen Artikel verkaufen",galani2 100% positiv (332),https://www.ebay.de/itm/236387361234,ebay_sold_p10.html
137277758873,"Rolex Datejust Silver Diamond Dial 116200 116234 for 36mm , Original Factory Set",1400.0,EUR,Gebraucht,Privat,2026-05-08,8. Mai 2026,1,50.0,0,0,"Sofort-Kaufen +EUR 50,00 Lieferung  Dänemark Ähnliche aktive Angebote ansehen Solch einen Artikel verkaufen",odder1 100% positiv (671),https://www.ebay.de/itm/137277758873,ebay_sold_p10.html
356554349290,Rolex Daytona Zifferblatt gebraucht,500.0,EUR,Gebraucht,Privat,2026-05-08,8. Mai 2026,1,30.0,0,1,"oder Preisvorschlag +EUR 30,00 Lieferung  Italien Ähnliche aktive Angebote ansehen Solch einen Artikel verkaufen",bancodeipugni 100% positiv (63),https://www.ebay.de/itm/356554349290,ebay_sold_p10.html
257441140235,Konvolut 8 Rolex Daytona 16520 116520 Lünette Lünette 100% ORIGINAL MK6,399.0,EUR,Gebraucht,Gewerblich,2026-05-08,8. Mai 2026,1,19.9,0,0,"Sofort-Kaufen +EUR 19,90 Lieferung  Italien Ähnliche aktive Angebote ansehen Solch einen Artikel verkaufen",il_tempo_dei_principi_srl 100% positiv (442),https://www.ebay.de/itm/257441140235,ebay_sold_p10.html
204887027918,Rolex World Service Booklet - watch booklet italienisch - neu aus Sammlung,9.0,EUR,Neu,Privat,2026-05-08,8. Mai 2026,1,20.0,0,1,"oder Preisvorschlag +EUR 20,00 Lieferung  Italien Ähnliche aktive Angebote ansehen Solch einen Artikel verkaufen",venditainstock 100% positiv (401),https://www.ebay.de/itm/204887027918,ebay_sold_p10.html
335753183466,Rolex Date 26mm Lady SILBER 6916 6917 6919 Zifferblatt Vintage Sigma,199.0,EUR,Gebraucht,Privat,2026-05-08,8. Mai 2026,1,28.0,0,0,"Sofort-Kaufen +EUR 28,00 Lieferung  Italien Ähnliche aktive Angebote ansehen Solch einen Artikel verkaufen",phaeton40 100% positiv (234),https://www.ebay.de/itm/335753183466,ebay_sold_p10.html
136710510345,Rolex Service Mondial / Manual de Garantie Booklet Referenz 563.81,24.0,EUR,Neu (Sonstige),Privat,2026-05-08,8. Mai 2026,1,9.0,0,1,"oder Preisvorschlag +EUR 9,00 Lieferung  Italien Ähnliche aktive Angebote ansehen Solch einen Artikel verkaufen",watches_and_more77 100% positiv (70),https://www.ebay.de/itm/136710510345,ebay_sold_p10.html
406326042907,GENERIC Kompatible Spule für Rolex Cal 2130-2135 (NEU),20.0,EUR,Neu,Gewerblich,2026-05-08,8. Mai 2026,1,19.0,0,0,"Sofort-Kaufen +EUR 19,00 Lieferung  Italien Ähnliche aktive Angebote ansehen Solch einen Artikel verkaufen","fornitura_boccacci 99,9% positiv (4.089)",https://www.ebay.de/itm/406326042907,ebay_sold_p10.html
147276461519,Rolex 78360-S3 Oyster Anno 1993 Clasp GMT Daytona Datejust Explorer,300.0,EUR,Gebraucht,Privat,2026-05-08,8. Mai 2026,1,20.0,0,1,"Preisvorschlag akzeptiert +EUR 20,00 Lieferung  Italien Ähnliche aktive Angebote ansehen Solch einen Artikel verkaufen",oro-vintage 100% positiv (630),https://www.ebay.de/itm/147276461519,ebay_sold_p10.html
257485295062,Rolex Explorer Ring,80.0,EUR,Gebraucht,Privat,2026-05-08,8. Mai 2026,1,1.0,0,0,"1 Gebot +EUR 15,00 Lieferung  Italien Ähnliche aktive Angebote ansehen Solch einen Artikel verkaufen",proietti1444 100% positiv (108),https://www.ebay.de/itm/257485295062,ebay_sold_p10.html
266847343198,Rolex 1030 6917 Escape Wheel 25 Jewels Original Neu,160.0,EUR,Neu (Sonstige),Privat,2026-05-08,8. Mai 2026,1,15.0,0,1,"Preisvorschlag akzeptiert +EUR 15,00 Lieferung  Italien Ähnliche aktive Angebote ansehen Solch einen Artikel verkaufen",vanvan66 100% positiv (1.083),https://www.ebay.de/itm/266847343198,ebay_sold_p10.html
389965188954,Rolex 15000 Oyster Perpetual Date Garantie Zertifikat,70.0,EUR,Gebraucht,Privat,2026-05-08,8. Mai 2026,1,15.0,0,1,"oder Preisvorschlag +EUR 15,00 Lieferung  Italien Ähnliche aktive Angebote ansehen Solch einen Artikel verkaufen",lume-8042 100% positiv (57),https://www.ebay.de/itm/389965188954,ebay_sold_p10.html
389788650208,Certificato Garanzia Rolex  79173 Lady-Datejust,70.0,EUR,Gebraucht,Privat,2026-05-08,8. Mai 2026,1,15.0,0,1,"oder Preisvorschlag +EUR 15,00 Lieferung  Italien Ähnliche aktive Angebote ansehen Solch einen Artikel verkaufen",lume-8042 100% positiv (57),https://www.ebay.de/itm/389788650208,ebay_sold_p10.html
403937091238,#184 ROLEX ZIFFERBLATT DIAL DATEJUST CAL: 3035 3135 16013 16223 TRITIUM 36MM,155.42,EUR,Gebraucht,Gewerblich,2026-05-08,8. Mai 2026,1,6.95,0,0,,state_of_time 100% positiv (3.803),https://www.ebay.de/itm/403937091238,ebay_sold_p10.html
117005850216,"GENERIC kompatibles gelbes Zeigerset (Lumen), für ROLEX 1601 1603 Kal. 1570...",25.0,EUR,Neu,Gewerblich,2026-05-08,8. Mai 2026,1,19.0,0,0,"Sofort-Kaufen +EUR 19,00 Lieferung  Italien Ähnliche aktive Angebote ansehen Solch einen Artikel verkaufen","fornitura_boccacci 99,9% positiv (4.089)",https://www.ebay.de/itm/117005850216,ebay_sold_p10.html
205062870672,ROLEX Krone Crown 24-604-0 Datejust GMT-Master 16750 6 mm Stahl Steel original,159.0,EUR,Gebraucht,Gewerblich,2026-05-08,8. Mai 2026,1,7.0,0,1,,riohausgmbh 100% positiv (725),https://www.ebay.de/itm/205062870672,ebay_sold_p10.html
406905958379,NEU Rolex 24-704-0 Crown Submariner Daytona GMT 116610 116520 - Original,149.0,EUR,Neu,Privat,2026-05-08,8. Mai 2026,1,20.0,0,1,"oder Preisvorschlag +EUR 20,00 Lieferung  Italien Ähnliche aktive Angebote ansehen Solch einen Artikel verkaufen","luxuryreplacementparts 96,4% positiv (64)",https://www.ebay.de/itm/406905958379,ebay_sold_p10.html
357682821373,Rolex Datejust Blue Dial 16220/16234/16200/16014/16000,350.0,EUR,Gebraucht,Gewerblich,2026-05-08,8. Mai 2026,1,19.0,0,1,,luxewatchesgermany 100% positiv (92),https://www.ebay.de/itm/357682821373,ebay_sold_p10.html
366389337778,rolex submariner date 16610 mid part case original vintage - original carrure,1490.0,EUR,Gebraucht,Privat,2026-05-08,8. Mai 2026,1,59.0,0,1,"Preisvorschlag akzeptiert +EUR 59,00 Lieferung  Italien Ähnliche aktive Angebote ansehen Solch einen Artikel verkaufen",mrkhs26 100% positiv (24),https://www.ebay.de/itm/366389337778,ebay_sold_p10.html
325986110890,Rolex B13/16758-811-K1 Black Dial Gmt Master 16700 Complete Zeiger Set Neu,2500.0,EUR,Neu,Gewerblich,2026-05-08,8. Mai 2026,1,50.0,0,1,"Preisvorschlag akzeptiert +EUR 50,00 Lieferung  Italien Ähnliche aktive Angebote ansehen Solch einen Artikel verkaufen",silverwingnico 100% positiv (1.516),https://www.ebay.de/itm/325986110890,ebay_sold_p10.html
389944291991,Rolex Schwungmasse Uhr Oscillating Weight B2230-570-2-L1 Cal. 2230,70.0,EUR,Gebraucht,Gewerblich,2026-05-08,8. Mai 2026,1,14.9,0,1,"Preisvorschlag akzeptiert +EUR 14,90 Lieferung  Italien Ähnliche aktive Angebote ansehen Solch einen Artikel verkaufen","luxurytime.shop 99,8% positiv (2.110)",https://www.ebay.de/itm/389944291991,ebay_sold_p10.html
187060834163,ROLEX 2030 2035-4433 UNRUHACHSE / BALANCE STAFF KOMPATIBEL SWISS MADE,39.0,EUR,Neu,Gewerblich,2026-05-08,8. Mai 2026,1,13.0,0,0,"Sofort-Kaufen +EUR 13,00 Lieferung  Italien Ähnliche aktive Angebote ansehen Solch einen Artikel verkaufen","watchparts-italy 99,5% positiv (3.454)",https://www.ebay.de/itm/187060834163,ebay_sold_p10.html
136650398903,AUTHENTIC ROLEX SINGLE CROWN HOLOGRAM HANGTAG RED  (RT-R),35.0,EUR,Gebraucht,Gewerblich,2026-05-08,8. Mai 2026,1,5.0,0,0,,www-kimiatime-de 100% positiv (3.939),https://www.ebay.de/itm/136650398903,ebay_sold_p10.html
227271200327,JP 2019.7.3000 Rolex Submariner Libretto Booklet Originale,20.0,EUR,Neu,Privat,2026-05-07,7. Mai 2026,1,18.0,0,0,"Sofort-Kaufen +EUR 18,00 Lieferung  Italien Ähnliche aktive Angebote ansehen Solch einen Artikel verkaufen",watchbox70 100% positiv (190),https://www.ebay.de/itm/227271200327,ebay_sold_p10.html
235929288968,ORIGINAL ROLEX 4119209.05 GARANTIEKARTENHALTER + Stoppuhrzertifikat NO CARD,32.0,EUR,like 4119209.34,,2026-05-07,7. Mai 2026,1,11.0,0,0,"Sofort-Kaufen +EUR 11,00 Lieferung  Italien Ähnliche aktive Angebote ansehen Solch einen Artikel verkaufen",indecifrabile 100% positiv (1.216),https://www.ebay.de/itm/235929288968,ebay_sold_p10.html
397883438445,Rolex Oysterdate Precision Zifferblatt Tuxedo Bullseye  6694 Cal 1225 Dial X17,179.0,EUR,Gebraucht,Gewerblich,2026-05-07,7. Mai 2026,1,9.9,0,1,,"strolchi007 99,3% positiv (1.336)",https://www.ebay.de/itm/397883438445,ebay_sold_p10.html
227319003792,Pochette ROLEX d’origine (années 1995-2005),29.0,EUR,Neu,Privat,2026-05-07,7. Mai 2026,1,1.0,0,0,"1 Gebot +EUR 18,00 Lieferung  Frankreich Ähnliche aktive Angebote ansehen Solch einen Artikel verkaufen",digital600 100% positiv (1.069),https://www.ebay.de/itm/227319003792,ebay_sold_p10.html
318266270575,Rolex Zifferblatt Dial GMT Master  Date Superlative Chronometer Swiss,350.0,EUR,Gebraucht,Privat,2026-05-07,7. Mai 2026,1,0.0,1,0,,unikart24 100% positiv (71),https://www.ebay.de/itm/318266270575,ebay_sold_p10.html
326869268705,Rolex Deepsea 116660 James Cameron Zifferblatt- Dial chromalight new,2290.0,EUR,Gebraucht,Gewerblich,2026-05-07,7. Mai 2026,1,9.5,0,1,,prime-timeparts 100% positiv (254),https://www.ebay.de/itm/326869268705,ebay_sold_p10.html
302756557176,"NEUES MODELL LÜNETTENDICHTUNG FÜR ROLEX TURNOGRAPH 116264, HOCHWERTIG",17.72,EUR,Neu (Sonstige),Gewerblich,2026-05-07,7. Mai 2026,1,13.05,0,0,"Sofort-Kaufen +EUR 13,05 Lieferung  Vereinigte Staaten von Amerika Ähnliche aktive Angebote ansehen Solch einen Artikel verkaufen","watchespartsoutlet 99,7% positiv (3.272)",https://www.ebay.de/itm/302756557176,ebay_sold_p10.html
147161609667,Rolex Uhrenglas B25-114-J1 CAL.  106301129,160.0,EUR,Neu,Privat,2026-05-07,7. Mai 2026,1,6.19,0,0,,$denisr.$ 100% positiv (669),https://www.ebay.de/itm/147161609667,ebay_sold_p10.html
142864277549,Original Rolex Kristall Saphirglas für alle Modelle - Vetri Zaffiro Originali,350.0,EUR,Neu,Gewerblich,2026-04-22,22. Apr 2026,1,30.0,0,0,"Sofort-Kaufen +EUR 30,00 Lieferung  Italien Ähnliche aktive Angebote ansehen Solch einen Artikel verkaufen",afadsrl 100% positiv (2.101),https://www.ebay.de/itm/142864277549,ebay_sold_p10.html
160981417308,GOLD GESCHAFFENE DIAMANT LÜNETTE FÜR 34 MM ROLEX DATE AIRKING MODELL 15203 15223 15200,67.7,EUR,Neu,Gewerblich,2026-05-07,7. Mai 2026,1,10.42,0,0,"Sofort-Kaufen +EUR 10,42 Lieferung  Vereinigte Staaten von Amerika Ähnliche aktive Angebote ansehen Solch einen Artikel verkaufen","ewatchparts 99,9% positiv (225.086)",https://www.ebay.de/itm/160981417308,ebay_sold_p10.html
157873674439,ROLEX GMT Master Pepsi Inlay Bezel Lünette Insert faded 16710 16700  Serifen,444.0,EUR,Gebraucht,Privat,2026-05-07,7. Mai 2026,1,0.0,1,1,,"andie804 99,5% positiv (1.140)",https://www.ebay.de/itm/157873674439,ebay_sold_p10.html
126598927463,ROLEX Zifferblatt DATEJUST Silver 1601 1600 1603 Pie Pan DIAL Vintage,279.0,EUR,Gebraucht,Gewerblich,2026-05-07,7. Mai 2026,1,5.9,0,1,,almawatches 100% positiv (3.677),https://www.ebay.de/itm/126598927463,ebay_sold_p10.html
172398370838,"Lünetten-Inlay braun/gold ""Tiger Eye"" kompatibel zu Rolex GMT-Master II 16713",34.95,EUR,Neu,Gewerblich,2026-05-07,7. Mai 2026,1,0.0,1,0,,watchparts24 100% positiv (71.339),https://www.ebay.de/itm/172398370838,ebay_sold_p10.html
406325902059,GENERIC Unruhwelle für ROLEX Cal. 1220 (NEU),20.0,EUR,Neu,Gewerblich,2026-05-07,7. Mai 2026,1,19.0,0,0,"Sofort-Kaufen +EUR 19,00 Lieferung  Italien Ähnliche aktive Angebote ansehen Solch einen Artikel verkaufen","fornitura_boccacci 99,9% positiv (4.089)",https://www.ebay.de/itm/406325902059,ebay_sold_p10.html
126689894767,Original ROLEX NOS GMT Inlay Bezel Lünette 16713 16718 Insert Root Tiger Gold,269.0,EUR,Neu (Sonstige),Gewerblich,2026-05-07,7. Mai 2026,1,6.9,0,1,,almawatches 100% positiv (3.677),https://www.ebay.de/itm/126689894767,ebay_sold_p10.html
277933387580,Rolex Broschüre Katalog 2022-2023 & Rolex Magazin No. 10,15.0,EUR,Gebraucht,Privat,2026-05-07,7. Mai 2026,1,1.0,0,0,,partyloge 100% positiv (635),https://www.ebay.de/itm/277933387580,ebay_sold_p10.html
388409502083,Rolex Oyster Booklet Gebrauchs Anleitung Deutsch  Ref 579.53 De 8.1988,55.0,EUR,Gebraucht,Privat,2026-05-07,7. Mai 2026,1,0.0,1,1,,tcshamburg 100% positiv (171),https://www.ebay.de/itm/388409502083,ebay_sold_p10.html
226902741294,NEW Neu Rolex 3135-7120 Tapped Foot of Balance Bridge Fuß Brücke,23.7,EUR,Gebraucht,Gewerblich,2026-05-07,7. Mai 2026,1,29.0,0,1,"oder Preisvorschlag +EUR 29,00 Lieferung  Italien Ähnliche aktive Angebote ansehen Solch einen Artikel verkaufen",*rarecollections 100% positiv (1.384),https://www.ebay.de/itm/226902741294,ebay_sold_p10.html
295993526001,ROLEX Datejust Day-Date 36 mm Gold Sekundenzeiger Second Hand cal 3035 3135,79.0,EUR,Gebraucht,Gewerblich,2026-05-07,7. Mai 2026,1,7.0,0,0,,luxini_hamburg 100% positiv (3.973),https://www.ebay.de/itm/295993526001,ebay_sold_p10.html
276001585289,NEW Rolex 3135-16200 Disc Datumsanzeige Weiß Neu im Blister,258.0,EUR,BRAND NEW PACKED - ORIGINAL NEU IM BLISTER,,2026-05-07,7. Mai 2026,1,25.0,0,0,"Sofort-Kaufen +EUR 25,00 Lieferung  Italien Letzter Artikel Ähnliche aktive Angebote ansehen Solch einen Artikel verkaufen",millerighetime_by_arriwatch 100% positiv (913),https://www.ebay.de/itm/276001585289,ebay_sold_p10.html
115917192943,"ROLEX 4030 Daytona Chrono Inverter, O Inverter Wheel Cod. 4030-540 Calib: ...",199.0,EUR,Gebraucht,Gewerblich,2026-05-07,7. Mai 2026,1,19.0,0,0,"Sofort-Kaufen +EUR 19,00 Lieferung  Italien Ähnliche aktive Angebote ansehen Solch einen Artikel verkaufen","fornitura_boccacci 99,9% positiv (4.089)",https://www.ebay.de/itm/115917192943,ebay_sold_p10.html
183967457920,PASSEND FÜR ROLEX MILGAUSS 116400 Vetro Zaffiro 25-318 Aftermarket Saphirglas,40.0,EUR,Neu (Sonstige),Gewerblich,2026-05-07,7. Mai 2026,1,13.0,0,0,"Sofort-Kaufen +EUR 13,00 Lieferung  Italien Ähnliche aktive Angebote ansehen Solch einen Artikel verkaufen","watchparts-italy 99,5% positiv (3.454)",https://www.ebay.de/itm/183967457920,ebay_sold_p10.html
157738680801,Gehäuseöffner Für Rolex Uhren Uhrmacherwerkzeug Sets Für Gerillte Gehäuseböden,13.59,EUR,Neu,Gewerblich,2026-05-07,7. Mai 2026,1,0.0,1,0,,"2021newstart 99,7% positiv (45.035)",https://www.ebay.de/itm/157738680801,ebay_sold_p10.html
404251130575,ORIG. ROLEX EXPLORER 2 STEEL 16570 LÜNETTE BEZEL RING LÜNETTENRING FAT FONT,289.99,EUR,Gebraucht,Gewerblich,2026-05-07,7. Mai 2026,1,6.95,0,0,,state_of_time 100% positiv (3.803),https://www.ebay.de/itm/404251130575,ebay_sold_p10.html
267647318089,Rolex Daytona 18k Gelbgold Lünette Ref 116528,1220.0,EUR,Gebraucht,Gewerblich,2026-05-07,7. Mai 2026,1,53.0,0,1,"oder Preisvorschlag +EUR 53,00 Lieferung  Italien Ähnliche aktive Angebote ansehen Solch einen Artikel verkaufen",sakar.2514 100% positiv (913),https://www.ebay.de/itm/267647318089,ebay_sold_p10.html
406910086124,LINK Rolex 2pcs 604-0 - 2pcs 531-0 - New,576.0,EUR,Neu,Privat,2026-05-07,7. Mai 2026,1,20.0,0,0,"Sofort-Kaufen +EUR 20,00 Lieferung  Italien Ähnliche aktive Angebote ansehen Solch einen Artikel verkaufen","luxuryreplacementparts 96,4% positiv (64)",https://www.ebay.de/itm/406910086124,ebay_sold_p10.html
406841478404,NEU Rolex 24-604-0 Crown Steel 6mm GMT Datejust Explorer - Original,149.0,EUR,Neu,Privat,2026-05-07,7. Mai 2026,1,20.0,0,0,"Sofort-Kaufen +EUR 20,00 Lieferung  Italien Ähnliche aktive Angebote ansehen Solch einen Artikel verkaufen","luxuryreplacementparts 96,4% positiv (64)",https://www.ebay.de/itm/406841478404,ebay_sold_p10.html
406842410709,NEW Rolex 24-531-0 crown Steel 5.3 mm - Genuine,139.0,EUR,Neu,Privat,2026-05-07,7. Mai 2026,1,20.0,0,0,"Sofort-Kaufen +EUR 20,00 Lieferung  Italien Ähnliche aktive Angebote ansehen Solch einen Artikel verkaufen","luxuryreplacementparts 96,4% positiv (64)",https://www.ebay.de/itm/406842410709,ebay_sold_p10.html
366304808818,ROLEX 114270 Explorer Papier Original r80326001,193.76,EUR,Gebraucht,Gewerblich,2026-04-15,15. Apr 2026,1,0.0,1,0,"Sofort-Kaufen +EUR 21,56 Lieferung  Japan Kostenloser Rückversand Ähnliche aktive Angebote ansehen Solch einen Artikel verkaufen","dsjapan_4783 99,8% positiv (3.000)",https://www.ebay.de/itm/366304808818,ebay_sold_p10.html
406888049174,GENERIC Pepsi Einsatz 315-16750-6 für ROLEX GMT-Master 16750 (NEU),30.0,EUR,Neu,Gewerblich,2026-05-06,6. Mai 2026,1,19.0,0,0,"Sofort-Kaufen +EUR 19,00 Lieferung  Italien Ähnliche aktive Angebote ansehen Solch einen Artikel verkaufen","fornitura_boccacci 99,9% positiv (4.089)",https://www.ebay.de/itm/406888049174,ebay_sold_p10.html
177657849703,Rolex - 3035-5091 - Datumsnockenfeder (1 Stück),35.0,EUR,Neu (Sonstige),Privat,2026-05-06,6. Mai 2026,1,20.0,0,0,"Sofort-Kaufen +EUR 20,00 Lieferung  Italien Ähnliche aktive Angebote ansehen Solch einen Artikel verkaufen",refanoro79 100% positiv (244),https://www.ebay.de/itm/177657849703,ebay_sold_p10.html
204833347326,Rolex Submariner 5513 1680 Einsatz gebraucht Inlay Vintage,399.0,EUR,Gebraucht,Gewerblich,2026-05-06,6. Mai 2026,1,29.0,0,1,"oder Preisvorschlag +EUR 29,00 Lieferung  Italien Ähnliche aktive Angebote ansehen Solch einen Artikel verkaufen",watchmydial 100% positiv (460),https://www.ebay.de/itm/204833347326,ebay_sold_p10.html
127459625249,ROLEX YOUR OYSTER BOOKLET SPANISH LIBRO BOOK  MANUAL ESPAÑOL GUIDE 2005,39.9,EUR,Gebraucht,Gewerblich,2026-05-06,6. Mai 2026,1,7.15,0,0,"Sofort-Kaufen +EUR 7,15 Lieferung  Spanien Ähnliche aktive Angebote ansehen Solch einen Artikel verkaufen",deluxemarketmadrid 100% positiv (1.739),https://www.ebay.de/itm/127459625249,ebay_sold_p10.html
311051407021,SAPHIR UHRENGLAS FÜR 44MM ROLEX DEEPSEA KERAMIK 116660 126660 136660,67.7,EUR,Neu,Gewerblich,2026-05-06,6. Mai 2026,1,10.42,0,0,"Sofort-Kaufen +EUR 10,42 Lieferung  Vereinigte Staaten von Amerika Ähnliche aktive Angebote ansehen Solch einen Artikel verkaufen","ewatchparts 99,9% positiv (225.086)",https://www.ebay.de/itm/311051407021,ebay_sold_p10.html
397883438458,Rolex Oyster Perpetual Zifferblatt Schwarz Waffel Ref 1002 Cal 1570 29mm X18,179.0,EUR,Gebraucht,Gewerblich,2026-05-06,6. Mai 2026,1,9.9,0,1,,"strolchi007 99,3% positiv (1.336)",https://www.ebay.de/itm/397883438458,ebay_sold_p10.html
305249159822,Lünettenring Lünette Leuchtperle für  Rolex Seiko 38mm 41mm Keramik hochwertig,22.0,EUR,Neu (Sonstige),Gewerblich,2026-05-06,6. Mai 2026,1,1.95,0,0,,"electroflash 99,4% positiv (13.304)",https://www.ebay.de/itm/305249159822,ebay_sold_p10.html
257474995492,Lot 4 Aufkleber Sticker Logo Rolex Gold Zifferblatt Uhr,14.9,EUR,Neu (Sonstige),Privat,2026-05-06,6. Mai 2026,1,12.9,0,0,"Sofort-Kaufen +EUR 12,90 Lieferung  Italien Ähnliche aktive Angebote ansehen Solch einen Artikel verkaufen",lelekas69 100% positiv (1.539),https://www.ebay.de/itm/257474995492,ebay_sold_p10.html
184961577528,ROLEX 1575 8008 Nockenfeder KOMPATIBEL cam yoke spring swiss,30.0,EUR,Neu (Sonstige),Gewerblich,2026-05-06,6. Mai 2026,1,13.0,0,0,"Sofort-Kaufen +EUR 13,00 Lieferung  Italien Ähnliche aktive Angebote ansehen Solch einen Artikel verkaufen","watchparts-italy 99,5% positiv (3.454)",https://www.ebay.de/itm/184961577528,ebay_sold_p10.html
185387060204,ROLEX 1530 7880 RATSCHENFEDER KOMPATIBEL SWISS MADE,21.0,EUR,Neu,Gewerblich,2026-05-06,6. Mai 2026,1,13.0,0,0,"Sofort-Kaufen +EUR 13,00 Lieferung  Italien Ähnliche aktive Angebote ansehen Solch einen Artikel verkaufen","watchparts-italy 99,5% positiv (3.454)",https://www.ebay.de/itm/185387060204,ebay_sold_p10.html
185599108729,ROLEX DAYTONA 16520 SETTING MINUTE WHEEL 4030-253 UMLENKUNG MINUTENRAD FÜR 4030 2,39.0,EUR,Neu,Gewerblich,2026-05-06,6. Mai 2026,1,13.0,0,0,"Sofort-Kaufen +EUR 13,00 Lieferung  Italien Ähnliche aktive Angebote ansehen Solch einen Artikel verkaufen","watchparts-italy 99,5% positiv (3.454)",https://www.ebay.de/itm/185599108729,ebay_sold_p10.html
186803842202,"Original ROLEX Frinktionsfeder für Kronrad B5030-Y1 für 3035, 3055, 3075 GMT",59.95,EUR,Neu,Gewerblich,2026-05-06,6. Mai 2026,1,0.0,1,0,,watchparts24 100% positiv (71.339),https://www.ebay.de/itm/186803842202,ebay_sold_p10.html
224825784030,INSERTO GHIERA ROLEX GMT 16700 16710,280.0,EUR,Gebraucht,Privat,2026-05-06,6. Mai 2026,1,20.0,0,0,"Sofort-Kaufen +EUR 20,00 Lieferung  Italien Ähnliche aktive Angebote ansehen Solch einen Artikel verkaufen",guidoimp 100% positiv (177),https://www.ebay.de/itm/224825784030,ebay_sold_p10.html
405424038741,"#1462 ROLEX 15,4mm BANDGLIED JUBILEE STAHL EDELSTAHL GLIED 126300 126334 126234",99.99,EUR,Gebraucht,Gewerblich,2026-05-06,6. Mai 2026,1,6.95,0,0,,state_of_time 100% positiv (3.803),https://www.ebay.de/itm/405424038741,ebay_sold_p10.html
178090843298,Rolex 3135-429-Asse bilanciere,40.0,EUR,Gebraucht,Privat,2026-05-06,6. Mai 2026,1,20.0,0,0,"Sofort-Kaufen +EUR 20,00 Lieferung  Italien Ähnliche aktive Angebote ansehen Solch einen Artikel verkaufen",refanoro79 100% positiv (244),https://www.ebay.de/itm/178090843298,ebay_sold_p10.html
397758082659,Rolex New SUB/GMT Modelle Feder für Lünette Ref.31616800,27.99,EUR,Neu,Gewerblich,2026-05-06,6. Mai 2026,1,0.0,1,0,,dreamuniversesari 100% positiv (1.205),https://www.ebay.de/itm/397758082659,ebay_sold_p10.html
306907833818,Rolex 6238 Service Case With Original Paper,1500.0,EUR,Gebraucht,Privat,2026-05-06,6. Mai 2026,1,1.0,0,0,"1 Gebot +EUR 25,00 Lieferung  Frankreich Ähnliche aktive Angebote ansehen Solch einen Artikel verkaufen","aurelieconigli0 89,7% positiv (89)",https://www.ebay.de/itm/306907833818,ebay_sold_p10.html
356730790523,Rolex Armband Bracelet 18mm Oyster 7835 19 357endlink,699.0,EUR,Gebraucht,Privat,2026-05-06,6. Mai 2026,1,80.0,0,1,"Preisvorschlag akzeptiert +EUR 80,00 Lieferung  Italien Ähnliche aktive Angebote ansehen Solch einen Artikel verkaufen",bancodeipugni 100% positiv (63),https://www.ebay.de/itm/356730790523,ebay_sold_p10.html
326735896056,Rolex cal. 1400 Werk komplett. Sehr guten zustand.,250.0,EUR,Gebraucht,Privat,2026-05-05,5. Mai 2026,1,20.0,0,0,"Sofort-Kaufen +EUR 20,00 Lieferung  Dänemark Ähnliche aktive Angebote ansehen Solch einen Artikel verkaufen",misser10 100% positiv (477),https://www.ebay.de/itm/326735896056,ebay_sold_p10.html
187568516914,Rolex GMT 16710 Full Set Eng 2001,400.0,EUR,Gebraucht,Privat,2026-05-05,5. Mai 2026,1,30.0,0,0,"Sofort-Kaufen +EUR 30,00 Lieferung  Italien Ähnliche aktive Angebote ansehen Solch einen Artikel verkaufen",tomammazz_0 100% positiv (258),https://www.ebay.de/itm/187568516914,ebay_sold_p10.html
206131345292,Rolex Submariner date  Handbuch Anleitung booklet Deutsch -DE-595.63  4.2012,49.0,EUR,Gebraucht,Gewerblich,2026-05-05,5. Mai 2026,1,5.0,0,0,,kian-werke 100% positiv (7.720),https://www.ebay.de/itm/206131345292,ebay_sold_p10.html
404548746964,#935 ORIGINAL ROLEX DATEJUST LADY 26mm 2135 2130 GOLD ZEIGER SATZ HANDS,100.0,EUR,Gebraucht,Gewerblich,2026-05-05,5. Mai 2026,1,6.95,0,0,,state_of_time 100% positiv (3.803),https://www.ebay.de/itm/404548746964,ebay_sold_p10.html
205232871499,ROLEX OYSTER ARMBAND STAHL/GOLD ERSATZGLIED GLIED LINK 10MM,249.0,EUR,Gebraucht,Gewerblich,2026-05-05,5. Mai 2026,1,0.0,1,1,,"luxus-freund24 99,5% positiv (41.881)",https://www.ebay.de/itm/205232871499,ebay_sold_p10.html
160695684792,DATUMSSCHEIBE FÜR ROLEX TURN-O-GRAPH 3135/3155 16263 16264 116261 116264 WEISS ROT,52.07,EUR,Neu,Gewerblich,2026-05-05,5. Mai 2026,1,10.42,0,0,"Sofort-Kaufen +EUR 10,42 Lieferung  Vereinigte Staaten von Amerika Ähnliche aktive Angebote ansehen Solch einen Artikel verkaufen","ewatchparts 99,9% positiv (225.086)",https://www.ebay.de/itm/160695684792,ebay_sold_p10.html
227321694621,#001 - Rolex Explorer II Stahl 216570 - 2017,7000.0,EUR,Gebraucht,Gewerblich,2026-05-05,5. Mai 2026,1,0.0,1,0,,colognewatch 100% positiv (342),https://www.ebay.de/itm/227321694621,ebay_sold_p10.html
203876224471,"Rolex Crown 4.70mm , White Gold ,1401, Cellini ,New old Stock  (R219)",85.0,EUR,Neu (Sonstige),Gewerblich,2026-05-05,5. Mai 2026,1,6.99,0,0,,kian-werke 100% positiv (7.720),https://www.ebay.de/itm/203876224471,ebay_sold_p10.html
389949419734,Armbanduhrwerk Rolex Cal.700,30.0,EUR,Gebraucht,Privat,2026-05-05,5. Mai 2026,1,1.0,0,0,,jens023 100% positiv (2.033),https://www.ebay.de/itm/389949419734,ebay_sold_p10.html
406890797284,Potence Pour Fermer Les Boitiers Type Rolex Tools Parts Horlogerie Lot 65,6.5,EUR,Gebraucht,Privat,2026-05-05,5. Mai 2026,1,3.0,0,0,"3 Gebote +EUR 45,00 Lieferung  Frankreich Ähnliche aktive Angebote ansehen Solch einen Artikel verkaufen",jblouise_watches 100% positiv (109),https://www.ebay.de/itm/406890797284,ebay_sold_p10.html
157860292131,Rolex Lady-Datejust Zifferblatt mit Uhrwerk 26 mm,321.0,EUR,Gebraucht,Privat,2026-05-05,5. Mai 2026,1,78.0,0,0,,"fynn20025 93,8% positiv (253)",https://www.ebay.de/itm/157860292131,ebay_sold_p10.html
397883438457,Original Rolex Explorer Zifferblatt Schwarz 3-6-9 Refinished Vintage 1016 X8,179.0,EUR,Gebraucht,Gewerblich,2026-05-05,5. Mai 2026,1,9.9,0,1,,"strolchi007 99,3% positiv (1.336)",https://www.ebay.de/itm/397883438457,ebay_sold_p10.html
406844377991,Rolex 24-604-0 Crown Steel 6mm GMT Datejust Explorer - Genuine,40.0,EUR,Gebraucht,Privat,2026-05-03,3. Mai 2026,1,20.0,0,0,"Sofort-Kaufen +EUR 20,00 Lieferung  Italien Ähnliche aktive Angebote ansehen Solch einen Artikel verkaufen","luxuryreplacementparts 96,4% positiv (64)",https://www.ebay.de/itm/406844377991,ebay_sold_p10.html
204254035321,Rolex 6824 aiguilles,103.5,EUR,Gebraucht,Gewerblich,2026-05-05,5. Mai 2026,1,9.0,0,0,"Sofort-Kaufen +EUR 9,00 Lieferung  Frankreich Ähnliche aktive Angebote ansehen Solch einen Artikel verkaufen","manz15 99,5% positiv (8.231)",https://www.ebay.de/itm/204254035321,ebay_sold_p10.html
176975461717,O-Ring Dichtung für Rolex - Tudor 29-325-10 Gasket Case Back 1675 5513 16750,4.0,EUR,Neu,Gewerblich,2026-05-05,5. Mai 2026,1,9.9,0,0,"Sofort-Kaufen +EUR 9,90 Lieferung  Italien Ähnliche aktive Angebote ansehen Solch einen Artikel verkaufen","watchbandman75 98,5% positiv (14.068)",https://www.ebay.de/itm/176975461717,ebay_sold_p10.html
277767783463,NEU Rolex Easy-Link Rapid Extension Mesh Armband Oyster 32-23043,248.0,EUR,Neu,Gewerblich,2026-05-05,5. Mai 2026,1,25.0,0,0,"Sofort-Kaufen +EUR 25,00 Lieferung  Italien Letzter Artikel Ähnliche aktive Angebote ansehen Solch einen Artikel verkaufen",millerighetime_by_arriwatch 100% positiv (913),https://www.ebay.de/itm/277767783463,ebay_sold_p10.html
177991686637,Rolex GMT-Master - Reklame Werbeanzeige Original-Werbung 1969,17.95,EUR,Gebraucht,Privat,2026-05-05,5. Mai 2026,1,1.95,0,0,,"jaydee01 99,5% positiv (7.025)",https://www.ebay.de/itm/177991686637,ebay_sold_p10.html
397900712479,"Original Rolex Ziffernblatt 27,8 mm für z.B. Datejust",50.0,EUR,Gebraucht,Privat,2026-05-04,4. Mai 2026,1,0.0,1,1,,"habenhaben44 96,8% positiv (29)",https://www.ebay.de/itm/397900712479,ebay_sold_p10.html
397902909868,"Original Rolex Ziffernblatt 27,8 mm für z.B. Datejust, silberfarben",35.0,EUR,Gebraucht,Privat,2026-05-04,4. Mai 2026,1,0.0,1,1,,"habenhaben44 96,8% positiv (29)",https://www.ebay.de/itm/397902909868,ebay_sold_p10.html
397904615159,"Original Rolex Date Ziffernblatt für Damenuhr  silberfarben, 19,7 mm",25.0,EUR,Gebraucht,Privat,2026-05-04,4. Mai 2026,1,0.0,1,1,,"habenhaben44 96,8% positiv (29)",https://www.ebay.de/itm/397904615159,ebay_sold_p10.html
298281768142,original Rolex Submariner Bezel Inlay Insert Lünette Ref. 16610/16800 OVP,180.0,EUR,Neu,Privat,2026-05-04,4. Mai 2026,1,1.0,0,1,,nipix68 100% positiv (86),https://www.ebay.de/itm/298281768142,ebay_sold_p10.html
203287372255,Original Rolex Explorer Booklet From 3.1998 USA 597.96   ||(RA92),58.0,EUR,Gebraucht,Gewerblich,2026-05-04,4. Mai 2026,1,5.0,0,0,,kian-werke 100% positiv (7.720),https://www.ebay.de/itm/203287372255,ebay_sold_p10.html
397899585351,Original Rolex Aufzugskrone Edelstahl 6mm für z.B. Datejust,30.0,EUR,Gebraucht,Privat,2026-05-04,4. Mai 2026,1,0.0,1,1,,"habenhaben44 96,8% positiv (29)",https://www.ebay.de/itm/397899585351,ebay_sold_p10.html
389974743839,Rolex 24-7000-2-C1 Saphirglas Sapphire Crystal Glass Daytona 116520 Original,400.0,EUR,Neu,Gewerblich,2026-05-04,4. Mai 2026,1,21.0,0,1,"Preisvorschlag akzeptiert +EUR 21,00 Lieferung  Italien Ähnliche aktive Angebote ansehen Solch einen Artikel verkaufen",only_quality_stuff_new2026 100% positiv (48),https://www.ebay.de/itm/389974743839,ebay_sold_p10.html
327123445308,Rolex Explorer 16570 Garantie Zertifikat K-Serie Deutscher Rolex Händler!!,150.0,EUR,Gebraucht,Privat,2026-05-04,4. Mai 2026,1,0.0,1,0,,pumpui71 100% positiv (994),https://www.ebay.de/itm/327123445308,ebay_sold_p10.html
226902742147,NEW Neu Rolex 3285-432 Balance Complete Parachrom Blau Unruh,429.0,EUR,Gebraucht,Gewerblich,2026-05-04,4. Mai 2026,1,29.0,0,1,"oder Preisvorschlag +EUR 29,00 Lieferung  Italien Letzter Artikel Ähnliche aktive Angebote ansehen Solch einen Artikel verkaufen",*rarecollections 100% positiv (1.384),https://www.ebay.de/itm/226902742147,ebay_sold_p10.html
326144062865,Zirkonia CZ Diamond Bezel Lünette Kompatibel für Rolex 31 mm Day Datejust,89.0,EUR,Neu,Gewerblich,2026-05-04,4. Mai 2026,1,3.49,0,0,,"uhrenexpert 99,3% positiv (21.349)",https://www.ebay.de/itm/326144062865,ebay_sold_p10.html
167948968517,ROLEX 1530-7881 Zugmaschine,50.0,EUR,Neu,Privat,2026-05-04,4. Mai 2026,1,20.0,0,0,"Sofort-Kaufen +EUR 20,00 Lieferung  Frankreich Ähnliche aktive Angebote ansehen Solch einen Artikel verkaufen",videgrenier34 100% positiv (416),https://www.ebay.de/itm/167948968517,ebay_sold_p10.html
404353628327,#833 ROLEX ZIFFERBLATT DIAL OYSTER PERPETUAL DATEJUST 16233 16013 36MM BULLSEYE,233.62,EUR,Gebraucht,Gewerblich,2026-05-04,4. Mai 2026,1,6.95,0,0,,state_of_time 100% positiv (3.803),https://www.ebay.de/itm/404353628327,ebay_sold_p10.html
147246526424,ROLEX Garantieschein-Handbuch,15.0,EUR,Gebraucht,Gewerblich,2026-05-04,4. Mai 2026,1,0.0,1,1,"Preisvorschlag akzeptiert +EUR 10,00 Lieferung  Frankreich Kostenloser Rückversand Ähnliche aktive Angebote ansehen Solch einen Artikel verkaufen",manvstime 100% positiv (2.082),https://www.ebay.de/itm/147246526424,ebay_sold_p10.html
227301652617,TAG ROLEX DAYTONA 116520 GREEN SWING,80.0,EUR,Neu,Privat,2026-05-04,4. Mai 2026,1,20.0,0,0,"Sofort-Kaufen +EUR 20,00 Lieferung  Italien Ähnliche aktive Angebote ansehen Solch einen Artikel verkaufen",watchbox70 100% positiv (190),https://www.ebay.de/itm/227301652617,ebay_sold_p10.html
277936541166,NEU Rolex 317-116260 Feder Kugel Ratsche Submariner Ring 116610 x1pc Original,48.0,EUR,Neu,Gewerblich,2026-05-04,4. Mai 2026,1,25.0,0,0,"Sofort-Kaufen +EUR 25,00 Lieferung  Italien Ähnliche aktive Angebote ansehen Solch einen Artikel verkaufen",millerighetime_by_arriwatch 100% positiv (913),https://www.ebay.de/itm/277936541166,ebay_sold_p10.html
358137503036,2 Original Links Rolex 18K/SS ladies Jubilee 10mm for Datejust 69173 79173 26MM,160.0,EUR,Gebraucht,Privat,2026-05-04,4. Mai 2026,1,15.0,0,1,"oder Preisvorschlag +EUR 15,00 Lieferung  Frankreich Ähnliche aktive Angebote ansehen Solch einen Artikel verkaufen",chrikne_9136 100% positiv (61),https://www.ebay.de/itm/358137503036,ebay_sold_p10.html
127459629401,ROLEX BOOKLET GENUINE 2015 GREEN MANUAL SERVICE PAPERS LIBRO LIBRETO ORIGINAL,19.9,EUR,Neu (Sonstige),Gewerblich,2026-05-04,4. Mai 2026,1,7.15,0,0,"Sofort-Kaufen +EUR 7,15 Lieferung  Spanien Ähnliche aktive Angebote ansehen Solch einen Artikel verkaufen",deluxemarketmadrid 100% positiv (1.739),https://www.ebay.de/itm/127459629401,ebay_sold_p10.html
127827299782,INSERT GENERIQUE PEPSI POUR ROLEX GMT 16750 - 6 BLEU / ROUGE NEUF,85.0,EUR,Gebraucht,Privat,2026-05-04,4. Mai 2026,1,2.0,0,0,"2 Gebote +EUR 13,45 Lieferung  Frankreich Ähnliche aktive Angebote ansehen Solch einen Artikel verkaufen",horloge03-2013 100% positiv (639),https://www.ebay.de/itm/127827299782,ebay_sold_p10.html
254456157698,"ROLEX Armbänder Prospekt für Submariner, Präsident... in Gold von ca. 1974",110.0,EUR,Gebraucht,Gewerblich,2026-05-04,4. Mai 2026,1,0.0,1,1,,linckersdorff-gmbh 100% positiv (2.077),https://www.ebay.de/itm/254456157698,ebay_sold_p10.html
184108918396,ROLEX 2030 2035 -4478 SCHWINGMASSENSCHLÜSSEL KOMPATIBEL spring clip swiss,30.0,EUR,Neu (Sonstige),Gewerblich,2026-05-04,4. Mai 2026,1,13.0,0,0,"Sofort-Kaufen +EUR 13,00 Lieferung  Italien Letzter Artikel Ähnliche aktive Angebote ansehen Solch einen Artikel verkaufen","watchparts-italy 99,5% positiv (3.454)",https://www.ebay.de/itm/184108918396,ebay_sold_p10.html
186238532290,2x EDELSTAHL GRIFFE FÜR ROLEX SUBMARINER GEHÄUSE MIT LÖCHERN,9.0,EUR,Neu,Gewerblich,2026-05-04,4. Mai 2026,1,13.0,0,0,"Sofort-Kaufen +EUR 13,00 Lieferung  Italien Ähnliche aktive Angebote ansehen Solch einen Artikel verkaufen","watchparts-italy 99,5% positiv (3.454)",https://www.ebay.de/itm/186238532290,ebay_sold_p10.html
316474121446,Rolex Black Oyster Perpetual Dial für Modell 124300,550.0,EUR,Neu (Sonstige),Privat,2026-05-04,4. Mai 2026,1,50.0,0,1,"Preisvorschlag akzeptiert +EUR 50,00 Lieferung  Italien Ähnliche aktive Angebote ansehen Solch einen Artikel verkaufen",borromeo45 100% positiv (49),https://www.ebay.de/itm/316474121446,ebay_sold_p10.html
276815535977,NEW Rolex 3135-250 Rücklaufrad Remando Neu im Blister,43.0,EUR,BRAND NEW PACKED - ORIGINAL NEU IM BLISTER,,2026-05-04,4. Mai 2026,1,25.0,0,0,"Sofort-Kaufen +EUR 25,00 Lieferung  Italien Ähnliche aktive Angebote ansehen Solch einen Artikel verkaufen",millerighetime_by_arriwatch 100% positiv (913),https://www.ebay.de/itm/276815535977,ebay_sold_p10.html
277704859164,NEU Rolex 3135-260 Ruota Della Minuteria Nuova im Blister,68.0,EUR,Neu,Gewerblich,2026-05-04,4. Mai 2026,1,25.0,0,0,"Sofort-Kaufen +EUR 25,00 Lieferung  Italien Ähnliche aktive Angebote ansehen Solch einen Artikel verkaufen",millerighetime_by_arriwatch 100% positiv (913),https://www.ebay.de/itm/277704859164,ebay_sold_p10.html
197780207638,"Rolex Kataloge mit Preisliste von 2010-2020, 14 Stück",100.0,EUR,Gebraucht,Gewerblich,2026-05-04,4. Mai 2026,1,5.0,0,0,,"uhrenfachzentrum 99,6% positiv (1.645)",https://www.ebay.de/itm/197780207638,ebay_sold_p10.html
126599008300,Original ROLEX GMT Master BLACK Inlay Bezel Lünette 16710 16700 16760 Insert,219.0,EUR,Neu (Sonstige),Gewerblich,2026-05-04,4. Mai 2026,1,5.9,0,1,,almawatches 100% positiv (3.677),https://www.ebay.de/itm/126599008300,ebay_sold_p10.html
206248559026,Rolex Submariner 5513 1960er Jahre Finale für Armband 7206,420.0,EUR,Gebraucht,Privat,2026-05-04,4. Mai 2026,1,1.0,0,0,"1 Gebot +EUR 35,00 Lieferung  Italien Ähnliche aktive Angebote ansehen Solch einen Artikel verkaufen",mercury23564 100% positiv (713),https://www.ebay.de/itm/206248559026,ebay_sold_p10.html
335917612581,Rolex 1600 Handaufzug Uhrwerk / mit Zifferblatt u. Zeiger / Läuft / Top,650.0,EUR,Gebraucht,Privat,2026-05-04,4. Mai 2026,1,6.19,0,1,,zebast1an 100% positiv (824),https://www.ebay.de/itm/335917612581,ebay_sold_p10.html
136996538589,Original Rolex GMT-Master Blue Red Pepsi Bezel Insert Inlay 16700 16710 16760,400.0,EUR,Gebraucht,Privat,2026-05-04,4. Mai 2026,1,25.0,0,0,"Sofort-Kaufen +EUR 25,00 Lieferung  Dänemark Ähnliche aktive Angebote ansehen Solch einen Artikel verkaufen",odder1 100% positiv (671),https://www.ebay.de/itm/136996538589,ebay_sold_p10.html
220795808610,"LÜNETTENEINSATZ FÜR ROLEX GMT MASTER II 16700, 16710, 16760, 16713, 16718 SCHWARZ",31.22,EUR,Neu,Gewerblich,2026-05-04,4. Mai 2026,1,13.49,0,0,"Sofort-Kaufen +EUR 13,49 Lieferung  Vereinigte Staaten von Amerika Ähnliche aktive Angebote ansehen Solch einen Artikel verkaufen",watchbandman50 100% positiv (14.906),https://www.ebay.de/itm/220795808610,ebay_sold_p10.html
405989678175,Original Lünette/Bezel Rolex Oyster Perpetual 36mm,140.0,EUR,Referenz 126200,,2026-05-04,4. Mai 2026,1,0.0,1,1,,living_and_home 100% positiv (327),https://www.ebay.de/itm/405989678175,ebay_sold_p10.html
406901942211,NEU Rolex 24-704-5 Krone Roségold 18k - Original,260.0,EUR,Neu,Privat,2026-05-04,4. Mai 2026,1,20.0,0,1,"oder Preisvorschlag +EUR 20,00 Lieferung  Italien Ähnliche aktive Angebote ansehen Solch einen Artikel verkaufen","luxuryreplacementparts 96,4% positiv (64)",https://www.ebay.de/itm/406901942211,ebay_sold_p10.html
311592709076,Saphirglas passend für Rolex Sea Dweller 16600 16660 mit Dichtung,33.36,EUR,Neu,Gewerblich,2026-05-04,4. Mai 2026,1,13.56,0,0,"Sofort-Kaufen +EUR 13,56 Lieferung  Vereinigte Staaten von Amerika Ähnliche aktive Angebote ansehen Solch einen Artikel verkaufen","watchpartusa 99,8% positiv (44.143)",https://www.ebay.de/itm/311592709076,ebay_sold_p10.html
397401196132,Rolex 1210 - 723 Unruhwelle (einzeln) - Balancer staff pivoted (per unit,23.0,EUR,Gebraucht,Gewerblich,2026-05-04,4. Mai 2026,1,9.0,0,0,"Sofort-Kaufen +EUR 9,00 Lieferung  Frankreich Ähnliche aktive Angebote ansehen Solch einen Artikel verkaufen","manz15 99,5% positiv (8.231)",https://www.ebay.de/itm/397401196132,ebay_sold_p10.html
336184918825,REPLACEMENT PART ROLEX ORIGINAL CALIBRE.3035 - PART 95008-1. Blister con 3 Pzas.,50.0,EUR,Neu,Gewerblich,2026-05-03,3. Mai 2026,1,16.0,0,0,"Sofort-Kaufen +EUR 16,00 Lieferung  Spanien Letzter Artikel Ähnliche aktive Angebote ansehen Solch einen Artikel verkaufen","dimar2018 99,8% positiv (11.466)",https://www.ebay.de/itm/336184918825,ebay_sold_p10.html
133355810395,ROLEX MAGAZIN NUMMER 8 ROLEX EXPLORER - MAGAZIN,39.0,EUR,Neu,Gewerblich,2026-05-03,3. Mai 2026,1,30.0,0,1,"oder Preisvorschlag +EUR 30,00 Lieferung  Italien Ähnliche aktive Angebote ansehen Solch einen Artikel verkaufen",afadsrl 100% positiv (2.101),https://www.ebay.de/itm/133355810395,ebay_sold_p10.html
198293420941,"Original ROLEX GMT  Lünette 16710 schwarz / rot, Zustand prima",200.0,EUR,Gebraucht,Gewerblich,2026-05-03,3. Mai 2026,1,5.0,0,0,,"uhrenfachzentrum 99,6% positiv (1.645)",https://www.ebay.de/itm/198293420941,ebay_sold_p10.html
326690686999,Rolex cal. 3135. 421  Anker /Pallet fork  Neu,80.0,EUR,Neu,Privat,2026-05-03,3. Mai 2026,1,20.0,0,0,"Sofort-Kaufen +EUR 20,00 Lieferung  Dänemark Ähnliche aktive Angebote ansehen Solch einen Artikel verkaufen",misser10 100% positiv (477),https://www.ebay.de/itm/326690686999,ebay_sold_p10.html
197947992416,Rolex Cal.3135 Ref.421 Ersatzteil,60.0,EUR,Neu (Sonstige),Gewerblich,2026-05-03,3. Mai 2026,1,18.0,0,0,"Sofort-Kaufen +EUR 18,00 Lieferung  Italien Ähnliche aktive Angebote ansehen Solch einen Artikel verkaufen",combattiamolacrisi 100% positiv (8.907),https://www.ebay.de/itm/197947992416,ebay_sold_p10.html
227199255738,ROLEX ORIGINAL N101 KUNSTSTOFF LÜNETTENSCHUTZ,20.0,EUR,Gebraucht,Privat,2026-05-03,3. Mai 2026,1,7.0,0,1,"Preisvorschlag akzeptiert +EUR 7,00 Lieferung  Frankreich Ähnliche aktive Angebote ansehen Solch einen Artikel verkaufen",chelema 100% positiv (171),https://www.ebay.de/itm/227199255738,ebay_sold_p10.html
377143069910,"Rolex Sammler-Set: Hardcover Buch 22/23, Magazin #11, Preisliste",1.0,EUR,Gebraucht,Privat,2026-05-03,3. Mai 2026,1,1.0,0,0,,ja_430145 50% positiv (0),https://www.ebay.de/itm/377143069910,ebay_sold_p10.html
127815339766,"Rolex original Datjust 36 Zifferblatt für z.B. Ref. 116263, 116264",110.0,EUR,Gebraucht,Privat,2026-05-03,3. Mai 2026,1,3.0,0,0,,handicap7 100% positiv (1.868),https://www.ebay.de/itm/127815339766,ebay_sold_p10.html
127815349857,"Rolex original Datjust 31 Zifferblatt für z.B. Ref. 68278, 68273",98.0,EUR,Gebraucht,Privat,2026-05-03,3. Mai 2026,1,4.0,0,0,,handicap7 100% positiv (1.868),https://www.ebay.de/itm/127815349857,ebay_sold_p10.html
127815351839,"Rolex original Datjust 31 Zifferblatt für z.B. Ref. 68278, 68273",89.0,EUR,Gebraucht,Privat,2026-05-03,3. Mai 2026,1,1.0,0,0,,handicap7 100% positiv (1.868),https://www.ebay.de/itm/127815351839,ebay_sold_p10.html
277932032686,Original ROLEX Lünetten Inlay f. GMT Master 16760,149.0,EUR,Gebraucht,Privat,2026-05-03,3. Mai 2026,1,2.0,0,0,,flieger.horst 100% positiv (395),https://www.ebay.de/itm/277932032686,ebay_sold_p10.html
126598951238,ROLEX CASE Oyster Perpetual 5520 34mm 1570 STEEL Gehäuse Stahl Air King GOLD,319.0,EUR,Gebraucht,Gewerblich,2026-05-03,3. Mai 2026,1,6.9,0,1,,almawatches 100% positiv (3.677),https://www.ebay.de/itm/126598951238,ebay_sold_p10.html
365218850589,ROLEX OYSTER ARMBAND STAHL/GOLD ERSATZGLIED GLIED LINK 13MM,249.0,EUR,Gebraucht,Gewerblich,2026-05-03,3. Mai 2026,1,0.0,1,0,,"luxus-freund24 99,5% positiv (41.881)",https://www.ebay.de/itm/365218850589,ebay_sold_p10.html
306915968576,Rolex MK4 Bakelit Lünette für Daytona Modell Ref 6263 | 6240 | 6241 | 6264,500.0,EUR,Gebraucht,Privat,2026-05-03,3. Mai 2026,1,15.0,0,0,"Sofort-Kaufen +EUR 15,00 Lieferung  Frankreich Ähnliche aktive Angebote ansehen Solch einen Artikel verkaufen","aurelieconigli0 89,7% positiv (89)",https://www.ebay.de/itm/306915968576,ebay_sold_p10.html
116905712729,"Rolex Taschenmesser neu Pocketknife, OVP silber, braun, mit Box",205.0,EUR,Neu,Privat,2026-05-03,3. Mai 2026,1,6.19,0,1,,moneykid95 100% positiv (163),https://www.ebay.de/itm/116905712729,ebay_sold_p10.html
206199945987,👑Original Rolex Krone~B24-603-0-G1~Crown 👑,120.0,EUR,Neu (Sonstige),Privat,2026-05-03,3. Mai 2026,1,15.0,0,1,"Preisvorschlag akzeptiert +EUR 15,00 Lieferung  Italien Ähnliche aktive Angebote ansehen Solch einen Artikel verkaufen",mixcollectibles63 100% positiv (217),https://www.ebay.de/itm/206199945987,ebay_sold_p10.html
397307397158,Große Tasche Rolex Original Papiertasche Shopping Bag grün Geschenk Umschlag,40.0,EUR,Neu (Sonstige),Privat,2026-05-03,3. Mai 2026,1,25.0,0,1,"oder Preisvorschlag +EUR 25,00 Lieferung  Italien Ähnliche aktive Angebote ansehen Solch einen Artikel verkaufen","dacampo 92,9% positiv (48)",https://www.ebay.de/itm/397307397158,ebay_sold_p10.html
226886980449,Echte Deadstock ROLEX Cellini Moonpha Datumseinstell Brosche,1200.0,EUR,Neu,Privat,2026-05-03,3. Mai 2026,1,0.0,1,1,Preisvorschlag akzeptiert Gratis Lieferung  Frankreich Ähnliche aktive Angebote ansehen Solch einen Artikel verkaufen,barcelone9 100% positiv (51),https://www.ebay.de/itm/226886980449,ebay_sold_p10.html
185387060414,ROLEX 3135-9633 NOCKENWIPPSTEIN KOMPATIBEL SWISS MADE,23.0,EUR,Gebraucht,Gewerblich,2026-05-03,3. Mai 2026,1,13.0,0,0,"Sofort-Kaufen +EUR 13,00 Lieferung  Italien Ähnliche aktive Angebote ansehen Solch einen Artikel verkaufen","watchparts-italy 99,5% positiv (3.454)",https://www.ebay.de/itm/185387060414,ebay_sold_p10.html
326737588266,Rolex Rare Stick Dial x 16710 and V410-16710-80 hands set newoldstock condition,3500.0,EUR,Gebraucht,Gewerblich,2026-05-03,3. Mai 2026,1,50.0,0,1,"Preisvorschlag akzeptiert +EUR 50,00 Lieferung  Italien Ähnliche aktive Angebote ansehen Solch einen Artikel verkaufen",silverwingnico 100% positiv (1.516),https://www.ebay.de/itm/326737588266,ebay_sold_p10.html
389924140293,rolex datejust zifferblatt 36,149.0,EUR,Neu (Sonstige),Privat,2026-05-03,3. Mai 2026,1,24.0,0,1,"Preisvorschlag akzeptiert +EUR 24,00 Lieferung  Italien Ähnliche aktive Angebote ansehen Solch einen Artikel verkaufen",alcme15 100% positiv (21),https://www.ebay.de/itm/389924140293,ebay_sold_p10.html
225906460795,ENG 1.1998 Rolex Datejust Libretto Booklet Originale,15.0,EUR,Neu (Sonstige),Privat,2026-05-02,2. Mai 2026,1,20.0,0,0,"Sofort-Kaufen +EUR 20,00 Lieferung  Italien Ähnliche aktive Angebote ansehen Solch einen Artikel verkaufen",watchbox70 100% positiv (190),https://www.ebay.de/itm/225906460795,ebay_sold_p10.html
406840582487,NEU Rolex 24-605-0 Stahl Krone Datejust Explorer 124300 124270 126200 126300,149.0,EUR,Neu,Privat,2026-05-02,2. Mai 2026,1,20.0,0,0,"Sofort-Kaufen +EUR 20,00 Lieferung  Italien Ähnliche aktive Angebote ansehen Solch einen Artikel verkaufen","luxuryreplacementparts 96,4% positiv (64)",https://www.ebay.de/itm/406840582487,ebay_sold_p10.html
257474875855,"ROLEX Datejust Uhr Werbung bzw Reklame, Bernhard Langer",1.0,EUR,Gebraucht,Privat,2026-05-02,2. Mai 2026,1,1.0,0,0,,basisto 100% positiv (796),https://www.ebay.de/itm/257474875855,ebay_sold_p10.html
205327489170,Rolex Date Dial Black Not Perfect 15203 15233 15003,299.0,EUR,Gebraucht,Gewerblich,2026-05-02,2. Mai 2026,1,29.0,0,1,"oder Preisvorschlag +EUR 29,00 Lieferung  Italien Ähnliche aktive Angebote ansehen Solch einen Artikel verkaufen",watchmydial 100% positiv (460),https://www.ebay.de/itm/205327489170,ebay_sold_p10.html
406856389719,Rolex 25-7000 - J1 CrystalDaytona 16520 116520 116500 126500 - Original,249.0,EUR,Neu,Privat,2026-05-02,2. Mai 2026,1,20.0,0,1,"oder Preisvorschlag +EUR 20,00 Lieferung  Italien Ähnliche aktive Angebote ansehen Solch einen Artikel verkaufen","luxuryreplacementparts 96,4% positiv (64)",https://www.ebay.de/itm/406856389719,ebay_sold_p10.html
277704859041,NEW Rolex 3135-201 Welle Ladekrone / Schaft Neu im Blister,48.0,EUR,Neu,Gewerblich,2026-05-02,2. Mai 2026,1,25.0,0,0,"Sofort-Kaufen +EUR 25,00 Lieferung  Italien Letzter Artikel Ähnliche aktive Angebote ansehen Solch einen Artikel verkaufen",millerighetime_by_arriwatch 100% positiv (913),https://www.ebay.de/itm/277704859041,ebay_sold_p10.html
255317872883,Uhren Öffner Werkzeug Rolex Reparaturwerkzeuge Uhrenwerkzeug Key Repair Tool Set,17.99,EUR,Neu,Gewerblich,2026-05-02,2. Mai 2026,1,0.0,1,1,,tomgomall 100% positiv (3.941),https://www.ebay.de/itm/255317872883,ebay_sold_p10.html
205327489275,Rolex Explorer 1 36mm schwarzes Zifferblatt Vintage 14270 Tropical,449.0,EUR,Gebraucht,Gewerblich,2026-05-02,2. Mai 2026,1,29.0,0,1,"oder Preisvorschlag +EUR 29,00 Lieferung  Italien Ähnliche aktive Angebote ansehen Solch einen Artikel verkaufen",watchmydial 100% positiv (460),https://www.ebay.de/itm/205327489275,ebay_sold_p10.html
287243001314,Rolex Zifferblatt 116610lv Hulk,180.0,EUR,Gebraucht,Privat,2026-05-02,2. Mai 2026,1,25.0,0,1,"Preisvorschlag akzeptiert +EUR 25,00 Lieferung  Italien Ähnliche aktive Angebote ansehen Solch einen Artikel verkaufen",ansett-19 100% positiv (28),https://www.ebay.de/itm/287243001314,ebay_sold_p10.html
157790232436,Set Hand Rolex Gmt 1675 NOS Tritium Vanille,700.0,EUR,Neu,Privat,2026-05-02,2. Mai 2026,1,40.0,0,0,"Sofort-Kaufen +EUR 40,00 Lieferung  Tunesien Ähnliche aktive Angebote ansehen Solch einen Artikel verkaufen",hechouche 100% positiv (49),https://www.ebay.de/itm/157790232436,ebay_sold_p10.html
311592609296,Saphirglas passend Rolex Midsize Datejust 68000 68240 68273 78273 168622 31mm,26.01,EUR,Neu,Gewerblich,2026-05-02,2. Mai 2026,1,13.32,0,0,"Sofort-Kaufen +EUR 13,32 Lieferung  Vereinigte Staaten von Amerika Ähnliche aktive Angebote ansehen Solch einen Artikel verkaufen","watchpartusa 99,8% positiv (44.143)",https://www.ebay.de/itm/311592609296,ebay_sold_p10.html
298081028247,Rolex Submariner Daytona Crown Gold 18k Solid (GENUINE/ORIGINAL) 116613 116523,200.0,EUR,Gebraucht,Privat,2026-05-02,2. Mai 2026,1,35.0,0,1,"oder Preisvorschlag +EUR 35,00 Lieferung  Spanien Ähnliche aktive Angebote ansehen Solch einen Artikel verkaufen","arni.10 95,5% positiv (78)",https://www.ebay.de/itm/298081028247,ebay_sold_p10.html
389769829418,Rolex 15000 Oyster Perpetual Date Garantie Zertifikat,70.0,EUR,Gebraucht,Privat,2026-05-02,2. Mai 2026,1,15.0,0,1,"Preisvorschlag akzeptiert +EUR 15,00 Lieferung  Italien Ähnliche aktive Angebote ansehen Solch einen Artikel verkaufen",lume-8042 100% positiv (57),https://www.ebay.de/itm/389769829418,ebay_sold_p10.html
397900769530,"Original Rolex Ziffernblatt 27,8 mm für z.B. Datejust, silberfarben",100.0,EUR,Gebraucht,Privat,2026-05-02,2. Mai 2026,1,3.65,0,1,,"habenhaben44 96,8% positiv (29)",https://www.ebay.de/itm/397900769530,ebay_sold_p10.html
389932157955,Rolex Datejust 1600 1601 1603 Zifferblatt Farbe Grün,139.0,EUR,Neu (Sonstige),Privat,2026-05-01,1. Mai 2026,1,18.0,0,1,"oder Preisvorschlag +EUR 18,00 Lieferung  Italien Ähnliche aktive Angebote ansehen Solch einen Artikel verkaufen",alcme15 100% positiv (21),https://www.ebay.de/itm/389932157955,ebay_sold_p10.html
388041644570,"GMT compatible bis 11 Arabish  Aluminium Uhr Lünette Inlay Bezel Inset 38-30,6mm",12.0,EUR,Neu (Sonstige),Gewerblich,2026-05-01,1. Mai 2026,1,3.5,0,0,,"sekowatchworld 99,1% positiv (1.120)",https://www.ebay.de/itm/388041644570,ebay_sold_p10.html
335581181066,SCHWINGENACHSE FÜR ROLEX UHR 101/2 A - 18/12 ALT - HÖHE 344,16.9,EUR,Neu (Sonstige),Gewerblich,2026-05-01,1. Mai 2026,1,7.95,0,0,"Sofort-Kaufen +EUR 7,95 Lieferung  Frankreich Ähnliche aktive Angebote ansehen Solch einen Artikel verkaufen","fournitures-horlogerie 99,9% positiv (37.398)",https://www.ebay.de/itm/335581181066,ebay_sold_p10.html
298035572265,Rolex Date Case komplett / Zifferblatt / Zeiger 1501 Originalteile,700.0,EUR,Neu,Privat,2026-05-01,1. Mai 2026,1,50.0,0,1,"oder Preisvorschlag +EUR 50,00 Lieferung  Italien Ähnliche aktive Angebote ansehen Solch einen Artikel verkaufen",francescomtta 100% positiv (300),https://www.ebay.de/itm/298035572265,ebay_sold_p10.html
366371073611,Cadran Rolex Oyster Perpetual Datejust Vintage,40.5,EUR,Gebraucht,Gewerblich,2026-05-01,1. Mai 2026,1,7.0,0,0,"7 Gebote +EUR 9,99 Lieferung  Frankreich Ähnliche aktive Angebote ansehen Solch einen Artikel verkaufen",apheafr 0% positiv (0),https://www.ebay.de/itm/366371073611,ebay_sold_p10.html
257472671393,Rolex Datejust Zifferblatt,200.0,EUR,Gebraucht,Privat,2026-05-01,1. Mai 2026,1,1.0,0,0,"1 Gebot +EUR 20,00 Lieferung  Italien Ähnliche aktive Angebote ansehen Solch einen Artikel verkaufen",proietti1444 100% positiv (108),https://www.ebay.de/itm/257472671393,ebay_sold_p10.html
406648812326,"Uhrmacher-Werkzeugset, Geh?use?ffner f??r Rolex-Uhren, geriffelter Geh?useboden",16.78,EUR,Neu,Gewerblich,2026-05-01,1. Mai 2026,1,0.0,1,0,,"goodstudyup 99,1% positiv (399)",https://www.ebay.de/itm/406648812326,ebay_sold_p10.html
257477773080,Rolex Oyster Booklet Rolex Oyster,20.0,EUR,Gebraucht,Privat,2026-05-01,1. Mai 2026,1,1.0,0,1,"1 Gebot Preisvorschlag akzeptiert +EUR 60,00 Lieferung  Italien Ähnliche aktive Angebote ansehen Solch einen Artikel verkaufen","doriana.62 95,5% positiv (536)",https://www.ebay.de/itm/257477773080,ebay_sold_p10.html
187954651772,2 Endglieder 20 mm für Rolex Oyster Stahlarmband kompatibel zu GMT,59.95,EUR,Neu,Gewerblich,2026-05-01,1. Mai 2026,1,0.0,1,0,,watchparts24 100% positiv (71.339),https://www.ebay.de/itm/187954651772,ebay_sold_p10.html
366252820644,Rolex Booklet Uhr Übersetzung Internationale Garantie Booklet Watch 565.01,24.9,EUR,Gebraucht,Privat,2026-05-01,1. Mai 2026,1,9.9,0,1,"oder Preisvorschlag +EUR 9,90 Lieferung  Italien Ähnliche aktive Angebote ansehen Solch einen Artikel verkaufen",collezionaretuttovintage 100% positiv (628),https://www.ebay.de/itm/366252820644,ebay_sold_p10.html
226897812264,Rolex Submariner 16613 BLAU Garantie Garantie Garantie,270.0,EUR,Neu (Sonstige),Privat,2026-05-01,1. Mai 2026,1,20.0,0,0,"Sofort-Kaufen +EUR 20,00 Lieferung  Italien Ähnliche aktive Angebote ansehen Solch einen Artikel verkaufen",watchbox70 100% positiv (190),https://www.ebay.de/itm/226897812264,ebay_sold_p10.html
276184062505,Rolex Sapphire Crystal 25- 295/3- C1 Saphirglas LOGO Submariner 114060,78.0,EUR,TOP QUALITÄT - MIT LOGO,,2026-05-01,1. Mai 2026,1,25.0,0,0,"Sofort-Kaufen +EUR 25,00 Lieferung  Italien Ähnliche aktive Angebote ansehen Solch einen Artikel verkaufen",millerighetime_by_arriwatch 100% positiv (913),https://www.ebay.de/itm/276184062505,ebay_sold_p10.html
206224277449,Rolex Daytona Uhrenzubehörheft 2000,40.0,EUR,Gebraucht,Privat,2026-05-01,1. Mai 2026,1,15.0,0,1,"oder Preisvorschlag +EUR 15,00 Lieferung  Italien Ähnliche aktive Angebote ansehen Solch einen Artikel verkaufen",goodeal399 100% positiv (239),https://www.ebay.de/itm/206224277449,ebay_sold_p10.html
404147811732,"ONE New Original Rolex 3030-95019-2 In-Setting, Upper and lower.",25.0,EUR,Neu,Gewerblich,2026-05-01,1. Mai 2026,1,20.0,0,0,"Sofort-Kaufen +EUR 20,00 Lieferung  Spanien Letzter Artikel Ähnliche aktive Angebote ansehen Solch einen Artikel verkaufen","17jewelswatches 97,1% positiv (256)",https://www.ebay.de/itm/404147811732,ebay_sold_p10.html
205327490715,Rolex GMT Master gebraucht Kokseinsatz für 16700 16710 16760,389.0,EUR,Gebraucht,Gewerblich,2026-05-01,1. Mai 2026,1,29.0,0,1,"oder Preisvorschlag +EUR 29,00 Lieferung  Italien Ähnliche aktive Angebote ansehen Solch einen Artikel verkaufen",watchmydial 100% positiv (460),https://www.ebay.de/itm/205327490715,ebay_sold_p10.html
354246836643,COPRI GHIERA ROLEX - Plastic bezel protection. Submariner ref.124060,34.41,EUR,Neu (Sonstige),Privat,2026-05-01,1. Mai 2026,1,20.0,0,1,"oder Preisvorschlag +EUR 20,00 Lieferung  Italien Ähnliche aktive Angebote ansehen Solch einen Artikel verkaufen",giustrop-78 100% positiv (43),https://www.ebay.de/itm/354246836643,ebay_sold_p10.html
277704766404,NEU Rolex 3035-55005 Schraube für Unruhbrücke/Gerätekäfig X1pc,18.0,EUR,Neu,Gewerblich,2026-05-01,1. Mai 2026,1,25.0,0,0,"Sofort-Kaufen +EUR 25,00 Lieferung  Italien Ähnliche aktive Angebote ansehen Solch einen Artikel verkaufen",millerighetime_by_arriwatch 100% positiv (913),https://www.ebay.de/itm/277704766404,ebay_sold_p10.html
196947076609,Rolex Cal.2230 Ref.570-1 Diam.19.65,115.0,EUR,Neu (Sonstige),Gewerblich,2026-04-30,30. Apr 2026,1,18.0,0,0,"Sofort-Kaufen +EUR 18,00 Lieferung  Italien Ähnliche aktive Angebote ansehen Solch einen Artikel verkaufen",combattiamolacrisi 100% positiv (8.907),https://www.ebay.de/itm/196947076609,ebay_sold_p10.html
117164453584,GENERIC Einsatz schwarz-rot 315-16760-7 für ROLEX GMT-Master 16710 Coke (NEU),30.0,EUR,Neu,Gewerblich,2026-04-30,30. Apr 2026,1,19.0,0,0,"Sofort-Kaufen +EUR 19,00 Lieferung  Italien Ähnliche aktive Angebote ansehen Solch einen Artikel verkaufen","fornitura_boccacci 99,9% positiv (4.089)",https://www.ebay.de/itm/117164453584,ebay_sold_p10.html
127638399363,Rolex Oyster Buckle Clasp Daytona Submariner GMT 78360 AD10 (2003),350.0,EUR,Gebraucht,Privat,2026-04-30,30. Apr 2026,1,30.0,0,1,"Preisvorschlag akzeptiert +EUR 30,00 Lieferung  Frankreich Ähnliche aktive Angebote ansehen Solch einen Artikel verkaufen","dblh35 97,3% positiv (226)",https://www.ebay.de/itm/127638399363,ebay_sold_p10.html
265712463686,Rolex Submariner Booklet Set 5 Teilig  - englisch von 3-1991 -,195.0,EUR,Gebraucht,Gewerblich,2026-04-30,30. Apr 2026,1,0.0,1,1,,blackpen4810 100% positiv (9.414),https://www.ebay.de/itm/265712463686,ebay_sold_p10.html
163782070993,O-Ring Bodendichtung für Rolex 29-310-8 Gasket Case Back 14270 16200 18238,4.0,EUR,Neu,Gewerblich,2026-04-30,30. Apr 2026,1,13.5,0,0,"Sofort-Kaufen +EUR 13,50 Lieferung  Italien Ähnliche aktive Angebote ansehen Solch einen Artikel verkaufen","sabaec 99,9% positiv (22.965)",https://www.ebay.de/itm/163782070993,ebay_sold_p11.html
227323169099,Rolex Set 1998 U.S.A.,130.0,EUR,Gebraucht,Privat,2026-04-30,30. Apr 2026,1,20.0,0,0,"Sofort-Kaufen +EUR 20,00 Lieferung  Italien Ähnliche aktive Angebote ansehen Solch einen Artikel verkaufen",watchbox70 100% positiv (190),https://www.ebay.de/itm/227323169099,ebay_sold_p11.html
166018802421,Saphirglas für 25-295-3 Rolex Sapphire Glass Submariner 114060 Alternative,39.9,EUR,Neu,Gewerblich,2026-04-30,30. Apr 2026,1,13.5,0,0,"Sofort-Kaufen +EUR 13,50 Lieferung  Italien Letzter Artikel Ähnliche aktive Angebote ansehen Solch einen Artikel verkaufen","sabaec 99,9% positiv (22.965)",https://www.ebay.de/itm/166018802421,ebay_sold_p11.html
389941158229,ORIGINAL ROLEX 1500 1501 GEHÄUSE CASE  OYSTER PERPETUAL DATE aus 1969 - 70,100.0,EUR,Gebraucht,Privat,2026-04-30,30. Apr 2026,1,1.0,0,1,,vintagerlx 100% positiv (70),https://www.ebay.de/itm/389941158229,ebay_sold_p11.html
206022669108,Rolex cal.2030/2035 ref.4444,46.0,EUR,Gebraucht,Gewerblich,2026-04-30,30. Apr 2026,1,18.0,0,0,"Sofort-Kaufen +EUR 18,00 Lieferung  Italien Ähnliche aktive Angebote ansehen Solch einen Artikel verkaufen",combattiamolacrisi 100% positiv (8.907),https://www.ebay.de/itm/206022669108,ebay_sold_p11.html
137250587599,"Rolex Chronographenzifferblatt 32 mm, gebraucht",5.5,EUR,Gebraucht,Privat,2026-04-30,30. Apr 2026,1,2.0,0,0,,krzysztokopick_0 100% positiv (211),https://www.ebay.de/itm/137250587599,ebay_sold_p11.html
287256724190,Rolex GMT Master 16750 Box mit Sticker  Box Referenz  11.00.01 Top! RAR Original,229.0,EUR,Gebraucht,Privat,2026-04-30,30. Apr 2026,1,6.0,0,1,,tictac01 100% positiv (818),https://www.ebay.de/itm/287256724190,ebay_sold_p11.html
375094344399,"Rolex 23-9290 Federstange Spring Bar Pin, 20mm Original",24.99,EUR,Gebraucht,Gewerblich,2026-04-26,26. Apr 2026,1,12.5,0,0,"Sofort-Kaufen +EUR 12,50 Lieferung  Italien Ähnliche aktive Angebote ansehen Solch einen Artikel verkaufen",only_quality_stuff 100% positiv (1.700),https://www.ebay.de/itm/375094344399,ebay_sold_p11.html
376128150401,Rolex Explorer II Lünette - Lünette Stahl Steel Bezel 16550 | 16570 Original,299.0,EUR,Gebraucht,Gewerblich,2026-04-21,21. Apr 2026,1,12.5,0,0,"Sofort-Kaufen +EUR 12,50 Lieferung  Italien Ähnliche aktive Angebote ansehen Solch einen Artikel verkaufen",only_quality_stuff 100% positiv (1.700),https://www.ebay.de/itm/376128150401,ebay_sold_p11.html
377014052667,Rolex 24-600-0 Stahl Krone Stahl 6mm Datejust Daytona NOS Original,179.0,EUR,Neu (Sonstige),Gewerblich,2026-04-26,26. Apr 2026,1,12.5,0,1,"oder Preisvorschlag +EUR 12,50 Lieferung  Italien Ähnliche aktive Angebote ansehen Solch einen Artikel verkaufen",only_quality_stuff 100% positiv (1.700),https://www.ebay.de/itm/377014052667,ebay_sold_p11.html
374680729613,Rolex 3135-633 Yoka For Cam Ersatzteil 3130 Original,39.99,EUR,Gebraucht,Gewerblich,2026-04-25,25. Apr 2026,1,12.5,0,1,"oder Preisvorschlag +EUR 12,50 Lieferung  Italien Ähnliche aktive Angebote ansehen Solch einen Artikel verkaufen",only_quality_stuff 100% positiv (1.700),https://www.ebay.de/itm/374680729613,ebay_sold_p11.html
376954280631,Rolex Sea-Dweller 315-16660 | 16600 Insert Schwarz Black Insert Luminova Original,320.0,EUR,Gebraucht,Gewerblich,2026-04-24,24. Apr 2026,1,12.5,0,0,"Sofort-Kaufen +EUR 12,50 Lieferung  Italien Ähnliche aktive Angebote ansehen Solch einen Artikel verkaufen",only_quality_stuff 100% positiv (1.700),https://www.ebay.de/itm/376954280631,ebay_sold_p11.html
374066989592,"Rolex 23-9270 Federstange Spring Bar Pin, 17mm Original",15.0,EUR,Gebraucht,Gewerblich,2026-04-20,20. Apr 2026,1,12.5,0,1,"oder Preisvorschlag +EUR 12,50 Lieferung  Italien Ähnliche aktive Angebote ansehen Solch einen Artikel verkaufen",only_quality_stuff 100% positiv (1.700),https://www.ebay.de/itm/374066989592,ebay_sold_p11.html
377029150097,Rolex 24-600-0 Krone Stahl Steel Crown 6mm Datejust Daytona #3 Original,95.0,EUR,Gebraucht,Gewerblich,2026-04-14,14. Apr 2026,1,12.5,0,0,"Sofort-Kaufen +EUR 12,50 Lieferung  Italien Ähnliche aktive Angebote ansehen Solch einen Artikel verkaufen",only_quality_stuff 100% positiv (1.700),https://www.ebay.de/itm/377029150097,ebay_sold_p11.html
375492885528,Rolex 25-7035 Saphirglas Sapphire Glass GMT-Master 116710 Sub 16610 Original,499.0,EUR,Neu,Gewerblich,2026-04-28,28. Apr 2026,1,16.0,0,1,"oder Preisvorschlag +EUR 16,00 Lieferung  Italien Ähnliche aktive Angebote ansehen Solch einen Artikel verkaufen",only_quality_stuff 100% positiv (1.700),https://www.ebay.de/itm/375492885528,ebay_sold_p11.html
373621312670,Rolex 3135-360 Seconda Ruota Second Wheel Ricambi Originale,45.0,EUR,Gebraucht,Gewerblich,2026-04-27,27. Apr 2026,1,12.5,0,1,"oder Preisvorschlag +EUR 12,50 Lieferung  Italien Ähnliche aktive Angebote ansehen Solch einen Artikel verkaufen",only_quality_stuff 100% positiv (1.700),https://www.ebay.de/itm/373621312670,ebay_sold_p11.html
375324935775,Rolex 1520 1570 1530-7912 Ruota Inversione Reversing Wheel in Blister Originale,129.0,EUR,Neu,Gewerblich,2026-04-16,16. Apr 2026,1,12.5,0,1,"oder Preisvorschlag +EUR 12,50 Lieferung  Italien Ähnliche aktive Angebote ansehen Solch einen Artikel verkaufen",only_quality_stuff 100% positiv (1.700),https://www.ebay.de/itm/375324935775,ebay_sold_p11.html
376887116414,Rolex 315-16760 | 16700 | 16710 Coke Insert Insert GMT Fat Lady Original,590.0,EUR,Neu,Gewerblich,2026-04-15,15. Apr 2026,1,16.0,0,1,"oder Preisvorschlag +EUR 16,00 Lieferung  Italien Letzter Artikel Ähnliche aktive Angebote ansehen Solch einen Artikel verkaufen",only_quality_stuff 100% positiv (1.700),https://www.ebay.de/itm/376887116414,ebay_sold_p11.html
377070862088,"Rolex 24-530-8 Gold Krone Gold Crown 5,3mm Lady, Oyster, GMT, NOS Original",249.0,EUR,Neu (Sonstige),Gewerblich,2026-04-23,23. Apr 2026,1,12.5,0,1,"Preisvorschlag akzeptiert +EUR 12,50 Lieferung  Italien Ähnliche aktive Angebote ansehen Solch einen Artikel verkaufen",only_quality_stuff 100% positiv (1.700),https://www.ebay.de/itm/377070862088,ebay_sold_p11.html
155421883719,"Rolex 4130 Train Wheel Bridge, part 110, Rolex 4130-110",119.0,EUR,Gebraucht,Gewerblich,2026-04-30,30. Apr 2026,1,4.9,0,1,,pacardt 100% positiv (4.883),https://www.ebay.de/itm/155421883719,ebay_sold_p11.html
264918259021,Rolex Original Kaliber 4130-193,85.0,EUR,Neu (Sonstige),Privat,2026-04-30,30. Apr 2026,1,25.0,0,0,"Sofort-Kaufen +EUR 25,00 Lieferung  Italien Ähnliche aktive Angebote ansehen Solch einen Artikel verkaufen",pasquale9359 100% positiv (123),https://www.ebay.de/itm/264918259021,ebay_sold_p11.html
227271156902,New Genuine Rolex Tropic B25 19 J1 Plexiglass Crystal Submariner 5512 5513 1016,40.0,EUR,Gebraucht,Privat,2026-04-30,30. Apr 2026,1,30.0,0,0,"Sofort-Kaufen +EUR 30,00 Lieferung  Frankreich Ähnliche aktive Angebote ansehen Solch einen Artikel verkaufen",artinwatchesuk 100% positiv (83),https://www.ebay.de/itm/227271156902,ebay_sold_p11.html
196403878159,Rolex Katalog 2015-2016 Italienisch N.O.S.,14.0,EUR,Neu (Sonstige),Gewerblich,2026-04-30,30. Apr 2026,1,12.0,0,1,"oder Preisvorschlag +EUR 12,00 Lieferung  Italien Letzter Artikel Ähnliche aktive Angebote ansehen Solch einen Artikel verkaufen","sebi_1611 99,8% positiv (1.567)",https://www.ebay.de/itm/196403878159,ebay_sold_p11.html
136384157826,Lünette GMT Watch Uhr Bezel Pepsi Schwarz Rot Red Black 16750 16700 16710,29.0,EUR,Neu (Sonstige),Privat,2026-04-30,30. Apr 2026,1,9.0,0,1,"oder Preisvorschlag +EUR 9,00 Lieferung  Italien Ähnliche aktive Angebote ansehen Solch einen Artikel verkaufen",watches_and_more77 100% positiv (70),https://www.ebay.de/itm/136384157826,ebay_sold_p11.html
406314586291,"#1665 ORIG. ROLEX 15,4mm BANDGLIED OYSTER SUBMARINER 93150 93160 14060 16660",99.99,EUR,Gebraucht,Gewerblich,2026-04-30,30. Apr 2026,1,6.95,0,0,,state_of_time 100% positiv (3.803),https://www.ebay.de/itm/406314586291,ebay_sold_p11.html
326886575720,Vintage 90er Original Rolex Pepsi Lünetten Inlay blau-rot(apricot) 16700-16710,399.0,EUR,Gebraucht,Gewerblich,2026-04-30,30. Apr 2026,1,8.0,0,1,,ewgordner 100% positiv (671),https://www.ebay.de/itm/326886575720,ebay_sold_p11.html
358181955570,Rolex GMT Master Inlay Bezel Lünette 16700 16710 16760,235.7,EUR,Gebraucht,Gewerblich,2026-04-30,30. Apr 2026,1,6.19,0,1,,alvisto_watches_gmbh 100% positiv (13),https://www.ebay.de/itm/358181955570,ebay_sold_p11.html
277933253818,Rolex Vintage Leder Dokumentenmappe 50er Jahre Sehr RAR Ledermappe Ultra Selten,159.0,EUR,Gebraucht,Privat,2026-04-30,30. Apr 2026,1,6.19,0,1,,"olgare1987 95,5% positiv (178)",https://www.ebay.de/itm/277933253818,ebay_sold_p11.html
406891370243,Rolex Daytona 16528 Zenith Movement 1992 Perfect Condition Full Set Box &Paper,1.0,EUR,Neu (Sonstige),Privat,2026-04-30,30. Apr 2026,1,1.0,0,1,"oder Preisvorschlag +EUR 1,00 Lieferung  Italien Ähnliche aktive Angebote ansehen Solch einen Artikel verkaufen","all-trade 85,7% positiv (70)",https://www.ebay.de/itm/406891370243,ebay_sold_p11.html
126599032513,ROLEX BEZEL GENUINE Explorer II 16570 16550 TOP 40mm STEEL Lunette Stahl,329.0,EUR,Gebraucht,Gewerblich,2026-04-30,30. Apr 2026,1,5.9,0,1,,almawatches 100% positiv (3.677),https://www.ebay.de/itm/126599032513,ebay_sold_p11.html
136685765555,"Vintage Rolex Oyster Perpetual Date Cal. 3035 Watch Dial Original 26,90mm (14 )",40.0,EUR,Gebraucht,Gewerblich,2026-04-30,30. Apr 2026,1,5.0,0,1,,www-kimiatime-de 100% positiv (3.939),https://www.ebay.de/itm/136685765555,ebay_sold_p11.html
406840603430,NEU Rolex 24-704-0 Crown Submariner Daytona GMT 116610 116520 - Original,149.0,EUR,Neu,Privat,2026-04-30,30. Apr 2026,1,20.0,0,0,"Sofort-Kaufen +EUR 20,00 Lieferung  Italien Ähnliche aktive Angebote ansehen Solch einen Artikel verkaufen","luxuryreplacementparts 96,4% positiv (64)",https://www.ebay.de/itm/406840603430,ebay_sold_p11.html
174898256330,Rolex Golden Spring Bars Barra De Muelles Oro B23- 64208-F2,220.0,EUR,Neu,Privat,2026-04-30,30. Apr 2026,1,10.0,0,0,"Sofort-Kaufen +EUR 10,00 Lieferung  Spanien Ähnliche aktive Angebote ansehen Solch einen Artikel verkaufen",10belfast 100% positiv (302),https://www.ebay.de/itm/174898256330,ebay_sold_p11.html
168171438291,ROLEX Oyster Perpetual Submariner Date Booklet 1.2014 Deutsch,59.0,EUR,Neu (Sonstige),Gewerblich,2026-04-29,29. Apr 2026,1,0.0,1,0,,"eupen-feine-uhren 84,6% positiv (108)",https://www.ebay.de/itm/168171438291,ebay_sold_p11.html
358376780573,Rolex Date White Dial Gloss 15000/15200,190.0,EUR,Gebraucht,Gewerblich,2026-04-29,29. Apr 2026,1,19.0,0,1,,luxewatchesgermany 100% positiv (92),https://www.ebay.de/itm/358376780573,ebay_sold_p11.html
365258970757,Rolex Vintage 1930 Men's Wrist Watch Movement  Cal 6406 Balance Spring Ok,376.95,EUR,Gebraucht,Gewerblich,2026-04-29,29. Apr 2026,1,6.19,0,1,,vintage-uhren-laden 100% positiv (470),https://www.ebay.de/itm/365258970757,ebay_sold_p11.html
365258978360,Rolex Vintage 1930 Men's Wrist Watch Movement  Cal 5817 Balance Spring Ok,376.95,EUR,Gebraucht,Gewerblich,2026-04-29,29. Apr 2026,1,6.19,0,1,,vintage-uhren-laden 100% positiv (470),https://www.ebay.de/itm/365258978360,ebay_sold_p11.html
358413097586,Rolex Oysterdate Precision Gold Tritium Dial 6694/6482,299.0,EUR,Gebraucht,Gewerblich,2026-04-29,29. Apr 2026,1,19.0,0,1,,luxewatchesgermany 100% positiv (92),https://www.ebay.de/itm/358413097586,ebay_sold_p11.html
236787409859,"ROLEX OYSTER, Katalog mit Preisliste Mai 1998, neuwertig erhalten!",25.81,EUR,Neu (Sonstige),Privat,2026-04-29,29. Apr 2026,1,4.19,0,0,,netsok 100% positiv (3.501),https://www.ebay.de/itm/236787409859,ebay_sold_p11.html
326869351941,Rolex GMT Master II BATMAN 116710BLNR - Lünette / bezel / Keramik,1190.0,EUR,Gebraucht,Gewerblich,2026-04-29,29. Apr 2026,1,9.5,0,1,,prime-timeparts 100% positiv (254),https://www.ebay.de/itm/326869351941,ebay_sold_p11.html
366168510657,Uhren Öffner Werkzeug Rolex Reparaturwerkzeuge Uhrenwerkzeug Key Repair Tool Set,17.36,EUR,Neu,Gewerblich,2026-04-29,29. Apr 2026,1,0.0,1,0,,"ksuma-label 99,8% positiv (5.945)",https://www.ebay.de/itm/366168510657,ebay_sold_p11.html
205612041660,"Rolex DIAL ZIFFERNBLATT - GMT-II  GREEN GRÜN  116718,  116713,  NUR Ziffernblatt",675.0,EUR,Neu (Sonstige),Privat,2026-04-29,29. Apr 2026,1,19.5,0,0,"Sofort-Kaufen +EUR 19,50 Lieferung  Dänemark Ähnliche aktive Angebote ansehen Solch einen Artikel verkaufen",lassen922 100% positiv (1.150),https://www.ebay.de/itm/205612041660,ebay_sold_p11.html
116990204356,"ROLEX Stahlschließe 16,75 mm, defekt, für Teile (GEBRAUCHT)",99.0,EUR,Gebraucht,Gewerblich,2026-04-29,29. Apr 2026,1,19.0,0,0,"Sofort-Kaufen +EUR 19,00 Lieferung  Italien Ähnliche aktive Angebote ansehen Solch einen Artikel verkaufen","fornitura_boccacci 99,9% positiv (4.089)",https://www.ebay.de/itm/116990204356,ebay_sold_p11.html
182597430273,Spezial Federstege ohne Schulter 20 mm für Rolex Spezialdurchmesser 2 Stück,6.95,EUR,Neu,Gewerblich,2026-04-29,29. Apr 2026,1,0.0,1,0,,watchparts24 100% positiv (71.339),https://www.ebay.de/itm/182597430273,ebay_sold_p11.html
164200682513,Plexiglas für 25-30 Rolex Crystal Glass Uhrenglas Verre 6420 6549 6557 6744,8.9,EUR,Neu,Gewerblich,2026-04-29,29. Apr 2026,1,13.5,0,0,"Sofort-Kaufen +EUR 13,50 Lieferung  Italien Ähnliche aktive Angebote ansehen Solch einen Artikel verkaufen","sabaec 99,9% positiv (22.965)",https://www.ebay.de/itm/164200682513,ebay_sold_p11.html
366369252217,rolex submariner date 1680 case back genuine vintage-fondello funzionante orig.,490.0,EUR,Gebraucht,Privat,2026-04-29,29. Apr 2026,1,59.0,0,1,"Preisvorschlag akzeptiert +EUR 59,00 Lieferung  Italien Ähnliche aktive Angebote ansehen Solch einen Artikel verkaufen",mrkhs26 100% positiv (24),https://www.ebay.de/itm/366369252217,ebay_sold_p11.html
317945576758,Rolex Air-King Handbuch Anleitung booklet Englisch 557.02 Eng - 10.2016,74.0,EUR,Gebraucht,Gewerblich,2026-04-25,25. Apr 2026,1,0.0,1,1,,eBay Top-Service,https://www.ebay.de/itm/317945576758,ebay_sold_p11.html
406893038840,NEU Rolex 3230 3235-421 Palettengabel - Original,90.0,EUR,Neu,Privat,2026-04-29,29. Apr 2026,1,20.0,0,0,"Sofort-Kaufen +EUR 20,00 Lieferung  Italien Ähnliche aktive Angebote ansehen Solch einen Artikel verkaufen","luxuryreplacementparts 96,4% positiv (64)",https://www.ebay.de/itm/406893038840,ebay_sold_p11.html
277936431145,NEU Rolex 32-33419 Schlittenplatte Verschluss Submariner Original im Blister,168.0,EUR,Neu,Gewerblich,2026-04-29,29. Apr 2026,1,25.0,0,0,"Sofort-Kaufen +EUR 25,00 Lieferung  Italien Letzter Artikel Ähnliche aktive Angebote ansehen Solch einen Artikel verkaufen",millerighetime_by_arriwatch 100% positiv (913),https://www.ebay.de/itm/277936431145,ebay_sold_p11.html
317753306001,vintage Rolex Kalender / calendar 1978 in great condition / Top Zustand,129.0,EUR,Gebraucht,Privat,2026-04-29,29. Apr 2026,1,0.0,1,1,,timerun84 100% positiv (19),https://www.ebay.de/itm/317753306001,ebay_sold_p11.html
358314483851,Rolex 24-600-8 Corona in Oro Usata In Buone Condizioni Con Difetto In Foto,80.0,EUR,Gebraucht,Privat,2026-04-29,29. Apr 2026,1,15.0,0,1,"oder Preisvorschlag +EUR 15,00 Lieferung  Italien Ähnliche aktive Angebote ansehen Solch einen Artikel verkaufen",lorenzo1994994 100% positiv (12),https://www.ebay.de/itm/358314483851,ebay_sold_p11.html
317551495723,Rolex Tag Siegel Wachs grün,25.0,EUR,Gebraucht,Privat,2026-04-29,29. Apr 2026,1,34.0,0,1,"oder Preisvorschlag +EUR 34,00 Lieferung  Italien Ähnliche aktive Angebote ansehen Solch einen Artikel verkaufen","bianch_18 97,7% positiv (169)",https://www.ebay.de/itm/317551495723,ebay_sold_p11.html
206001169839,Genuine Rolex 1210 1215 7521 Escape Wheel (Z844),60.0,EUR,Neu (Sonstige),Gewerblich,2026-04-29,29. Apr 2026,1,5.0,0,0,,kian-werke 100% positiv (7.720),https://www.ebay.de/itm/206001169839,ebay_sold_p11.html
406692655490,Rolex Daytona plastic bezel protector N101,28.0,EUR,Gebraucht,Privat,2026-04-29,29. Apr 2026,1,10.0,0,0,"Sofort-Kaufen +EUR 10,00 Lieferung  Italien Ähnliche aktive Angebote ansehen Solch einen Artikel verkaufen",cla-fine*shop* 100% positiv (178),https://www.ebay.de/itm/406692655490,ebay_sold_p11.html
177890724394,Original Rolex Daytona Booklet Ausstattung Booklet 10-2014 Italienisch (neu-new),50.0,EUR,Neu,Privat,2026-04-29,29. Apr 2026,1,11.0,0,1,"oder Preisvorschlag +EUR 11,00 Lieferung  Italien Ähnliche aktive Angebote ansehen Solch einen Artikel verkaufen",clotildeone 100% positiv (279),https://www.ebay.de/itm/177890724394,ebay_sold_p11.html
227270012364,Rolex Sea-Dweller Dial Ref. 1665 + Zeiger,420.0,EUR,Gebraucht,Privat,2026-04-29,29. Apr 2026,1,35.0,0,1,"Preisvorschlag akzeptiert +EUR 35,00 Lieferung  Frankreich Ähnliche aktive Angebote ansehen Solch einen Artikel verkaufen",valmy01 100% positiv (178),https://www.ebay.de/itm/227270012364,ebay_sold_p11.html
168203713780,Rolex  1675  warranty  garantie  certificate  Original,750.0,EUR,Gebraucht,Privat,2026-04-29,29. Apr 2026,1,6.19,0,1,,aktuell2051 100% positiv (184),https://www.ebay.de/itm/168203713780,ebay_sold_p11.html
117004018904,GENERIC kompatibles gelbes Zeigerset für Rolex 1601 1603 1608 Kal. 1570 Ca...,30.0,EUR,Neu,Gewerblich,2026-04-29,29. Apr 2026,1,19.0,0,0,"Sofort-Kaufen +EUR 19,00 Lieferung  Italien Letzter Artikel Ähnliche aktive Angebote ansehen Solch einen Artikel verkaufen","fornitura_boccacci 99,9% positiv (4.089)",https://www.ebay.de/itm/117004018904,ebay_sold_p11.html
318220432140,Rolex Gehäuseboden Stahl 1680,200.0,EUR,Gebraucht,Privat,2026-04-29,29. Apr 2026,1,10.0,0,0,"Sofort-Kaufen +EUR 10,00 Lieferung  Frankreich Ähnliche aktive Angebote ansehen Solch einen Artikel verkaufen",youkor75 100% positiv (175),https://www.ebay.de/itm/318220432140,ebay_sold_p11.html
176714277001,Original ROLEX Dichtung für Gehäuseboden - verschiedene Größen,21.95,EUR,Neu,Gewerblich,2026-04-29,29. Apr 2026,1,0.0,1,0,,watchparts24 100% positiv (71.339),https://www.ebay.de/itm/176714277001,ebay_sold_p11.html
335118998505,Tag Rolex Come Da Foto,18.0,EUR,Gebraucht,Privat,2026-04-29,29. Apr 2026,1,8.0,0,0,"Sofort-Kaufen +EUR 8,00 Lieferung  Italien Ähnliche aktive Angebote ansehen Solch einen Artikel verkaufen",tuco1994 100% positiv (93),https://www.ebay.de/itm/335118998505,ebay_sold_p11.html
186679606663,PASSEND FÜR ROLEX DATEjust Saphirglas 25-295c Aftermarket Kristall 16200 16234,27.0,EUR,Neu,Gewerblich,2026-04-29,29. Apr 2026,1,13.0,0,0,"Sofort-Kaufen +EUR 13,00 Lieferung  Italien Ähnliche aktive Angebote ansehen Solch einen Artikel verkaufen","watchparts-italy 99,5% positiv (3.454)",https://www.ebay.de/itm/186679606663,ebay_sold_p11.html
184961575784,ROLEX 3030 3035 5064 OSZILLIERENDE MASSENACHSE KOMPATIBEL rotor axle swiss,30.0,EUR,Neu (Sonstige),Gewerblich,2026-04-28,28. Apr 2026,1,13.0,0,0,"Sofort-Kaufen +EUR 13,00 Lieferung  Italien Ähnliche aktive Angebote ansehen Solch einen Artikel verkaufen","watchparts-italy 99,5% positiv (3.454)",https://www.ebay.de/itm/184961575784,ebay_sold_p11.html
116941089680,"AUFZUGSFEDER FÜR OMEGA  CAL. 600-602, 610, 611 u. 613 PART No. 1208 ~NOS~",39.9,EUR,Neu (Sonstige),Gewerblich,2026-04-29,29. Apr 2026,1,0.0,1,0,,"horlogerie2012 99,8% positiv (11.438)",https://www.ebay.de/itm/116941089680,ebay_sold_p11.html
397834683743,ROLEX Hang Tag Siegel Rot 3 Crown Hologram Anhänger original,20.0,EUR,Gebraucht,Privat,2026-04-29,29. Apr 2026,1,5.0,0,0,,s2_823 100% positiv (392),https://www.ebay.de/itm/397834683743,ebay_sold_p11.html
406889916734,NEW Rolex GMT-Master II Set  Hands Set  116710LN - Genuine,299.0,EUR,Neu,Privat,2026-04-29,29. Apr 2026,1,20.0,0,0,"Sofort-Kaufen +EUR 20,00 Lieferung  Italien Ähnliche aktive Angebote ansehen Solch einen Artikel verkaufen","luxuryreplacementparts 96,4% positiv (64)",https://www.ebay.de/itm/406889916734,ebay_sold_p11.html
318032808730,Original Neu ROLEX Damen Datejust 69173 79173 Band 3 Glieder 10mm 62523D Jubilee,428.48,EUR,Gebraucht,Privat,2026-04-29,29. Apr 2026,1,0.0,1,0,Sofort-Kaufen Gratis Lieferung  Japan Ähnliche aktive Angebote ansehen Solch einen Artikel verkaufen,"j-style.lx 99,3% positiv (6.035)",https://www.ebay.de/itm/318032808730,ebay_sold_p11.html
336552957647,"Bergeon 5537 Uhrenöffner für Rolex Uhren, Gehäuseöffner Submariner Datejust GMT",138.0,EUR,Gebraucht,Privat,2026-04-29,29. Apr 2026,1,7.69,0,0,,"rapsuperstar 97,8% positiv (879)",https://www.ebay.de/itm/336552957647,ebay_sold_p11.html
358342111170,Rolex Oysterdate Precision Black Matte Tritium Dial 6694 34mm,660.0,EUR,Gebraucht,Gewerblich,2026-04-29,29. Apr 2026,1,0.0,1,1,,luxewatchesgermany 100% positiv (92),https://www.ebay.de/itm/358342111170,ebay_sold_p11.html
236770716067,LIBRO ROLEX SUBMARINER EDIZIONE MONDANI,168.0,EUR,Neu (Sonstige),Privat,2026-04-29,29. Apr 2026,1,15.0,0,0,"15 Gebote +EUR 25,00 Lieferung  Italien Ähnliche aktive Angebote ansehen Solch einen Artikel verkaufen","filipporeda21757 77,8% positiv (1.624)",https://www.ebay.de/itm/236770716067,ebay_sold_p11.html
389949400108,Armbanduhrwerk Rolex Cal. 1210,300.0,EUR,Gebraucht,Privat,2026-04-28,28. Apr 2026,1,1.0,0,1,,jens023 100% positiv (2.033),https://www.ebay.de/itm/389949400108,ebay_sold_p11.html
164313733342,Dichtungen komplett Kit Gaskets for Rolex Daytona 16518 16520 16523 16528,17.9,EUR,Neu,Gewerblich,2026-04-28,28. Apr 2026,1,13.5,0,0,"Sofort-Kaufen +EUR 13,50 Lieferung  Italien Ähnliche aktive Angebote ansehen Solch einen Artikel verkaufen","sabaec 99,9% positiv (22.965)",https://www.ebay.de/itm/164313733342,ebay_sold_p11.html
147282350793,Lünette Aluminium Einsatz Gmt 1675 16710,12.0,EUR,Neu (Sonstige),Privat,2026-04-28,28. Apr 2026,1,6.0,0,0,"Sofort-Kaufen +EUR 6,00 Lieferung  Italien Ähnliche aktive Angebote ansehen Solch einen Artikel verkaufen",erreorologi-accessori-ricambi 100% positiv (36),https://www.ebay.de/itm/147282350793,ebay_sold_p11.html
267651823783,Rolex Zifferblatt Dial 6263 Daytona 726 722,300.0,EUR,Gebraucht,Privat,2026-04-28,28. Apr 2026,1,1.0,0,1,"1 Gebot Preisvorschlag akzeptiert +EUR 38,00 Lieferung  Italien Ähnliche aktive Angebote ansehen Solch einen Artikel verkaufen","totuzzo91 92,3% positiv (383)",https://www.ebay.de/itm/267651823783,ebay_sold_p11.html
389320460547,Uhrendeckel Öffner Schließer Reparatur Für Rolex Uhren Gehäuseöffner Reparatur,16.77,EUR,Neu,Gewerblich,2026-04-28,28. Apr 2026,1,0.0,1,0,,duolaameng888 100% positiv (337),https://www.ebay.de/itm/389320460547,ebay_sold_p11.html
176703534137,"Original ROLEX Stoßsicherung B7931-Y5 für 1530, 1600, 3035",119.95,EUR,Neu (Sonstige),Gewerblich,2026-04-28,28. Apr 2026,1,0.0,1,0,,watchparts24 100% positiv (71.339),https://www.ebay.de/itm/176703534137,ebay_sold_p11.html
176703506062,"Original ROLEX Stoßsicherung B7930-Y5 für 1530, 1600, 3035",119.95,EUR,Neu (Sonstige),Gewerblich,2026-04-28,28. Apr 2026,1,0.0,1,0,,watchparts24 100% positiv (71.339),https://www.ebay.de/itm/176703506062,ebay_sold_p11.html
406888554181,Rolex Daytona 16528 Zenith Uhrwerk 1992 Top Zustand Full Set Box &Papier,1.0,EUR,Neu (Sonstige),Privat,2026-04-28,28. Apr 2026,1,1.0,0,1,"oder Preisvorschlag +EUR 1,00 Lieferung  Italien Ähnliche aktive Angebote ansehen Solch einen Artikel verkaufen","all-trade 85,7% positiv (70)",https://www.ebay.de/itm/406888554181,ebay_sold_p11.html
389503735164,Rolex Cellini 4110 Garantie Zertifikat,50.0,EUR,Gebraucht,Privat,2026-04-28,28. Apr 2026,1,15.0,0,1,"Preisvorschlag akzeptiert +EUR 15,00 Lieferung  Italien Ähnliche aktive Angebote ansehen Solch einen Artikel verkaufen",lume-8042 100% positiv (57),https://www.ebay.de/itm/389503735164,ebay_sold_p11.html
406856136945,Rolex ref. 16610 Submariner Bezel - Genuine-LIKE NEW,199.0,EUR,Gebraucht,Privat,2026-04-28,28. Apr 2026,1,20.0,0,0,"Sofort-Kaufen +EUR 20,00 Lieferung  Italien Ähnliche aktive Angebote ansehen Solch einen Artikel verkaufen","luxuryreplacementparts 96,4% positiv (64)",https://www.ebay.de/itm/406856136945,ebay_sold_p11.html
227213187465,Rolex 1525 7960 Neu NEW Blister X1 Stück Schraube für Stand Datumsanzeige,28.6,EUR,Neu,Gewerblich,2026-04-28,28. Apr 2026,1,29.0,0,1,"oder Preisvorschlag +EUR 29,00 Lieferung  Italien Ähnliche aktive Angebote ansehen Solch einen Artikel verkaufen",*rarecollections 100% positiv (1.384),https://www.ebay.de/itm/227213187465,ebay_sold_p11.html
357868764506,Rolex Datejust 16233/16013/16018/16238 Blue Tritium Dial,500.0,EUR,Gebraucht,Gewerblich,2026-04-28,28. Apr 2026,1,19.0,0,1,,luxewatchesgermany 100% positiv (92),https://www.ebay.de/itm/357868764506,ebay_sold_p11.html
388687132162,Rolex Daytona libretto corredo orologio watch booklet 4.2016 cinese,80.0,EUR,Gebraucht,Gewerblich,2026-04-28,28. Apr 2026,1,14.9,0,1,"Preisvorschlag akzeptiert +EUR 14,90 Lieferung  Italien Ähnliche aktive Angebote ansehen Solch einen Artikel verkaufen","luxurytime.shop 99,8% positiv (2.110)",https://www.ebay.de/itm/388687132162,ebay_sold_p11.html
227313657500,Gute gebrauchte Rolex Cal. 1220 1225 Teil Balance Bridge 6694 6426 Oyster Precision,150.0,EUR,Gebraucht,Privat,2026-04-28,28. Apr 2026,1,1.0,0,0,"1 Gebot +EUR 53,55 Lieferung  Schweiz Ähnliche aktive Angebote ansehen Solch einen Artikel verkaufen",stribelidodle 100% positiv (797),https://www.ebay.de/itm/227313657500,ebay_sold_p11.html
356537018098,Rolex Garantie aus Sammlung,399.0,EUR,Gebraucht,Privat,2026-04-28,28. Apr 2026,1,30.0,0,1,"oder Preisvorschlag +EUR 30,00 Lieferung  Italien Ähnliche aktive Angebote ansehen Solch einen Artikel verkaufen",bancodeipugni 100% positiv (63),https://www.ebay.de/itm/356537018098,ebay_sold_p11.html
358314029830,Lunetta Girevole Rolex Originale In Oro 1625/3 O 1625/8 Turn O Graph Nuova,1300.0,EUR,Neu (Sonstige),Privat,2026-04-28,28. Apr 2026,1,30.0,0,1,"oder Preisvorschlag +EUR 30,00 Lieferung  Italien Ähnliche aktive Angebote ansehen Solch einen Artikel verkaufen",lorenzo1994994 100% positiv (12),https://www.ebay.de/itm/358314029830,ebay_sold_p11.html
197780287583,"Original Rolex Gold Krone 5,3mm , 241 24-530-0 X12",150.0,EUR,Neu (Sonstige),Gewerblich,2026-04-28,28. Apr 2026,1,5.0,0,0,,"uhrenfachzentrum 99,6% positiv (1.645)",https://www.ebay.de/itm/197780287583,ebay_sold_p11.html
387378483788,End Links Band Anstoß 20mm kompatibel Rolex GMT II  Oyster matt/poliert,28.0,EUR,Neu (Sonstige),Gewerblich,2026-04-28,28. Apr 2026,1,5.0,0,1,,"sekowatchworld 99,1% positiv (1.120)",https://www.ebay.de/itm/387378483788,ebay_sold_p11.html
388679950099,Rolex Submariner Ausstattungsheft italienische Uhr ( 2014 - 2023 ),60.0,EUR,Gebraucht,Gewerblich,2026-04-28,28. Apr 2026,1,14.9,0,0,"Sofort-Kaufen +EUR 14,90 Lieferung  Italien Ähnliche aktive Angebote ansehen Solch einen Artikel verkaufen","luxurytime.shop 99,8% positiv (2.110)",https://www.ebay.de/itm/388679950099,ebay_sold_p11.html
127622793783,Original ROLEX NOS GMT Inlay Bezel Lünette 16713 16718 Insert Root Tiger Gold,269.0,EUR,Neu (Sonstige),Gewerblich,2026-04-28,28. Apr 2026,1,6.9,0,1,,almawatches 100% positiv (3.677),https://www.ebay.de/itm/127622793783,ebay_sold_p11.html
134188563628,Genuine Rolex Champagne Beige Date Wheel Disc Calendar Caliber 2035 4520-1,80.0,EUR,Gebraucht,Privat,2026-04-28,28. Apr 2026,1,20.0,0,0,"Sofort-Kaufen +EUR 20,00 Lieferung  Dänemark Ähnliche aktive Angebote ansehen Solch einen Artikel verkaufen",odder1 100% positiv (671),https://www.ebay.de/itm/134188563628,ebay_sold_p11.html
198051627695,Disco data Rolex cal.2035 Color Oro Per Date Just Da 31 Mm.,85.0,EUR,Gebraucht,Gewerblich,2026-04-28,28. Apr 2026,1,18.0,0,0,"Sofort-Kaufen +EUR 18,00 Lieferung  Italien Ähnliche aktive Angebote ansehen Solch einen Artikel verkaufen",combattiamolacrisi 100% positiv (8.907),https://www.ebay.de/itm/198051627695,ebay_sold_p11.html
115917192053,ROLEX 2135 Korrekturmechanismus Cod.668 Kaliber: 2135 (TOP ZUSTAND),50.0,EUR,Gebraucht,Gewerblich,2026-04-28,28. Apr 2026,1,19.0,0,0,"Sofort-Kaufen +EUR 19,00 Lieferung  Italien Ähnliche aktive Angebote ansehen Solch einen Artikel verkaufen","fornitura_boccacci 99,9% positiv (4.089)",https://www.ebay.de/itm/115917192053,ebay_sold_p11.html
115917192188,"ROLEX 2135 Datumsanzeige weiß 16,5 mm Cod. 2135-6900-2 Calib: 2135 ...",89.0,EUR,Gebraucht,Gewerblich,2026-04-28,28. Apr 2026,1,19.0,0,0,"Sofort-Kaufen +EUR 19,00 Lieferung  Italien Ähnliche aktive Angebote ansehen Solch einen Artikel verkaufen","fornitura_boccacci 99,9% positiv (4.089)",https://www.ebay.de/itm/115917192188,ebay_sold_p11.html
406326051139,GENERIC kompatible Zugfeder für ROLEX Cal 2135 (NEU),25.0,EUR,Neu,Gewerblich,2026-04-28,28. Apr 2026,1,19.0,0,0,"Sofort-Kaufen +EUR 19,00 Lieferung  Italien Ähnliche aktive Angebote ansehen Solch einen Artikel verkaufen","fornitura_boccacci 99,9% positiv (4.089)",https://www.ebay.de/itm/406326051139,ebay_sold_p11.html
185572565343,"ROLEX KALIBER 72A - 23 - 726 Ref. 415 RATSCHENRAD, ROCHET 72A-415 SWISS MADE",45.0,EUR,Neu,Gewerblich,2026-04-28,28. Apr 2026,1,13.0,0,0,"Sofort-Kaufen +EUR 13,00 Lieferung  Italien Ähnliche aktive Angebote ansehen Solch einen Artikel verkaufen","watchparts-italy 99,5% positiv (3.454)",https://www.ebay.de/itm/185572565343,ebay_sold_p11.html
318190539465,ROLEX SCHNALLE Lagerware Neu OVP ORIGINAL 16mm Stahl,150.0,EUR,Neu,Gewerblich,2026-04-28,28. Apr 2026,1,15.0,0,0,"Sofort-Kaufen +EUR 15,00 Lieferung  Frankreich Ähnliche aktive Angebote ansehen Solch einen Artikel verkaufen",savemywatch 100% positiv (61),https://www.ebay.de/itm/318190539465,ebay_sold_p11.html
178067343428,ORIGINAL Rolex Explorer  Watch Booklet Manuel 1976 used English,290.0,EUR,Gebraucht,Privat,2026-04-28,28. Apr 2026,1,1.0,0,1,,kom_schneider 100% positiv (2.004),https://www.ebay.de/itm/178067343428,ebay_sold_p11.html
291709647179,"mm. 18 Armband Uhrenarmband Mod. Oyster Stahl, Rolex kompatibel",25.0,EUR,Neu (Sonstige),Gewerblich,2026-04-28,28. Apr 2026,1,15.0,0,0,"Sofort-Kaufen +EUR 15,00 Lieferung  Italien Ähnliche aktive Angebote ansehen Solch einen Artikel verkaufen","jeneralcom-com 99,5% positiv (17.010)",https://www.ebay.de/itm/291709647179,ebay_sold_p11.html
406842537572,NEU Rolex 3135-568 Achsrotor - Original,49.0,EUR,Neu,Privat,2026-04-28,28. Apr 2026,1,20.0,0,0,"Sofort-Kaufen +EUR 20,00 Lieferung  Italien Ähnliche aktive Angebote ansehen Solch einen Artikel verkaufen","luxuryreplacementparts 96,4% positiv (64)",https://www.ebay.de/itm/406842537572,ebay_sold_p11.html
227210999910,Rolex 3285-432 Wie Neu Unruh Balance wheel Parachrom,482.9,EUR,Gebraucht,Gewerblich,2026-04-28,28. Apr 2026,1,29.0,0,1,"oder Preisvorschlag +EUR 29,00 Lieferung  Italien Ähnliche aktive Angebote ansehen Solch einen Artikel verkaufen",*rarecollections 100% positiv (1.384),https://www.ebay.de/itm/227210999910,ebay_sold_p11.html
406444428021,#1146 NEU ROLEX FLORAL OYSTER PERPETUAL DATEJUST 36MM DIAL ZIFFERBLATT RARE,539.99,EUR,Gebraucht,Gewerblich,2026-04-28,28. Apr 2026,1,9.5,0,0,,state_of_time 100% positiv (3.803),https://www.ebay.de/itm/406444428021,ebay_sold_p11.html
388055210995,"GMT compatible bis 11 Arabisch Keramik Uhr Lünette Inlay Bezel Inset 38-30,6mm",25.0,EUR,Neu (Sonstige),Gewerblich,2026-04-28,28. Apr 2026,1,3.5,0,0,,"sekowatchworld 99,1% positiv (1.120)",https://www.ebay.de/itm/388055210995,ebay_sold_p11.html
227310107865,Schwarze MK3 Rolex Submariner 5513 LÜNETTENEINSATZ,400.0,EUR,Neu (Sonstige),Privat,2026-04-28,28. Apr 2026,1,1.0,0,0,"1 Gebot +EUR 50,00 Lieferung  Frankreich Ähnliche aktive Angebote ansehen Solch einen Artikel verkaufen",artinwatchesuk 100% positiv (83),https://www.ebay.de/itm/227310107865,ebay_sold_p11.html
266922804444,Rolex Submariner Set of 4 1991 1992 ENGlish documents booklets manuals,300.0,EUR,Neu (Sonstige),Privat,2026-04-28,28. Apr 2026,1,20.0,0,1,"Preisvorschlag akzeptiert +EUR 20,00 Lieferung  Frankreich Ähnliche aktive Angebote ansehen Solch einen Artikel verkaufen",eppuresimuove 100% positiv (3.035),https://www.ebay.de/itm/266922804444,ebay_sold_p11.html
226965247312,Rolex B25-295-CAR-C1  GLASS VETRO GMT SUBMARINER VT-3,550.0,EUR,Neu,Privat,2026-04-28,28. Apr 2026,1,20.0,0,0,"Sofort-Kaufen +EUR 20,00 Lieferung  Italien Ähnliche aktive Angebote ansehen Solch einen Artikel verkaufen",watchbox70 100% positiv (190),https://www.ebay.de/itm/226965247312,ebay_sold_p11.html
296836410689,Rolex 25-7035 Saphirglas Sapphire Glass GMT-Master 116710 Sub 16610 Original,500.0,EUR,Neu,Privat,2026-04-28,28. Apr 2026,1,40.0,0,1,"oder Preisvorschlag +EUR 40,00 Lieferung  Italien Ähnliche aktive Angebote ansehen Solch einen Artikel verkaufen",francescomtta 100% positiv (300),https://www.ebay.de/itm/296836410689,ebay_sold_p11.html
126734625107,ROLEX ORIGINAL FLANSCHSCHRAUBEN UHRWERK 2030 / 2035 REF 167 TRIDLE SCREW,9.0,EUR,Neu (Sonstige),Privat,2026-04-28,28. Apr 2026,1,13.45,0,0,"Sofort-Kaufen +EUR 13,45 Lieferung  Frankreich Ähnliche aktive Angebote ansehen Solch einen Artikel verkaufen",horloge03-2013 100% positiv (639),https://www.ebay.de/itm/126734625107,ebay_sold_p11.html
160683284057,12 O-RING GEHÄUSEDICHTUNG FÜR HERREN ROLEX DATEJUST 16000 16030 16250 6253 16258 19018,26.01,EUR,Neu,Gewerblich,2026-04-28,28. Apr 2026,1,10.42,0,0,"Sofort-Kaufen +EUR 10,42 Lieferung  Vereinigte Staaten von Amerika Ähnliche aktive Angebote ansehen Solch einen Artikel verkaufen","ewatchparts 99,9% positiv (225.086)",https://www.ebay.de/itm/160683284057,ebay_sold_p11.html
304742103346,ROLEX Federhaus Kern Barrel Arbor cal 2130 2135 307 movement part original,65.0,EUR,Gebraucht,Gewerblich,2026-04-27,27. Apr 2026,1,7.0,0,1,,luxini_hamburg 100% positiv (3.973),https://www.ebay.de/itm/304742103346,ebay_sold_p11.html
376005719313,Rolex 3135-330 Grande Ruota Graet Wheel Originale,49.99,EUR,Gebraucht,Gewerblich,2026-04-27,27. Apr 2026,1,12.5,0,1,"oder Preisvorschlag +EUR 12,50 Lieferung  Italien Ähnliche aktive Angebote ansehen Solch einen Artikel verkaufen",only_quality_stuff 100% positiv (1.700),https://www.ebay.de/itm/376005719313,ebay_sold_p11.html
376005726823,Rolex 3135-340 Terza Ruota Third Wheel Originale,35.0,EUR,Gebraucht,Gewerblich,2026-04-27,27. Apr 2026,1,12.5,0,1,"oder Preisvorschlag +EUR 12,50 Lieferung  Italien Ähnliche aktive Angebote ansehen Solch einen Artikel verkaufen",only_quality_stuff 100% positiv (1.700),https://www.ebay.de/itm/376005726823,ebay_sold_p11.html
206122590330,Rolex 3823 pallet fork for cal 700 710,169.0,EUR,Gebraucht,Privat,2026-04-27,27. Apr 2026,1,12.0,0,1,"Preisvorschlag akzeptiert +EUR 12,00 Lieferung  Spanien Ähnliche aktive Angebote ansehen Solch einen Artikel verkaufen","sai_es5 99,6% positiv (1.172)",https://www.ebay.de/itm/206122590330,ebay_sold_p11.html
146979274773,ROLEX Handaufzug Damenuhrwerk Caliber 161 f.Bastler,149.0,EUR,Gebraucht,Gewerblich,2026-04-27,27. Apr 2026,1,0.0,1,1,,barthelmarkus 100% positiv (2.938),https://www.ebay.de/itm/146979274773,ebay_sold_p11.html
186383759910,ROLEX LADY DATA PLEXIGLAS 25-129 CYCLOPE AFTERMARKET,9.0,EUR,Neu,Gewerblich,2026-04-27,27. Apr 2026,1,13.0,0,0,"Sofort-Kaufen +EUR 13,00 Lieferung  Italien Ähnliche aktive Angebote ansehen Solch einen Artikel verkaufen","watchparts-italy 99,5% positiv (3.454)",https://www.ebay.de/itm/186383759910,ebay_sold_p11.html
336155512132,"REPLACEMENT PART ROLEX ORIGINAL CALIBRE.2135, PART.220",59.0,EUR,Neu,Gewerblich,2026-04-27,27. Apr 2026,1,16.0,0,0,"Sofort-Kaufen +EUR 16,00 Lieferung  Spanien Ähnliche aktive Angebote ansehen Solch einen Artikel verkaufen","dimar2018 99,8% positiv (11.466)",https://www.ebay.de/itm/336155512132,ebay_sold_p11.html
188287454861,Rolex N 310 Abdeckung Lünettenschutz Sky-Dweller 42mm 32693X,20.0,EUR,Neu (Sonstige),Privat,2026-04-27,27. Apr 2026,1,1.0,0,0,"1 Gebot +EUR 7,00 Lieferung  Italien Ähnliche aktive Angebote ansehen Solch einen Artikel verkaufen",saverioma1964 100% positiv (816),https://www.ebay.de/itm/188287454861,ebay_sold_p11.html
135089783374,Original Zifferblatt Perlmutt für Rolex Datejust Lady 26mm - Quadrante Cal.2235,990.0,EUR,Neu (Sonstige),Gewerblich,2026-04-27,27. Apr 2026,1,30.0,0,1,"oder Preisvorschlag +EUR 30,00 Lieferung  Italien Ähnliche aktive Angebote ansehen Solch einen Artikel verkaufen",afadsrl 100% positiv (2.101),https://www.ebay.de/itm/135089783374,ebay_sold_p11.html
147196063641,"Rolex Ersatzglied, Link Präsident Armband u.a. 15,2 mm, 750 Gold poliert/matt",469.0,EUR,Refurbished,Gewerblich,2026-04-20,20. Apr 2026,1,8.9,0,1,,www.gold-oase 100% positiv (3.424),https://www.ebay.de/itm/147196063641,ebay_sold_p11.html
206121244723,Rolex Explorer 1 36mm schwarzes Zifferblatt Vintage 14270 114270,400.0,EUR,Gebraucht,Privat,2026-04-27,27. Apr 2026,1,30.0,0,0,"Sofort-Kaufen +EUR 30,00 Lieferung  Italien Ähnliche aktive Angebote ansehen Solch einen Artikel verkaufen",stepe4532 100% positiv (538),https://www.ebay.de/itm/206121244723,ebay_sold_p11.html
197245197753,Rolex Datejust Booklet / Beschreibung 2005 Deutsch,15.0,EUR,Gebraucht,Gewerblich,2026-04-27,27. Apr 2026,1,5.0,0,0,,"uhrenfachzentrum 99,6% positiv (1.645)",https://www.ebay.de/itm/197245197753,ebay_sold_p11.html
136410078315,Rolex Daytona Rhodium Grey Slate Silver Luminova Dial 116518 116528 116523,1000.0,EUR,Gebraucht,Privat,2026-04-27,27. Apr 2026,1,45.0,0,0,"Sofort-Kaufen +EUR 45,00 Lieferung  Dänemark Ähnliche aktive Angebote ansehen Solch einen Artikel verkaufen",odder1 100% positiv (671),https://www.ebay.de/itm/136410078315,ebay_sold_p11.html
357516457410,rolex 2360 case back  genuine - fondello - watch case back,199.0,EUR,Gebraucht,Privat,2026-04-27,27. Apr 2026,1,50.0,0,1,"Preisvorschlag akzeptiert +EUR 50,00 Lieferung  Italien Ähnliche aktive Angebote ansehen Solch einen Artikel verkaufen",bancodeipugni 100% positiv (63),https://www.ebay.de/itm/357516457410,ebay_sold_p11.html
389705842191,"Rolex Magazine Ausgabe 5, 7, 8, 9, 10 als Bundle",50.0,EUR,Neu (Sonstige),Privat,2026-04-27,27. Apr 2026,1,7.69,0,1,,norddeutsch-0 100% positiv (16),https://www.ebay.de/itm/389705842191,ebay_sold_p11.html
161024410170,SAPHIR UHR GLAS FÜR 34MM ROLEX UHR OHNE DATUM 25- 286 OYSTER PERPETUAL,36.43,EUR,Neu,Gewerblich,2026-04-27,27. Apr 2026,1,10.42,0,0,"Sofort-Kaufen +EUR 10,42 Lieferung  Vereinigte Staaten von Amerika Ähnliche aktive Angebote ansehen Solch einen Artikel verkaufen","ewatchparts 99,9% positiv (225.086)",https://www.ebay.de/itm/161024410170,ebay_sold_p11.html
306874584193,Replacement Bezel for Vintage Rolex Submariner Steel 1680 5512 5513,300.0,EUR,Gebraucht,Privat,2026-04-27,27. Apr 2026,1,15.0,0,1,"Preisvorschlag akzeptiert +EUR 15,00 Lieferung  Hongkong Ähnliche aktive Angebote ansehen Solch einen Artikel verkaufen",2006tbangeliqueburton 100% positiv (669),https://www.ebay.de/itm/306874584193,ebay_sold_p11.html
277833441921,Rolex Glas Kunststoff Plexiglas 25-12 Top Qualität,38.0,EUR,Neu,Gewerblich,2026-04-26,26. Apr 2026,1,25.0,0,0,"Sofort-Kaufen +EUR 25,00 Lieferung  Italien Ähnliche aktive Angebote ansehen Solch einen Artikel verkaufen",millerighetime_by_arriwatch 100% positiv (913),https://www.ebay.de/itm/277833441921,ebay_sold_p11.html
116573132587,Rolex Papers Gmt Master II 16710 Garantie,899.0,EUR,Neu (Sonstige),Gewerblich,2026-04-26,26. Apr 2026,1,50.0,0,1,"Preisvorschlag akzeptiert +EUR 50,00 Lieferung  Italien Ähnliche aktive Angebote ansehen Solch einen Artikel verkaufen",angeloperinellia.p.partswatch 100% positiv (391),https://www.ebay.de/itm/116573132587,ebay_sold_p11.html
267648448892,Rolex 5512 Uhrwerk 1560 in gutem Zustand funktioniert mit Oyster Perpetual Dial,871.0,EUR,Gebraucht,Gewerblich,2026-04-26,26. Apr 2026,1,16.0,0,0,"16 Gebote +EUR 30,00 Lieferung  Italien Ähnliche aktive Angebote ansehen Solch einen Artikel verkaufen","luxuryinstock 95,6% positiv (536)",https://www.ebay.de/itm/267648448892,ebay_sold_p11.html
358489923485,Vintage Rolex Big Crown Logo Clasp Jubilee Bracelet 19mm,725.0,EUR,Gebraucht,Privat,2026-04-26,26. Apr 2026,1,25.0,0,0,"Sofort-Kaufen +EUR 25,00 Lieferung  Frankreich Ähnliche aktive Angebote ansehen Solch einen Artikel verkaufen",collectors-finest 100% positiv (136),https://www.ebay.de/itm/358489923485,ebay_sold_p11.html
177542135395,Rolex-2235-231-Scatto del tiretto,50.0,EUR,Gebraucht,Privat,2026-04-26,26. Apr 2026,1,20.0,0,0,"Sofort-Kaufen +EUR 20,00 Lieferung  Italien Ähnliche aktive Angebote ansehen Solch einen Artikel verkaufen",refanoro79 100% positiv (244),https://www.ebay.de/itm/177542135395,ebay_sold_p11.html
377126341036,"*** 2023 / 11 *** ""Der Neuste"" **** ROLEX *** Uhren *** Magazin *** Katalog NEU",16.0,EUR,Neu,Privat,2026-04-26,26. Apr 2026,1,2.0,0,0,,"anvor63 98,2% positiv (268)",https://www.ebay.de/itm/377126341036,ebay_sold_p11.html
377126339954,"*** 2022 / 10 *** ""Der Neuste"" **** ROLEX *** Uhren *** Magazin *** Katalog NEU",16.0,EUR,Neu,Privat,2026-04-26,26. Apr 2026,1,2.0,0,0,,"anvor63 98,2% positiv (268)",https://www.ebay.de/itm/377126339954,ebay_sold_p11.html
163684187575,Saphirglas für 25-295C2 Rolex Sapphire Glass Explorer II 16550 16570,20.9,EUR,Neu,Gewerblich,2026-04-26,26. Apr 2026,1,13.5,0,0,"Sofort-Kaufen +EUR 13,50 Lieferung  Italien Ähnliche aktive Angebote ansehen Solch einen Artikel verkaufen","sabaec 99,9% positiv (22.965)",https://www.ebay.de/itm/163684187575,ebay_sold_p11.html
204712776618,Rolex 1530-7831 Medium Wheel - Third wheel,51.75,EUR,Gebraucht,Gewerblich,2026-04-26,26. Apr 2026,1,9.0,0,0,"Sofort-Kaufen +EUR 9,00 Lieferung  Frankreich Ähnliche aktive Angebote ansehen Solch einen Artikel verkaufen","manz15 99,5% positiv (8.231)",https://www.ebay.de/itm/204712776618,ebay_sold_p11.html
406820849652,Rolex 3235-120 Balance Bridge X2,350.0,EUR,Gebraucht,Privat,2026-04-26,26. Apr 2026,1,20.0,0,0,"Sofort-Kaufen +EUR 20,00 Lieferung  Italien Ähnliche aktive Angebote ansehen Solch einen Artikel verkaufen",watchewatches 100% positiv (41),https://www.ebay.de/itm/406820849652,ebay_sold_p11.html
226904805441,Rolex Kaliber 1030 - voll gewartet & funktionsfähig,2200.0,EUR,Gebraucht,Privat,2026-04-26,26. Apr 2026,1,65.0,0,1,"Preisvorschlag akzeptiert +EUR 65,00 Lieferung  Frankreich Ähnliche aktive Angebote ansehen Solch einen Artikel verkaufen",valmy01 100% positiv (178),https://www.ebay.de/itm/226904805441,ebay_sold_p11.html
197982472741,Rolex Cocktail Movent Kaliber 193 Dial Zeiger 9031 Lady Original Funktioniert 50er 40s,499.0,EUR,Gebraucht,Privat,2026-04-26,26. Apr 2026,1,32.0,0,1,"Preisvorschlag akzeptiert +EUR 32,00 Lieferung  Italien Ähnliche aktive Angebote ansehen Solch einen Artikel verkaufen",vintager_vintager 100% positiv (273),https://www.ebay.de/itm/197982472741,ebay_sold_p11.html
266854915180,Rolex 1036 1065 7156B Schraube für Kalenderrad Original Neu (x 1 aus Packung),20.0,EUR,Neu (Sonstige),Privat,2026-04-26,26. Apr 2026,1,15.0,0,0,"Sofort-Kaufen +EUR 15,00 Lieferung  Italien Ähnliche aktive Angebote ansehen Solch einen Artikel verkaufen",vanvan66 100% positiv (1.083),https://www.ebay.de/itm/266854915180,ebay_sold_p11.html
176709912072,Stahllünette kompatibel und passend für Rolex Submariner 16610,99.95,EUR,Neu,Gewerblich,2026-04-26,26. Apr 2026,1,0.0,1,0,,watchparts24 100% positiv (71.339),https://www.ebay.de/itm/176709912072,ebay_sold_p11.html
395371137286,AUFZUGSWELLE STEM Rolex KALIBER 2030-2035 Premium Qualität,11.99,EUR,Neu,Gewerblich,2026-04-26,26. Apr 2026,1,0.0,1,0,,dreamuniversesari 100% positiv (1.205),https://www.ebay.de/itm/395371137286,ebay_sold_p11.html
311168980488,UHRZEIGER DAYTONA FÜR ROLEX UHRWERK 4030-4135 16518 16528 116519 116520 SCHWARZ,46.86,EUR,Neu,Gewerblich,2026-04-26,26. Apr 2026,1,10.42,0,0,"Sofort-Kaufen +EUR 10,42 Lieferung  Vereinigte Staaten von Amerika Ähnliche aktive Angebote ansehen Solch einen Artikel verkaufen","ewatchparts 99,9% positiv (225.086)",https://www.ebay.de/itm/311168980488,ebay_sold_p11.html
306866471477,Rolex 1530 7889 Schuhe,30.0,EUR,Neu,Privat,2026-04-26,26. Apr 2026,1,10.0,0,1,"oder Preisvorschlag +EUR 10,00 Lieferung  Italien Ähnliche aktive Angebote ansehen Solch einen Artikel verkaufen","timelost 97,4% positiv (346)",https://www.ebay.de/itm/306866471477,ebay_sold_p11.html
184979491006,"Rolex Cellini Aufzugsfeder, Hauptfeder 1400",20.0,EUR,Neu (Sonstige),Gewerblich,2026-04-26,26. Apr 2026,1,13.0,0,0,"Sofort-Kaufen +EUR 13,00 Lieferung  Italien Ähnliche aktive Angebote ansehen Solch einen Artikel verkaufen","watchparts-italy 99,5% positiv (3.454)",https://www.ebay.de/itm/184979491006,ebay_sold_p11.html
135388304741,Rote Dichtung für Boden Uhrengehäuse Armband - Made in Switzerland Horotec,6.6,EUR,Neu,Gewerblich,2026-04-26,26. Apr 2026,1,12.0,0,0,"Sofort-Kaufen +EUR 12,00 Lieferung  Italien Ähnliche aktive Angebote ansehen Solch einen Artikel verkaufen",beppe_capriolo 100% positiv (2.875),https://www.ebay.de/itm/135388304741,ebay_sold_p11.html
167788168997,Rolex Magazine 9 Und 12,19.99,EUR,Neu (Sonstige),Privat,2026-04-26,26. Apr 2026,1,6.19,0,1,,charly501ulf 100% positiv (2.593),https://www.ebay.de/itm/167788168997,ebay_sold_p11.html
177849260364,Rolex Uhren Katalog Jahr 2019/2020 Italienisch Geschenkidee Made SCHWEIZ,25.0,EUR,Neu (Sonstige),Gewerblich,2026-04-25,25. Apr 2026,1,15.0,0,0,"Sofort-Kaufen +EUR 15,00 Lieferung  Italien Ähnliche aktive Angebote ansehen Solch einen Artikel verkaufen","mareombra70 98,7% positiv (3.437)",https://www.ebay.de/itm/177849260364,ebay_sold_p11.html
177849367435,Rolex Explorer - Reklame Werbeanzeige Original-Werbung 1967,17.95,EUR,Gebraucht,Privat,2026-04-25,25. Apr 2026,1,1.95,0,0,,"jaydee01 99,5% positiv (7.025)",https://www.ebay.de/itm/177849367435,ebay_sold_p11.html
204775452018,ROLEX GMT Master 16753 16758 16713 Zeiger Hands GOLD Tritium original,474.05,EUR,Gebraucht,Gewerblich,2026-04-25,25. Apr 2026,1,22.0,0,1,,riohausgmbh 100% positiv (725),https://www.ebay.de/itm/204775452018,ebay_sold_p11.html
277834616660,Original Rolex Oysterdate Speedking Precision ref. 6430 wristwatch dial,450.0,EUR,Gebraucht,Privat,2026-04-25,25. Apr 2026,1,35.0,0,0,"Sofort-Kaufen +EUR 35,00 Lieferung  Türkei Ähnliche aktive Angebote ansehen Solch einen Artikel verkaufen",all-about-watch 100% positiv (466),https://www.ebay.de/itm/277834616660,ebay_sold_p11.html
117081934999,ROLEX UHRWERK KALIBER 1570 - DATUMSSCHEIBE SILBER + WELLE - 1680 1655 1601 ETC.,2947.5,EUR,Gebraucht,Gewerblich,2026-04-25,25. Apr 2026,1,25.0,0,1,,sh-vintage-watches 100% positiv (3.180),https://www.ebay.de/itm/117081934999,ebay_sold_p11.html
366369210741,rolex  submariner  date 1680  mid part case genuine vintage - carrure originale,1390.0,EUR,Gebraucht,Privat,2026-04-25,25. Apr 2026,1,59.0,0,1,"Preisvorschlag akzeptiert +EUR 59,00 Lieferung  Italien Ähnliche aktive Angebote ansehen Solch einen Artikel verkaufen",mrkhs26 100% positiv (24),https://www.ebay.de/itm/366369210741,ebay_sold_p11.html
285571416798,ROLEX OYSTER GARANTIA + ATTESTATION + CERTIFICATION 1971 VINTAGE,425.0,EUR,Gebraucht,Privat,2026-04-25,25. Apr 2026,1,15.0,0,1,"Preisvorschlag akzeptiert +EUR 15,00 Lieferung  Spanien Ähnliche aktive Angebote ansehen Solch einen Artikel verkaufen",a117256 100% positiv (369),https://www.ebay.de/itm/285571416798,ebay_sold_p11.html
206057899956,Original Rolex 2230 2235 - 311 Aufzugsfeder Mainspring Neu in Verpackung,45.0,EUR,Neu (Sonstige),Gewerblich,2026-04-25,25. Apr 2026,1,5.0,0,0,,kian-werke 100% positiv (7.720),https://www.ebay.de/itm/206057899956,ebay_sold_p11.html
276183973461,Rolex Sapphire Crystal 25-206C Saphirglas LOGO Datejust Lady Top Qualität,68.0,EUR,TOP QUALITÄT - MIT LOGO,,2026-04-25,25. Apr 2026,1,25.0,0,0,"Sofort-Kaufen +EUR 25,00 Lieferung  Italien Ähnliche aktive Angebote ansehen Solch einen Artikel verkaufen",millerighetime_by_arriwatch 100% positiv (913),https://www.ebay.de/itm/276183973461,ebay_sold_p11.html
276193577073,Rolex Sapphire Crystal 25- 246C- C1 Saphirglas 7038 LOGO Boys Lady Medium 31mm,68.0,EUR,TOP QUALITÄT - MIT LOGO,,2026-04-25,25. Apr 2026,1,25.0,0,0,"Sofort-Kaufen +EUR 25,00 Lieferung  Italien Ähnliche aktive Angebote ansehen Solch einen Artikel verkaufen",millerighetime_by_arriwatch 100% positiv (913),https://www.ebay.de/itm/276193577073,ebay_sold_p11.html
317770347042,ROLEX DAYTONA ZENITH ABDECKUNG N 1,45.0,EUR,Gebraucht,Privat,2026-04-25,25. Apr 2026,1,14.0,0,1,"oder Preisvorschlag +EUR 14,00 Lieferung  Italien Ähnliche aktive Angebote ansehen Solch einen Artikel verkaufen","bianch_18 97,7% positiv (169)",https://www.ebay.de/itm/317770347042,ebay_sold_p11.html
116611262575,ZIFFERBLATT ROLEX DIAL OYSTER PERPETUAL DATEJUST 16200 16234 16014 36 MM,120.0,EUR,Gebraucht,Privat,2026-04-25,25. Apr 2026,1,20.0,0,1,"Preisvorschlag akzeptiert +EUR 20,00 Lieferung  Italien Ähnliche aktive Angebote ansehen Solch einen Artikel verkaufen",gabryel111 100% positiv (419),https://www.ebay.de/itm/116611262575,ebay_sold_p11.html
188315732304,"Couronne Rolex 4,4mm",77.0,EUR,Gebraucht,Privat,2026-04-25,25. Apr 2026,1,12.0,0,0,"Sofort-Kaufen +EUR 12,00 Lieferung  Frankreich Ähnliche aktive Angebote ansehen Solch einen Artikel verkaufen",korg112 100% positiv (479),https://www.ebay.de/itm/188315732304,ebay_sold_p11.html
267536713115,ROLEX COPRI GHIERA 21 SUBMARINER 14060 14060M - VERY RARE - PROTECTOR BEZEL,100.0,EUR,Gebraucht,Privat,2026-04-25,25. Apr 2026,1,15.0,0,0,"Sofort-Kaufen +EUR 15,00 Lieferung  Italien Ähnliche aktive Angebote ansehen Solch einen Artikel verkaufen",hydrelyox 100% positiv (3.602),https://www.ebay.de/itm/267536713115,ebay_sold_p11.html
227306261641,Rolex Blau 5513 Einsatz,150.0,EUR,Gebraucht,Privat,2026-04-25,25. Apr 2026,1,1.0,0,0,"1 Gebot +EUR 35,00 Lieferung  Frankreich Ähnliche aktive Angebote ansehen Solch einen Artikel verkaufen",artinwatchesuk 100% positiv (83),https://www.ebay.de/itm/227306261641,ebay_sold_p11.html
186237157664,FIT ROLEX SUBMARINER 16813 16808 16613 RINGEINSATZ SCHWARZ Aftermarket,23.0,EUR,Neu,Gewerblich,2026-04-25,25. Apr 2026,1,13.0,0,0,"Sofort-Kaufen +EUR 13,00 Lieferung  Italien Ähnliche aktive Angebote ansehen Solch einen Artikel verkaufen","watchparts-italy 99,5% positiv (3.454)",https://www.ebay.de/itm/186237157664,ebay_sold_p11.html
406695595885,#1834 NEU ROLEX 25-37 TROPIC ARYLGLAS 37 DOMED ACRYLIC CRYSTAL NOS BLISTER,199.99,EUR,Gebraucht,Gewerblich,2026-04-25,25. Apr 2026,1,6.95,0,0,,state_of_time 100% positiv (3.803),https://www.ebay.de/itm/406695595885,ebay_sold_p11.html
227315312080,Bezel for Vintage Rolex Submariner Steel 1680 5512 5513,250.0,EUR,Gebraucht,Privat,2026-04-25,25. Apr 2026,1,1.0,0,0,"Sofort-Kaufen +EUR 1,00 Lieferung  Frankreich Ähnliche aktive Angebote ansehen Solch einen Artikel verkaufen",artinwatchesuk 100% positiv (83),https://www.ebay.de/itm/227315312080,ebay_sold_p11.html
257329592237,ROLEX Uhrenbuch - Sammlung Rolex Armbanduhren Book - Patrizzi Mondani 2001,110.0,EUR,Neu,Gewerblich,2026-04-25,25. Apr 2026,1,28.0,0,0,"Sofort-Kaufen +EUR 28,00 Lieferung  Italien Ähnliche aktive Angebote ansehen Solch einen Artikel verkaufen",toptimes.r.l 100% positiv (58),https://www.ebay.de/itm/257329592237,ebay_sold_p11.html
206123573215,Rolex Magazin Ausgabe 13  The Rolex Magazine - deutsche Ausgabe  - neu,11.5,EUR,Neu (Sonstige),Privat,2026-04-25,25. Apr 2026,1,3.4,0,0,,sharp_4 100% positiv (1.658),https://www.ebay.de/itm/206123573215,ebay_sold_p11.html
147265225099,Rolex Corona 24-724 7mm - Datejust / Explorer / Air-King / Sky-Dweller / Milgaus,59.0,EUR,Original Rolex Krone 7mm • Ref. 24-724-0,,2026-04-25,25. Apr 2026,1,15.0,0,0,"Sofort-Kaufen +EUR 15,00 Lieferung  Italien Ähnliche aktive Angebote ansehen Solch einen Artikel verkaufen",aderaldo_time 100% positiv (1),https://www.ebay.de/itm/147265225099,ebay_sold_p11.html
306894841103,ROLEX Buchkatalog 2021 2022 Original italienische Version!,15.0,EUR,Gebraucht,Privat,2026-04-24,24. Apr 2026,1,30.0,0,0,"Sofort-Kaufen +EUR 30,00 Lieferung  Italien Ähnliche aktive Angebote ansehen Solch einen Artikel verkaufen","mezzalingua 99,7% positiv (1.023)",https://www.ebay.de/itm/306894841103,ebay_sold_p11.html
186397380467,"Rolex Fahrwerksfeder 3135 311, Hauptfeder 3135, 3130, 3131, 3155, 3175, 3185, 3",16.0,EUR,Neu,Gewerblich,2026-04-24,24. Apr 2026,1,13.0,0,0,"Sofort-Kaufen +EUR 13,00 Lieferung  Italien Ähnliche aktive Angebote ansehen Solch einen Artikel verkaufen","watchparts-italy 99,5% positiv (3.454)",https://www.ebay.de/itm/186397380467,ebay_sold_p11.html
327112368323,Rolex Magazin neuste Ausgabe 13 neuste Ausgabe / Hauptthema: Land Dweller- NEU,5.0,EUR,Neu (Sonstige),Privat,2026-04-24,24. Apr 2026,1,1.0,0,0,,"titus-augustus 99,3% positiv (1.118)",https://www.ebay.de/itm/327112368323,ebay_sold_p11.html
188102898218,"ROLEX 4030 GLEITRITZEL 4030 205, GLEITRITZEL SWISS MADE",25.0,EUR,Neu,Gewerblich,2026-04-24,24. Apr 2026,1,13.0,0,0,"Sofort-Kaufen +EUR 13,00 Lieferung  Italien Ähnliche aktive Angebote ansehen Solch einen Artikel verkaufen","watchparts-italy 99,5% positiv (3.454)",https://www.ebay.de/itm/188102898218,ebay_sold_p11.html
311317185060,3 LÜNETTEN KLICKFEDER FÜR 40MM ROLEX YACHTMASTER UHR 16622 16623 116622 116623,46.86,EUR,Neu,Gewerblich,2026-04-24,24. Apr 2026,1,10.42,0,0,"Sofort-Kaufen +EUR 10,42 Lieferung  Vereinigte Staaten von Amerika Ähnliche aktive Angebote ansehen Solch einen Artikel verkaufen","ewatchparts 99,9% positiv (225.086)",https://www.ebay.de/itm/311317185060,ebay_sold_p11.html
387402460127,Lünette Inlay Bezel Black Ceramic compatible for Rolex Yacht Master Ø40 mm  HQ,60.0,EUR,Neu (Sonstige),Gewerblich,2026-04-24,24. Apr 2026,1,5.0,0,0,,"sekowatchworld 99,1% positiv (1.120)",https://www.ebay.de/itm/387402460127,ebay_sold_p11.html
176333607302,Aufzugswelle Stange Kaliber Rolex 4130-201 Stem Uhren watch parts Qualität,8.34,EUR,Neu,Gewerblich,2026-04-24,24. Apr 2026,1,9.9,0,0,"Sofort-Kaufen +EUR 9,90 Lieferung  Italien Ähnliche aktive Angebote ansehen Solch einen Artikel verkaufen","watchbandman75 98,5% positiv (14.068)",https://www.ebay.de/itm/176333607302,ebay_sold_p11.html
196518503716,Rolex 14060 Submariner kein Datum Ringeinsatz Original Vintage Selten mit Danke,290.0,EUR,Gebraucht,Gewerblich,2026-04-24,24. Apr 2026,1,12.0,0,1,"oder Preisvorschlag +EUR 12,00 Lieferung  Italien Ähnliche aktive Angebote ansehen Solch einen Artikel verkaufen","sebi_1611 99,8% positiv (1.567)",https://www.ebay.de/itm/196518503716,ebay_sold_p11.html
188256565091,ROLEX SCHRAUBKRONE AFTERMARKET GELEGENHEIT - ROLEX SCREW-DOWN CROWN AFTERMARKET,40.0,EUR,Gebraucht,Privat,2026-04-24,24. Apr 2026,1,15.0,0,1,"Preisvorschlag akzeptiert +EUR 15,00 Lieferung  Italien Ähnliche aktive Angebote ansehen Solch einen Artikel verkaufen",visiong49 100% positiv (206),https://www.ebay.de/itm/188256565091,ebay_sold_p11.html
355682894325,Rolex Datejust Booklet 16018 16013 Vintage Deutsch  Art.-Nr: 1007,115.0,EUR,Gebraucht,Gewerblich,2026-04-24,24. Apr 2026,1,0.0,1,1,,echtwert-schmuck 100% positiv (379),https://www.ebay.de/itm/355682894325,ebay_sold_p11.html
165926973912,Unruhwelle Unruhwelle Unruhwelle Unruhwelle ROLEX 1210 1215 sr c.7544,19.9,EUR,Neu (Sonstige),Gewerblich,2026-04-24,24. Apr 2026,1,13.5,0,0,"Sofort-Kaufen +EUR 13,50 Lieferung  Italien Ähnliche aktive Angebote ansehen Solch einen Artikel verkaufen","sabaec 99,9% positiv (22.965)",https://www.ebay.de/itm/165926973912,ebay_sold_p11.html
357682821465,Rolex Air King Champagner Dial 14000/14010/114200/114234,250.0,EUR,Gebraucht,Gewerblich,2026-04-24,24. Apr 2026,1,19.0,0,1,,luxewatchesgermany 100% positiv (92),https://www.ebay.de/itm/357682821465,ebay_sold_p11.html
177955971644,Rolex 2030 Uhrwerk verloren überholt keine Mängel,1200.0,EUR,Gebraucht,Privat,2026-04-24,24. Apr 2026,1,0.0,1,1,Preisvorschlag akzeptiert Gratis Lieferung  Italien Ähnliche aktive Angebote ansehen Solch einen Artikel verkaufen,watchmind 100% positiv (243),https://www.ebay.de/itm/177955971644,ebay_sold_p11.html
176282973351,Rolex 2030-4434-Plateau (Doppelscheibe),70.0,EUR,Neu,Privat,2026-04-24,24. Apr 2026,1,25.0,0,0,"Sofort-Kaufen +EUR 25,00 Lieferung  Italien Ähnliche aktive Angebote ansehen Solch einen Artikel verkaufen",refanoro79 100% positiv (244),https://www.ebay.de/itm/176282973351,ebay_sold_p11.html
397843439964,Rolex 1520 8055 1525 balance complete - bilanciere completo,345.0,EUR,Gebraucht,Privat,2026-04-24,24. Apr 2026,1,15.0,0,0,"Sofort-Kaufen +EUR 15,00 Lieferung  Italien Ähnliche aktive Angebote ansehen Solch einen Artikel verkaufen",antfra8512 100% positiv (145),https://www.ebay.de/itm/397843439964,ebay_sold_p11.html
168171126929,ROLEX Oyster Perpetual Sea-Dweller 4000 Booklet - 4.2014 Englisch,49.0,EUR,Neu (Sonstige),Gewerblich,2026-04-24,24. Apr 2026,1,0.0,1,0,,"eupen-feine-uhren 84,6% positiv (108)",https://www.ebay.de/itm/168171126929,ebay_sold_p11.html
206059023652,Rolex Precision dial cal 1300 17.6 mm,39.0,EUR,Gebraucht,Privat,2026-04-24,24. Apr 2026,1,12.0,0,1,"oder Preisvorschlag +EUR 12,00 Lieferung  Spanien Ähnliche aktive Angebote ansehen Solch einen Artikel verkaufen","sai_es5 99,6% positiv (1.172)",https://www.ebay.de/itm/206059023652,ebay_sold_p11.html
227186392075,Rolex 650 808 Blister Feder x1 Mainspring,53.9,EUR,Neu,Gewerblich,2026-04-24,24. Apr 2026,1,29.0,0,1,"oder Preisvorschlag +EUR 29,00 Lieferung  Italien Ähnliche aktive Angebote ansehen Solch einen Artikel verkaufen",*rarecollections 100% positiv (1.384),https://www.ebay.de/itm/227186392075,ebay_sold_p11.html
317822853531,Rolex Zifferblatt Dial DAYTONA Superlative Chronometer  Cosmograph T SWISS,650.0,EUR,Gebraucht,Privat,2026-04-24,24. Apr 2026,1,0.0,1,0,,unikart24 100% positiv (71),https://www.ebay.de/itm/317822853531,ebay_sold_p11.html
357469570365,Original Rolex Krone 6 mm Gold für Date Just B24-604-8-1-G1 neu,349.0,EUR,Neu (Sonstige),Gewerblich,2026-04-24,24. Apr 2026,1,0.0,1,0,,"sandtuhr 99,8% positiv (54.529)",https://www.ebay.de/itm/357469570365,ebay_sold_p11.html
304742095644,ROLEX Wechselrad cal 3035 movement part 5043 MINUTE WHEEL original,39.0,EUR,Gebraucht,Gewerblich,2026-04-24,24. Apr 2026,1,7.0,0,0,,luxini_hamburg 100% positiv (3.973),https://www.ebay.de/itm/304742095644,ebay_sold_p11.html
295423088675,ROLEX Datumraste cal 3035 5035 regulierbar movement part 5095 date jumper,69.0,EUR,Gebraucht,Gewerblich,2026-04-24,24. Apr 2026,1,7.0,0,1,,luxini_hamburg 100% positiv (3.973),https://www.ebay.de/itm/295423088675,ebay_sold_p11.html
267450719014,rolex submariner booklet 6.1993 Deutsch Gebrauchsanweisung,54.0,EUR,Gebraucht,Privat,2026-04-24,24. Apr 2026,1,5.0,0,1,,superhanseline39 100% positiv (264),https://www.ebay.de/itm/267450719014,ebay_sold_p11.html
188061684245,ROLEX DATEJUST 16200 ZIFFERBLATT ORIGINAL GEBRAUCHT,400.0,EUR,Neu,Gewerblich,2026-04-17,17. Apr 2026,1,13.0,0,0,"Sofort-Kaufen +EUR 13,00 Lieferung  Italien Ähnliche aktive Angebote ansehen Solch einen Artikel verkaufen","watchparts-italy 99,5% positiv (3.454)",https://www.ebay.de/itm/188061684245,ebay_sold_p11.html
177825759581,Rolex Day-Date 40 Quadrante Custom Meteorite Indici Baguette 228239 Presidential,920.0,EUR,Gebraucht,Privat,2026-04-24,24. Apr 2026,1,33.0,0,1,"Preisvorschlag akzeptiert +EUR 33,00 Lieferung  Italien Ähnliche aktive Angebote ansehen Solch einen Artikel verkaufen",lorenzgall_27 100% positiv (399),https://www.ebay.de/itm/177825759581,ebay_sold_p11.html
236772059763,"Rolex Sub,GMT,Daytona,Außenladerwelle 7mm Rohr 2mn Schraubkrone",95.0,EUR,Gebraucht,Privat,2026-04-24,24. Apr 2026,1,1.0,0,1,"1 Gebot Preisvorschlag akzeptiert +EUR 25,00 Lieferung  Italien Ähnliche aktive Angebote ansehen Solch einen Artikel verkaufen",gipsytime 100% positiv (138),https://www.ebay.de/itm/236772059763,ebay_sold_p11.html
167230018977,Rolex 24-6330 Tube e Dichtung NEU,9.9,EUR,Neu (Sonstige),Gewerblich,2026-04-24,24. Apr 2026,1,13.5,0,0,"Sofort-Kaufen +EUR 13,50 Lieferung  Italien Ähnliche aktive Angebote ansehen Solch einen Artikel verkaufen","sabaec 99,9% positiv (22.965)",https://www.ebay.de/itm/167230018977,ebay_sold_p11.html
310347786549,TAGESSCHEIBE FÜR ROLEX UHR PRESIDENT 3155 - 18206 18238 18239 118208 118399 WEISS,52.07,EUR,Neu,Gewerblich,2026-04-24,24. Apr 2026,1,10.42,0,0,"Sofort-Kaufen +EUR 10,42 Lieferung  Vereinigte Staaten von Amerika Ähnliche aktive Angebote ansehen Solch einen Artikel verkaufen","ewatchparts 99,9% positiv (225.086)",https://www.ebay.de/itm/310347786549,ebay_sold_p11.html
287290259721,Inserts Rolex + Daytona Dial,1375.0,EUR,Gebraucht,Privat,2026-04-23,23. Apr 2026,1,1.0,0,1,"1 Gebot Preisvorschlag akzeptiert +EUR 25,00 Lieferung  Frankreich Ähnliche aktive Angebote ansehen Solch einen Artikel verkaufen",sylviane9677 100% positiv (69),https://www.ebay.de/itm/287290259721,ebay_sold_p11.html
310304840705,HALTELÜNETTE RING EINSATZ FÜR ROLEX GMT 16700 16710 16713 16718 16760 EDELSTAHL,52.07,EUR,Neu,Gewerblich,2026-04-23,23. Apr 2026,1,10.42,0,0,"Sofort-Kaufen +EUR 10,42 Lieferung  Vereinigte Staaten von Amerika Ähnliche aktive Angebote ansehen Solch einen Artikel verkaufen","ewatchparts 99,9% positiv (225.086)",https://www.ebay.de/itm/310304840705,ebay_sold_p11.html
318131411787,Rolex GMT-Master II Pepsi,19499.0,EUR,Neu,Privat,2026-04-23,23. Apr 2026,1,50.0,0,1,"Preisvorschlag akzeptiert +EUR 50,00 Lieferung  Spanien Ähnliche aktive Angebote ansehen Solch einen Artikel verkaufen",jaime6428 0% positiv (0),https://www.ebay.de/itm/318131411787,ebay_sold_p11.html
327002810191,Rolex Submariner Booklet SET 1991/92  DE German / 16610 16613  16618 14060 16600,299.0,EUR,Gebraucht,Privat,2026-04-23,23. Apr 2026,1,6.99,0,1,,zeit-zeug 100% positiv (631),https://www.ebay.de/itm/327002810191,ebay_sold_p11.html
406881205582,#1969 NEU ROLEX 3155 3156 RUSSIA DAY DATE TAGESSCHEIBE DAY WHEEL WHITE SEALED,219.99,EUR,Gebraucht,Gewerblich,2026-04-23,23. Apr 2026,1,9.5,0,0,,state_of_time 100% positiv (3.803),https://www.ebay.de/itm/406881205582,ebay_sold_p11.html
287276258775,"Rolex Oyster Perpetual Katalog, 2011-2012, Hochglanz",1.0,EUR,Neu,Privat,2026-04-23,23. Apr 2026,1,1.0,0,0,,"weini1212 97,7% positiv (906)",https://www.ebay.de/itm/287276258775,ebay_sold_p11.html
227313744479,60er Jahre Long 5 Rolex Submariner 5513 LÜNETTENEINSATZ,1200.0,EUR,Neu (Sonstige),Privat,2026-04-23,23. Apr 2026,1,50.0,0,0,"Sofort-Kaufen +EUR 50,00 Lieferung  Frankreich Ähnliche aktive Angebote ansehen Solch einen Artikel verkaufen",artinwatchesuk 100% positiv (83),https://www.ebay.de/itm/227313744479,ebay_sold_p11.html
406844681288,Rolex 24-604-8 Crown 18K Gelbgold Day-Date Datejust GMT - Original,119.0,EUR,Gebraucht,Privat,2026-04-23,23. Apr 2026,1,20.0,0,0,"Sofort-Kaufen +EUR 20,00 Lieferung  Italien Ähnliche aktive Angebote ansehen Solch einen Artikel verkaufen","luxuryreplacementparts 96,4% positiv (64)",https://www.ebay.de/itm/406844681288,ebay_sold_p11.html
275975556139,BRANDNEU Rolex 32-20548 GMT Bracelet Link Jubilee 62510 Original Maglia,128.0,EUR,REFERENZEN MODELLLISTE IN BESCHREIBUNG,,2026-04-23,23. Apr 2026,1,25.0,0,1,"oder Preisvorschlag +EUR 25,00 Lieferung  Italien Ähnliche aktive Angebote ansehen Solch einen Artikel verkaufen",millerighetime_by_arriwatch 100% positiv (913),https://www.ebay.de/itm/275975556139,ebay_sold_p11.html
157840319216,"Swiss Uhrenglas kompatibel mit Rolex 6202, 6206 - Acryl - 1 Stück",29.38,EUR,Neu (Sonstige),Gewerblich,2026-04-23,23. Apr 2026,1,6.95,0,0,"Sofort-Kaufen +EUR 6,95 Lieferung  Frankreich Letzter Artikel Ähnliche aktive Angebote ansehen Solch einen Artikel verkaufen","timed_horlogerie 80,3% positiv (270)",https://www.ebay.de/itm/157840319216,ebay_sold_p11.html
227313819844,Rolex Day.Date Onyx Zifferblatt 18248,1500.0,EUR,Gebraucht,Privat,2026-04-23,23. Apr 2026,1,,0,1,,123feddel 100% positiv (631),https://www.ebay.de/itm/227313819844,ebay_sold_p11.html
116323045509,"ROLEX Trikots OYSTER Acc. 18k Gold 10,1 mm (TOP ZUSTAND)",199.0,EUR,Gebraucht,Gewerblich,2026-04-23,23. Apr 2026,1,19.0,0,0,"Sofort-Kaufen +EUR 19,00 Lieferung  Italien Ähnliche aktive Angebote ansehen Solch einen Artikel verkaufen","fornitura_boccacci 99,9% positiv (4.089)",https://www.ebay.de/itm/116323045509,ebay_sold_p11.html
206001157855,ROLEX Watch Parts - CAL 1210-7563 Setting Lever Jumper  new  (Z840),50.0,EUR,Neu (Sonstige),Gewerblich,2026-04-23,23. Apr 2026,1,5.0,0,0,,kian-werke 100% positiv (7.720),https://www.ebay.de/itm/206001157855,ebay_sold_p11.html
267210871788,Rolex Daytona Booklet - deutsch von 7.1997 -,195.0,EUR,Gebraucht,Gewerblich,2026-04-23,23. Apr 2026,1,0.0,1,1,,blackpen4810 100% positiv (9.414),https://www.ebay.de/itm/267210871788,ebay_sold_p11.html
257169261252,Rolex Precision Oysterdate Dial Singer - 6694 - Silber,250.0,EUR,Gebraucht,Privat,2026-04-23,23. Apr 2026,1,15.0,0,1,"Preisvorschlag akzeptiert +EUR 15,00 Lieferung  Italien Ähnliche aktive Angebote ansehen Solch einen Artikel verkaufen","dslab_watch 98,3% positiv (298)",https://www.ebay.de/itm/257169261252,ebay_sold_p11.html
405102585200,#1302 ORIGINAL ROLEX 3035 DATUMSSCHEIBE DATE DISC OPEN 6 & 9 SCHEIBE 3030 3075,144.49,EUR,Gebraucht,Gewerblich,2026-04-23,23. Apr 2026,1,6.95,0,0,,state_of_time 100% positiv (3.803),https://www.ebay.de/itm/405102585200,ebay_sold_p11.html
197145272904,"Rolex Oyster Perpetual /Day-Date Booklet/Gebrauchsanleitung  2020,Englisch",39.0,EUR,Gebraucht,Gewerblich,2026-04-23,23. Apr 2026,1,5.0,0,0,,"uhrenfachzentrum 99,6% positiv (1.645)",https://www.ebay.de/itm/197145272904,ebay_sold_p11.html
187166551949,ROLEX 1600-1850 Schraube für Einstellhebel / Schraube Del Tiretto ROLEX 1600 1850,20.0,EUR,Neu,Gewerblich,2026-04-23,23. Apr 2026,1,13.0,0,0,"Sofort-Kaufen +EUR 13,00 Lieferung  Italien Ähnliche aktive Angebote ansehen Solch einen Artikel verkaufen","watchparts-italy 99,5% positiv (3.454)",https://www.ebay.de/itm/187166551949,ebay_sold_p11.html
277759241361,NEU Rolex 31A-5513 Leuchtball/Einsatz Ghiera Lume DOT Submariner Blister,178.0,EUR,Neu,Gewerblich,2026-04-23,23. Apr 2026,1,25.0,0,0,"Sofort-Kaufen +EUR 25,00 Lieferung  Italien Ähnliche aktive Angebote ansehen Solch einen Artikel verkaufen",millerighetime_by_arriwatch 100% positiv (913),https://www.ebay.de/itm/277759241361,ebay_sold_p11.html
404677649036,#1050 ORIG. ROLEX 16520 / 116520 BEZEL LÜNETTE DAYTONA EDELSTAHL TACHYMETER RING,459.42,EUR,Gebraucht,Gewerblich,2026-04-23,23. Apr 2026,1,6.95,0,0,,state_of_time 100% positiv (3.803),https://www.ebay.de/itm/404677649036,ebay_sold_p11.html
186159018135,Original Rolex Kaliber 3130-236 Deckel Uhrwerk,50.0,EUR,Neu (Sonstige),Privat,2026-04-23,23. Apr 2026,1,25.0,0,0,"Sofort-Kaufen +EUR 25,00 Lieferung  Italien Ähnliche aktive Angebote ansehen Solch einen Artikel verkaufen",vigiyaneli_0 100% positiv (41),https://www.ebay.de/itm/186159018135,ebay_sold_p11.html
178069207681,Rolex 3135-421 Ancora,50.0,EUR,Gebraucht,Privat,2026-04-23,23. Apr 2026,1,20.0,0,0,"Sofort-Kaufen +EUR 20,00 Lieferung  Italien Ähnliche aktive Angebote ansehen Solch einen Artikel verkaufen",refanoro79 100% positiv (244),https://www.ebay.de/itm/178069207681,ebay_sold_p11.html
358354292067,konvolut 3 Zifferblätter,550.0,EUR,Neu (Sonstige),Privat,2026-04-23,23. Apr 2026,1,20.0,0,0,"Sofort-Kaufen +EUR 20,00 Lieferung  Italien Ähnliche aktive Angebote ansehen Solch einen Artikel verkaufen",rollowatchparts 100% positiv (5),https://www.ebay.de/itm/358354292067,ebay_sold_p11.html
197988911139,ROLEX Katalog 2023-2024 in Englisch english neu catalog new,30.0,EUR,Neu,Privat,2026-04-23,23. Apr 2026,1,13.9,0,1,"Preisvorschlag akzeptiert +EUR 13,90 Lieferung  Italien Ähnliche aktive Angebote ansehen Solch einen Artikel verkaufen",closet.c 100% positiv (1.217),https://www.ebay.de/itm/197988911139,ebay_sold_p11.html
406741582091,#1876 ORIGINAL ROLEX 2030 - 4432 UNRUH BROKEN PINION ERSATZTEIL PART USED,249.99,EUR,Gebraucht,Gewerblich,2026-04-23,23. Apr 2026,1,6.95,0,0,,state_of_time 100% positiv (3.803),https://www.ebay.de/itm/406741582091,ebay_sold_p11.html
405418042727,NEW Original Rolex White Roman Dial for Ref.6718 Pertetual Lady. With Hand Set.,300.0,EUR,Neu (Sonstige),Gewerblich,2026-04-23,23. Apr 2026,1,20.0,0,0,"Sofort-Kaufen +EUR 20,00 Lieferung  Spanien Ähnliche aktive Angebote ansehen Solch einen Artikel verkaufen","17jewelswatches 97,1% positiv (256)",https://www.ebay.de/itm/405418042727,ebay_sold_p11.html
206059452593,Rolex 1819 pallet fork for cal 1600,49.0,EUR,Gebraucht,Privat,2026-04-23,23. Apr 2026,1,12.0,0,1,"oder Preisvorschlag +EUR 12,00 Lieferung  Spanien Ähnliche aktive Angebote ansehen Solch einen Artikel verkaufen","sai_es5 99,6% positiv (1.172)",https://www.ebay.de/itm/206059452593,ebay_sold_p11.html
206059690649,Rolex 1850 setting lever screw for cal 1600 1601 1602,19.0,EUR,Gebraucht,Privat,2026-04-23,23. Apr 2026,1,12.0,0,1,"oder Preisvorschlag +EUR 12,00 Lieferung  Spanien Ähnliche aktive Angebote ansehen Solch einen Artikel verkaufen","sai_es5 99,6% positiv (1.172)",https://www.ebay.de/itm/206059690649,ebay_sold_p11.html
168173000987,ROLEX Oyster Perpetual Cosmograph Daytona Booklet 10.2014 Englisch,49.0,EUR,Neu (Sonstige),Gewerblich,2026-04-23,23. Apr 2026,1,0.0,1,0,,"eupen-feine-uhren 84,6% positiv (108)",https://www.ebay.de/itm/168173000987,ebay_sold_p11.html
311793325781,"UHRZEIGER FÜR 34MM ROLEX DATE UHRWERK 1030,1035,1040,1055,1065 SILBER UHR",31.22,EUR,Neu,Gewerblich,2026-04-23,23. Apr 2026,1,10.42,0,0,"Sofort-Kaufen +EUR 10,42 Lieferung  Vereinigte Staaten von Amerika Ähnliche aktive Angebote ansehen Solch einen Artikel verkaufen","ewatchparts 99,9% positiv (225.086)",https://www.ebay.de/itm/311793325781,ebay_sold_p11.html
276815524316,NEW Rolex 3135-360 Sekundenrad Neu im Blister,68.0,EUR,BRAND NEW PACKED - ORIGINAL NEU IM BLISTER,,2026-04-23,23. Apr 2026,1,25.0,0,0,"Sofort-Kaufen +EUR 25,00 Lieferung  Italien Ähnliche aktive Angebote ansehen Solch einen Artikel verkaufen",millerighetime_by_arriwatch 100% positiv (913),https://www.ebay.de/itm/276815524316,ebay_sold_p11.html
236650001969,ROLEX GMT. MASTER 1675 AUSSTATTUNG FULL SET MIT GARANTIE IN WEISS IN EINWANDFREIEM ZUSTAND,2800.0,EUR,Gebraucht,Privat,2026-04-22,22. Apr 2026,1,0.0,1,1,oder Preisvorschlag Gratis Lieferung  Italien Ähnliche aktive Angebote ansehen Solch einen Artikel verkaufen,piera3421 100% positiv (282),https://www.ebay.de/itm/236650001969,ebay_sold_p11.html
206121237305,Rolex Dial Day Date 18238 18038 Tapezerie,260.0,EUR,Gebraucht,Privat,2026-04-22,22. Apr 2026,1,30.0,0,0,"Sofort-Kaufen +EUR 30,00 Lieferung  Italien Ähnliche aktive Angebote ansehen Solch einen Artikel verkaufen",stepe4532 100% positiv (538),https://www.ebay.de/itm/206121237305,ebay_sold_p11.html
188207402372,Rolex Submariner Dial Zifferblatt 16610 Swiss Made Original Original,790.0,EUR,Gebraucht,Gewerblich,2026-04-22,22. Apr 2026,1,30.0,0,1,"oder Preisvorschlag +EUR 30,00 Lieferung  Italien Ähnliche aktive Angebote ansehen Solch einen Artikel verkaufen","the-watchmaker 99,8% positiv (2.266)",https://www.ebay.de/itm/188207402372,ebay_sold_p11.html
204504699093,Rolex Cal.2030/2035 Ref.4479,80.0,EUR,Neu,Gewerblich,2026-04-22,22. Apr 2026,1,18.0,0,0,"Sofort-Kaufen +EUR 18,00 Lieferung  Italien Ähnliche aktive Angebote ansehen Solch einen Artikel verkaufen",combattiamolacrisi 100% positiv (8.907),https://www.ebay.de/itm/204504699093,ebay_sold_p11.html
135683284262,Original Rolex translation/translation booklet  571.22  (110),50.0,EUR,Gebraucht,Gewerblich,2026-04-22,22. Apr 2026,1,5.0,0,1,,www-kimiatime-de 100% positiv (3.939),https://www.ebay.de/itm/135683284262,ebay_sold_p11.html
267206761069,Folleto SU ROLEX OYSTER Booklet - Spanish Vintage 1977/78 - Watches Collectors,202.5,EUR,Gebraucht,Gewerblich,2026-04-16,16. Apr 2026,1,16.95,0,1,"Preisvorschlag akzeptiert +EUR 16,95 Lieferung  Spanien Ähnliche aktive Angebote ansehen Solch einen Artikel verkaufen",epistemevintage 99% positiv (603),https://www.ebay.de/itm/267206761069,ebay_sold_p11.html
187286248027,Rolex - Ihre Rolex Oyster - Heft 579.08 Deutsch,199.99,EUR,Gebraucht,Gewerblich,2026-04-22,22. Apr 2026,1,159.99,0,1,,"zeitauktion_shop 99,8% positiv (2.982)",https://www.ebay.de/itm/187286248027,ebay_sold_p11.html
336544395382,Rolex Magazin (Englisch) + Rolex Beutel Watch and Wonders 2026 – Original Set,60.0,EUR,Neu,Privat,2026-04-22,22. Apr 2026,1,6.19,0,1,,raigun_92 100% positiv (47),https://www.ebay.de/itm/336544395382,ebay_sold_p11.html
157715884777,"Rolex Zifferblatt Blau Luminova für Daytona Ref. 116528, -523, -518, -508, -503",2290.0,EUR,Gebraucht,Gewerblich,2026-04-22,22. Apr 2026,1,0.0,1,1,Preisvorschlag akzeptiert Gratis Lieferung  Österreich Ähnliche aktive Angebote ansehen Solch einen Artikel verkaufen,"juweliereckstein 99,1% positiv (181)",https://www.ebay.de/itm/157715884777,ebay_sold_p11.html
405111160653,#1316 ROLEX ANKERRAD ESCAPE WHEEL 1520 1525 1560 1530 1570 1575 7841 8051,59.99,EUR,Gebraucht,Gewerblich,2026-04-22,22. Apr 2026,1,6.95,0,0,,state_of_time 100% positiv (3.803),https://www.ebay.de/itm/405111160653,ebay_sold_p11.html
186330950045,"ROLEX 1530 BALANCE STAFF (0,53) 1530 7864, SCHWINGENWELLE, SWISS MADE",28.0,EUR,Neu,Gewerblich,2026-04-22,22. Apr 2026,1,13.0,0,0,"Sofort-Kaufen +EUR 13,00 Lieferung  Italien Ähnliche aktive Angebote ansehen Solch einen Artikel verkaufen","watchparts-italy 99,5% positiv (3.454)",https://www.ebay.de/itm/186330950045,ebay_sold_p11.html
187549883937,rolex 4498 35mm precision case case,1500.0,EUR,Gebraucht,Gewerblich,2026-04-22,22. Apr 2026,1,30.0,0,1,"oder Preisvorschlag +EUR 30,00 Lieferung  Italien Letzter Artikel Ähnliche aktive Angebote ansehen Solch einen Artikel verkaufen","the-watchmaker 99,8% positiv (2.266)",https://www.ebay.de/itm/187549883937,ebay_sold_p11.html
236333959301,REPLACEMENT PART ROLEX ORIGINAL CALIBRE.3035 - PART 95008. Blister con 3 Pzas.,50.0,EUR,Neu,Gewerblich,2026-04-22,22. Apr 2026,1,16.0,0,0,"Sofort-Kaufen +EUR 16,00 Lieferung  Spanien Ähnliche aktive Angebote ansehen Solch einen Artikel verkaufen","dimar2018 99,8% positiv (11.466)",https://www.ebay.de/itm/236333959301,ebay_sold_p11.html
198054329168,ROLEX - KOMPONENTENKARTEN - VERSCHIEDENE KALIBER IM PDF-FORMAT -,8.56,EUR,Neu,Privat,2026-04-22,22. Apr 2026,1,0.0,1,0,Sofort-Kaufen Gratis Lieferung  Italien Ähnliche aktive Angebote ansehen Solch einen Artikel verkaufen,mylifeinflight 100% positiv (1.358),https://www.ebay.de/itm/198054329168,ebay_sold_p12.html
335849888109,"Ersatzglas für ROLEX Acrylglas, watch glass for ROLEX 25-39 25-104 25-116 25-113",25.9,EUR,Neu (Sonstige),Gewerblich,2026-04-22,22. Apr 2026,1,0.0,1,0,,"master-watch-parts 99,9% positiv (15.133)",https://www.ebay.de/itm/335849888109,ebay_sold_p12.html
257269926916,ORIGINAL ROLEX EINSATZBRILLE FÜR GMT MASTER 1675/ 16750,438.0,EUR,Neu (Sonstige),Privat,2026-04-22,22. Apr 2026,1,29.9,0,1,"oder Preisvorschlag +EUR 29,90 Lieferung  Italien Ähnliche aktive Angebote ansehen Solch einen Artikel verkaufen",mimmigial 100% positiv (277),https://www.ebay.de/itm/257269926916,ebay_sold_p12.html
165538563204,Hauptfeder Feder Zugfeder Feder FHF 32 321 322 341 342 343 MOERIS 17 R,14.9,EUR,Neu (Sonstige),Gewerblich,2026-04-22,22. Apr 2026,1,13.5,0,1,"oder Preisvorschlag +EUR 13,50 Lieferung  Italien Ähnliche aktive Angebote ansehen Solch einen Artikel verkaufen","sabaec 99,9% positiv (22.965)",https://www.ebay.de/itm/165538563204,ebay_sold_p12.html
326114248191,"Saphirglas 29,4 mm mit Dichtung für Rolex  25 -286 Uhrenglas 15200 15203 1522",34.99,EUR,Neu,Gewerblich,2026-04-22,22. Apr 2026,1,3.49,0,1,,"uhrenexpert 99,3% positiv (21.349)",https://www.ebay.de/itm/326114248191,ebay_sold_p12.html
177586122139,Rolex Garantie Zertifikat - Datejust 16014 - ORIGINAL !!!,199.0,EUR,Gebraucht,Privat,2026-04-22,22. Apr 2026,1,0.0,1,1,,watch-mal 100% positiv (598),https://www.ebay.de/itm/177586122139,ebay_sold_p12.html
227300585232,Rolex Steel Link Datejust Mesh 31mm 178274 178240 Jubilee 14mm,60.0,EUR,Gebraucht,Privat,2026-04-22,22. Apr 2026,1,20.0,0,0,"Sofort-Kaufen +EUR 20,00 Lieferung  Italien Letzter Artikel Ähnliche aktive Angebote ansehen Solch einen Artikel verkaufen",watchbox70 100% positiv (190),https://www.ebay.de/itm/227300585232,ebay_sold_p12.html
236758119346,"Rolex DateJust Schraubkrone Krone mit äußerer Ladewelle 6mm Röhre 2,1mn",51.0,EUR,Gebraucht,Privat,2026-04-22,22. Apr 2026,1,3.0,0,0,"3 Gebote +EUR 25,00 Lieferung  Italien Ähnliche aktive Angebote ansehen Solch einen Artikel verkaufen",gipsytime 100% positiv (138),https://www.ebay.de/itm/236758119346,ebay_sold_p12.html
316163804057,Rolex GMT Master Booklet Set 6 Teilig  - englisch von 2-2004 -,185.0,EUR,Gebraucht,Gewerblich,2026-04-22,22. Apr 2026,1,0.0,1,1,,blackpen4810 100% positiv (9.414),https://www.ebay.de/itm/316163804057,ebay_sold_p12.html
227299185952,Garantie Rolex GMT Master II 16713 Garantie Warranty 1992,400.0,EUR,Neu,Privat,2026-04-22,22. Apr 2026,1,18.0,0,0,"Sofort-Kaufen +EUR 18,00 Lieferung  Italien Ähnliche aktive Angebote ansehen Solch einen Artikel verkaufen",watchbox70 100% positiv (190),https://www.ebay.de/itm/227299185952,ebay_sold_p12.html
127802213212,Rolex Day-Date Dial/Zifferblatt - Walnut - 18038 / 18238,4900.0,EUR,Neu (Sonstige),Gewerblich,2026-04-22,22. Apr 2026,1,0.0,1,0,,"chronext_shop 97,9% positiv (542)",https://www.ebay.de/itm/127802213212,ebay_sold_p12.html
376787194293,Garanzia Rolex 1995,200.0,EUR,Gebraucht,Privat,2026-04-22,22. Apr 2026,1,10.0,0,0,"Sofort-Kaufen +EUR 10,00 Lieferung  Italien Ähnliche aktive Angebote ansehen Solch einen Artikel verkaufen",francavag-53 100% positiv (1),https://www.ebay.de/itm/376787194293,ebay_sold_p12.html
405379533740,#1438 ORIGINAL ROLEX OYSTER PUSHER DRÜCKER STAHL 116520 16520 DAYTONA EDELSTAHL,259.99,EUR,Gebraucht,Gewerblich,2026-04-22,22. Apr 2026,1,6.95,0,0,,state_of_time 100% positiv (3.803),https://www.ebay.de/itm/405379533740,ebay_sold_p12.html
167944547978,Rolex 1220 Ref. 7631 Unruhachse verkauft 2er Set,21.0,EUR,Neu (Sonstige),Privat,2026-04-22,22. Apr 2026,1,20.0,0,0,"Sofort-Kaufen +EUR 20,00 Lieferung  Frankreich Ähnliche aktive Angebote ansehen Solch einen Artikel verkaufen",videgrenier34 100% positiv (416),https://www.ebay.de/itm/167944547978,ebay_sold_p12.html
206108562829,Rolex 2938 balance complete with complete bridge for cal 1400,149.0,EUR,Gebraucht,Privat,2026-04-22,22. Apr 2026,1,12.0,0,1,"Preisvorschlag akzeptiert +EUR 12,00 Lieferung  Spanien Ähnliche aktive Angebote ansehen Solch einen Artikel verkaufen","sai_es5 99,6% positiv (1.172)",https://www.ebay.de/itm/206108562829,ebay_sold_p12.html
277754192353,NEU Rolex 13-16800-814 Submariner Date Quadrante 16610 Lumi 3135 im Blister,1288.0,EUR,Neu,Gewerblich,2026-04-22,22. Apr 2026,1,25.0,0,0,"Sofort-Kaufen +EUR 25,00 Lieferung  Italien Letzter Artikel Ähnliche aktive Angebote ansehen Solch einen Artikel verkaufen",millerighetime_by_arriwatch 100% positiv (913),https://www.ebay.de/itm/277754192353,ebay_sold_p12.html
406181537306,#1628 ORIGINAL ROLEX DAY DATE 1803 1802 1807 WIDE BOY 1555 1556 ZIFFERBLATT DIAL,699.99,EUR,Gebraucht,Gewerblich,2026-04-22,22. Apr 2026,1,9.5,0,0,,state_of_time 100% positiv (3.803),https://www.ebay.de/itm/406181537306,ebay_sold_p12.html
171250159614,12 KLEMMEN UHRWERK SCHRAUBE FÜR ROLEX DATE PRESIDENT 1601 1602 1603 1801 1803 1805,36.43,EUR,Neu,Gewerblich,2026-04-22,22. Apr 2026,1,10.42,0,0,"Sofort-Kaufen +EUR 10,42 Lieferung  Vereinigte Staaten von Amerika Ähnliche aktive Angebote ansehen Solch einen Artikel verkaufen","ewatchparts 99,9% positiv (225.086)",https://www.ebay.de/itm/171250159614,ebay_sold_p12.html
135683290441,Rolex  3135 - 510 Mitnehmerrad für Sperrad Driving Wheel Genuine Parts (RO-31),39.0,EUR,Neu (Sonstige),Gewerblich,2026-04-22,22. Apr 2026,1,5.0,0,0,,www-kimiatime-de 100% positiv (3.939),https://www.ebay.de/itm/135683290441,ebay_sold_p12.html
358165984799,Uhrwerk Teil FIT 3135-510 - kompatibel mit Rolex Cal. 3135,39.58,EUR,Neu (Sonstige),Privat,2026-04-22,22. Apr 2026,1,9.9,0,1,"oder Preisvorschlag +EUR 9,90 Lieferung  Italien Ähnliche aktive Angebote ansehen Solch einen Artikel verkaufen","horaantiqua-parts 86,2% positiv (63)",https://www.ebay.de/itm/358165984799,ebay_sold_p12.html
406328982091,#1665 ORIG ROLEX 24-704-0 KRONE TUBUS CROWN STAHL OYSTER TRIPLOCK 7mm STEEL 5,129.99,EUR,Gebraucht,Gewerblich,2026-04-22,22. Apr 2026,1,6.95,0,0,,state_of_time 100% positiv (3.803),https://www.ebay.de/itm/406328982091,ebay_sold_p12.html
277730878228,NEW Rolex 3135-220 Streifen Neu im Blister,88.0,EUR,Neu,Gewerblich,2026-04-22,22. Apr 2026,1,25.0,0,0,"Sofort-Kaufen +EUR 25,00 Lieferung  Italien Letzter Artikel Ähnliche aktive Angebote ansehen Solch einen Artikel verkaufen",millerighetime_by_arriwatch 100% positiv (913),https://www.ebay.de/itm/277730878228,ebay_sold_p12.html
374918980515,Original Rolex Ersatzteil Minutenrohr für Cal. 2035 B-4512-Y1 neu,69.0,EUR,Neu (Sonstige),Gewerblich,2026-04-22,22. Apr 2026,1,0.0,1,0,,"sandtuhr 99,8% positiv (54.529)",https://www.ebay.de/itm/374918980515,ebay_sold_p12.html
404362298482,#835 ORIGINAL ROLEX SUBMARINER DATE 16610 / 16800 SCHWARZ ZIFFERBLATT 3035 3135,339.99,EUR,Gebraucht,Gewerblich,2026-04-22,22. Apr 2026,1,6.95,0,0,,state_of_time 100% positiv (3.803),https://www.ebay.de/itm/404362298482,ebay_sold_p12.html
147259668527,3 Rolex Armband-Glieder Edelstahl Ersatzteil für Rolex Jubilee GMT Master II,100.0,EUR,Gebraucht,Privat,2026-04-22,22. Apr 2026,1,1.0,0,0,,fri1485 100% positiv (12),https://www.ebay.de/itm/147259668527,ebay_sold_p12.html
310372172108,3 AUFZUGSSCHAFT FÜR LADY ROLEX UHRWERK 2130-2135 67198 69160 69173 69179 SWISS,17.67,EUR,Neu,Gewerblich,2026-04-22,22. Apr 2026,1,10.42,0,0,"Sofort-Kaufen +EUR 10,42 Lieferung  Vereinigte Staaten von Amerika Ähnliche aktive Angebote ansehen Solch einen Artikel verkaufen","ewatchparts 99,9% positiv (225.086)",https://www.ebay.de/itm/310372172108,ebay_sold_p12.html
276262023487,Rolex Sapphire Crystal 25- 295C-C1 Saphirglas LOGO Datejust Submariner GMT,118.0,EUR,TOP QUALITÄT - MIT LOGO - AUTO ENTSPIEGELT,,2026-04-22,22. Apr 2026,1,25.0,0,0,"Sofort-Kaufen +EUR 25,00 Lieferung  Italien Ähnliche aktive Angebote ansehen Solch einen Artikel verkaufen",millerighetime_by_arriwatch 100% positiv (913),https://www.ebay.de/itm/276262023487,ebay_sold_p12.html
186330942563,"ROLEX 1530 SCHRAUBE FÜR AUSGLEICHSLAUF UND ZUGRADBRÜCKEN 1530 7853, VITE DEI",12.0,EUR,Neu,Gewerblich,2026-04-22,22. Apr 2026,1,13.0,0,0,"Sofort-Kaufen +EUR 13,00 Lieferung  Italien Ähnliche aktive Angebote ansehen Solch einen Artikel verkaufen","watchparts-italy 99,5% positiv (3.454)",https://www.ebay.de/itm/186330942563,ebay_sold_p12.html
177993838699,Rolex 3135-421 Ancora,50.0,EUR,Gebraucht,Privat,2026-04-22,22. Apr 2026,1,20.0,0,0,"Sofort-Kaufen +EUR 20,00 Lieferung  Italien Ähnliche aktive Angebote ansehen Solch einen Artikel verkaufen",refanoro79 100% positiv (244),https://www.ebay.de/itm/177993838699,ebay_sold_p12.html
127804950711,INSERT GENERIQUE  POUR ROLEX GMT 16753 - 1 OR / NOIR NEUF,85.0,EUR,Gebraucht,Privat,2026-04-21,21. Apr 2026,1,2.0,0,0,"2 Gebote +EUR 13,45 Lieferung  Frankreich Ähnliche aktive Angebote ansehen Solch einen Artikel verkaufen",horloge03-2013 100% positiv (639),https://www.ebay.de/itm/127804950711,ebay_sold_p12.html
163762957913,DICHTUNG FÜR SAPHIRGLAS FÜR HERREN ROLEX 25-318-C 318C 25-318C UHR TOP QLY,15.58,EUR,Neu,Gewerblich,2026-04-21,21. Apr 2026,1,6.25,0,0,"Sofort-Kaufen +EUR 6,25 Lieferung  Vereinigte Staaten von Amerika Ähnliche aktive Angebote ansehen Solch einen Artikel verkaufen","ewatchparts 99,9% positiv (225.086)",https://www.ebay.de/itm/163762957913,ebay_sold_p12.html
160820709917,NEU OYSTER UHRENGEHÄUSE SCHRAUBBODENÖFFNER FÜR ROLEX SEA DWELLER DEEPSEA 116660,26.01,EUR,Neu,Gewerblich,2026-04-21,21. Apr 2026,1,10.42,0,0,"Sofort-Kaufen +EUR 10,42 Lieferung  Vereinigte Staaten von Amerika Ähnliche aktive Angebote ansehen Solch einen Artikel verkaufen","ewatchparts 99,9% positiv (225.086)",https://www.ebay.de/itm/160820709917,ebay_sold_p12.html
226902741833,Rolex 2230-0915 Wie Neu Dämpfer Unruh Oben 2230 2235 Shock,45.1,EUR,Gebraucht,Gewerblich,2026-04-21,21. Apr 2026,1,29.0,0,1,"oder Preisvorschlag +EUR 29,00 Lieferung  Italien Ähnliche aktive Angebote ansehen Solch einen Artikel verkaufen",*rarecollections 100% positiv (1.384),https://www.ebay.de/itm/226902741833,ebay_sold_p12.html
206211797058,Original Rolex Gold Crown and Tube 6 mm Twinlock 24-604-8,160.0,EUR,Gebraucht,Privat,2026-04-21,21. Apr 2026,1,6.19,0,1,,schatzjaeger86 100% positiv (1.646),https://www.ebay.de/itm/206211797058,ebay_sold_p12.html
116869914162,Brandneu - Rolex Magazin 13  in Deutscher Ausgabe,20.0,EUR,Neu,Privat,2026-04-21,21. Apr 2026,1,2.9,0,1,,chardy82 100% positiv (246),https://www.ebay.de/itm/116869914162,ebay_sold_p12.html
357682821570,Rolex GMT-Master 16700/16750/16710/16760 Black Tritium Dial,900.0,EUR,Gebraucht,Gewerblich,2026-04-21,21. Apr 2026,1,19.0,0,1,,luxewatchesgermany 100% positiv (92),https://www.ebay.de/itm/357682821570,ebay_sold_p12.html
136436056525,Vintage Rolex Datejust Blue Sigma Dial 1601 1603 Pie-Pan (Patina / Damaged),500.0,EUR,Gebraucht,Privat,2026-04-21,21. Apr 2026,1,30.0,0,0,"Sofort-Kaufen +EUR 30,00 Lieferung  Dänemark Ähnliche aktive Angebote ansehen Solch einen Artikel verkaufen",odder1 100% positiv (671),https://www.ebay.de/itm/136436056525,ebay_sold_p12.html
397854441350,Rolex Precision Zifferblatt Schwarz Gold 3-6-9 Ref6426 Cal 1210 27mm Vintage X14,113.0,EUR,Gebraucht,Gewerblich,2026-04-21,21. Apr 2026,1,3.0,0,0,,"strolchi007 99,3% positiv (1.336)",https://www.ebay.de/itm/397854441350,ebay_sold_p12.html
389612051913,"Rolex Explorer II 2 16570 Zifferblatt Dial schwarz ""swiss T 25"" black",200.0,EUR,Gebraucht,Gewerblich,2026-04-21,21. Apr 2026,1,14.9,0,1,"oder Preisvorschlag +EUR 14,90 Lieferung  Italien Ähnliche aktive Angebote ansehen Solch einen Artikel verkaufen","luxurytime.shop 99,8% positiv (2.110)",https://www.ebay.de/itm/389612051913,ebay_sold_p12.html
198168488816,Rolex 1530 1570 komplette Schwungmasse 1530-7903 Original 1555 1556 1560/65,150.0,EUR,Gebraucht,Gewerblich,2026-04-21,21. Apr 2026,1,0.0,1,1,"oder Preisvorschlag +EUR 12,00 Lieferung  Italien Kostenloser Rückversand Ähnliche aktive Angebote ansehen Solch einen Artikel verkaufen","sebi_1611 99,8% positiv (1.567)",https://www.ebay.de/itm/198168488816,ebay_sold_p12.html
127353002117,AUFZUGSFEDER FÜR OMEGA  CAL. 1040 u. 1041 PART No. 1208 ~NOS~,39.9,EUR,Neu (Sonstige),Gewerblich,2026-04-21,21. Apr 2026,1,0.0,1,0,,"horlogerie2012 99,8% positiv (11.438)",https://www.ebay.de/itm/127353002117,ebay_sold_p12.html
167227308890,The Rolex Magazine - N° 5  Yacth Master-II Edizione Italiana - Italian edition,60.0,EUR,Neu (Sonstige),Privat,2026-04-21,21. Apr 2026,1,16.0,0,1,"Preisvorschlag akzeptiert +EUR 16,00 Lieferung  Italien Ähnliche aktive Angebote ansehen Solch einen Artikel verkaufen",caronda 100% positiv (1.037),https://www.ebay.de/itm/167227308890,ebay_sold_p12.html
304742097377,ROLEX Anker Ladies Kaliber 2130 2135 movement part 421 Pallet fork original,79.0,EUR,Gebraucht,Gewerblich,2026-04-21,21. Apr 2026,1,7.0,0,1,,luxini_hamburg 100% positiv (3.973),https://www.ebay.de/itm/304742097377,ebay_sold_p12.html
277767779926,NEU Rolex 29-317-3-C5 Glasdichtung Datejust/ExplorerYachtMasterDayDate x1pc,38.0,EUR,Neu,Gewerblich,2026-04-21,21. Apr 2026,1,25.0,0,0,"Sofort-Kaufen +EUR 25,00 Lieferung  Italien Ähnliche aktive Angebote ansehen Solch einen Artikel verkaufen",millerighetime_by_arriwatch 100% positiv (913),https://www.ebay.de/itm/277767779926,ebay_sold_p12.html
267608424052,Libretto Rolex oyster italiano 1990,49.0,EUR,Gebraucht,Privat,2026-04-21,21. Apr 2026,1,30.0,0,1,"oder Preisvorschlag +EUR 30,00 Lieferung  Italien Ähnliche aktive Angebote ansehen Solch einen Artikel verkaufen",giacoromel 100% positiv (76),https://www.ebay.de/itm/267608424052,ebay_sold_p12.html
317910716855,Rolex 77080 Original Garantie,160.0,EUR,Gebraucht,Privat,2026-04-21,21. Apr 2026,1,14.0,0,1,"Preisvorschlag akzeptiert +EUR 14,00 Lieferung  Italien Ähnliche aktive Angebote ansehen Solch einen Artikel verkaufen","bianch_18 97,7% positiv (169)",https://www.ebay.de/itm/317910716855,ebay_sold_p12.html
137013298945,Rolex Genuine Clasp Pin B32-20833-D5 (1 Stück) Original Bar,16.8,EUR,Neu (Sonstige),Gewerblich,2026-04-21,21. Apr 2026,1,15.0,0,0,"Sofort-Kaufen +EUR 15,00 Lieferung  Italien Letzter Artikel Ähnliche aktive Angebote ansehen Solch einen Artikel verkaufen","taccalamela 99,4% positiv (4.321)",https://www.ebay.de/itm/137013298945,ebay_sold_p12.html
177887377775,ROLEX MAGAZINE 6 ITALIANO - edizione numero 6,29.99,EUR,Neu,Privat,2026-04-21,21. Apr 2026,1,12.0,0,1,"Preisvorschlag akzeptiert +EUR 12,00 Lieferung  Italien Ähnliche aktive Angebote ansehen Solch einen Artikel verkaufen","pazucc_5 98,7% positiv (158)",https://www.ebay.de/itm/177887377775,ebay_sold_p12.html
176751810756,Rolex Service In Weiß Französisch Sprache,49.9,EUR,Neu,Privat,2026-04-21,21. Apr 2026,1,40.0,0,1,"oder Preisvorschlag +EUR 40,00 Lieferung  Italien Ähnliche aktive Angebote ansehen Solch einen Artikel verkaufen",giandad 100% positiv (334),https://www.ebay.de/itm/176751810756,ebay_sold_p12.html
206059435964,Rolex 1828 balance complete  for cal 1600,199.0,EUR,Gebraucht,Privat,2026-04-21,21. Apr 2026,1,12.0,0,1,"Preisvorschlag akzeptiert +EUR 12,00 Lieferung  Spanien Ähnliche aktive Angebote ansehen Solch einen Artikel verkaufen","sai_es5 99,6% positiv (1.172)",https://www.ebay.de/itm/206059435964,ebay_sold_p12.html
406841980917,#1942 NEU ROLEX GMT MASTER 126710 BLNR BLUE LUME CAL 3285 PEPSI  ZEIGER HANDS,599.99,EUR,Gebraucht,Gewerblich,2026-04-21,21. Apr 2026,1,9.5,0,0,,state_of_time 100% positiv (3.803),https://www.ebay.de/itm/406841980917,ebay_sold_p12.html
297144130292,Zugfeder 771 passend für Rolex 3035 3055 3075 3085 Kaliber Mainspring 3035-5009,23.9,EUR,Neu,Gewerblich,2026-04-21,21. Apr 2026,1,14.9,0,1,"oder Preisvorschlag +EUR 14,90 Lieferung  Österreich Ähnliche aktive Angebote ansehen Solch einen Artikel verkaufen",jowa.uhren 100% positiv (238),https://www.ebay.de/itm/297144130292,ebay_sold_p12.html
236651122761,REPLACEMENT PART ROLEX ORIGINAL CALIBRE. 2235- PART 231.,79.0,EUR,Neu,Gewerblich,2026-04-21,21. Apr 2026,1,16.0,0,0,"Sofort-Kaufen +EUR 16,00 Lieferung  Spanien Ähnliche aktive Angebote ansehen Solch einen Artikel verkaufen","dimar2018 99,8% positiv (11.466)",https://www.ebay.de/itm/236651122761,ebay_sold_p12.html
357854769943,Rolex Explorer 2 Polar White Tritium Dial 16570/16550,720.0,EUR,Gebraucht,Gewerblich,2026-04-21,21. Apr 2026,1,19.0,0,1,,luxewatchesgermany 100% positiv (92),https://www.ebay.de/itm/357854769943,ebay_sold_p12.html
166229375235,Plexiglas für 25-21 Rolex Crystal Glass Uhrenglas Verre 1018 5505 6240 6265,8.9,EUR,Neu,Gewerblich,2026-04-21,21. Apr 2026,1,13.5,0,0,"Sofort-Kaufen +EUR 13,50 Lieferung  Italien Ähnliche aktive Angebote ansehen Solch einen Artikel verkaufen","sabaec 99,9% positiv (22.965)",https://www.ebay.de/itm/166229375235,ebay_sold_p12.html
225770773572,ROLEX Katalog Ref. 276.05 Uhren Jahr 2017-2018 Italienische Sprache 211 Seiten,20.0,EUR,Neu (Sonstige),Gewerblich,2026-04-21,21. Apr 2026,1,14.0,0,0,"Sofort-Kaufen +EUR 14,00 Lieferung  Italien Ähnliche aktive Angebote ansehen Solch einen Artikel verkaufen",cinturinieaccessori_outlet 100% positiv (507),https://www.ebay.de/itm/225770773572,ebay_sold_p12.html
146069878865,"Original Zifferblatt weiß, silber Stick Index für Rolex Datejust 36mm - Quadrante",490.0,EUR,Gebraucht,Gewerblich,2026-04-21,21. Apr 2026,1,30.0,0,1,"oder Preisvorschlag +EUR 30,00 Lieferung  Italien Ähnliche aktive Angebote ansehen Solch einen Artikel verkaufen",afadsrl 100% positiv (2.101),https://www.ebay.de/itm/146069878865,ebay_sold_p12.html
163486845935,Ewatchparts grüne Lünette Einsatz für Rolex Submariner Kermit 16800 16610 PEARL PIP,72.92,EUR,Neu,Gewerblich,2026-04-20,20. Apr 2026,1,10.42,0,0,"Sofort-Kaufen +EUR 10,42 Lieferung  Vereinigte Staaten von Amerika Ähnliche aktive Angebote ansehen Solch einen Artikel verkaufen","ewatchparts 99,9% positiv (225.086)",https://www.ebay.de/itm/163486845935,ebay_sold_p12.html
205327489932,Rolex NOS Saphirglas 25/285,419.0,EUR,Gebraucht,Gewerblich,2026-04-20,20. Apr 2026,1,29.0,0,1,"oder Preisvorschlag +EUR 29,00 Lieferung  Italien Ähnliche aktive Angebote ansehen Solch einen Artikel verkaufen",watchmydial 100% positiv (460),https://www.ebay.de/itm/205327489932,ebay_sold_p12.html
406630267720,GENERIC kompatibel Acrylglas 25-19 Tropic für Rolex Sub 5513 5512 Ø 30....,29.0,EUR,Neu,Gewerblich,2026-04-20,20. Apr 2026,1,19.0,0,0,"Sofort-Kaufen +EUR 19,00 Lieferung  Italien Ähnliche aktive Angebote ansehen Solch einen Artikel verkaufen","fornitura_boccacci 99,9% positiv (4.089)",https://www.ebay.de/itm/406630267720,ebay_sold_p12.html
317319937888,Rolex Oyster Perpetual 36mm 116000 Luminova Zifferblatt NEU 366,339.0,EUR,Neu (Sonstige),Privat,2026-04-20,20. Apr 2026,1,25.0,0,0,"Sofort-Kaufen +EUR 25,00 Lieferung  Italien Ähnliche aktive Angebote ansehen Solch einen Artikel verkaufen",filzu54 100% positiv (77),https://www.ebay.de/itm/317319937888,ebay_sold_p12.html
188295241981,Rolex Date Ref. 15238 Zertifikat Garantie Garantie Jahr 1990 Serie L.,165.0,EUR,Gebraucht,Privat,2026-04-20,20. Apr 2026,1,1.0,0,1,"1 Gebot Preisvorschlag akzeptiert +EUR 20,00 Lieferung  Italien Ähnliche aktive Angebote ansehen Solch einen Artikel verkaufen",saverioma1964 100% positiv (816),https://www.ebay.de/itm/188295241981,ebay_sold_p12.html
136499030711,Rolex Protection Submariner GMT Yatch Master Sea Dweller Gehäuse Edelstahl,16.0,EUR,Neu (Sonstige),Privat,2026-04-20,20. Apr 2026,1,9.0,0,1,"oder Preisvorschlag +EUR 9,00 Lieferung  Italien Ähnliche aktive Angebote ansehen Solch einen Artikel verkaufen",watches_and_more77 100% positiv (70),https://www.ebay.de/itm/136499030711,ebay_sold_p12.html
317373531631,vintage Rolex Kalender / calendar 1990 - 1991 in great condition / Top Zustand,129.0,EUR,Gebraucht,Privat,2026-04-20,20. Apr 2026,1,0.0,1,1,,timerun84 100% positiv (19),https://www.ebay.de/itm/317373531631,ebay_sold_p12.html
366357766703,Rolex Magazin (Englisch) + Rolex Beutel Watch and Wonders 2026 – Original Set,60.0,EUR,Neu,Privat,2026-04-20,20. Apr 2026,1,6.19,0,1,,privat530 100% positiv (8),https://www.ebay.de/itm/366357766703,ebay_sold_p12.html
358354303101,Rolex Zifferblatt Custom für Datejust 116200-116234,250.0,EUR,Neu (Sonstige),Privat,2026-04-20,20. Apr 2026,1,20.0,0,0,"Sofort-Kaufen +EUR 20,00 Lieferung  Italien Ähnliche aktive Angebote ansehen Solch einen Artikel verkaufen",rollowatchparts 100% positiv (5),https://www.ebay.de/itm/358354303101,ebay_sold_p12.html
235940569391,Authentic Rolex Dial For Datejust 126334 Silver 41mm 2024,280.0,EUR,Neu (Sonstige),Privat,2026-04-20,20. Apr 2026,1,17.9,0,1,"Preisvorschlag akzeptiert +EUR 17,90 Lieferung  Italien Ähnliche aktive Angebote ansehen Solch einen Artikel verkaufen","timeless_creations_llc 88,9% positiv (17)",https://www.ebay.de/itm/235940569391,ebay_sold_p12.html
187763024190,Rolex 3235 120 Balance Bridge Rolex Originalteile,210.0,EUR,Neu,Gewerblich,2026-04-20,20. Apr 2026,1,13.0,0,0,"Sofort-Kaufen +EUR 13,00 Lieferung  Italien Ähnliche aktive Angebote ansehen Solch einen Artikel verkaufen","watchparts-italy 99,5% positiv (3.454)",https://www.ebay.de/itm/187763024190,ebay_sold_p12.html
135683280604,Original Rolex DAY-DATE Booklet 592.03 – DE – 3 -7. 1985  (126),125.0,EUR,Gebraucht,Gewerblich,2026-04-20,20. Apr 2026,1,5.0,0,1,,www-kimiatime-de 100% positiv (3.939),https://www.ebay.de/itm/135683280604,ebay_sold_p12.html
304742102078,ROLEX Stoppfeder für Unruh cal 2030 2035 part 4460 Balance stop spring original,35.0,EUR,Gebraucht,Gewerblich,2026-04-20,20. Apr 2026,1,7.0,0,0,,luxini_hamburg 100% positiv (3.973),https://www.ebay.de/itm/304742102078,ebay_sold_p12.html
198027787344,Original Rolex Zifferblatt Rolex Oyster Perpetual Lady 18 mm,75.0,EUR,Gebraucht,Privat,2026-04-20,20. Apr 2026,1,6.19,0,1,,matze500sl 100% positiv (1.276),https://www.ebay.de/itm/198027787344,ebay_sold_p12.html
147196056930,"Rolex Ersatzglied, Link Präsident Armband u.a. 9,85 mm, 750 Gold poliert/matt",360.0,EUR,Refurbished,Gewerblich,2026-04-20,20. Apr 2026,1,8.9,0,1,,www.gold-oase 100% positiv (3.424),https://www.ebay.de/itm/147196056930,ebay_sold_p12.html
297200976178,ROLEX DAYTONA 6263 6265 Drücker Teile Pusher Parts 24-302-0 Steel Stahl original,550.0,EUR,Gebraucht,Gewerblich,2026-04-20,20. Apr 2026,1,22.0,0,1,,luxini_hamburg 100% positiv (3.973),https://www.ebay.de/itm/297200976178,ebay_sold_p12.html
168247719728,"Rolex Zifferblatt weiß für Referenzen 1007, 1002 usw. für 34 mm Modelle",270.0,EUR,Gebraucht,Gewerblich,2026-04-20,20. Apr 2026,1,0.0,1,0,Sofort-Kaufen Gratis Lieferung  Italien Ähnliche aktive Angebote ansehen Solch einen Artikel verkaufen,energia.fornitura 100% positiv (4),https://www.ebay.de/itm/168247719728,ebay_sold_p12.html
357682821524,Rolex Air King Silver Luminova Dial 14000/14010/114200/114234,500.0,EUR,Gebraucht,Gewerblich,2026-04-20,20. Apr 2026,1,19.0,0,1,,luxewatchesgermany 100% positiv (92),https://www.ebay.de/itm/357682821524,ebay_sold_p12.html
257442401090,Rolex 2350 Gehäuseboden Original Rolex GMT 116710 116710BLNR ORIGINAL 100% Fondello,598.0,EUR,Gebraucht,Gewerblich,2026-04-20,20. Apr 2026,1,19.9,0,0,"Sofort-Kaufen +EUR 19,90 Lieferung  Italien Ähnliche aktive Angebote ansehen Solch einen Artikel verkaufen",il_tempo_dei_principi_srl 100% positiv (442),https://www.ebay.de/itm/257442401090,ebay_sold_p12.html
264960881928,Original Rolex Kaliber 4130-105 Laufbrücke,150.0,EUR,Neu (Sonstige),Privat,2026-04-20,20. Apr 2026,1,25.0,0,0,"Sofort-Kaufen +EUR 25,00 Lieferung  Italien Ähnliche aktive Angebote ansehen Solch einen Artikel verkaufen",pasquale9359 100% positiv (123),https://www.ebay.de/itm/264960881928,ebay_sold_p12.html
126333626581,SELTENES HUBLOT ETA 956.412 QUARZ UHRWERK FÜR TEILE LÄUFT,100.0,EUR,Gebraucht,Gewerblich,2026-04-20,20. Apr 2026,1,15.0,0,1,"Preisvorschlag akzeptiert +EUR 15,00 Lieferung  Italien Ähnliche aktive Angebote ansehen Solch einen Artikel verkaufen",sales-watch-parts 100% positiv (441),https://www.ebay.de/itm/126333626581,ebay_sold_p12.html
366356853932,Rolex Magazin (Englisch) + Rolex Beutel Watch and Wonders 2026 – Original Set,60.0,EUR,Neu,Privat,2026-04-20,20. Apr 2026,1,6.19,0,1,,privat530 100% positiv (8),https://www.ebay.de/itm/366356853932,ebay_sold_p12.html
405918728756,#547 ORIG. ROLEX 5058 OYSTER PRECISION XL 34mm CASE SET GEHÄUSE DECKEL REPAIR,229.99,EUR,Gebraucht,Gewerblich,2026-04-20,20. Apr 2026,1,6.95,0,0,,state_of_time 100% positiv (3.803),https://www.ebay.de/itm/405918728756,ebay_sold_p12.html
317581912360,Rolex Lady-Datejust Zeiger Set Gold,50.0,EUR,Gebraucht,Gewerblich,2026-04-18,18. Apr 2026,1,16.0,0,0,"Sofort-Kaufen +EUR 16,00 Lieferung  Spanien Ähnliche aktive Angebote ansehen Solch einen Artikel verkaufen","aswatches_parts 99,8% positiv (1.023)",https://www.ebay.de/itm/317581912360,ebay_sold_p12.html
227197150408,Rolex Vintage Tag Oyster Swimpruf 60/70er Jahre. Original,160.0,EUR,Gebraucht,Privat,2026-04-20,20. Apr 2026,1,14.9,0,1,"oder Preisvorschlag +EUR 14,90 Lieferung  Italien Ähnliche aktive Angebote ansehen Solch einen Artikel verkaufen",nicocif_0 100% positiv (139),https://www.ebay.de/itm/227197150408,ebay_sold_p12.html
295760983348,ROLEX Ersatzteil Minutenrohr cal 1215  1225 part 7591 Cannon pinion original,70.0,EUR,Gebraucht,Gewerblich,2026-04-20,20. Apr 2026,1,7.0,0,1,,luxini_hamburg 100% positiv (3.973),https://www.ebay.de/itm/295760983348,ebay_sold_p12.html
205327489254,Rolex Datejust Champagner Zifferblatt für 16233 16203 16013,299.0,EUR,Gebraucht,Gewerblich,2026-04-20,20. Apr 2026,1,29.0,0,1,"oder Preisvorschlag +EUR 29,00 Lieferung  Italien Ähnliche aktive Angebote ansehen Solch einen Artikel verkaufen",watchmydial 100% positiv (460),https://www.ebay.de/itm/205327489254,ebay_sold_p12.html
357286941337,1 Watch Repair Tool for Necessary Rolex Watch Case Opening...,32.99,EUR,Neu,Gewerblich,2026-04-20,20. Apr 2026,1,0.0,1,1,oder Preisvorschlag Gratis Lieferung  Frankreich Ähnliche aktive Angebote ansehen Solch einen Artikel verkaufen,"k13_10 99,5% positiv (864)",https://www.ebay.de/itm/357286941337,ebay_sold_p12.html
127554717017,Original SERIF ROLEX NOS GMT Master BLACK Inlay Lünette 16710 16700 16760 Insert,499.0,EUR,Neu (Sonstige),Gewerblich,2026-04-20,20. Apr 2026,1,6.9,0,1,,almawatches 100% positiv (3.677),https://www.ebay.de/itm/127554717017,ebay_sold_p12.html
204908401855,"ROLEX  29/31 mm, 4 Links Glieder Edelstahl Band Jubilee, B:12,42 mm, 1977, neu",99.0,EUR,Neu (Sonstige),Privat,2026-04-20,20. Apr 2026,1,5.49,0,1,,sveni61 100% positiv (930),https://www.ebay.de/itm/204908401855,ebay_sold_p12.html
165732238219,Plexiglas für 25-3 Rolex Crystal Glass Uhrenglas Verre 6615 6619 6719 6800,8.9,EUR,Neu,Gewerblich,2026-04-20,20. Apr 2026,1,13.5,0,0,"Sofort-Kaufen +EUR 13,50 Lieferung  Italien Ähnliche aktive Angebote ansehen Solch einen Artikel verkaufen","sabaec 99,9% positiv (22.965)",https://www.ebay.de/itm/165732238219,ebay_sold_p12.html
134603076743,Tropic Plexiglas Hexalit kompatibel (nicht original) für Rolex Uhren,1.0,EUR,Neu,Gewerblich,2026-04-20,20. Apr 2026,1,12.0,0,0,"Sofort-Kaufen +EUR 12,00 Lieferung  Italien Ähnliche aktive Angebote ansehen Solch einen Artikel verkaufen",beppe_capriolo 100% positiv (2.875),https://www.ebay.de/itm/134603076743,ebay_sold_p12.html
267581216657,Rolex Datejust 41mm Zifferblatt Dial 126300 / 126344 Arabic Iceblue Eisblau,999.0,EUR,Neu (Sonstige),Gewerblich,2026-04-19,19. Apr 2026,1,0.0,1,0,,"luxtrade-fairkauf 99,7% positiv (2.317)",https://www.ebay.de/itm/267581216657,ebay_sold_p12.html
168251647152,Ultra Rare Genuine Rolex Box Oysterquartz 68.00.06 Rolex Box 17000 17013,520.0,EUR,Gebraucht,Privat,2026-04-19,19. Apr 2026,1,25.0,0,1,"Preisvorschlag akzeptiert +EUR 25,00 Lieferung  Italien Ähnliche aktive Angebote ansehen Solch einen Artikel verkaufen",caronda 100% positiv (1.037),https://www.ebay.de/itm/168251647152,ebay_sold_p12.html
204685131468,Rolex Vintage altes Sammler Zifferblatt SEHR seltene arabische Indizes,799.0,EUR,Gebraucht,Gewerblich,2026-04-19,19. Apr 2026,1,29.0,0,1,"oder Preisvorschlag +EUR 29,00 Lieferung  Italien Ähnliche aktive Angebote ansehen Solch einen Artikel verkaufen",watchmydial 100% positiv (460),https://www.ebay.de/itm/204685131468,ebay_sold_p12.html
317584694810,vintage Rolex Kalender / calendar 1978 - 1979 in great condition / Top Zustand,129.0,EUR,Gebraucht,Privat,2026-04-19,19. Apr 2026,1,0.0,1,1,,timerun84 100% positiv (19),https://www.ebay.de/itm/317584694810,ebay_sold_p12.html
267187817082,Rolex GMT-Master II Booklet Set 4 Teilig  - deutsch von 1.2020 -,195.0,EUR,Gebraucht,Gewerblich,2026-04-19,19. Apr 2026,1,0.0,1,1,,blackpen4810 100% positiv (9.414),https://www.ebay.de/itm/267187817082,ebay_sold_p12.html
175604945186,"Acryl Ersatzglas kompatibel zu Rolex für Datejust Turnograph 16000, 16030, 16250",39.95,EUR,Neu,Gewerblich,2026-04-19,19. Apr 2026,1,0.0,1,0,,watchparts24 100% positiv (71.339),https://www.ebay.de/itm/175604945186,ebay_sold_p12.html
127806524896,"3 Rolex Kataloge Bücher Auswahlbüchlein aus 2012, 2017 und 2024 mit Preislisten",25.0,EUR,Gebraucht,Privat,2026-04-19,19. Apr 2026,1,1.0,0,0,,klarinettenmuckel 100% positiv (831),https://www.ebay.de/itm/127806524896,ebay_sold_p12.html
397847474886,Rolex Oysterdate Precision Zifferblatt California Dial Ref 6694 Cal 1225 X15,112.0,EUR,Gebraucht,Gewerblich,2026-04-19,19. Apr 2026,1,4.0,0,0,,"strolchi007 99,3% positiv (1.336)",https://www.ebay.de/itm/397847474886,ebay_sold_p12.html
265837616409,Rolex Submariner Booklet Set 6 Teilig  - englisch von 1-1992,195.0,EUR,Gebraucht,Gewerblich,2026-04-19,19. Apr 2026,1,0.0,1,1,,blackpen4810 100% positiv (9.414),https://www.ebay.de/itm/265837616409,ebay_sold_p12.html
186927297225,Rolex 3135-140 Automatik Bridge (ORIGINAL/ORIGINAL),20.0,EUR,Gebraucht,Gewerblich,2026-04-19,19. Apr 2026,1,10.0,0,0,"Sofort-Kaufen +EUR 10,00 Lieferung  Italien Ähnliche aktive Angebote ansehen Solch einen Artikel verkaufen","ecol3265 97,9% positiv (655)",https://www.ebay.de/itm/186927297225,ebay_sold_p12.html
147170412963,Rolex Uhrwerk Kaliber 3135 Original Submariner 16610 16610LV 116610 116610LV,3999.0,EUR,Neu (Sonstige),Gewerblich,2026-04-19,19. Apr 2026,1,29.0,0,1,"Preisvorschlag akzeptiert +EUR 29,00 Lieferung  Italien Ähnliche aktive Angebote ansehen Solch einen Artikel verkaufen",berenato_forniture 100% positiv (1),https://www.ebay.de/itm/147170412963,ebay_sold_p12.html
236741749082,Rolex Garantie Warranty Blank 100% Original Garantie 1675 1665 1655 5512 1019,4999.0,EUR,Rolex 570.00 6263 6265 18038 18049 18039 5512,,2026-04-19,19. Apr 2026,1,19.99,0,1,"Preisvorschlag akzeptiert +EUR 19,99 Lieferung  Italien Ähnliche aktive Angebote ansehen Solch einen Artikel verkaufen",in_freschezza 100% positiv (126),https://www.ebay.de/itm/236741749082,ebay_sold_p12.html
176310052018,2 Edelstahl Schlaufen kompatibel Rolex Uhren Spring Bars 13mm Lochgehäuse,3.9,EUR,Neu,Gewerblich,2026-04-19,19. Apr 2026,1,9.9,0,0,"Sofort-Kaufen +EUR 9,90 Lieferung  Italien Ähnliche aktive Angebote ansehen Solch einen Artikel verkaufen","watchbandman75 98,5% positiv (14.068)",https://www.ebay.de/itm/176310052018,ebay_sold_p12.html
375080134528,Armbanduhren-Special: ROLEX  Fotos/Bilder/Technik/Geschichte/Uhren-Buch/Rolex,12.9,EUR,Neu,Gewerblich,2026-04-19,19. Apr 2026,1,2.5,0,0,,das-geschichtsbuch 100% positiv (160.557),https://www.ebay.de/itm/375080134528,ebay_sold_p12.html
157824277909,Original Rolex Datejust 36 Zifferblatt Black Roman Ref. 116200 116234 Cal. 3135,499.0,EUR,Gebraucht,Gewerblich,2026-04-19,19. Apr 2026,1,6.99,0,1,,erbschaftantreten99 100% positiv (1.862),https://www.ebay.de/itm/157824277909,ebay_sold_p12.html
316569337993,Rolex Submariner Booklet Set 6 Teilig  - englisch von 1.2002 -,185.0,EUR,Gebraucht,Gewerblich,2026-04-19,19. Apr 2026,1,0.0,1,0,,blackpen4810 100% positiv (9.414),https://www.ebay.de/itm/316569337993,ebay_sold_p12.html
197145201577,Rolex Kalender von 2002 /2003,29.0,EUR,Gebraucht,Gewerblich,2026-04-19,19. Apr 2026,1,5.0,0,0,,"uhrenfachzentrum 99,6% positiv (1.645)",https://www.ebay.de/itm/197145201577,ebay_sold_p12.html
186692857767,"Rolex Date Zifferblatt, Black Dial (Matte Black), für Ref. 1570 / 1560 / 1500",299.99,EUR,Gebraucht,Gewerblich,2026-04-19,19. Apr 2026,1,249.99,0,0,,"zeitauktion_shop 99,8% positiv (2.982)",https://www.ebay.de/itm/186692857767,ebay_sold_p12.html
318138415201,Rolex Uhrwerk,46.5,EUR,Gebraucht,Gewerblich,2026-04-19,19. Apr 2026,1,7.0,0,0,"7 Gebote +EUR 7,50 Lieferung  Frankreich Ähnliche aktive Angebote ansehen Solch einen Artikel verkaufen","artvint_17 99,2% positiv (171)",https://www.ebay.de/itm/318138415201,ebay_sold_p12.html
197974187089,"Original ROLEX GMT  Lünette 16710 schwarz / rot, Zustand prima",200.0,EUR,Gebraucht,Gewerblich,2026-04-19,19. Apr 2026,1,5.0,0,0,,"uhrenfachzentrum 99,6% positiv (1.645)",https://www.ebay.de/itm/197974187089,ebay_sold_p12.html
397681480066,NOS TEIL 5066 FÜR UHRWERK ROLEX KALIBER 3035 @ FEDERCLIP @ 100% ORIGINAL,29.99,EUR,Neu,Gewerblich,2026-04-18,18. Apr 2026,1,6.0,0,0,"Sofort-Kaufen +EUR 6,00 Lieferung  Frankreich Ähnliche aktive Angebote ansehen Solch einen Artikel verkaufen","france_monnaies 99,2% positiv (42.543)",https://www.ebay.de/itm/397681480066,ebay_sold_p12.html
406326115975,GENERIC kompatible Ring-Ratschenfeder für ROLEX Ref. 15710 16753 (NEU),20.0,EUR,Neu,Gewerblich,2026-04-18,18. Apr 2026,1,19.0,0,0,"Sofort-Kaufen +EUR 19,00 Lieferung  Italien Ähnliche aktive Angebote ansehen Solch einen Artikel verkaufen","fornitura_boccacci 99,9% positiv (4.089)",https://www.ebay.de/itm/406326115975,ebay_sold_p12.html
135683264788,ROLEX Warranty Manual Booklet  (  Ref 563.81)  16  languages – (RO-W),12.0,EUR,Gebraucht,Gewerblich,2026-04-18,18. Apr 2026,1,4.0,0,0,,www-kimiatime-de 100% positiv (3.939),https://www.ebay.de/itm/135683264788,ebay_sold_p12.html
117130591067,Rolex Daytona Lemans Zifferblatt,165.0,EUR,Gebraucht,Privat,2026-04-18,18. Apr 2026,1,6.19,0,1,,loumcray 100% positiv (675),https://www.ebay.de/itm/117130591067,ebay_sold_p12.html
168189727184,Ultra Rare Genuine Rolex Box 76.80.3 scatola anni 70/80 1675 5513 16750 1680,220.0,EUR,Gebraucht,Privat,2026-04-18,18. Apr 2026,1,15.0,0,1,"Preisvorschlag akzeptiert +EUR 15,00 Lieferung  Italien Ähnliche aktive Angebote ansehen Solch einen Artikel verkaufen",caronda 100% positiv (1.037),https://www.ebay.de/itm/168189727184,ebay_sold_p12.html
198242955973,Rolex Day-Date Zifferblatt 36mm Brillanten ORIGINAL,550.0,EUR,Neu (Sonstige),Privat,2026-04-15,15. Apr 2026,1,15.0,0,0,"Sofort-Kaufen +EUR 15,00 Lieferung  Italien Ähnliche aktive Angebote ansehen Solch einen Artikel verkaufen","italy_1982 88,2% positiv (258)",https://www.ebay.de/itm/198242955973,ebay_sold_p12.html
205894763306,ROLEX ZIFFERBLATT DIAL DATEJUST 36 HERREN VINTAGE SCHWARZ 1600,299.0,EUR,Gebraucht,Gewerblich,2026-04-18,18. Apr 2026,1,0.0,1,1,,"luxus-freund24 99,5% positiv (41.881)",https://www.ebay.de/itm/205894763306,ebay_sold_p12.html
193979825224,AUFZUGSSTANGE FÜR ROLEX CAL 3000 3030 3035 3055 3075 3085 STEM Ref. 5025,28.0,EUR,Neu (Sonstige),Gewerblich,2026-04-18,18. Apr 2026,1,6.0,0,0,"Sofort-Kaufen +EUR 6,00 Lieferung  Frankreich Letzter Artikel Ähnliche aktive Angebote ansehen Solch einen Artikel verkaufen",ocoeurdutemps 100% positiv (12.322),https://www.ebay.de/itm/193979825224,ebay_sold_p12.html
176109150310,Rolex 3000-3030-3035-5036-Tiretto,70.0,EUR,Gebraucht,Privat,2026-04-18,18. Apr 2026,1,20.0,0,0,"Sofort-Kaufen +EUR 20,00 Lieferung  Italien Ähnliche aktive Angebote ansehen Solch einen Artikel verkaufen",refanoro79 100% positiv (244),https://www.ebay.de/itm/176109150310,ebay_sold_p12.html
147264666629,Rolex Hunter Uhrwerk,160.0,EUR,Gebraucht,Privat,2026-04-18,18. Apr 2026,1,1.0,0,1,"1 Gebot Preisvorschlag akzeptiert +EUR 30,00 Lieferung  Italien Ähnliche aktive Angebote ansehen Solch einen Artikel verkaufen",thealibuth 100% positiv (822),https://www.ebay.de/itm/147264666629,ebay_sold_p12.html
197145272926,Original Rolex Rotorwelle für Caliber 1120,39.0,EUR,Neu (Sonstige),Gewerblich,2026-04-18,18. Apr 2026,1,5.0,0,0,,"uhrenfachzentrum 99,6% positiv (1.645)",https://www.ebay.de/itm/197145272926,ebay_sold_p12.html
116668451820,GENERIC kompatibel ROLEX Ersatz innen für Krone 530/603 (NEU),25.0,EUR,Neu,Gewerblich,2026-04-18,18. Apr 2026,1,19.0,0,0,"Sofort-Kaufen +EUR 19,00 Lieferung  Italien Ähnliche aktive Angebote ansehen Solch einen Artikel verkaufen","fornitura_boccacci 99,9% positiv (4.089)",https://www.ebay.de/itm/116668451820,ebay_sold_p12.html
147264649622,Movimento Rolex Carica Manuale Taglia 10 1/2H 4141,160.0,EUR,Gebraucht,Privat,2026-04-18,18. Apr 2026,1,1.0,0,1,"1 Gebot Preisvorschlag akzeptiert +EUR 25,00 Lieferung  Italien Ähnliche aktive Angebote ansehen Solch einen Artikel verkaufen",thealibuth 100% positiv (822),https://www.ebay.de/itm/147264649622,ebay_sold_p12.html
397014420043,Rolex Datumsscheibe Datum Weiß Original - Ersatzteil Gebraucht,49.0,EUR,Gebraucht,Privat,2026-04-18,18. Apr 2026,1,50.0,0,1,"oder Preisvorschlag +EUR 50,00 Lieferung  Italien Ähnliche aktive Angebote ansehen Solch einen Artikel verkaufen","passionetemporale 93,2% positiv (41)",https://www.ebay.de/itm/397014420043,ebay_sold_p12.html
318039582136,Ihre Rolex Oyster Handbuch Broschüre booklet Deutsch 579.53 De - 20 - 1.1999,54.0,EUR,Gebraucht,Gewerblich,2026-04-18,18. Apr 2026,1,0.0,1,1,,eBay Top-Service,https://www.ebay.de/itm/318039582136,ebay_sold_p12.html
336281505529,Glasdichtung f. Rolex Tudor 14 Varianten Sapphire Crystal Watch Gasket Sub GMT,19.9,EUR,Neu,Gewerblich,2026-04-18,18. Apr 2026,1,0.0,1,0,,"master-watch-parts 99,9% positiv (15.133)",https://www.ebay.de/itm/336281505529,ebay_sold_p12.html
397789169346,Rolex 2130-429 Unruhwelle - Balance Staff,28.75,EUR,Gebraucht,Gewerblich,2026-04-18,18. Apr 2026,1,9.0,0,0,"Sofort-Kaufen +EUR 9,00 Lieferung  Frankreich Ähnliche aktive Angebote ansehen Solch einen Artikel verkaufen","manz15 99,5% positiv (8.231)",https://www.ebay.de/itm/397789169346,ebay_sold_p12.html
384486452119,Saphirglas Uhr mit Dichtung fit for passend für Rolex Glasnummer 25-295C m Lupe,38.0,EUR,Neu,Gewerblich,2026-04-18,18. Apr 2026,1,5.0,0,0,,"sekowatchworld 99,1% positiv (1.120)",https://www.ebay.de/itm/384486452119,ebay_sold_p12.html
236705172974,ROLEX GMT. MASTER 16700 CORREDO DEL 1992 IN INGLESE CON LIBRETTO E TAG,90.0,EUR,Gebraucht,Privat,2026-04-18,18. Apr 2026,1,14.0,0,0,"Sofort-Kaufen +EUR 14,00 Lieferung  Italien Ähnliche aktive Angebote ansehen Solch einen Artikel verkaufen",piera3421 100% positiv (282),https://www.ebay.de/itm/236705172974,ebay_sold_p12.html
188279779335,Rolex 126711 GMT-Master Rosé Gold crown (Original/Genuine),210.0,EUR,Gebraucht,Gewerblich,2026-04-18,18. Apr 2026,1,14.0,0,0,"Sofort-Kaufen +EUR 14,00 Lieferung  Italien Ähnliche aktive Angebote ansehen Solch einen Artikel verkaufen","ecol3265 97,9% positiv (655)",https://www.ebay.de/itm/188279779335,ebay_sold_p12.html
127813921071,Rolex Magazin Watches 2026  Englisch NEU,20.0,EUR,Neu,Privat,2026-04-17,17. Apr 2026,1,3.0,0,0,,ke225 100% positiv (353),https://www.ebay.de/itm/127813921071,ebay_sold_p12.html
136501094508,Rolex Datejust Silver Tapestry Dial 16030 16200 16220 16234 16014 16000 for 36mm,500.0,EUR,Gebraucht,Privat,2026-04-17,17. Apr 2026,1,30.0,0,0,"Sofort-Kaufen +EUR 30,00 Lieferung  Dänemark Ähnliche aktive Angebote ansehen Solch einen Artikel verkaufen",odder1 100% positiv (671),https://www.ebay.de/itm/136501094508,ebay_sold_p12.html
187397872478,ROLEX VALANCE O VOLANTE 1530,380.0,EUR,Neu (Sonstige),Gewerblich,2026-04-17,17. Apr 2026,1,15.0,0,0,"Sofort-Kaufen +EUR 15,00 Lieferung  Spanien Ähnliche aktive Angebote ansehen Solch einen Artikel verkaufen","multiserviciosbukay 97,1% positiv (962)",https://www.ebay.de/itm/187397872478,ebay_sold_p12.html
397180944101,Rolex Oysterdate Precision Zifferblatt,199.0,EUR,Gebraucht,Privat,2026-04-17,17. Apr 2026,1,30.0,0,1,"oder Preisvorschlag +EUR 30,00 Lieferung  Italien Ähnliche aktive Angebote ansehen Solch einen Artikel verkaufen","passionetemporale 93,2% positiv (41)",https://www.ebay.de/itm/397180944101,ebay_sold_p12.html
196965802831,Rolex DAY DATE Zifferblatt 18038 hellbraun Virato,300.0,EUR,Gebraucht,Privat,2026-04-17,17. Apr 2026,1,40.0,0,1,"Preisvorschlag akzeptiert +EUR 40,00 Lieferung  Italien Ähnliche aktive Angebote ansehen Solch einen Artikel verkaufen",adhoram 100% positiv (296),https://www.ebay.de/itm/196965802831,ebay_sold_p12.html
327062240299,"Rolex 62510H Edelstahl Schließe mm 15,4 für Armband Code F Baujahr 1981 Gut",333.0,EUR,Gebraucht,Gewerblich,2026-04-17,17. Apr 2026,1,25.0,0,1,"Preisvorschlag akzeptiert +EUR 25,00 Lieferung  Italien Ähnliche aktive Angebote ansehen Solch einen Artikel verkaufen",silverwingnico 100% positiv (1.516),https://www.ebay.de/itm/327062240299,ebay_sold_p12.html
275989638561,BRANDNEU Rolex 32-33445 GMT Armband Link Jubilee Original Maglia 126710 126720,198.0,EUR,REFERENZEN MODELLLISTE IN BESCHREIBUNG,,2026-04-17,17. Apr 2026,1,25.0,0,1,"oder Preisvorschlag +EUR 25,00 Lieferung  Italien Ähnliche aktive Angebote ansehen Solch einen Artikel verkaufen",millerighetime_by_arriwatch 100% positiv (913),https://www.ebay.de/itm/275989638561,ebay_sold_p12.html
187509922770,Original ROLEX Schraubtubus 24-7000,289.95,EUR,Neu,Gewerblich,2026-04-17,17. Apr 2026,1,0.0,1,0,,watchparts24 100% positiv (71.339),https://www.ebay.de/itm/187509922770,ebay_sold_p12.html
204152291517,ROLEX HERREN LÜNETTE BEZEL 18K 750 GOLD HERREN GRÖßE VINTAGE FÜR 15200,749.0,EUR,Gebraucht,Gewerblich,2026-04-17,17. Apr 2026,1,0.0,1,1,,"luxus-freund24 99,5% positiv (41.881)",https://www.ebay.de/itm/204152291517,ebay_sold_p12.html
116945011249,ROLEX GMT MASTER REF.126720 VTNR SPRITE EINSATZ RING SCHWARZ KERAMIK AFTERMARKET,50.0,EUR,Neu (Sonstige),Privat,2026-04-17,17. Apr 2026,1,20.0,0,1,"Preisvorschlag akzeptiert +EUR 20,00 Lieferung  Italien Ähnliche aktive Angebote ansehen Solch einen Artikel verkaufen",danywatch 100% positiv (1.318),https://www.ebay.de/itm/116945011249,ebay_sold_p12.html
397842382142,"Rolex 3135 Rotor Neu , New",120.0,EUR,Neu (Sonstige),Privat,2026-04-17,17. Apr 2026,1,1.0,0,1,,dj_dirk 100% positiv (626),https://www.ebay.de/itm/397842382142,ebay_sold_p12.html
198089469662,"Rolex B24-600-9 18k Weißgold Krone, 6,0mm",280.0,EUR,Neu (Sonstige),Gewerblich,2026-04-17,17. Apr 2026,1,0.0,1,0,Sofort-Kaufen Gratis Lieferung  Frankreich Ähnliche aktive Angebote ansehen Solch einen Artikel verkaufen,captain-corsica 100% positiv (950),https://www.ebay.de/itm/198089469662,ebay_sold_p12.html
186928112916,ROLEX GMT MASTER 1675 16750 16753 16758 Kupplungsring Ring - Bezel Spring Af,25.0,EUR,Neu,Gewerblich,2026-04-17,17. Apr 2026,1,13.0,0,0,"Sofort-Kaufen +EUR 13,00 Lieferung  Italien Ähnliche aktive Angebote ansehen Solch einen Artikel verkaufen","watchparts-italy 99,5% positiv (3.454)",https://www.ebay.de/itm/186928112916,ebay_sold_p12.html
194273870215,AUFZUGSSTANGE FÜR ROLEX LADY 2130 2135 WINDING STEM Ref. 201,28.0,EUR,Gebraucht,Gewerblich,2026-04-17,17. Apr 2026,1,6.0,0,0,"Sofort-Kaufen +EUR 6,00 Lieferung  Frankreich Ähnliche aktive Angebote ansehen Solch einen Artikel verkaufen",ocoeurdutemps 100% positiv (12.322),https://www.ebay.de/itm/194273870215,ebay_sold_p12.html
336537167422,Rolex 116610 Case With Genuine Crown Tube. 904 L Like Genuine Customization Gen,250.0,EUR,Gebraucht,Privat,2026-04-17,17. Apr 2026,1,6.19,0,1,,sokall 100% positiv (115),https://www.ebay.de/itm/336537167422,ebay_sold_p12.html
168134503684,ROLEX Milgauss Booklet 2.2009 - in Englisch,69.0,EUR,Neu (Sonstige),Gewerblich,2026-04-17,17. Apr 2026,1,0.0,1,0,,"eupen-feine-uhren 84,6% positiv (108)",https://www.ebay.de/itm/168134503684,ebay_sold_p12.html
168173115448,ROLEX Oyster Perpetual Milguass Booklet 11.2012 Englisch,49.0,EUR,Neu (Sonstige),Gewerblich,2026-04-17,17. Apr 2026,1,0.0,1,0,,"eupen-feine-uhren 84,6% positiv (108)",https://www.ebay.de/itm/168173115448,ebay_sold_p12.html
168134747340,ROLEX Milgauss Booklet 4.2012 Italienisch,69.0,EUR,Neu (Sonstige),Gewerblich,2026-04-17,17. Apr 2026,1,0.0,1,0,,"eupen-feine-uhren 84,6% positiv (108)",https://www.ebay.de/itm/168134747340,ebay_sold_p12.html
286929981011,3 Handbücher Booklet Rolex Air-king Milgauss Explorer,50.0,EUR,Neu (Sonstige),Privat,2026-04-17,17. Apr 2026,1,30.0,0,0,"Sofort-Kaufen +EUR 30,00 Lieferung  Italien Ähnliche aktive Angebote ansehen Solch einen Artikel verkaufen",ricambiluxurywatch 100% positiv (99),https://www.ebay.de/itm/286929981011,ebay_sold_p12.html
311652655490,Aufzugsschaft passend für Rolex Kaliber 1030 1020 1060 1065 1035 1036 1040 1055 1066,18.76,EUR,Neu,Gewerblich,2026-04-16,16. Apr 2026,1,13.08,0,0,"Sofort-Kaufen +EUR 13,08 Lieferung  Vereinigte Staaten von Amerika Ähnliche aktive Angebote ansehen Solch einen Artikel verkaufen","watchpartusa 99,8% positiv (44.143)",https://www.ebay.de/itm/311652655490,ebay_sold_p12.html
406617017082,ROLEX OYSTER Stahlgewebe 14mm (TOP ZUSTAND),55.0,EUR,Gebraucht,Gewerblich,2026-04-16,16. Apr 2026,1,19.0,0,0,"Sofort-Kaufen +EUR 19,00 Lieferung  Italien Ähnliche aktive Angebote ansehen Solch einen Artikel verkaufen","fornitura_boccacci 99,9% positiv (4.089)",https://www.ebay.de/itm/406617017082,ebay_sold_p12.html
157169672542,New Rolex Encyclopedia - 3 Bände -,695.0,EUR,Neu,Gewerblich,2026-04-16,16. Apr 2026,1,0.0,1,0,,uhrenaterl 100% positiv (1.326),https://www.ebay.de/itm/157169672542,ebay_sold_p12.html
364722790365,Uhrenglas / Acryl von Ultra D passend für Rolex Cyclops verschiedene Größen,18.99,EUR,Neu (Sonstige),Gewerblich,2026-04-16,16. Apr 2026,1,0.0,1,1,,"muck_unlimited 99,8% positiv (1.276)",https://www.ebay.de/itm/364722790365,ebay_sold_p12.html
137202134720,Rolex 2135 Brücke Und Unruh Gebraucht,318.8,EUR,Gebraucht,Gewerblich,2026-04-16,16. Apr 2026,1,17.0,0,1,"Preisvorschlag akzeptiert +EUR 17,00 Lieferung  Italien Ähnliche aktive Angebote ansehen Solch einen Artikel verkaufen","taccalamela 99,4% positiv (4.321)",https://www.ebay.de/itm/137202134720,ebay_sold_p12.html
146417434947,Uhr Reparatur Schraubenschlüssel Gehäuseböden Gehäuseöffner für Rolex Uhren Tool,16.78,EUR,Neu,Gewerblich,2026-04-16,16. Apr 2026,1,0.0,1,0,,"felicahope 99,8% positiv (1.685)",https://www.ebay.de/itm/146417434947,ebay_sold_p12.html
306436450539,ROLEX Scheibe für Unruh cal 1530 1570 part 7866 balance wheel roller plateau,69.0,EUR,Gebraucht,Gewerblich,2026-04-16,16. Apr 2026,1,7.0,0,0,,luxini_hamburg 100% positiv (3.973),https://www.ebay.de/itm/306436450539,ebay_sold_p12.html
202767181986,ROLEX Datumscheibe Datumanzeiger cal 3035 date disc wheel  (R88),99.0,EUR,Neu (Sonstige),Gewerblich,2026-04-16,16. Apr 2026,1,6.99,0,0,,kian-werke 100% positiv (7.720),https://www.ebay.de/itm/202767181986,ebay_sold_p12.html
326333991596,Rolex Cal. 2135 Datumanzeiger Champagne 21mm.,100.0,EUR,Gebraucht,Privat,2026-04-16,16. Apr 2026,1,20.0,0,0,"Sofort-Kaufen +EUR 20,00 Lieferung  Dänemark Ähnliche aktive Angebote ansehen Solch einen Artikel verkaufen",misser10 100% positiv (477),https://www.ebay.de/itm/326333991596,ebay_sold_p12.html
147256621022,Scatola ORIGINALE ROLEX 16013 + GARANZIA,199.99,EUR,Neu (Sonstige),Privat,2026-04-16,16. Apr 2026,1,29.99,0,1,"Preisvorschlag akzeptiert +EUR 29,99 Lieferung  Italien Ähnliche aktive Angebote ansehen Solch einen Artikel verkaufen","steit-uxjtv1qk 99,3% positiv (1.047)",https://www.ebay.de/itm/147256621022,ebay_sold_p12.html
236625022977,Movimento Rolex Cal.2030,500.0,EUR,Gebraucht,Privat,2026-04-16,16. Apr 2026,1,50.0,0,1,"Preisvorschlag akzeptiert +EUR 50,00 Lieferung  Italien Ähnliche aktive Angebote ansehen Solch einen Artikel verkaufen",tasca_86 100% positiv (134),https://www.ebay.de/itm/236625022977,ebay_sold_p12.html
188164214936,Rolex Set 16520 Cosmograph Daytona Italiano 1996,550.0,EUR,Gebraucht,Privat,2026-04-16,16. Apr 2026,1,30.0,0,1,"oder Preisvorschlag +EUR 30,00 Lieferung  Italien Ähnliche aktive Angebote ansehen Solch einen Artikel verkaufen",tomammazz_0 100% positiv (258),https://www.ebay.de/itm/188164214936,ebay_sold_p12.html
406397530585,ROLEX 4130 Daytona Chrono Radbrücke Cod. 4130-110 Kaliber: 4130 (OPTIM...,141.0,EUR,Gebraucht,Gewerblich,2026-04-16,16. Apr 2026,1,19.0,0,0,"Sofort-Kaufen +EUR 19,00 Lieferung  Italien Ähnliche aktive Angebote ansehen Solch einen Artikel verkaufen","fornitura_boccacci 99,9% positiv (4.089)",https://www.ebay.de/itm/406397530585,ebay_sold_p12.html
277898998762,NEU Rolex 29-295-6-C5 Original Dichtung Daytona Glas 29-295-1-C5 x5pc,198.0,EUR,Neu,Gewerblich,2026-04-16,16. Apr 2026,1,25.0,0,0,"Sofort-Kaufen +EUR 25,00 Lieferung  Italien Ähnliche aktive Angebote ansehen Solch einen Artikel verkaufen",millerighetime_by_arriwatch 100% positiv (913),https://www.ebay.de/itm/277898998762,ebay_sold_p12.html
284976001548,Rolex 1520 1570 1575 1565 1530-7912 Inverter Wheel Reversing Wheel Original,120.0,EUR,Gebraucht,Privat,2026-04-16,16. Apr 2026,1,40.0,0,1,"oder Preisvorschlag +EUR 40,00 Lieferung  Italien Ähnliche aktive Angebote ansehen Solch einen Artikel verkaufen",gp702012 100% positiv (414),https://www.ebay.de/itm/284976001548,ebay_sold_p12.html
365993076748,Art Déco Rolex UNICORN Uhrwerk 15 JEWELS Hans Wilsdorf Rolex,95.0,EUR,Gebraucht,Privat,2026-04-16,16. Apr 2026,1,6.19,0,0,,eldilma 100% positiv (227),https://www.ebay.de/itm/365993076748,ebay_sold_p12.html
276402909547,NEU Rolex 316-116710-1 Lünettendichtung GMT Submariner 116610 x1pc,78.0,EUR,Brand New - Neu Original,,2026-04-16,16. Apr 2026,1,25.0,0,1,"oder Preisvorschlag +EUR 25,00 Lieferung  Italien Ähnliche aktive Angebote ansehen Solch einen Artikel verkaufen",millerighetime_by_arriwatch 100% positiv (913),https://www.ebay.de/itm/276402909547,ebay_sold_p12.html
126333603142,ISA TRONIC 129  WATCH MOVEMENT FOR PARTS RUNNING,50.0,EUR,Gebraucht,Gewerblich,2026-04-16,16. Apr 2026,1,15.0,0,1,"oder Preisvorschlag +EUR 15,00 Lieferung  Italien Ähnliche aktive Angebote ansehen Solch einen Artikel verkaufen",sales-watch-parts 100% positiv (441),https://www.ebay.de/itm/126333603142,ebay_sold_p12.html
227281889977,Original NOS Rolex Submariner #319-5512 5513 1680 Kristall Sicherungsring,105.0,EUR,Gebraucht,Privat,2026-04-16,16. Apr 2026,1,15.0,0,1,"oder Preisvorschlag +EUR 15,00 Lieferung  Frankreich Ähnliche aktive Angebote ansehen Solch einen Artikel verkaufen",artinwatchesuk 100% positiv (83),https://www.ebay.de/itm/227281889977,ebay_sold_p12.html
187303740544,"ROLEX 3035 RITZEL FÜR OSZILLIERENDES GEWICHT 3035 5065 , RITZEL DER OSZILLIERENDEN MASSE",25.0,EUR,Neu,Gewerblich,2026-04-16,16. Apr 2026,1,13.0,0,0,"Sofort-Kaufen +EUR 13,00 Lieferung  Italien Ähnliche aktive Angebote ansehen Solch einen Artikel verkaufen","watchparts-italy 99,5% positiv (3.454)",https://www.ebay.de/itm/187303740544,ebay_sold_p12.html
188207359260,Rolex gmt master 2 16710ln Dial Original Zifferblatt Original,790.0,EUR,Gebraucht,Gewerblich,2026-04-16,16. Apr 2026,1,30.0,0,1,"oder Preisvorschlag +EUR 30,00 Lieferung  Italien Ähnliche aktive Angebote ansehen Solch einen Artikel verkaufen","the-watchmaker 99,8% positiv (2.266)",https://www.ebay.de/itm/188207359260,ebay_sold_p12.html
205998201192,Original Rolex Neu Versiegelt 3135-311. Hauptfeder Swiss Made Mainspring (O112),75.0,EUR,Neu,Gewerblich,2026-04-16,16. Apr 2026,1,5.0,0,0,,kian-werke 100% positiv (7.720),https://www.ebay.de/itm/205998201192,ebay_sold_p12.html
162197182343,KERAMIK LÜNETTENEINSATZ FÜR ROLEX SUBMARINER GRAVUR # 16610 16613 BLAU SILBER,52.07,EUR,Neu,Gewerblich,2026-04-16,16. Apr 2026,1,10.42,0,0,"Sofort-Kaufen +EUR 10,42 Lieferung  Vereinigte Staaten von Amerika Ähnliche aktive Angebote ansehen Solch einen Artikel verkaufen","ewatchparts 99,9% positiv (225.086)",https://www.ebay.de/itm/162197182343,ebay_sold_p12.html
389503702994,Rolex Lady Datejust 6916 Garantie Zertifikat,50.0,EUR,Gebraucht,Privat,2026-04-15,15. Apr 2026,1,15.0,0,1,"Preisvorschlag akzeptiert +EUR 15,00 Lieferung  Italien Ähnliche aktive Angebote ansehen Solch einen Artikel verkaufen",lume-8042 100% positiv (57),https://www.ebay.de/itm/389503702994,ebay_sold_p12.html
389503711985,Rolex Oyster Date Precision 6466 Garantie Zertifikat,50.0,EUR,Gebraucht,Privat,2026-04-15,15. Apr 2026,1,15.0,0,1,"Preisvorschlag akzeptiert +EUR 15,00 Lieferung  Italien Ähnliche aktive Angebote ansehen Solch einen Artikel verkaufen",lume-8042 100% positiv (57),https://www.ebay.de/itm/389503711985,ebay_sold_p12.html
188278189108,Rolex N 356 Copri Ghiera Bezel Protector X Daytona 126500 Nuovo,23.0,EUR,Neu (Sonstige),Privat,2026-04-15,15. Apr 2026,1,1.0,0,0,"1 Gebot +EUR 7,00 Lieferung  Italien Ähnliche aktive Angebote ansehen Solch einen Artikel verkaufen",saverioma1964 100% positiv (816),https://www.ebay.de/itm/188278189108,ebay_sold_p12.html
326788490917,"Rolex 7980 Unruh für cal. 1555, 1560, 1565, 1565 GMT",400.0,EUR,Neu (Sonstige),Privat,2026-04-15,15. Apr 2026,1,20.0,0,0,"Sofort-Kaufen +EUR 20,00 Lieferung  Dänemark Ähnliche aktive Angebote ansehen Solch einen Artikel verkaufen",misser10 100% positiv (477),https://www.ebay.de/itm/326788490917,ebay_sold_p12.html
236750077878,Rolex Pie Pan Silber Zifferblatt für Datejust 36mm Modell Ref 1601 | 1603 | 1600,149.0,EUR,Gebraucht,Gewerblich,2026-04-15,15. Apr 2026,1,49.0,0,1,"oder Preisvorschlag +EUR 49,00 Lieferung  Frankreich Ähnliche aktive Angebote ansehen Solch einen Artikel verkaufen",spareswatch 100% positiv (556),https://www.ebay.de/itm/236750077878,ebay_sold_p12.html
206121193096,ROLEX DAYTONA ROSEGOLD 116515 116505 SCHWARZES ZIFFERBLATT ORIGINAL,900.0,EUR,Neu (Sonstige),Privat,2026-04-15,15. Apr 2026,1,30.0,0,0,"Sofort-Kaufen +EUR 30,00 Lieferung  Italien Ähnliche aktive Angebote ansehen Solch einen Artikel verkaufen",stepe4532 100% positiv (538),https://www.ebay.de/itm/206121193096,ebay_sold_p12.html
256324158291,Original Rolex Kaliber 2230/2235-231 Winkelhebelhalter,75.0,EUR,Neu (Sonstige),Privat,2026-04-15,15. Apr 2026,1,25.0,0,0,"Sofort-Kaufen +EUR 25,00 Lieferung  Italien Ähnliche aktive Angebote ansehen Solch einen Artikel verkaufen",pasquale9359 100% positiv (123),https://www.ebay.de/itm/256324158291,ebay_sold_p12.html
317997392978,Rolex Bubbleback 5673 Part Weight Bearing Shaft Spring For ROLEX 620/630 CALIBER,200.0,EUR,Gebraucht,Privat,2026-04-15,15. Apr 2026,1,55.0,0,0,"Sofort-Kaufen +EUR 55,00 Lieferung  Italien Ähnliche aktive Angebote ansehen Solch einen Artikel verkaufen",mttfnc 100% positiv (16),https://www.ebay.de/itm/317997392978,ebay_sold_p12.html
225520847175,"UNRUHACHSE FÜR ROLEX UHR 10,5 LINIEN 59 - ""REGULAR"" HÖHE 378",12.48,EUR,Neu (Sonstige),Gewerblich,2026-04-15,15. Apr 2026,1,7.95,0,0,"Sofort-Kaufen +EUR 7,95 Lieferung  Frankreich Ähnliche aktive Angebote ansehen Solch einen Artikel verkaufen","fournitures-horlogerie 99,9% positiv (37.398)",https://www.ebay.de/itm/225520847175,ebay_sold_p12.html
226360450838,"SCHWINGENACHSE FÜR UHR ROLEX 101/2 65 ""SHOCK RESIST"" HÖHE 380",12.48,EUR,Neu (Sonstige),Gewerblich,2026-04-15,15. Apr 2026,1,7.95,0,0,"Sofort-Kaufen +EUR 7,95 Lieferung  Frankreich Ähnliche aktive Angebote ansehen Solch einen Artikel verkaufen","fournitures-horlogerie 99,9% positiv (37.398)",https://www.ebay.de/itm/226360450838,ebay_sold_p12.html
226360456262,SCHWINGENACHSE FÜR ROLEX UHR 101/2 51 - HÖHE 312,12.48,EUR,Neu (Sonstige),Gewerblich,2026-04-15,15. Apr 2026,1,7.95,0,0,"Sofort-Kaufen +EUR 7,95 Lieferung  Frankreich Ähnliche aktive Angebote ansehen Solch einen Artikel verkaufen","fournitures-horlogerie 99,9% positiv (37.398)",https://www.ebay.de/itm/226360456262,ebay_sold_p12.html
335581166223,"UNRUHWELLE FÜR ROLEX UHR 10,5 Linien 3AC - HÖHE 348",12.75,EUR,Neu (Sonstige),Gewerblich,2026-04-15,15. Apr 2026,1,7.95,0,0,"Sofort-Kaufen +EUR 7,95 Lieferung  Frankreich Ähnliche aktive Angebote ansehen Solch einen Artikel verkaufen","fournitures-horlogerie 99,9% positiv (37.398)",https://www.ebay.de/itm/335581166223,ebay_sold_p12.html
227300772955,KONVOLUT ROLEX Uhrenbuch ULTIMATE DAYTONA JUMBO PUCCI PAPALEO ABBRESCIA,2499.99,EUR,Gebraucht,Privat,2026-04-15,15. Apr 2026,1,60.0,0,1,"Preisvorschlag akzeptiert +EUR 60,00 Lieferung  Italien Ähnliche aktive Angebote ansehen Solch einen Artikel verkaufen",amaliincoronat4 100% positiv (319),https://www.ebay.de/itm/227300772955,ebay_sold_p12.html
193818232356,Rolex 31xx (360) Sekundenrad / Second Wheel,60.0,EUR,Gebraucht,Gewerblich,2026-04-15,15. Apr 2026,1,0.0,1,0,Sofort-Kaufen Gratis Lieferung  Frankreich Ähnliche aktive Angebote ansehen Solch einen Artikel verkaufen,captain-corsica 100% positiv (950),https://www.ebay.de/itm/193818232356,ebay_sold_p12.html
126598965090,ROLEX GMT Master COKE Red Black Inlay Bezel Lünette 16710 16700 16760 Insert,219.0,EUR,Gebraucht,Gewerblich,2026-04-15,15. Apr 2026,1,3.9,0,1,,almawatches 100% positiv (3.677),https://www.ebay.de/itm/126598965090,ebay_sold_p12.html
306879262640,"1675 Rolex Gmt ""Tiffany & Co "" Zifferblatt und Zeiger",1200.0,EUR,Gebraucht,Privat,2026-04-15,15. Apr 2026,1,25.0,0,1,"Preisvorschlag akzeptiert +EUR 25,00 Lieferung  Frankreich Ähnliche aktive Angebote ansehen Solch einen Artikel verkaufen","aurelieconigli0 89,7% positiv (89)",https://www.ebay.de/itm/306879262640,ebay_sold_p12.html
397842784922,Rolex GMT-Master 1675 16750 Insert Inlay Pepsi Blue Back,1.0,EUR,Neu (Sonstige),Privat,2026-04-15,15. Apr 2026,1,20.0,0,1,"oder Preisvorschlag +EUR 20,00 Lieferung  Italien Ähnliche aktive Angebote ansehen Solch einen Artikel verkaufen",grand_012 100% positiv (36),https://www.ebay.de/itm/397842784922,ebay_sold_p12.html
327018005068,Zugfeder passend für Omega 625 Kaliber Mainspring Tissot 2141,23.9,EUR,Neu,Gewerblich,2026-04-15,15. Apr 2026,1,3.49,0,0,,"uhrenexpert 99,3% positiv (21.349)",https://www.ebay.de/itm/327018005068,ebay_sold_p12.html
135683265547,Original ROLEX EXPLORER  597.92 ENG -8- 6.1999 Booklet Manual Instruction (65),75.0,EUR,Gebraucht,Gewerblich,2026-04-15,15. Apr 2026,1,5.0,0,1,,www-kimiatime-de 100% positiv (3.939),https://www.ebay.de/itm/135683265547,ebay_sold_p12.html
318085635520,vintage Rolex Kalender / calendar 1981 in great condition / Top Zustand,129.0,EUR,Gebraucht,Privat,2026-04-15,15. Apr 2026,1,0.0,1,1,,timerun84 100% positiv (19),https://www.ebay.de/itm/318085635520,ebay_sold_p12.html
167944526761,ROLEX 1120 ref 6649 Vis de tirette Vendu en 1 Lot de 4,20.0,EUR,Gebraucht,Privat,2026-04-15,15. Apr 2026,1,20.0,0,0,"Sofort-Kaufen +EUR 20,00 Lieferung  Frankreich Ähnliche aktive Angebote ansehen Solch einen Artikel verkaufen",videgrenier34 100% positiv (416),https://www.ebay.de/itm/167944526761,ebay_sold_p12.html
406851242521,Rolex Kalender Vintage 2001 2002 Selten,21.0,EUR,Neu,Privat,2026-04-15,15. Apr 2026,1,1.0,0,1,"1 Gebot Preisvorschlag akzeptiert +EUR 7,50 Lieferung  Frankreich Ähnliche aktive Angebote ansehen Solch einen Artikel verkaufen",andr2457 100% positiv (1.424),https://www.ebay.de/itm/406851242521,ebay_sold_p12.html
167433487892,VINTAGE ROLEX DAYTONA BOOKLET (ENG) FROM 1982 REF. 6263 6265,190.0,EUR,Gebraucht,Gewerblich,2026-04-15,15. Apr 2026,1,0.0,1,1,,shw-goldsilver 100% positiv (557),https://www.ebay.de/itm/167433487892,ebay_sold_p12.html
226605527470,Warranty Rolex Model 15000 Year's 80,120.0,EUR,Neu (Sonstige),Privat,2026-04-15,15. Apr 2026,1,20.0,0,1,"Preisvorschlag akzeptiert +EUR 20,00 Lieferung  Spanien Ähnliche aktive Angebote ansehen Solch einen Artikel verkaufen",rioferni2 100% positiv (721),https://www.ebay.de/itm/226605527470,ebay_sold_p12.html
206076174804,ROLEX BEDIENUNGSANLEITUNG X Daytona Booklet ITALIENISCH 2012 ( 116515LN - 116509 ),40.0,EUR,Gebraucht,Privat,2026-04-15,15. Apr 2026,1,15.0,0,1,"Preisvorschlag akzeptiert +EUR 15,00 Lieferung  Italien Ähnliche aktive Angebote ansehen Solch einen Artikel verkaufen",marfeldi78 100% positiv (32),https://www.ebay.de/itm/206076174804,ebay_sold_p12.html
124460540376,Aluminium Einsatz für Rolex GMT Master I Ring Blau / Rot 16750,22.5,EUR,Neu,Gewerblich,2026-04-15,15. Apr 2026,1,10.0,0,0,"Sofort-Kaufen +EUR 10,00 Lieferung  Italien Ähnliche aktive Angebote ansehen Solch einen Artikel verkaufen","azario_1873 99,8% positiv (35.563)",https://www.ebay.de/itm/124460540376,ebay_sold_p12.html
354657823808,Rolex Ersatzteil Kal. 2230-135 Automatic Brücke,79.0,EUR,Neu (Sonstige),Gewerblich,2026-04-15,15. Apr 2026,1,0.0,1,0,,"sandtuhr 99,8% positiv (54.529)",https://www.ebay.de/itm/354657823808,ebay_sold_p12.html
404394839969,ORIGINAL ROLEX 1225 7592 DATE CALENDAR RING DATUMSRING  1210 1220 1200 1215 PART,184.75,EUR,Gebraucht,Gewerblich,2026-04-15,15. Apr 2026,1,6.95,0,0,,state_of_time 100% positiv (3.803),https://www.ebay.de/itm/404394839969,ebay_sold_p12.html
403584961227,HOROTEC 03.666-2135 PUNZEN FÜR RIVER DIE ACHSEN DER OSZILLIERENDEN MASSEN ROLEX,32.99,EUR,Neu,Gewerblich,2026-04-15,15. Apr 2026,1,7.99,0,0,"Sofort-Kaufen +EUR 7,99 Lieferung  Frankreich Ähnliche aktive Angebote ansehen Solch einen Artikel verkaufen","elisabeth9679 97,4% positiv (75.166)",https://www.ebay.de/itm/403584961227,ebay_sold_p12.html
397838329532,Rolex Submariner 5512 5513 1680 Tudor 7016 7021 Snowflake Bezel MK3 Insert Inlay,1990.0,EUR,Gebraucht,Privat,2026-04-14,14. Apr 2026,1,70.0,0,1,"Preisvorschlag akzeptiert +EUR 70,00 Lieferung  Italien Ähnliche aktive Angebote ansehen Solch einen Artikel verkaufen",grand_012 100% positiv (36),https://www.ebay.de/itm/397838329532,ebay_sold_p12.html
116981380932,"GENERIC Kompatibel Saphirglas Ref. 192 Kein Logo für ROLEX Ø 19,9 X 19,2 X ...",25.0,EUR,Neu,Gewerblich,2026-04-22,22. Apr 2026,1,19.0,0,0,"Sofort-Kaufen +EUR 19,00 Lieferung  Italien Letzter Artikel Ähnliche aktive Angebote ansehen Solch einen Artikel verkaufen","fornitura_boccacci 99,9% positiv (4.089)",https://www.ebay.de/itm/116981380932,ebay_sold_p13.html
