collection_batch_id,inventory_uid,canonical_inventory_id,query_text,query_tier,query_template_version,marketplace_id,fetched_at,item_id,title,price_value,price_currency,condition,condition_id,buying_options,item_web_url,image_url,seller_username,seller_feedback_score,seller_feedback_percentage,shipping_cost_value,shipping_cost_currency,item_location_country,item_location_city,item_creation_date
batch_20260729_214347,iuid_0f4a304cda9c4742,rolex_1030_6900_585,Rolex 1030,4,v1,EBAY_DE,2026-07-29T21:43:52+00:00,v1|206447344594|0,Genuine Rolex Caliber 1030 Pallet Fork  used (Z379),100.00,EUR,Gebraucht - Gut,3000,FIXED_PRICE,https://www.ebay.de/itm/206447344594?_skw=Rolex+1030&hash=item3011387bd2:g:QaoAAeSwhEBqaGLt,https://i.ebayimg.com/images/g/QaoAAeSwhEBqaGLt/s-l225.jpg,kian-werke,7774,100.0,6.00,EUR,DE,Hildesheim,2026-07-28T08:07:25.000Z
batch_20260729_214347,iuid_0f4a304cda9c4742,rolex_1030_6900_585,Rolex 1030,4,v1,EBAY_DE,2026-07-29T21:43:52+00:00,v1|298524986735|0,ROLEX cal 1030 1035 part 7016 Keil für Rotor Clip f Oscillating Weight original,39.00,EUR,Gebraucht,3000,FIXED_PRICE,https://www.ebay.de/itm/298524986735?_skw=Rolex+1030&hash=item458179cd6f:g:gMIAAeSwsFZqYLGC,https://i.ebayimg.com/images/g/gMIAAeSwsFZqYLGC/s-l225.jpg,luxini_hamburg,3989,100.0,7.00,EUR,DE,Hamburg,2026-07-22T12:05:35.000Z
batch_20260729_214347,iuid_0f4a304cda9c4742,rolex_1030_6900_585,Rolex 1030,4,v1,EBAY_DE,2026-07-29T21:43:52+00:00,v1|298524980850|0,ROLEX cal 1030 1035 part 6966 Ersatzteil Wechselrad Minute Wheel original,89.00,EUR,Gebraucht,3000,FIXED_PRICE|BEST_OFFER,https://www.ebay.de/itm/298524980850?_skw=Rolex+1030&hash=item458179b672:g:gwAAAeSwdhFqYLBz,https://i.ebayimg.com/images/g/gwAAAeSwdhFqYLBz/s-l225.jpg,luxini_hamburg,3989,100.0,7.00,EUR,DE,Hamburg,2026-07-22T12:00:37.000Z
batch_20260729_214347,iuid_0f4a304cda9c4742,rolex_1030_6900_585,Rolex 1030,4,v1,EBAY_DE,2026-07-29T21:43:52+00:00,v1|298524972016|0,ROLEX cal 1030 1035 part 6948 Ersatzteil Winding Pinion Aufzugstrieb original,129.00,EUR,Gebraucht,3000,FIXED_PRICE|BEST_OFFER,https://www.ebay.de/itm/298524972016?_skw=Rolex+1030&hash=item45817993f0:g:L04AAeSw03hqYK40,https://i.ebayimg.com/images/g/L04AAeSw03hqYK40/s-l225.jpg,luxini_hamburg,3989,100.0,7.00,EUR,DE,Hamburg,2026-07-22T11:50:31.000Z
batch_20260729_214347,iuid_0f4a304cda9c4742,rolex_1030_6900_585,Rolex 1030,4,v1,EBAY_DE,2026-07-29T21:43:52+00:00,v1|307079090114|0,ROLEX cal 1030 1035 part 6949 Ersatzteil Sliding Pinion Clutch Kupplung original,99.00,EUR,Gebraucht,3000,FIXED_PRICE|BEST_OFFER,https://www.ebay.de/itm/307079090114?_skw=Rolex+1030&hash=item477f570fc2:g:wL8AAeSwSwhqYK2O,https://i.ebayimg.com/images/g/wL8AAeSwSwhqYK2O/s-l225.jpg,luxini_hamburg,3989,100.0,7.00,EUR,DE,Hamburg,2026-07-22T11:47:44.000Z
batch_20260729_214347,iuid_0f4a304cda9c4742,rolex_1030_6900_585,Rolex 1030,4,v1,EBAY_DE,2026-07-29T21:43:52+00:00,v1|307079076423|0,ROLEX cal 1030 1035 part 6954 Ersatzteil Sperrrad Ratchet Wheel original,99.00,EUR,Gebraucht,3000,FIXED_PRICE|BEST_OFFER,https://www.ebay.de/itm/307079076423?_skw=Rolex+1030&hash=item477f56da47:g:tL8AAeSwU7hqYKv2,https://i.ebayimg.com/images/g/tL8AAeSwU7hqYKv2/s-l225.jpg,luxini_hamburg,3989,100.0,7.00,EUR,DE,Hamburg,2026-07-22T11:41:29.000Z
batch_20260729_214347,iuid_0f4a304cda9c4742,rolex_1030_6900_585,Rolex 1030,4,v1,EBAY_DE,2026-07-29T21:43:52+00:00,v1|307079051313|0,ROLEX cal 1030 1035 part 6907 Ersatzteil Kleinbodenrad Third Wheel original,99.00,EUR,Gebraucht,3000,FIXED_PRICE|BEST_OFFER,https://www.ebay.de/itm/307079051313?_skw=Rolex+1030&hash=item477f567831:g:GdwAAeSwhINqYKft,https://i.ebayimg.com/images/g/GdwAAeSwhINqYKft/s-l225.jpg,luxini_hamburg,3989,100.0,7.00,EUR,DE,Hamburg,2026-07-22T11:30:31.000Z
batch_20260729_214347,iuid_0f4a304cda9c4742,rolex_1030_6900_585,Rolex 1030,4,v1,EBAY_DE,2026-07-29T21:43:52+00:00,v1|336702175613|0,Rolex Oyster Perpetual 34 Edelstahl Automatik Herrenuhr Ref. 6564 Vintage,4050.00,EUR,Gebraucht - Gut,3000,FIXED_PRICE|BEST_OFFER,https://www.ebay.de/itm/336702175613?_skw=Rolex+1030&hash=item4e6503797d:g:Z-EAAeSwJaRqYKlS,https://i.ebayimg.com/images/g/Z-EAAeSwJaRqYKlS/s-l225.jpg,zeitauktion,34689,99.7,0.00,EUR,DE,,2026-07-22T11:26:09.000Z
batch_20260729_214347,iuid_0f4a304cda9c4742,rolex_1030_6900_585,Rolex 1030,4,v1,EBAY_DE,2026-07-29T21:43:52+00:00,v1|800422902629|0,Rolex Unruhe  für 1030 ohne Spirale,,,Gebraucht - Gut,3000,AUCTION|BEST_OFFER,https://www.ebay.de/itm/800422902629?_skw=Rolex+1030&hash=itemba5cec3b65:g:ztcAAeSwNKlqX6K5,https://i.ebayimg.com/images/g/ztcAAeSwNKlqX6K5/s-l225.jpg,jens023,2035,100.0,8.00,EUR,DE,Erfurt,2026-07-29T16:49:47.000Z
batch_20260729_214347,iuid_0f4a304cda9c4742,rolex_1030_6900_585,Rolex 1030,4,v1,EBAY_DE,2026-07-29T21:43:52+00:00,v1|117312108587|0,Rolex Oyster Perpetual Original Gehäuse für 6564/6567 cal.1030 34mm,338.06,EUR,Gebraucht,3000,FIXED_PRICE,https://www.ebay.de/itm/117312108587?_skw=Rolex+1030&hash=item1b5058b82b:g:gP0AAeSwhINqXknj,https://i.ebayimg.com/images/g/gP0AAeSwhINqXknj/s-l225.jpg,j_popular_shop,1630,99.4,21.90,EUR,JP,,2026-07-20T07:20:27.000Z
batch_20260729_214347,iuid_0f4a304cda9c4742,rolex_1030_6900_585,Rolex 1030,4,v1,EBAY_DE,2026-07-29T21:43:52+00:00,v1|206405169543|0,Rolex 1030 6959 Used Setting Lever 1035 1036 1040 1055 Perfect Condition (R125),80.00,EUR,Sehr gut,4000,FIXED_PRICE,https://www.ebay.de/itm/206405169543?_skw=Rolex+1030&hash=item300eb4f187:g:YmQAAeSwHkZqT5lC,https://i.ebayimg.com/images/g/YmQAAeSwHkZqT5lC/s-l225.jpg,kian-werke,7774,100.0,6.00,EUR,DE,Hildesheim,2026-07-09T12:53:31.000Z
batch_20260729_214347,iuid_0f4a304cda9c4742,rolex_1030_6900_585,Rolex 1030,4,v1,EBAY_DE,2026-07-29T21:43:52+00:00,v1|206405148722|0,Used gebraucht Rolex Caliber 1030 Part Number 6907 Third Wheel (RB37),80.00,EUR,Gebraucht - Gut,3000,FIXED_PRICE,https://www.ebay.de/itm/206405148722?_skw=Rolex+1030&hash=item300eb4a032:g:vm8AAeSw7EhqT5oE,https://i.ebayimg.com/images/g/vm8AAeSw7EhqT5oE/s-l225.jpg,kian-werke,7774,100.0,6.99,EUR,DE,Hildesheim,2026-07-09T12:48:19.000Z
batch_20260729_214347,iuid_0f4a304cda9c4742,rolex_1030_6900_585,Rolex 1030,4,v1,EBAY_DE,2026-07-29T21:43:52+00:00,v1|407053229644|0,"#2107 ROLEX ZIFFERBLATT CAL. 1030 OYSTER PERPETUAL BLACK DIAL 27,05mm CADRAN",299.99,EUR,Gebraucht,3000,FIXED_PRICE,https://www.ebay.de/itm/407053229644?_skw=Rolex+1030&hash=item5ec6435e4c:g:CNEAAeSwDoNqS-rA,https://i.ebayimg.com/images/g/CNEAAeSwDoNqS-rA/s-l225.jpg,state_of_time,3866,100.0,6.95,EUR,DE,Gersthofen,2026-07-06T17:51:01.000Z
batch_20260729_214347,iuid_0f4a304cda9c4742,rolex_1030_6900_585,Rolex 1030,4,v1,EBAY_DE,2026-07-29T21:43:52+00:00,v1|236854380990|0,Rolex Oyster Perpetual Bombay Ref.6593 Bj.1959 original Box sehr gut Vintage,5094.00,EUR,Gebraucht - Gut,3000,FIXED_PRICE,https://www.ebay.de/itm/236854380990?_skw=Rolex+1030&hash=item37259f09be:g:Y-sAAeSwJaRqXj8T,https://i.ebayimg.com/images/g/Y-sAAeSwJaRqXj8T/s-l225.jpg,juwelierhaeffner,9599,100.0,30.00,EUR,DE,Stuttgart,2026-06-03T11:23:25.000Z
batch_20260729_214347,iuid_0f4a304cda9c4742,rolex_1030_6900_585,Rolex 1030,4,v1,EBAY_DE,2026-07-29T21:43:52+00:00,v1|227351416123|0,Rolex 1030 6900 Wie Neu Standard Feder 1035 1036 1040 1055 1055B,97.90,EUR,Usato,3000,FIXED_PRICE|BEST_OFFER,https://www.ebay.de/itm/227351416123?_skw=Rolex+1030&hash=item34ef334d3b:g:G2YAAeSwGgRqRSVj,https://i.ebayimg.com/images/g/G2YAAeSwGgRqRSVj/s-l225.jpg,*rarecollections,1405,100.0,29.00,EUR,IT,,2026-05-20T13:27:34.000Z
batch_20260729_214347,iuid_0f4a304cda9c4742,rolex_1030_6900_585,Rolex 1030,4,v1,EBAY_DE,2026-07-29T21:43:52+00:00,v1|206269659314|0,1 x Rolex 1030 6915 Feder für Sweep-Second Ritzel Original Neu ((R250),55.00,EUR,Neu mit Etikett,1000,FIXED_PRICE,https://www.ebay.de/itm/206269659314?_skw=Rolex+1030&hash=item3006a138b2:g:TVoAAeSwZZBqAyp2,https://i.ebayimg.com/images/g/TVoAAeSwZZBqAyp2/s-l225.jpg,kian-werke,7774,100.0,6.00,EUR,DE,Hildesheim,2026-05-12T13:27:56.000Z
batch_20260729_214347,iuid_0f4a304cda9c4742,rolex_1030_6900_585,Rolex 1030,4,v1,EBAY_DE,2026-07-29T21:43:52+00:00,v1|127990711490|0,ROLEX KONVOLUT ORIGINAL TEILE KALIBER 1030,,,Neuf avec étiquettes,1000,AUCTION,https://www.ebay.de/itm/127990711490?_skw=Rolex+1030&hash=item1dccd744c2:g:UBQAAeSwDe5p~PFF,https://i.ebayimg.com/images/g/UBQAAeSwDe5p~PFF/s-l225.jpg,horloge03-2013,641,100.0,18.90,EUR,FR,Saint-Germain-des-Fossés,2026-07-23T16:52:39.000Z
batch_20260729_214347,iuid_0f4a304cda9c4742,rolex_1030_6900_585,Rolex 1030,4,v1,EBAY_DE,2026-07-29T21:43:52+00:00,v1|227329200519|0,Rolex 1030 7005-1 Blister Zwischensohle Mov. Autom x1 Zwischensohle,262.90,EUR,Nuovo con etichette,1000,FIXED_PRICE|BEST_OFFER,https://www.ebay.de/itm/227329200519?_skw=Rolex+1030&hash=item34ede05187:g:C7cAAeSwLw9qSQ-r,https://i.ebayimg.com/images/g/C7cAAeSwLw9qSQ-r/s-l225.jpg,*rarecollections,1405,100.0,29.00,EUR,IT,,2026-05-04T09:22:45.000Z
batch_20260729_214347,iuid_0f4a304cda9c4742,rolex_1030_6900_585,Rolex 1030,4,v1,EBAY_DE,2026-07-29T21:43:52+00:00,v1|157840319167|0,Swiss Uhrenglas kompatibel mit Rolex 1029-1030-1031-1038 - Acryl inklusive,50.09,EUR,Neu ohne Etikett,1500,FIXED_PRICE,https://www.ebay.de/itm/157840319167?_skw=Rolex+1030&hash=item24c00422bf:g:-TQAAeSwgCRqW9HD,https://i.ebayimg.com/images/g/-TQAAeSwgCRqW9HD/s-l225.jpg,timed_horlogerie,266,78.0,6.95,EUR,FR,,2026-04-17T12:40:01.000Z
batch_20260729_214347,iuid_0f4a304cda9c4742,rolex_1030_6900_585,Rolex 1030,4,v1,EBAY_DE,2026-07-29T21:43:52+00:00,v1|306876478688|0,Agujas Rolex Explorer 6610 cal.1030 GILT Originales,600.00,EUR,Usado,3000,FIXED_PRICE|BEST_OFFER,https://www.ebay.de/itm/306876478688?_skw=Rolex+1030&hash=item47734374e0:g:nx0AAeSwTWJp268N,https://i.ebayimg.com/images/g/nx0AAeSwTWJp268N/s-l225.jpg,alber_watches,173,100.0,20.00,EUR,ES,Madrid,2026-04-12T14:44:32.000Z
batch_20260729_214347,iuid_0f4a304cda9c4742,rolex_1030_6900_585,Rolex 1030,4,v1,EBAY_DE,2026-07-29T21:43:52+00:00,v1|168247455591|0,1:1  ETA 2836 2824 Big Lollipop Watch Hand for Rolex 6538 Big Crown Submariner,60.00,EUR,Gebraucht,3000,FIXED_PRICE|BEST_OFFER,https://www.ebay.de/itm/168247455591?_skw=Rolex+1030&hash=item272c546f67:g:~kwAAeSwKvBpeS4S,https://i.ebayimg.com/images/g/~kwAAeSwKvBpeS4S/s-l225.jpg,letsbuyit2236,559,100.0,6.49,EUR,DE,Berlin,2026-03-19T19:20:45.000Z
batch_20260729_214347,iuid_0f4a304cda9c4742,rolex_1030_6900_585,Rolex 1030,4,v1,EBAY_DE,2026-07-29T21:43:52+00:00,v1|227234429016|0,Guter Zustand Rolex 1030 6959 gebraucht Zeitschalthebel 1035 1036 1040 1,86.90,EUR,Usato,3000,FIXED_PRICE|BEST_OFFER,https://www.ebay.de/itm/227234429016?_skw=Rolex+1030&hash=item34e83a3858:g:QCkAAeSwvRxqRPW4,https://i.ebayimg.com/images/g/QCkAAeSwvRxqRPW4/s-l225.jpg,*rarecollections,1405,100.0,29.00,EUR,IT,,2026-02-27T09:07:08.000Z
batch_20260729_214347,iuid_0f4a304cda9c4742,rolex_1030_6900_585,Rolex 1030,4,v1,EBAY_DE,2026-07-29T21:43:52+00:00,v1|227233090623|0,Rolex 1030 7027 Wie Neu Zwischenradstein N2 Über 1035 1036,42.90,EUR,Usato,3000,FIXED_PRICE|BEST_OFFER,https://www.ebay.de/itm/227233090623?_skw=Rolex+1030&hash=item34e825cc3f:g:GpEAAeSw5YRqRP2S,https://i.ebayimg.com/images/g/GpEAAeSw5YRqRP2S/s-l225.jpg,*rarecollections,1405,100.0,29.00,EUR,IT,,2026-02-26T09:35:44.000Z
batch_20260729_214347,iuid_0f4a304cda9c4742,rolex_1030_6900_585,Rolex 1030,4,v1,EBAY_DE,2026-07-29T21:43:52+00:00,v1|227233090558|0,Rolex 1030 7022 Wie Neu Zwischenradstein N1 Über 1035 1036,42.90,EUR,Usato,3000,FIXED_PRICE|BEST_OFFER,https://www.ebay.de/itm/227233090558?_skw=Rolex+1030&hash=item34e825cbfe:g:gacAAeSw3bJqRP0Q,https://i.ebayimg.com/images/g/gacAAeSw3bJqRP0Q/s-l225.jpg,*rarecollections,1405,100.0,29.00,EUR,IT,,2026-02-26T09:35:32.000Z
batch_20260729_214347,iuid_0f4a304cda9c4742,rolex_1030_6900_585,Rolex 1030,4,v1,EBAY_DE,2026-07-29T21:43:52+00:00,v1|227233086328|0,Guter Zustand Rolex 1030 7013 gebraucht Rotorpalette 1035 1036 1040 1055 10,64.90,EUR,Usato,3000,FIXED_PRICE|BEST_OFFER,https://www.ebay.de/itm/227233086328?_skw=Rolex+1030&hash=item34e825bb78:g:gswAAeSwoolqRPyk,https://i.ebayimg.com/images/g/gswAAeSwoolqRPyk/s-l225.jpg,*rarecollections,1405,100.0,29.00,EUR,IT,,2026-02-26T09:31:18.000Z
batch_20260729_214347,iuid_0f4a304cda9c4742,rolex_1030_6900_585,Rolex 1030,4,v1,EBAY_DE,2026-07-29T21:43:52+00:00,v1|227233052330|0,Rolex 1030 7042 Neuwertig Caston mit Stein Oben/Unten 1035 1036 1040 1055,42.90,EUR,Usato,3000,FIXED_PRICE|BEST_OFFER,https://www.ebay.de/itm/227233052330?_skw=Rolex+1030&hash=item34e82536aa:g:QQ4AAeSwlktqWKQ~,https://i.ebayimg.com/images/g/QQ4AAeSwlktqWKQ~/s-l225.jpg,*rarecollections,1405,100.0,29.00,EUR,IT,,2026-02-26T08:44:57.000Z
batch_20260729_214347,iuid_0f4a304cda9c4742,rolex_1030_6900_585,Rolex 1030,4,v1,EBAY_DE,2026-07-29T21:43:52+00:00,v1|227231794320|0,Rolex 1030 7003 Neuwertig Schraube für die Brücke des Automatikwerkes Kopf,31.90,EUR,Usato,3000,FIXED_PRICE|BEST_OFFER,https://www.ebay.de/itm/227231794320?_skw=Rolex+1030&hash=item34e8120490:g:AuQAAeSwbA1qRSND,https://i.ebayimg.com/images/g/AuQAAeSwbA1qRSND/s-l225.jpg,*rarecollections,1405,100.0,29.00,EUR,IT,,2026-02-25T11:00:02.000Z
batch_20260729_214347,iuid_0f4a304cda9c4742,rolex_1030_6900_585,Rolex 1030,4,v1,EBAY_DE,2026-07-29T21:43:52+00:00,v1|227231792170|0,Rolex 1030 6973-1 Wie Neu Feste Schraube Flachwerk 35mm 1035 1036 1055,42.90,EUR,Usato,3000,FIXED_PRICE|BEST_OFFER,https://www.ebay.de/itm/227231792170?_skw=Rolex+1030&hash=item34e811fc2a:g:-DsAAeSwP3hqRSIA,https://i.ebayimg.com/images/g/-DsAAeSwP3hqRSIA/s-l225.jpg,*rarecollections,1405,100.0,29.00,EUR,IT,,2026-02-25T10:56:12.000Z
batch_20260729_214347,iuid_0f4a304cda9c4742,rolex_1030_6900_585,Rolex 1030,4,v1,EBAY_DE,2026-07-29T21:43:52+00:00,v1|227231739559|0,"Guter Zustand Rolex 1030 6968-1 gebraucht Stundenrad h 1,47mm 1040 1055B 106",108.90,EUR,Usato,3000,FIXED_PRICE|BEST_OFFER,https://www.ebay.de/itm/227231739559?_skw=Rolex+1030&hash=item34e8112ea7:g:a1IAAeSwnlxqRRQQ,https://i.ebayimg.com/images/g/a1IAAeSwnlxqRRQQ/s-l225.jpg,*rarecollections,1405,100.0,29.00,EUR,IT,,2026-02-25T10:18:32.000Z
batch_20260729_214347,iuid_0f4a304cda9c4742,rolex_1030_6900_585,Rolex 1030,4,v1,EBAY_DE,2026-07-29T21:43:52+00:00,v1|227231706563|0,Guter Zustand Rolex 1030 6943 gebraucht Schläger 1035 1036 1040 1055 1055B 1065,152.90,EUR,Usato,3000,FIXED_PRICE|BEST_OFFER,https://www.ebay.de/itm/227231706563?_skw=Rolex+1030&hash=item34e810adc3:g:J1AAAeSwVSNqRQuI,https://i.ebayimg.com/images/g/J1AAAeSwVSNqRQuI/s-l225.jpg,*rarecollections,1405,100.0,29.00,EUR,IT,,2026-02-25T09:54:32.000Z
batch_20260729_214347,iuid_0f4a304cda9c4742,rolex_1030_6900_585,Rolex 1030,4,v1,EBAY_DE,2026-07-29T21:43:52+00:00,v1|227231684099|0,Guter Zustand Rolex 1030 6918 gebraucht Hemmstein 17 1035 1036 1040 1,141.90,EUR,Usato,3000,FIXED_PRICE|BEST_OFFER,https://www.ebay.de/itm/227231684099?_skw=Rolex+1030&hash=item34e8105603:g:n3AAAeSwQBhqRP5Z,https://i.ebayimg.com/images/g/n3AAAeSwQBhqRP5Z/s-l225.jpg,*rarecollections,1405,100.0,29.00,EUR,IT,,2026-02-25T09:29:16.000Z
batch_20260729_214347,iuid_0f4a304cda9c4742,rolex_1030_6900_585,Rolex 1030,4,v1,EBAY_DE,2026-07-29T21:43:52+00:00,v1|227231682637|0,Rolex 1030 6908 Wie Neu Third Wheel Oben Stein 1035 1036 1040 1055,42.90,EUR,Usato,3000,FIXED_PRICE|BEST_OFFER,https://www.ebay.de/itm/227231682637?_skw=Rolex+1030&hash=item34e810504d:g:nsAAAeSw~DhqRP1q,https://i.ebayimg.com/images/g/nsAAAeSw~DhqRP1q/s-l225.jpg,*rarecollections,1405,100.0,29.00,EUR,IT,,2026-02-25T09:28:36.000Z
batch_20260729_214347,iuid_0f4a304cda9c4742,rolex_1030_6900_585,Rolex 1030,4,v1,EBAY_DE,2026-07-29T21:43:52+00:00,v1|227231681413|0,Rolex 1030 6912 Wie Neu Second Wheel Stein Unter 1035 1036,42.90,EUR,Usato,3000,FIXED_PRICE|BEST_OFFER,https://www.ebay.de/itm/227231681413?_skw=Rolex+1030&hash=item34e8104b85:g:sOIAAeSwsUZqRP17,https://i.ebayimg.com/images/g/sOIAAeSwsUZqRP17/s-l225.jpg,*rarecollections,1405,100.0,29.00,EUR,IT,,2026-02-25T09:28:09.000Z
batch_20260729_214347,iuid_0f4a304cda9c4742,rolex_1030_6900_585,Rolex 1030,4,v1,EBAY_DE,2026-07-29T21:43:52+00:00,v1|227231680137|0,Rolex 1030 6927 Wie Neu Ankerstein Oben 1035 1036 1040 1055 1055B,53.90,EUR,Usato,3000,FIXED_PRICE|BEST_OFFER,https://www.ebay.de/itm/227231680137?_skw=Rolex+1030&hash=item34e8104689:g:qg4AAeSwezVqRP15,https://i.ebayimg.com/images/g/qg4AAeSwezVqRP15/s-l225.jpg,*rarecollections,1405,100.0,29.00,EUR,IT,,2026-02-25T09:26:57.000Z
batch_20260729_214347,iuid_0f4a304cda9c4742,rolex_1030_6900_585,Rolex 1030,4,v1,EBAY_DE,2026-07-29T21:43:52+00:00,v1|227230833478|0,Rolex 1030 6962 Neuwertig Federschraube des Zeitschalthebels,31.90,EUR,Usato,3000,FIXED_PRICE|BEST_OFFER,https://www.ebay.de/itm/227230833478?_skw=Rolex+1030&hash=item34e8035b46:g:X7oAAeSwC9tqRSOD,https://i.ebayimg.com/images/g/X7oAAeSwC9tqRSOD/s-l225.jpg,*rarecollections,1405,100.0,29.00,EUR,IT,,2026-02-24T19:18:49.000Z
batch_20260729_214347,iuid_0f4a304cda9c4742,rolex_1030_6900_585,Rolex 1030,4,v1,EBAY_DE,2026-07-29T21:43:52+00:00,v1|227230832394|0,Guter Zustand Rolex 1030 7008 + 7010 gebraucht Oszillierende Platte Masse 1035 1,548.90,EUR,Usato,3000,FIXED_PRICE|BEST_OFFER,https://www.ebay.de/itm/227230832394?_skw=Rolex+1030&hash=item34e803570a:g:~MQAAeSw5BVqRQML,https://i.ebayimg.com/images/g/~MQAAeSw5BVqRQML/s-l225.jpg,*rarecollections,1405,100.0,29.00,EUR,IT,,2026-02-24T19:17:27.000Z
batch_20260729_214347,iuid_0f4a304cda9c4742,rolex_1030_6900_585,Rolex 1030,4,v1,EBAY_DE,2026-07-29T21:43:52+00:00,v1|227230832309|0,Guter Zustand Rolex 1030 7008 + 7010 gebraucht Oszillierende Platte Masse 1035 1,438.90,EUR,Usato,3000,FIXED_PRICE|BEST_OFFER,https://www.ebay.de/itm/227230832309?_skw=Rolex+1030&hash=item34e80356b5:g:yJ8AAeSwyeRqRQL2,https://i.ebayimg.com/images/g/yJ8AAeSwyeRqRQL2/s-l225.jpg,*rarecollections,1405,100.0,29.00,EUR,IT,,2026-02-24T19:17:25.000Z
batch_20260729_214347,iuid_0f4a304cda9c4742,rolex_1030_6900_585,Rolex 1030,4,v1,EBAY_DE,2026-07-29T21:43:52+00:00,v1|227230831897|0,Rolex 1030 7008 Neuwertig Rotorplatte mit genieteter Achse 1035 1036,328.90,EUR,Usato,3000,FIXED_PRICE|BEST_OFFER,https://www.ebay.de/itm/227230831897?_skw=Rolex+1030&hash=item34e8035519:g:-i0AAeSwsyhqRQLu,https://i.ebayimg.com/images/g/-i0AAeSwsyhqRQLu/s-l225.jpg,*rarecollections,1405,100.0,29.00,EUR,IT,,2026-02-24T19:17:05.000Z
batch_20260729_214347,iuid_0f4a304cda9c4742,rolex_1030_6900_585,Rolex 1030,4,v1,EBAY_DE,2026-07-29T21:43:52+00:00,v1|227230830232|0,Rolex 1030 6909 Wie Neu Third Wheel Stein Unter 1035 1036 1040 1055,42.90,EUR,Usato,3000,FIXED_PRICE|BEST_OFFER,https://www.ebay.de/itm/227230830232?_skw=Rolex+1030&hash=item34e8034e98:g:isgAAeSw-lpqRP3E,https://i.ebayimg.com/images/g/isgAAeSw-lpqRP3E/s-l225.jpg,*rarecollections,1405,100.0,29.00,EUR,IT,,2026-02-24T19:14:38.000Z
batch_20260729_214347,iuid_0f4a304cda9c4742,rolex_1030_6900_585,Rolex 1030,4,v1,EBAY_DE,2026-07-29T21:43:52+00:00,v1|227230830091|0,Rolex 1030 6911 Wie Neu Second Wheel Stein Oben 1035 1036,42.90,EUR,Usato,3000,FIXED_PRICE|BEST_OFFER,https://www.ebay.de/itm/227230830091?_skw=Rolex+1030&hash=item34e8034e0b:g:mTAAAeSwiNRqRP3c,https://i.ebayimg.com/images/g/mTAAAeSwiNRqRP3c/s-l225.jpg,*rarecollections,1405,100.0,29.00,EUR,IT,,2026-02-24T19:14:20.000Z
batch_20260729_214347,iuid_0f4a304cda9c4742,rolex_1030_6900_585,Rolex 1030,4,v1,EBAY_DE,2026-07-29T21:43:52+00:00,v1|227230828633|0,Guter Zustand Rolex 1030 7010 Gebraucht Rotorgewicht 1035 1036 1040 1055 1055B,218.90,EUR,Usato,3000,FIXED_PRICE|BEST_OFFER,https://www.ebay.de/itm/227230828633?_skw=Rolex+1030&hash=item34e8034859:g:oygAAeSwBCFqRPyY,https://i.ebayimg.com/images/g/oygAAeSwBCFqRPyY/s-l225.jpg,*rarecollections,1405,100.0,29.00,EUR,IT,,2026-02-24T19:12:17.000Z
batch_20260729_214347,iuid_0f4a304cda9c4742,rolex_1030_6900_585,Rolex 1030,4,v1,EBAY_DE,2026-07-29T21:43:52+00:00,v1|227230827096|0,Guter Zustand Rolex 1030 6964 gebraucht Wippfeder 1035 1036 1040 1055B,42.90,EUR,Usato,3000,FIXED_PRICE|BEST_OFFER,https://www.ebay.de/itm/227230827096?_skw=Rolex+1030&hash=item34e8034258:g:go8AAeSwwIhqRPkJ,https://i.ebayimg.com/images/g/go8AAeSwwIhqRPkJ/s-l225.jpg,*rarecollections,1405,100.0,29.00,EUR,IT,,2026-02-24T19:10:12.000Z
batch_20260729_214347,iuid_0f4a304cda9c4742,rolex_1030_6900_585,Rolex 1030,4,v1,EBAY_DE,2026-07-29T21:43:52+00:00,v1|227230568554|0,Guter Zustand Rolex 1030 6913 gebraucht Sekundenrad in der Mitte 1035 1036 104,75.90,EUR,Usato,3000,FIXED_PRICE|BEST_OFFER,https://www.ebay.de/itm/227230568554?_skw=Rolex+1030&hash=item34e7ff506a:g:J6wAAeSw~VhqRRFf,https://i.ebayimg.com/images/g/J6wAAeSw~VhqRRFf/s-l225.jpg,*rarecollections,1405,100.0,29.00,EUR,IT,,2026-02-24T14:45:38.000Z
batch_20260729_214347,iuid_0f4a304cda9c4742,rolex_1030_6900_585,Rolex 1030,4,v1,EBAY_DE,2026-07-29T21:43:52+00:00,v1|227230567144|0,"Guter Zustand Rolex 1030 6967-1 gebraucht passendes Ritzel 2,43mm 1036 1040 1055",108.90,EUR,Usato,3000,FIXED_PRICE|BEST_OFFER,https://www.ebay.de/itm/227230567144?_skw=Rolex+1030&hash=item34e7ff4ae8:g:-0oAAeSw24RqaTHR,https://i.ebayimg.com/images/g/-0oAAeSw24RqaTHR/s-l225.jpg,*rarecollections,1405,100.0,29.00,EUR,IT,,2026-02-24T14:44:10.000Z
batch_20260729_214347,iuid_0f4a304cda9c4742,rolex_1030_6900_585,Rolex 1030,4,v1,EBAY_DE,2026-07-29T21:43:52+00:00,v1|227230565705|0,Guter Zustand Rolex 1030 6951 gebraucht Radkern Krone 1035 1036 104,53.90,EUR,Usato,3000,FIXED_PRICE|BEST_OFFER,https://www.ebay.de/itm/227230565705?_skw=Rolex+1030&hash=item34e7ff4549:g:n4kAAeSwxE5qRPvk,https://i.ebayimg.com/images/g/n4kAAeSwxE5qRPvk/s-l225.jpg,*rarecollections,1405,100.0,29.00,EUR,IT,,2026-02-24T14:41:43.000Z
batch_20260729_214347,iuid_0f4a304cda9c4742,rolex_1030_6900_585,Rolex 1030,4,v1,EBAY_DE,2026-07-29T21:43:52+00:00,v1|227230565531|0,Guter Zustand Rolex 1030 6961 gebraucht Feder Hebel Uhrzeit 1035 1036 104,42.90,EUR,Usato,3000,FIXED_PRICE|BEST_OFFER,https://www.ebay.de/itm/227230565531?_skw=Rolex+1030&hash=item34e7ff449b:g:pjAAAeSwYoFqRPoh,https://i.ebayimg.com/images/g/pjAAAeSwYoFqRPoh/s-l225.jpg,*rarecollections,1405,100.0,29.00,EUR,IT,,2026-02-24T14:41:28.000Z
batch_20260729_214347,iuid_0f4a304cda9c4742,rolex_1030_6900_585,Rolex 1030,4,v1,EBAY_DE,2026-07-29T21:43:52+00:00,v1|406712588105|0,#1854 ORIGINAL ROLEX 1030 AUFZUGSWELLE TIEGE STEM WELLE ERSATZTEIL,39.99,EUR,Gebraucht,3000,FIXED_PRICE,https://www.ebay.de/itm/406712588105?_skw=Rolex+1030&hash=item5eb1f59749:g:7rEAAeSwnnppmbkV,https://i.ebayimg.com/images/g/7rEAAeSwnnppmbkV/s-l225.jpg,state_of_time,3866,100.0,6.95,EUR,DE,Gersthofen,2026-02-21T13:55:08.000Z
batch_20260729_214347,iuid_0f4a304cda9c4742,rolex_1030_6900_585,Rolex 1030,4,v1,EBAY_DE,2026-07-29T21:43:52+00:00,v1|406712586699|0,#1854 ORIGINAL ROLEX 1030 6892 FEDERHAUS AUFZUG BRÜCKE BARREL BRIDGE ERSATZTEIL,249.99,EUR,Gebraucht,3000,FIXED_PRICE,https://www.ebay.de/itm/406712586699?_skw=Rolex+1030&hash=item5eb1f591cb:g:DB4AAeSwyiJpmbjN,https://i.ebayimg.com/images/g/DB4AAeSwyiJpmbjN/s-l225.jpg,state_of_time,3866,100.0,6.95,EUR,DE,Gersthofen,2026-02-21T13:53:33.000Z
batch_20260729_214347,iuid_0f4a304cda9c4742,rolex_1030_6900_585,Rolex 1030,4,v1,EBAY_DE,2026-07-29T21:43:52+00:00,v1|406712585935|0,#1854 ORIGINAL ROLEX 1030 6958 SPRING CLICK FEDER SPERRRAD AUFZUG ERSATZTEIL,79.99,EUR,Gebraucht,3000,FIXED_PRICE,https://www.ebay.de/itm/406712585935?_skw=Rolex+1030&hash=item5eb1f58ecf:g:WjwAAeSwKG5pmbhk,https://i.ebayimg.com/images/g/WjwAAeSwKG5pmbhk/s-l225.jpg,state_of_time,3866,100.0,6.95,EUR,DE,Gersthofen,2026-02-21T13:52:39.000Z
batch_20260729_214347,iuid_0f4a304cda9c4742,rolex_1030_6900_585,Rolex 1030,4,v1,EBAY_DE,2026-07-29T21:43:52+00:00,v1|406712584581|0,#1854 ORIGINAL ROLEX 1030 6956 KLINKE SPERRAD CLICK PART MIT SCHRAUBE ERSATZTEIL,179.99,EUR,Gebraucht,3000,FIXED_PRICE,https://www.ebay.de/itm/406712584581?_skw=Rolex+1030&hash=item5eb1f58985:g:6jsAAeSwy4Zpmbgv,https://i.ebayimg.com/images/g/6jsAAeSwy4Zpmbgv/s-l225.jpg,state_of_time,3866,100.0,6.95,EUR,DE,Gersthofen,2026-02-21T13:50:50.000Z
batch_20260729_214347,iuid_0f4a304cda9c4742,rolex_1030_6900_585,Rolex 1030 6900/585,1,v1,EBAY_US,2026-07-29T21:43:52+00:00,v1|267702161888|0,Original Rolex Spare Part # 6900/585 Caliber 1030 Mainspring. Sealed NOS,84.00,USD,New without tags,1500,FIXED_PRICE,https://www.ebay.com/itm/267702161888?_skw=Rolex+1030+6900%2F585&hash=item3e544ad1e0:g:hlkAAeSwYkxqMsem,https://i.ebayimg.com/images/g/hlkAAeSwYkxqMsem/s-l225.jpg,mintproductsdirect,9640,100.0,0.00,USD,US,Kannapolis,2026-06-17T17:16:14.000Z
batch_20260729_214347,iuid_0f4a304cda9c4742,rolex_1030_6900_585,Rolex 1030,4,v1,EBAY_US,2026-07-29T21:43:56+00:00,v1|287491371399|0,Vintage Rolex NOS Parts #7016 Cal. 1030 Rotor Clip New Sealed Watchmakers Repair,110.49,USD,For parts or not working,7000,FIXED_PRICE|BEST_OFFER,https://www.ebay.com/itm/287491371399?_skw=Rolex+1030&hash=item42efd23187:g:hGgAAeSwbG9qajN6,https://i.ebayimg.com/images/g/hGgAAeSwbG9qajN6/s-l225.jpg,donaldsorrell,499,100.0,6.00,USD,US,Sagle,2026-07-29T17:09:21.000Z
batch_20260729_214347,iuid_0f4a304cda9c4742,rolex_1030_6900_585,Rolex 1030,4,v1,EBAY_US,2026-07-29T21:43:56+00:00,v1|137561066844|0,"Rolex 1030 - 7031 Automatic Mechanism, Complete Winding Rotor Assembly",1095.00,USD,Pre-owned,3000,FIXED_PRICE,https://www.ebay.com/itm/137561066844?_skw=Rolex+1030&hash=item2007474d5c:g:NwoAAeSwzM5qaQOR,https://i.ebayimg.com/images/g/NwoAAeSwzM5qaQOR/s-l225.jpg,bestoftimeswatch,796,100.0,0.00,USD,US,Tucson,2026-07-28T19:38:21.000Z
batch_20260729_214347,iuid_0f4a304cda9c4742,rolex_1030_6900_585,Rolex 1030,4,v1,EBAY_US,2026-07-29T21:43:56+00:00,v1|158122736498|0,Balance staff to fit Rolex Caliber 1030 1020 1060 1065 1035 1036 1040 1055 1066,15.95,USD,New with tags,1000,FIXED_PRICE,https://www.ebay.com/itm/158122736498?_skw=Rolex+1030&hash=item24d0d97b72:g:qgMAAeSwnN9qZqr9,https://i.ebayimg.com/images/g/qgMAAeSwnN9qZqr9/s-l225.jpg,laquintawatchery,654,100.0,0.00,USD,US,La Quinta,2026-07-27T00:50:45.000Z
batch_20260729_214347,iuid_0f4a304cda9c4742,rolex_1030_6900_585,Rolex 1030,4,v1,EBAY_US,2026-07-29T21:43:56+00:00,v1|307072765581|0,VINTAGE ROLEX CAL.1030 MOVEMENT WITH DATE FUNCTION FOR SUBMARINER/EXPLORER/GMT,,,Pre-owned - Good,3000,AUCTION,https://www.ebay.com/itm/307072765581?_skw=Rolex+1030&hash=item477ef68e8d:g:MsAAAeSwLDFqXLPu,https://i.ebayimg.com/images/g/MsAAAeSwLDFqXLPu/s-l225.jpg,badingski,14479,99.1,65.00,USD,PH,,2026-07-26T22:30:01.000Z
batch_20260729_214347,iuid_0f4a304cda9c4742,rolex_1030_6900_585,Rolex 1030,4,v1,EBAY_US,2026-07-29T21:43:56+00:00,v1|147460965043|0,Rolex Oyster Perpetual 41 124300 41mm Stainless Steel Blue Wristwatch #UW1030,32410.07,USD,Pre-owned - Good,3000,FIXED_PRICE,https://www.ebay.com/itm/147460965043?_skw=Rolex+1030&hash=item22555bc2b3:g:qwsAAeSw3CxqZPVr,https://i.ebayimg.com/images/g/qwsAAeSw3CxqZPVr/s-l225.jpg,minico_01,11771,99.2,0.00,USD,JP,,2026-07-25T17:39:01.000Z
batch_20260729_214347,iuid_0f4a304cda9c4742,rolex_1030_6900_585,Rolex 1030,4,v1,EBAY_US,2026-07-29T21:43:56+00:00,v1|188691615953|0,Genuine Rolex Cal. 1030 Part 7021 Intermediate Wheel #1 - New In Opened Package,130.00,USD,New with tags,1000,FIXED_PRICE,https://www.ebay.com/itm/188691615953?_skw=Rolex+1030&hash=item2beee590d1:g:ft4AAeSw6XlqY6J6,https://i.ebayimg.com/images/g/ft4AAeSw6XlqY6J6/s-l225.jpg,cibro999,1664,100.0,,,US,New York,2026-07-24T17:40:58.000Z
batch_20260729_214347,iuid_0f4a304cda9c4742,rolex_1030_6900_585,Rolex 1030,4,v1,EBAY_US,2026-07-29T21:43:56+00:00,v1|178340660641|0,DATE DISC FOR ROLEX GMT WATCH ROULETTE 1030 1035 1036 1065 6534 WHITE/ RED/BLACK,49.95,USD,New with tags,1000,FIXED_PRICE,https://www.ebay.com/itm/178340660641?_skw=Rolex+1030&hash=item2985ee85a1:g:~F8AAeSw3CxqY4U7,https://i.ebayimg.com/images/g/~F8AAeSw3CxqY4U7/s-l225.jpg,ewatchparts,226582,99.9,0.00,USD,US,Sugar Land,2026-07-24T15:31:08.000Z
batch_20260729_214347,iuid_0f4a304cda9c4742,rolex_1030_6900_585,Rolex 1030,4,v1,EBAY_US,2026-07-29T21:43:56+00:00,v1|178340650120|0,WATCH HAND FOR ROLEX EXPLORER I SUBMARINER 5700 5701 1002 1025 1030 SILVER,24.95,USD,New with tags,1000,FIXED_PRICE,https://www.ebay.com/itm/178340650120?_skw=Rolex+1030&hash=item2985ee5c88:g:y1oAAeSwAQ9qY4TJ,https://i.ebayimg.com/images/g/y1oAAeSwAQ9qY4TJ/s-l225.jpg,ewatchparts,226582,99.9,0.00,USD,US,Sugar Land,2026-07-24T15:29:14.000Z
batch_20260729_214347,iuid_0f4a304cda9c4742,rolex_1030_6900_585,Rolex 1030,4,v1,EBAY_US,2026-07-29T21:43:56+00:00,v1|168560796798|0,DATE DISC FOR ROLEX DATE 1036 1065 1066 1030 1035 ROULETTE CHAMPAGNE/ RED/BLACK,49.95,USD,New with tags,1000,FIXED_PRICE,https://www.ebay.com/itm/168560796798?_skw=Rolex+1030&hash=item273f01a47e:g:e~0AAeSw7ehqY4Qk,https://i.ebayimg.com/images/g/e~0AAeSw7ehqY4Qk/s-l225.jpg,ewatchparts,226582,99.9,0.00,USD,US,Sugar Land,2026-07-24T15:26:29.000Z
batch_20260729_214347,iuid_0f4a304cda9c4742,rolex_1030_6900_585,Rolex 1030,4,v1,EBAY_US,2026-07-29T21:43:56+00:00,v1|318630212031|0,DATE DISC FOR ROLEX GMT WATCH 1036 1065 1066 1030 1035 WHITE/RED/BLACK ROULETTE,49.95,USD,New with tags,1000,FIXED_PRICE,https://www.ebay.com/itm/318630212031?_skw=Rolex+1030&hash=item4a2fd731bf:g:TLMAAeSwAzZqY4Pr,https://i.ebayimg.com/images/g/TLMAAeSwAzZqY4Pr/s-l225.jpg,ewatchparts,226582,99.9,0.00,USD,US,Sugar Land,2026-07-24T15:25:31.000Z
batch_20260729_214347,iuid_0f4a304cda9c4742,rolex_1030_6900_585,Rolex 1030,4,v1,EBAY_US,2026-07-29T21:43:56+00:00,v1|178340633496|0,12 PLASTIC PLEXI  WATCH CRYSTAL FOR ROLEX AIRKING 25-12 5500 5501 5520 5552 1030,149.95,USD,New with tags,1000,FIXED_PRICE,https://www.ebay.com/itm/178340633496?_skw=Rolex+1030&hash=item2985ee1b98:g:LIwAAeSwxMpqY4G6,https://i.ebayimg.com/images/g/LIwAAeSwxMpqY4G6/s-l225.jpg,ewatchparts,226582,99.9,0.00,USD,US,Sugar Land,2026-07-24T15:16:10.000Z
batch_20260729_214347,iuid_0f4a304cda9c4742,rolex_1030_6900_585,Rolex 1030,4,v1,EBAY_US,2026-07-29T21:43:56+00:00,v1|168560784124|0,"WATCH HAND FOR 34MM ROLEX DATE MOVEMENT 1030, 1035, 1040, 1055, 1065 WATCH GOLD",29.95,USD,New with tags,1000,FIXED_PRICE,https://www.ebay.com/itm/168560784124?_skw=Rolex+1030&hash=item273f0172fc:g:3uMAAeSwgxZqY4Ft,https://i.ebayimg.com/images/g/3uMAAeSwgxZqY4Ft/s-l225.jpg,ewatchparts,226582,99.9,0.00,USD,US,Sugar Land,2026-07-24T15:14:53.000Z
batch_20260729_214347,iuid_0f4a304cda9c4742,rolex_1030_6900_585,Rolex 1030,4,v1,EBAY_US,2026-07-29T21:43:56+00:00,v1|168560783537|0,DAY DISC FOR ROLEX PRESIDENT DAYDATE WATCH MOVEMENT 1030/1555/1556 WHITE,49.95,USD,New with tags,1000,FIXED_PRICE,https://www.ebay.com/itm/168560783537?_skw=Rolex+1030&hash=item273f0170b1:g:XDIAAeSwe4RqY4E8,https://i.ebayimg.com/images/g/XDIAAeSwe4RqY4E8/s-l225.jpg,ewatchparts,226582,99.9,0.00,USD,US,Sugar Land,2026-07-24T15:14:05.000Z
batch_20260729_214347,iuid_0f4a304cda9c4742,rolex_1030_6900_585,Rolex 1030,4,v1,EBAY_US,2026-07-29T21:43:56+00:00,v1|178340550423|0,WATCH HAND FOR ROLEX EXPLORER I SUBMARINER 5700 5701 1002 1025 1030 1560 SILVER,24.95,USD,New with tags,1000,FIXED_PRICE,https://www.ebay.com/itm/178340550423?_skw=Rolex+1030&hash=item2985ecd717:g:QDMAAeSwRo9qY3ot,https://i.ebayimg.com/images/g/QDMAAeSwRo9qY3ot/s-l225.jpg,ewatchparts,226582,99.9,0.00,USD,US,Sugar Land,2026-07-24T14:43:58.000Z
batch_20260729_214347,iuid_0f4a304cda9c4742,rolex_1030_6900_585,Rolex 1030,4,v1,EBAY_US,2026-07-29T21:43:56+00:00,v1|168560643143|0,"WATCH HAND FOR 34MM ROLEX DATE MOVEMENT 1030,1035,1040, 1055, 1065 SILVER WATCH",29.95,USD,New with tags,1000,FIXED_PRICE,https://www.ebay.com/itm/168560643143?_skw=Rolex+1030&hash=item273eff4c47:g:mdQAAeSwrptqY3Cu,https://i.ebayimg.com/images/g/mdQAAeSwrptqY3Cu/s-l225.jpg,ewatchparts,226582,99.9,0.00,USD,US,Sugar Land,2026-07-24T14:03:27.000Z
batch_20260729_214347,iuid_0f4a304cda9c4742,rolex_1030_6900_585,Rolex 1030,4,v1,EBAY_US,2026-07-29T21:43:56+00:00,v1|168560638875|0,WATCH HAND AGED VINTAGE FOR ROLEX WATCH 1030 1035 1560 REF: 6569 6620 6634 GOLD,59.95,USD,New with tags,1000,FIXED_PRICE,https://www.ebay.com/itm/168560638875?_skw=Rolex+1030&hash=item273eff3b9b:g:3bQAAeSwgUdqY2-9,https://i.ebayimg.com/images/g/3bQAAeSwgUdqY2-9/s-l225.jpg,ewatchparts,226582,99.9,0.00,USD,US,Sugar Land,2026-07-24T13:59:26.000Z
batch_20260729_214347,iuid_0f4a304cda9c4742,rolex_1030_6900_585,Rolex 1030,4,v1,EBAY_US,2026-07-29T21:43:56+00:00,v1|178340438780|0,DATE DISC FOR ROLEX PRESIDENT DAY DATE NQS MOVEMENT 1030 1135 1556 1810 CHAMPAGN,49.95,USD,New with tags,1000,FIXED_PRICE,https://www.ebay.com/itm/178340438780?_skw=Rolex+1030&hash=item2985eb22fc:g:rdoAAeSwlktqY20v,https://i.ebayimg.com/images/g/rdoAAeSwlktqY20v/s-l225.jpg,ewatchparts,226582,99.9,0.00,USD,US,Sugar Land,2026-07-24T13:48:32.000Z
batch_20260729_214347,iuid_0f4a304cda9c4742,rolex_1030_6900_585,Rolex 1030,4,v1,EBAY_US,2026-07-29T21:43:56+00:00,v1|318629826399|0,DAY DISC FOR 36MM ROLEX PRESIDENT DAY DATE WATCH 1030/1556 1802 1803 1805 WHITE,49.95,USD,New with tags,1000,FIXED_PRICE,https://www.ebay.com/itm/318629826399?_skw=Rolex+1030&hash=item4a2fd14f5f:g:zgEAAeSwvqJqY2sf,https://i.ebayimg.com/images/g/zgEAAeSwvqJqY2sf/s-l225.jpg,ewatchparts,226582,99.9,0.00,USD,US,Sugar Land,2026-07-24T13:39:43.000Z
batch_20260729_214347,iuid_0f4a304cda9c4742,rolex_1030_6900_585,Rolex 1030,4,v1,EBAY_US,2026-07-29T21:43:56+00:00,v1|318629795397|0,3 White Replacement Day Discs For Rolex President 1030 1556 1803 1804,139.95,USD,New with tags,1000,FIXED_PRICE,https://www.ebay.com/itm/318629795397?_skw=Rolex+1030&hash=item4a2fd0d645:g:g40AAeSwsIxqY2i7,https://i.ebayimg.com/images/g/g40AAeSwsIxqY2i7/s-l225.jpg,ewatchparts,226582,99.9,0.00,USD,US,Sugar Land,2026-07-24T13:29:32.000Z
batch_20260729_214347,iuid_0f4a304cda9c4742,rolex_1030_6900_585,Rolex 1030,4,v1,EBAY_US,2026-07-29T21:43:56+00:00,v1|168560576807|0,"WATCH HAND AGED FOR VINTAGE ROLEX 1030,1560 REF:6569,6634,6427 1210 WATCH SILVER",59.95,USD,New with tags,1000,FIXED_PRICE,https://www.ebay.com/itm/168560576807?_skw=Rolex+1030&hash=item273efe4927:g:4KEAAeSwmA5qY2f3,https://i.ebayimg.com/images/g/4KEAAeSwmA5qY2f3/s-l225.jpg,ewatchparts,226582,99.9,0.00,USD,US,Sugar Land,2026-07-24T13:26:16.000Z
batch_20260729_214347,iuid_0f4a304cda9c4742,rolex_1030_6900_585,Rolex 1030,4,v1,EBAY_US,2026-07-29T21:43:56+00:00,v1|168560552492|0,DAY DISC FOR ROLEX PRESIDENT DAYDATE MOVEMENT 1030/1556 1801 1802 1803 CHAMPAGNE,49.95,USD,New with tags,1000,FIXED_PRICE,https://www.ebay.com/itm/168560552492?_skw=Rolex+1030&hash=item273efdea2c:g:WRAAAeSwFuJqY2Qx,https://i.ebayimg.com/images/g/WRAAAeSwFuJqY2Qx/s-l225.jpg,ewatchparts,226582,99.9,0.00,USD,US,Sugar Land,2026-07-24T13:10:10.000Z
batch_20260729_214347,iuid_0f4a304cda9c4742,rolex_1030_6900_585,Rolex 1030,4,v1,EBAY_US,2026-07-29T21:43:56+00:00,v1|318629638671|0,Champagne Replacement Day Disc For Rolex President Day-Date 1030 1556,139.95,USD,New with tags,1000,FIXED_PRICE,https://www.ebay.com/itm/318629638671?_skw=Rolex+1030&hash=item4a2fce720f:g:uHUAAeSwmaVqY2JE,https://i.ebayimg.com/images/g/uHUAAeSwmaVqY2JE/s-l225.jpg,ewatchparts,226582,99.9,0.00,USD,US,Sugar Land,2026-07-24T13:01:56.000Z
batch_20260729_214347,iuid_0f4a304cda9c4742,rolex_1030_6900_585,Rolex 1030,4,v1,EBAY_US,2026-07-29T21:43:56+00:00,v1|318629619604|0,"WATCH HANDS  ""DAUPHINE"" VINTAGE FOR ROLEX 1002 1560 1030 1035 1065 SILVER",59.95,USD,New with tags,1000,FIXED_PRICE,https://www.ebay.com/itm/318629619604?_skw=Rolex+1030&hash=item4a2fce2794:g:OqoAAeSwimlqY2Ba,https://i.ebayimg.com/images/g/OqoAAeSwimlqY2Ba/s-l225.jpg,ewatchparts,226582,99.9,0.00,USD,US,Sugar Land,2026-07-24T12:53:47.000Z
batch_20260729_214347,iuid_0f4a304cda9c4742,rolex_1030_6900_585,Rolex 1030,4,v1,EBAY_US,2026-07-29T21:43:56+00:00,v1|178340276868|0,"WATCH HANDS AGED FOR ROLEX VINTAGE ""DAUPHINE"" MOVEMENT 1560 1030 1035 1065 GOLD",59.95,USD,New with tags,1000,FIXED_PRICE,https://www.ebay.com/itm/178340276868?_skw=Rolex+1030&hash=item2985e8aa84:g:HRcAAeSw2AdqY18l,https://i.ebayimg.com/images/g/HRcAAeSw2AdqY18l/s-l225.jpg,ewatchparts,226582,99.9,0.00,USD,US,Sugar Land,2026-07-24T12:48:37.000Z
batch_20260729_214347,iuid_0f4a304cda9c4742,rolex_1030_6900_585,Rolex 1030,4,v1,EBAY_US,2026-07-29T21:43:56+00:00,v1|168560355224|0,CALENDAR DATE DISC FOR ROLEX NQS PRESIDENT DAYDATE MOVEMENT 1030/1555/1556 WHITE,49.95,USD,New with tags,1000,FIXED_PRICE,https://www.ebay.com/itm/168560355224?_skw=Rolex+1030&hash=item273efae798:g:K9kAAeSwzIxqY1Eb,https://i.ebayimg.com/images/g/K9kAAeSwzIxqY1Eb/s-l225.jpg,ewatchparts,226582,99.9,0.00,USD,US,Sugar Land,2026-07-24T11:48:43.000Z
batch_20260729_214347,iuid_0f4a304cda9c4742,rolex_1030_6900_585,Rolex 1030,4,v1,EBAY_US,2026-07-29T21:43:56+00:00,v1|127985725148|0,"New Sealed Rolex Cal 1210, 1030, 1220 Watch Movement Screws Part - Lot Of 26pcs",1450.00,USD,New with tags,1000,FIXED_PRICE|BEST_OFFER,https://www.ebay.com/itm/127985725148?_skw=Rolex+1030&hash=item1dcc8b2edc:g:a6wAAeSwYlFqXqL4,https://i.ebayimg.com/images/g/a6wAAeSwYlFqXqL4/s-l225.jpg,mix-stuff,413,100.0,20.00,USD,JO,,2026-07-20T22:38:56.000Z
batch_20260729_214347,iuid_0f4a304cda9c4742,rolex_1030_6900_585,Rolex 1030,4,v1,EBAY_US,2026-07-29T21:43:56+00:00,v1|117311996515|0,Rolex Oyster Perpetual original case for 6564/6567 cal.1030　34mm,386.75,USD,Pre-owned,3000,FIXED_PRICE|BEST_OFFER,https://www.ebay.com/itm/117311996515?_skw=Rolex+1030&hash=item1b50570263:g:2xsAAeSwgPtqXa5h,https://i.ebayimg.com/images/g/2xsAAeSwgPtqXa5h/s-l225.jpg,j_popular_shop,1630,99.4,70.00,USD,JP,,2026-07-20T05:15:21.000Z
batch_20260729_214347,iuid_0f4a304cda9c4742,rolex_1030_6900_585,Rolex 1030,4,v1,EBAY_US,2026-07-29T21:43:56+00:00,v1|267731183396|0,Vintage Rolex Oyster Perpetual - Stainless Steel  Watch - Ref. 6565 - Cal. 1030,4500.00,USD,Pre-owned - Good,3000,FIXED_PRICE|BEST_OFFER,https://www.ebay.com/itm/267731183396?_skw=Rolex+1030&hash=item3e5605a724:g:XQ8AAOSwSR1nlvle,https://i.ebayimg.com/images/g/XQ8AAOSwSR1nlvle/s-l225.jpg,toysforus,1200,100.0,60.00,USD,US,Houston,2026-07-18T05:08:13.000Z
batch_20260729_214347,iuid_0f4a304cda9c4742,rolex_1030_6900_585,Rolex 1030,4,v1,EBAY_US,2026-07-29T21:43:56+00:00,v1|178320633242|0,BESTFIT Mainspring WA33 for Rolex caliber 1030 to 1080 Automatic - Alloy,35.00,USD,New without tags,1500,FIXED_PRICE|BEST_OFFER,https://www.ebay.com/itm/178320633242?_skw=Rolex+1030&hash=item2984bced9a:g:p~cAAeSwgvZqWuUx,https://i.ebayimg.com/images/g/p~cAAeSwgvZqWuUx/s-l225.jpg,treasure_hunt_ny,2646,99.5,,,US,Pearl River,2026-07-18T02:30:40.000Z
batch_20260729_214347,iuid_0f4a304cda9c4742,rolex_1030_6900_585,Rolex 1030,4,v1,EBAY_US,2026-07-29T21:43:56+00:00,v1|366549474624|0,Rare Rolex Cal 1030-6910 Fourth Wheel - Genuine 100% Second Hand,75.00,USD,For parts or not working,7000,FIXED_PRICE|BEST_OFFER,https://www.ebay.com/itm/366549474624?_skw=Rolex+1030&hash=item55580d1d40:g:BM4AAeSwapBqWtoD,https://i.ebayimg.com/images/g/BM4AAeSwapBqWtoD/s-l225.jpg,benjorology,159,99.3,,,US,Lancaster,2026-07-18T01:43:29.000Z
batch_20260729_214347,iuid_0f4a304cda9c4742,rolex_1030_6900_585,Rolex 1030,4,v1,EBAY_US,2026-07-29T21:43:56+00:00,v1|257626473159|0,Platina 1030 de Para Reloj Rolex ,300.00,USD,For parts or not working,7000,FIXED_PRICE|BEST_OFFER,https://www.ebay.com/itm/257626473159?_skw=Rolex+1030&hash=item3bfbbc02c7:g:5~0AAeSwQBhqWnH5,https://i.ebayimg.com/images/g/5~0AAeSwQBhqWnH5/s-l225.jpg,pupus89,55,100.0,,,US,Miami,2026-07-18T18:20:37.000Z
batch_20260729_214347,iuid_0f4a304cda9c4742,rolex_1030_6900_585,Rolex 1030,4,v1,EBAY_US,2026-07-29T21:43:56+00:00,v1|137515959835|0,1958 Men's Rolex Oyster Perpetual 6569 Stainless Steel 34mm 1030 Automatic,3999.99,USD,Pre-owned - Good,3000,FIXED_PRICE|BEST_OFFER,https://www.ebay.com/itm/137515959835?_skw=Rolex+1030&hash=item200497061b:g:2H0AAOSw4CVk-OAe,https://i.ebayimg.com/images/g/2H0AAOSw4CVk-OAe/s-l225.jpg,preciousmetals,37218,99.7,0.00,USD,US,Overland Park,2026-07-15T16:18:39.000Z
batch_20260729_214347,iuid_0f4a304cda9c4742,rolex_1030_6900_585,Rolex 1030,4,v1,EBAY_US,2026-07-29T21:43:56+00:00,v1|236936066832|0,Rolex 65XX explorer Dial Mint For 1030 Cal Tropical,1063.30,USD,D'occasion,3000,FIXED_PRICE|BEST_OFFER,https://www.ebay.com/itm/236936066832?_skw=Rolex+1030&hash=item372a7d7710:g:5jAAAeSwl85qVL1X,https://i.ebayimg.com/images/g/5jAAAeSwl85qVL1X/s-l225.jpg,falcaowtch44,84,100.0,17.72,USD,CA,,2026-07-13T21:08:59.000Z
batch_20260729_214347,iuid_0f4a304cda9c4742,rolex_1030_6900_585,Rolex 1030,4,v1,EBAY_US,2026-07-29T21:43:56+00:00,v1|147429615477|0,Genuine Rolex 1030 6946 Winding Stem thread 0.90 mm. Sealed Pack with 3 Inside,145.00,USD,New with tags,1000,FIXED_PRICE,https://www.ebay.com/itm/147429615477?_skw=Rolex+1030&hash=item22537d6775:g:cW4AAeSw3jFqUWlW,https://i.ebayimg.com/images/g/cW4AAeSw3jFqUWlW/s-l225.jpg,timelessclassicwatches,14477,99.9,6.36,USD,US,Glendora,2026-07-10T21:52:26.000Z
batch_20260729_214347,iuid_0f4a304cda9c4742,rolex_1030_6900_585,Rolex 1030,4,v1,EBAY_US,2026-07-29T21:43:56+00:00,v1|336683258191|0,1958 Rolex Golden Egg 6634 - 1030 movement - Gorgeous Gold Case!,4253.17,USD,Pre-owned - Excellent,2990,FIXED_PRICE,https://www.ebay.com/itm/336683258191?_skw=Rolex+1030&hash=item4e63e2d14f:g:-S4AAeSwI2NqSCEh,https://i.ebayimg.com/images/g/-S4AAeSwI2NqSCEh/s-l225.jpg,coinwatchco,12542,100.0,0.00,USD,CA,,2026-07-11T12:26:21.000Z
batch_20260729_214347,iuid_0f4a304cda9c4742,rolex_1030_6900_585,Rolex 1030,4,v1,EBAY_US,2026-07-29T21:43:56+00:00,v1|800275412721|0,Genuine Rolex 1030 6946 Winding Stem 3-Piece Pack Vintage Watch Parts NOS,149.00,USD,New with tags,1000,FIXED_PRICE|BEST_OFFER,https://www.ebay.com/itm/800275412721?_skw=Rolex+1030&hash=itemba5421b6f1:g:YxUAAeSwBLNqRdSh,https://i.ebayimg.com/images/g/YxUAAeSwBLNqRdSh/s-l225.jpg,bigwil_70,477,99.8,,,US,Staten Island,2026-07-02T03:03:03.000Z
batch_20260729_214347,iuid_0f4a304cda9c4742,rolex_1030_6900_585,Rolex 1030,4,v1,EBAY_US,2026-07-29T21:43:56+00:00,v1|800275322873|0,Genuine Rolex 1030 6902 Barrel Complete New Old Stock Vintage Part NOS,185.00,USD,New with tags,1000,FIXED_PRICE|BEST_OFFER,https://www.ebay.com/itm/800275322873?_skw=Rolex+1030&hash=itemba542057f9:g:gt8AAeSwLi5qRc3v,https://i.ebayimg.com/images/g/gt8AAeSwLi5qRc3v/s-l225.jpg,bigwil_70,477,99.8,,,US,Staten Island,2026-07-02T02:35:00.000Z
batch_20260729_214347,iuid_0f4a304cda9c4742,rolex_1030_6900_585,Rolex 1030,4,v1,EBAY_US,2026-07-29T21:43:56+00:00,v1|267705534649|0,Original Rolex Spare Part # 6948 Caliber 1030 Winding Pinion. Sealed NOS,198.00,USD,New without tags,1500,FIXED_PRICE,https://www.ebay.com/itm/267705534649?_skw=Rolex+1030&hash=item3e547e48b9:g:oEAAAeSwYN1qNv-4,https://i.ebayimg.com/images/g/oEAAAeSwYN1qNv-4/s-l225.jpg,mintproductsdirect,9640,100.0,0.00,USD,US,Kannapolis,2026-06-21T14:07:31.000Z
batch_20260729_214347,iuid_0f4a304cda9c4742,rolex_1030_6900_585,Rolex 1030,4,v1,EBAY_US,2026-07-29T21:43:56+00:00,v1|267700953515|0,Rolex 1030 # 6940 Balance Staff Genuine Swiss New,39.87,USD,New with tags,1000,FIXED_PRICE,https://www.ebay.com/itm/267700953515?_skw=Rolex+1030&hash=item3e543861ab:g:MM4AAeSw4rJqMWrM,https://i.ebayimg.com/images/g/MM4AAeSw4rJqMWrM/s-l225.jpg,nwcs84,11806,100.0,17.61,USD,GB,HILLSBOROUGH,2026-06-16T15:26:04.000Z
batch_20260729_214347,iuid_0f4a304cda9c4742,rolex_1030_6900_585,Rolex 1030,4,v1,EBAY_US,2026-07-29T21:43:56+00:00,v1|257569443457|558185447547,Rolex  1030 Watch Parts  Pick from list Used,332.23,USD,Used,3000,FIXED_PRICE,https://www.ebay.com/itm/257569443457?_skw=Rolex+1030&hash=item3bf855ce81:g:DMIAAeSw9CtqMWXL,https://i.ebayimg.com/images/g/DMIAAeSw9CtqMWXL/s-l225.jpg,nwcs84,11806,100.0,17.61,USD,GB,HILLSBOROUGH,2026-06-16T15:11:08.000Z
batch_20260729_214347,iuid_0f4a304cda9c4742,rolex_1030_6900_585,Rolex 1030,4,v1,EBAY_US,2026-07-29T21:43:56+00:00,v1|267700892325|0,Rolex 1030 # 7040 Upper Balance Jewel  Genuine New,186.05,USD,New with tags,1000,FIXED_PRICE|BEST_OFFER,https://www.ebay.com/itm/267700892325?_skw=Rolex+1030&hash=item3e543772a5:g:nUQAAeSwV~FqMViO,https://i.ebayimg.com/images/g/nUQAAeSwV~FqMViO/s-l225.jpg,nwcs84,11806,100.0,17.61,USD,GB,HILLSBOROUGH,2026-06-16T14:07:50.000Z
batch_20260729_214347,iuid_0f4a304cda9c4742,rolex_1030_6900_585,Rolex 1030,4,v1,EBAY_US,2026-07-29T21:43:56+00:00,v1|168458817963|0,Genuine Rolex Caliber 1030 1035 Automatic Rotor Oscillating Weight Part 7010,249.00,USD,Pre-owned,3000,FIXED_PRICE|BEST_OFFER,https://www.ebay.com/itm/168458817963?_skw=Rolex+1030&hash=item2738ed91ab:g:nBAAAeSw77hqLu6v,https://i.ebayimg.com/images/g/nBAAAeSw77hqLu6v/s-l225.jpg,watch.scraps,760,100.0,0.00,USD,US,Miramar Beach,2026-06-14T18:11:10.000Z
batch_20260729_214347,iuid_0f4a304cda9c4742,rolex_1030_6900_585,Rolex 1030,4,v1,EBAY_US,2026-07-29T21:43:56+00:00,v1|137404267131|0,"Tudor 390 395 GIB / Spring Clip for Oscillating Weight Fits Rolex 1030 7016, use",35.00,USD,Pre-owned,3000,FIXED_PRICE,https://www.ebay.com/itm/137404267131?_skw=Rolex+1030&hash=item1ffdeeba7b:g:WlYAAeSwM8pqKuSP,https://i.ebayimg.com/images/g/WlYAAeSwM8pqKuSP/s-l225.jpg,timelessclassicwatches,14477,99.9,6.35,USD,US,Glendora,2026-06-11T16:41:33.000Z
batch_20260729_214347,iuid_0f4a304cda9c4742,rolex_1030_6900_585,Rolex 1030,4,v1,EBAY_US,2026-07-29T21:43:56+00:00,v1|147353905582|0,Genuine Rolex Calibre 1030 Gib Spring Clip Part No 7016 N.O.S In Blister Pack,51.83,USD,New without tags,1500,FIXED_PRICE,https://www.ebay.com/itm/147353905582?_skw=Rolex+1030&hash=item224efa29ae:g:UqUAAeSweM9p-mOp,https://i.ebayimg.com/images/g/UqUAAeSweM9p-mOp/s-l225.jpg,momen-time,5494,100.0,,,GB,DAVENTRY,2026-06-05T17:40:35.000Z
batch_20260729_214347,iuid_0f4a304cda9c4742,rolex_1030_6900_585,Rolex 1030,4,v1,EBAY_US,2026-07-29T21:43:56+00:00,v1|157970531725|0,Original Vintage Rolex Cal. 1030 First Automatic Wheel Part Number 7026,100.00,USD,Pre-owned,3000,FIXED_PRICE,https://www.ebay.com/itm/157970531725?_skw=Rolex+1030&hash=item24c7c7058d:g:j~wAAeSwg4BqGfxK,https://i.ebayimg.com/images/g/j~wAAeSwg4BqGfxK/s-l225.jpg,amadeus12,825,100.0,20.50,USD,AR,,2026-06-04T20:29:15.000Z
batch_20260729_214347,iuid_0f4a304cda9c4742,rolex_1030_6900_585,Rolex 1030,4,v1,EBAY_US,2026-07-29T21:43:56+00:00,v1|227363116566|0,Rolex 1030 Original NOS Automatic Barrel Bridge Movement Part (V31),239.19,USD,New without tags,1500,FIXED_PRICE,https://www.ebay.com/itm/227363116566?_skw=Rolex+1030&hash=item34efe5d616:g:9Q0AAeSwToJqGUQO,https://i.ebayimg.com/images/g/9Q0AAeSwToJqGUQO/s-l225.jpg,vintagewatchpart,17163,100.0,16.61,USD,GB,SHREWSBURY,2026-05-29T07:53:39.000Z
batch_20260729_214347,iuid_0f4a304cda9c4742,rolex_1030_6900_585,Rolex 1030,4,v1,EBAY_US,2026-07-29T21:43:56+00:00,v1|137356121722|0,Vintage ROLEX Oyster 6534 34mm Middle Case & Back-Case For Movement Cal 1030,338.88,USD,Pre-owned - Good,3000,FIXED_PRICE,https://www.ebay.com/itm/137356121722?_skw=Rolex+1030&hash=item1ffb10167a:g:k8oAAeSwpKRqGPpX,https://i.ebayimg.com/images/g/k8oAAeSwpKRqGPpX/s-l225.jpg,tyopaeng829,4877,99.1,13.88,USD,US,Pearland,2026-05-29T02:32:54.000Z
batch_20260729_214347,iuid_0f4a304cda9c4742,rolex_1030_6900_585,Rolex 1030,4,v1,EBAY_US,2026-07-29T21:43:56+00:00,v1|800078114609|657258250727,Plexi Watch Crystals for Rolex Datejust 2pcs w/o Cyclops B25-12-J1 Tudor Plastic,14.49,USD,New with tags,1000,FIXED_PRICE,https://www.ebay.com/itm/800078114609?_skw=Rolex+1030&hash=itemba485f2f31:g:DNsAAeSwnSNqEYgx,https://i.ebayimg.com/images/g/DNsAAeSwnSNqEYgx/s-l225.jpg,indotimecrystal,132,100.0,0.00,USD,AE,,2026-05-27T09:22:54.000Z
batch_20260729_214347,iuid_2f87ef4f31f24e97,rolex_1036_7081,Rolex 1036 7081,1,v1,EBAY_DE,2026-07-29T21:43:57+00:00,v1|227213229477|0,"Guter Zustand Rolex 1036 7081 gebraucht passendes Ritzel h 2,65mm 1065 1065M 1066",97.90,EUR,Usato,3000,FIXED_PRICE|BEST_OFFER,https://www.ebay.de/itm/227213229477?_skw=Rolex+1036+7081&hash=item34e6f6bda5:g:ockAAeSwTidqRP~g,https://i.ebayimg.com/images/g/ockAAeSwTidqRP~g/s-l225.jpg,*rarecollections,1405,100.0,29.00,EUR,IT,,2026-02-11T18:39:12.000Z
batch_20260729_214347,iuid_2f87ef4f31f24e97,rolex_1036_7081,Rolex 1036 7081,1,v1,EBAY_DE,2026-07-29T21:43:57+00:00,v1|267465871872|0,"Seltene Rolex Cal 1036 1065-7081 Minutenrosette H2,65, ECHT 100%",153.72,EUR,Gebraucht - Gut,3000,FIXED_PRICE|BEST_OFFER,https://www.ebay.de/itm/267465871872?_skw=Rolex+1036+7081&hash=item3e46355200:g:HUIAAOSwOyplom2M,https://i.ebayimg.com/images/g/HUIAAOSwOyplom2M/s-l225.jpg,passionevintagerlx,1222,100.0,15.00,EUR,IT,Castiglion Fiorentino,2025-11-10T13:43:25.000Z
batch_20260729_214347,iuid_2f87ef4f31f24e97,rolex_1036_7081,Rolex 1036 7081,1,v1,EBAY_DE,2026-07-29T21:43:57+00:00,v1|116565810867|0,"ROLEX 1036 Cod. 7081 Ritzel Ht. 2.65 Kaliber: 1036, 1065 (TOP ZUSTAND)",89.00,EUR,Usato,3000,FIXED_PRICE,https://www.ebay.de/itm/116565810867?_skw=Rolex+1036+7081&hash=item1b23dd1eb3:g:v4IAAeSwNm5oxDjC,https://i.ebayimg.com/images/g/v4IAAeSwNm5oxDjC/s-l225.jpg,fornitura_boccacci,4278,99.9,19.00,EUR,IT,Sant Angelo Romano,2025-04-18T11:25:33.000Z
batch_20260729_214347,iuid_2f87ef4f31f24e97,rolex_1036_7081,Rolex 1036 7081,1,v1,EBAY_DE,2026-07-29T21:43:57+00:00,v1|116565810627|0,"ROLEX 1036 Cod. 7081 Cannon Pinion Ht. 2.65 Calib: 1036, 1065 (EXCELLENT STATE)",89.00,EUR,Gebraucht,3000,FIXED_PRICE,https://www.ebay.de/itm/116565810627?_skw=Rolex+1036+7081&hash=item1b23dd1dc3:g:vzsAAeSwrA9oxDh7,https://i.ebayimg.com/images/g/vzsAAeSwrA9oxDh7/s-l225.jpg,fornitura_boccacci,4278,99.9,19.00,EUR,IT,Sant Angelo Romano,2025-04-18T11:25:30.000Z
batch_20260729_214347,iuid_2f87ef4f31f24e97,rolex_1036_7081,Rolex 1036,4,v1,EBAY_DE,2026-07-29T21:43:59+00:00,v1|206405169543|0,Rolex 1030 6959 Used Setting Lever 1035 1036 1040 1055 Perfect Condition (R125),80.00,EUR,Sehr gut,4000,FIXED_PRICE,https://www.ebay.de/itm/206405169543?_skw=Rolex+1036&hash=item300eb4f187:g:YmQAAeSwHkZqT5lC,https://i.ebayimg.com/images/g/YmQAAeSwHkZqT5lC/s-l225.jpg,kian-werke,7774,100.0,6.00,EUR,DE,Hildesheim,2026-07-09T12:53:31.000Z
batch_20260729_214347,iuid_2f87ef4f31f24e97,rolex_1036_7081,Rolex 1036,4,v1,EBAY_DE,2026-07-29T21:43:59+00:00,v1|227351416123|0,Rolex 1030 6900 Wie Neu Standard Feder 1035 1036 1040 1055 1055B,97.90,EUR,Usato,3000,FIXED_PRICE|BEST_OFFER,https://www.ebay.de/itm/227351416123?_skw=Rolex+1036&hash=item34ef334d3b:g:G2YAAeSwGgRqRSVj,https://i.ebayimg.com/images/g/G2YAAeSwGgRqRSVj/s-l225.jpg,*rarecollections,1405,100.0,29.00,EUR,IT,,2026-05-20T13:27:34.000Z
batch_20260729_214347,iuid_2f87ef4f31f24e97,rolex_1036_7081,Rolex 1036,4,v1,EBAY_DE,2026-07-29T21:43:59+00:00,v1|227234429016|0,Guter Zustand Rolex 1030 6959 gebraucht Zeitschalthebel 1035 1036 1040 1,86.90,EUR,Usato,3000,FIXED_PRICE|BEST_OFFER,https://www.ebay.de/itm/227234429016?_skw=Rolex+1036&hash=item34e83a3858:g:QCkAAeSwvRxqRPW4,https://i.ebayimg.com/images/g/QCkAAeSwvRxqRPW4/s-l225.jpg,*rarecollections,1405,100.0,29.00,EUR,IT,,2026-02-27T09:07:08.000Z
batch_20260729_214347,iuid_2f87ef4f31f24e97,rolex_1036_7081,Rolex 1036,4,v1,EBAY_DE,2026-07-29T21:43:59+00:00,v1|227233090623|0,Rolex 1030 7027 Wie Neu Zwischenradstein N2 Über 1035 1036,42.90,EUR,Usato,3000,FIXED_PRICE|BEST_OFFER,https://www.ebay.de/itm/227233090623?_skw=Rolex+1036&hash=item34e825cc3f:g:GpEAAeSw5YRqRP2S,https://i.ebayimg.com/images/g/GpEAAeSw5YRqRP2S/s-l225.jpg,*rarecollections,1405,100.0,29.00,EUR,IT,,2026-02-26T09:35:44.000Z
batch_20260729_214347,iuid_2f87ef4f31f24e97,rolex_1036_7081,Rolex 1036,4,v1,EBAY_DE,2026-07-29T21:43:59+00:00,v1|227233090558|0,Rolex 1030 7022 Wie Neu Zwischenradstein N1 Über 1035 1036,42.90,EUR,Usato,3000,FIXED_PRICE|BEST_OFFER,https://www.ebay.de/itm/227233090558?_skw=Rolex+1036&hash=item34e825cbfe:g:gacAAeSw3bJqRP0Q,https://i.ebayimg.com/images/g/gacAAeSw3bJqRP0Q/s-l225.jpg,*rarecollections,1405,100.0,29.00,EUR,IT,,2026-02-26T09:35:32.000Z
batch_20260729_214347,iuid_2f87ef4f31f24e97,rolex_1036_7081,Rolex 1036,4,v1,EBAY_DE,2026-07-29T21:43:59+00:00,v1|227233086328|0,Guter Zustand Rolex 1030 7013 gebraucht Rotorpalette 1035 1036 1040 1055 10,64.90,EUR,Usato,3000,FIXED_PRICE|BEST_OFFER,https://www.ebay.de/itm/227233086328?_skw=Rolex+1036&hash=item34e825bb78:g:gswAAeSwoolqRPyk,https://i.ebayimg.com/images/g/gswAAeSwoolqRPyk/s-l225.jpg,*rarecollections,1405,100.0,29.00,EUR,IT,,2026-02-26T09:31:18.000Z
batch_20260729_214347,iuid_2f87ef4f31f24e97,rolex_1036_7081,Rolex 1036,4,v1,EBAY_DE,2026-07-29T21:43:59+00:00,v1|227233052330|0,Rolex 1030 7042 Neuwertig Caston mit Stein Oben/Unten 1035 1036 1040 1055,42.90,EUR,Usato,3000,FIXED_PRICE|BEST_OFFER,https://www.ebay.de/itm/227233052330?_skw=Rolex+1036&hash=item34e82536aa:g:QQ4AAeSwlktqWKQ~,https://i.ebayimg.com/images/g/QQ4AAeSwlktqWKQ~/s-l225.jpg,*rarecollections,1405,100.0,29.00,EUR,IT,,2026-02-26T08:44:57.000Z
batch_20260729_214347,iuid_2f87ef4f31f24e97,rolex_1036_7081,Rolex 1036,4,v1,EBAY_DE,2026-07-29T21:43:59+00:00,v1|227232987291|0,Rolex 1036 7102 Neu NEW Blister X1 Radteil Kalender 1065 1066 Calendar,988.90,EUR,Nuovo con etichette,1000,FIXED_PRICE|BEST_OFFER,https://www.ebay.de/itm/227232987291?_skw=Rolex+1036&hash=item34e824389b:g:LCkAAeSwvRxqRQ4T,https://i.ebayimg.com/images/g/LCkAAeSwvRxqRQ4T/s-l225.jpg,*rarecollections,1405,100.0,29.00,EUR,IT,,2026-02-26T07:16:22.000Z
batch_20260729_214347,iuid_2f87ef4f31f24e97,rolex_1036_7081,Rolex 1036,4,v1,EBAY_DE,2026-07-29T21:43:59+00:00,v1|227231792170|0,Rolex 1030 6973-1 Wie Neu Feste Schraube Flachwerk 35mm 1035 1036 1055,42.90,EUR,Usato,3000,FIXED_PRICE|BEST_OFFER,https://www.ebay.de/itm/227231792170?_skw=Rolex+1036&hash=item34e811fc2a:g:-DsAAeSwP3hqRSIA,https://i.ebayimg.com/images/g/-DsAAeSwP3hqRSIA/s-l225.jpg,*rarecollections,1405,100.0,29.00,EUR,IT,,2026-02-25T10:56:12.000Z
batch_20260729_214347,iuid_2f87ef4f31f24e97,rolex_1036_7081,Rolex 1036,4,v1,EBAY_DE,2026-07-29T21:43:59+00:00,v1|227231706563|0,Guter Zustand Rolex 1030 6943 gebraucht Schläger 1035 1036 1040 1055 1055B 1065,152.90,EUR,Usato,3000,FIXED_PRICE|BEST_OFFER,https://www.ebay.de/itm/227231706563?_skw=Rolex+1036&hash=item34e810adc3:g:J1AAAeSwVSNqRQuI,https://i.ebayimg.com/images/g/J1AAAeSwVSNqRQuI/s-l225.jpg,*rarecollections,1405,100.0,29.00,EUR,IT,,2026-02-25T09:54:32.000Z
batch_20260729_214347,iuid_2f87ef4f31f24e97,rolex_1036_7081,Rolex 1036,4,v1,EBAY_DE,2026-07-29T21:43:59+00:00,v1|227231684099|0,Guter Zustand Rolex 1030 6918 gebraucht Hemmstein 17 1035 1036 1040 1,141.90,EUR,Usato,3000,FIXED_PRICE|BEST_OFFER,https://www.ebay.de/itm/227231684099?_skw=Rolex+1036&hash=item34e8105603:g:n3AAAeSwQBhqRP5Z,https://i.ebayimg.com/images/g/n3AAAeSwQBhqRP5Z/s-l225.jpg,*rarecollections,1405,100.0,29.00,EUR,IT,,2026-02-25T09:29:16.000Z
batch_20260729_214347,iuid_2f87ef4f31f24e97,rolex_1036_7081,Rolex 1036,4,v1,EBAY_DE,2026-07-29T21:43:59+00:00,v1|227231682637|0,Rolex 1030 6908 Wie Neu Third Wheel Oben Stein 1035 1036 1040 1055,42.90,EUR,Usato,3000,FIXED_PRICE|BEST_OFFER,https://www.ebay.de/itm/227231682637?_skw=Rolex+1036&hash=item34e810504d:g:nsAAAeSw~DhqRP1q,https://i.ebayimg.com/images/g/nsAAAeSw~DhqRP1q/s-l225.jpg,*rarecollections,1405,100.0,29.00,EUR,IT,,2026-02-25T09:28:36.000Z
batch_20260729_214347,iuid_2f87ef4f31f24e97,rolex_1036_7081,Rolex 1036,4,v1,EBAY_DE,2026-07-29T21:43:59+00:00,v1|227231681413|0,Rolex 1030 6912 Wie Neu Second Wheel Stein Unter 1035 1036,42.90,EUR,Usato,3000,FIXED_PRICE|BEST_OFFER,https://www.ebay.de/itm/227231681413?_skw=Rolex+1036&hash=item34e8104b85:g:sOIAAeSwsUZqRP17,https://i.ebayimg.com/images/g/sOIAAeSwsUZqRP17/s-l225.jpg,*rarecollections,1405,100.0,29.00,EUR,IT,,2026-02-25T09:28:09.000Z
batch_20260729_214347,iuid_2f87ef4f31f24e97,rolex_1036_7081,Rolex 1036,4,v1,EBAY_DE,2026-07-29T21:43:59+00:00,v1|227231680137|0,Rolex 1030 6927 Wie Neu Ankerstein Oben 1035 1036 1040 1055 1055B,53.90,EUR,Usato,3000,FIXED_PRICE|BEST_OFFER,https://www.ebay.de/itm/227231680137?_skw=Rolex+1036&hash=item34e8104689:g:qg4AAeSwezVqRP15,https://i.ebayimg.com/images/g/qg4AAeSwezVqRP15/s-l225.jpg,*rarecollections,1405,100.0,29.00,EUR,IT,,2026-02-25T09:26:57.000Z
batch_20260729_214347,iuid_2f87ef4f31f24e97,rolex_1036_7081,Rolex 1036,4,v1,EBAY_DE,2026-07-29T21:43:59+00:00,v1|227230831897|0,Rolex 1030 7008 Neuwertig Rotorplatte mit genieteter Achse 1035 1036,328.90,EUR,Usato,3000,FIXED_PRICE|BEST_OFFER,https://www.ebay.de/itm/227230831897?_skw=Rolex+1036&hash=item34e8035519:g:-i0AAeSwsyhqRQLu,https://i.ebayimg.com/images/g/-i0AAeSwsyhqRQLu/s-l225.jpg,*rarecollections,1405,100.0,29.00,EUR,IT,,2026-02-24T19:17:05.000Z
batch_20260729_214347,iuid_2f87ef4f31f24e97,rolex_1036_7081,Rolex 1036,4,v1,EBAY_DE,2026-07-29T21:43:59+00:00,v1|227230830232|0,Rolex 1030 6909 Wie Neu Third Wheel Stein Unter 1035 1036 1040 1055,42.90,EUR,Usato,3000,FIXED_PRICE|BEST_OFFER,https://www.ebay.de/itm/227230830232?_skw=Rolex+1036&hash=item34e8034e98:g:isgAAeSw-lpqRP3E,https://i.ebayimg.com/images/g/isgAAeSw-lpqRP3E/s-l225.jpg,*rarecollections,1405,100.0,29.00,EUR,IT,,2026-02-24T19:14:38.000Z
batch_20260729_214347,iuid_2f87ef4f31f24e97,rolex_1036_7081,Rolex 1036,4,v1,EBAY_DE,2026-07-29T21:43:59+00:00,v1|227230830091|0,Rolex 1030 6911 Wie Neu Second Wheel Stein Oben 1035 1036,42.90,EUR,Usato,3000,FIXED_PRICE|BEST_OFFER,https://www.ebay.de/itm/227230830091?_skw=Rolex+1036&hash=item34e8034e0b:g:mTAAAeSwiNRqRP3c,https://i.ebayimg.com/images/g/mTAAAeSwiNRqRP3c/s-l225.jpg,*rarecollections,1405,100.0,29.00,EUR,IT,,2026-02-24T19:14:20.000Z
batch_20260729_214347,iuid_2f87ef4f31f24e97,rolex_1036_7081,Rolex 1036,4,v1,EBAY_DE,2026-07-29T21:43:59+00:00,v1|227230828633|0,Guter Zustand Rolex 1030 7010 Gebraucht Rotorgewicht 1035 1036 1040 1055 1055B,218.90,EUR,Usato,3000,FIXED_PRICE|BEST_OFFER,https://www.ebay.de/itm/227230828633?_skw=Rolex+1036&hash=item34e8034859:g:oygAAeSwBCFqRPyY,https://i.ebayimg.com/images/g/oygAAeSwBCFqRPyY/s-l225.jpg,*rarecollections,1405,100.0,29.00,EUR,IT,,2026-02-24T19:12:17.000Z
batch_20260729_214347,iuid_2f87ef4f31f24e97,rolex_1036_7081,Rolex 1036,4,v1,EBAY_DE,2026-07-29T21:43:59+00:00,v1|227230827096|0,Guter Zustand Rolex 1030 6964 gebraucht Wippfeder 1035 1036 1040 1055B,42.90,EUR,Usato,3000,FIXED_PRICE|BEST_OFFER,https://www.ebay.de/itm/227230827096?_skw=Rolex+1036&hash=item34e8034258:g:go8AAeSwwIhqRPkJ,https://i.ebayimg.com/images/g/go8AAeSwwIhqRPkJ/s-l225.jpg,*rarecollections,1405,100.0,29.00,EUR,IT,,2026-02-24T19:10:12.000Z
batch_20260729_214347,iuid_2f87ef4f31f24e97,rolex_1036_7081,Rolex 1036,4,v1,EBAY_DE,2026-07-29T21:43:59+00:00,v1|227230568554|0,Guter Zustand Rolex 1030 6913 gebraucht Sekundenrad in der Mitte 1035 1036 104,75.90,EUR,Usato,3000,FIXED_PRICE|BEST_OFFER,https://www.ebay.de/itm/227230568554?_skw=Rolex+1036&hash=item34e7ff506a:g:J6wAAeSw~VhqRRFf,https://i.ebayimg.com/images/g/J6wAAeSw~VhqRRFf/s-l225.jpg,*rarecollections,1405,100.0,29.00,EUR,IT,,2026-02-24T14:45:38.000Z
batch_20260729_214347,iuid_2f87ef4f31f24e97,rolex_1036_7081,Rolex 1036,4,v1,EBAY_DE,2026-07-29T21:43:59+00:00,v1|227230567144|0,"Guter Zustand Rolex 1030 6967-1 gebraucht passendes Ritzel 2,43mm 1036 1040 1055",108.90,EUR,Usato,3000,FIXED_PRICE|BEST_OFFER,https://www.ebay.de/itm/227230567144?_skw=Rolex+1036&hash=item34e7ff4ae8:g:-0oAAeSw24RqaTHR,https://i.ebayimg.com/images/g/-0oAAeSw24RqaTHR/s-l225.jpg,*rarecollections,1405,100.0,29.00,EUR,IT,,2026-02-24T14:44:10.000Z
batch_20260729_214347,iuid_2f87ef4f31f24e97,rolex_1036_7081,Rolex 1036,4,v1,EBAY_DE,2026-07-29T21:43:59+00:00,v1|227230565705|0,Guter Zustand Rolex 1030 6951 gebraucht Radkern Krone 1035 1036 104,53.90,EUR,Usato,3000,FIXED_PRICE|BEST_OFFER,https://www.ebay.de/itm/227230565705?_skw=Rolex+1036&hash=item34e7ff4549:g:n4kAAeSwxE5qRPvk,https://i.ebayimg.com/images/g/n4kAAeSwxE5qRPvk/s-l225.jpg,*rarecollections,1405,100.0,29.00,EUR,IT,,2026-02-24T14:41:43.000Z
batch_20260729_214347,iuid_2f87ef4f31f24e97,rolex_1036_7081,Rolex 1036,4,v1,EBAY_DE,2026-07-29T21:43:59+00:00,v1|227230565531|0,Guter Zustand Rolex 1030 6961 gebraucht Feder Hebel Uhrzeit 1035 1036 104,42.90,EUR,Usato,3000,FIXED_PRICE|BEST_OFFER,https://www.ebay.de/itm/227230565531?_skw=Rolex+1036&hash=item34e7ff449b:g:pjAAAeSwYoFqRPoh,https://i.ebayimg.com/images/g/pjAAAeSwYoFqRPoh/s-l225.jpg,*rarecollections,1405,100.0,29.00,EUR,IT,,2026-02-24T14:41:28.000Z
batch_20260729_214347,iuid_2f87ef4f31f24e97,rolex_1036_7081,Rolex 1036,4,v1,EBAY_DE,2026-07-29T21:43:59+00:00,v1|227223699825|0,Guter Zustand Rolex 1030 6954 gebraucht Spule 1035 1036 1040 1055 1055B 1065,62.70,EUR,Usato,3000,FIXED_PRICE|BEST_OFFER,https://www.ebay.de/itm/227223699825?_skw=Rolex+1036&hash=item34e7968171:g:L3wAAeSwutxqRQzL,https://i.ebayimg.com/images/g/L3wAAeSwutxqRQzL/s-l225.jpg,*rarecollections,1405,100.0,29.00,EUR,IT,,2026-02-19T16:06:59.000Z
batch_20260729_214347,iuid_2f87ef4f31f24e97,rolex_1036_7081,Rolex 1036,4,v1,EBAY_DE,2026-07-29T21:43:59+00:00,v1|227213993494|0,Guter Zustand Rolex 1030 7021 gebraucht Zwischenrad N1 1035 1036 1040 1055 1,97.90,EUR,Usato,3000,FIXED_PRICE|BEST_OFFER,https://www.ebay.de/itm/227213993494?_skw=Rolex+1036&hash=item34e7026616:g:wWcAAeSwoaFqRRc9,https://i.ebayimg.com/images/g/wWcAAeSwoaFqRRc9/s-l225.jpg,*rarecollections,1405,100.0,29.00,EUR,IT,,2026-02-12T09:14:26.000Z
batch_20260729_214347,iuid_2f87ef4f31f24e97,rolex_1036_7081,Rolex 1036,4,v1,EBAY_DE,2026-07-29T21:43:59+00:00,v1|227213934916|0,Guter Zustand Rolex 1036 7089 gebraucht Kalenderkreis Calendar Ring,196.90,EUR,Usato,3000,FIXED_PRICE|BEST_OFFER,https://www.ebay.de/itm/227213934916?_skw=Rolex+1036&hash=item34e7018144:g:~psAAeSw3ehqRPC0,https://i.ebayimg.com/images/g/~psAAeSw3ehqRPC0/s-l225.jpg,*rarecollections,1405,100.0,29.00,EUR,IT,,2026-02-12T08:13:14.000Z
batch_20260729_214347,iuid_2f87ef4f31f24e97,rolex_1036_7081,Rolex 1036,4,v1,EBAY_DE,2026-07-29T21:43:59+00:00,v1|227213934887|0,Guter Zustand Rolex 1036 7104 gebraucht Kalenderfelge 1065 1066 Calendar,493.90,EUR,Usato,3000,FIXED_PRICE|BEST_OFFER,https://www.ebay.de/itm/227213934887?_skw=Rolex+1036&hash=item34e7018127:g:YVwAAeSwtqBqRNsQ,https://i.ebayimg.com/images/g/YVwAAeSwtqBqRNsQ/s-l225.jpg,*rarecollections,1405,100.0,29.00,EUR,IT,,2026-02-12T08:13:08.000Z
batch_20260729_214347,iuid_2f87ef4f31f24e97,rolex_1036_7081,Rolex 1036,4,v1,EBAY_DE,2026-07-29T21:43:59+00:00,v1|227213233957|0,Guter Zustand Rolex 1036 7087 gebraucht Kalender Waage Feder 1065 1,38.50,EUR,Usato,3000,FIXED_PRICE|BEST_OFFER,https://www.ebay.de/itm/227213233957?_skw=Rolex+1036&hash=item34e6f6cf25:g:agEAAeSw3chqRPke,https://i.ebayimg.com/images/g/agEAAeSw3chqRPke/s-l225.jpg,*rarecollections,1405,100.0,29.00,EUR,IT,,2026-02-11T18:46:23.000Z
batch_20260729_214347,iuid_2f87ef4f31f24e97,rolex_1036_7081,Rolex 1036,4,v1,EBAY_DE,2026-07-29T21:43:59+00:00,v1|227213216612|0,Guter Zustand Rolex 1036 7100 gebraucht Doppelzahn Stundenrad h 2.10,768.90,EUR,Usato,3000,FIXED_PRICE|BEST_OFFER,https://www.ebay.de/itm/227213216612?_skw=Rolex+1036&hash=item34e6f68b64:g:PyoAAeSwrLtqRRRh,https://i.ebayimg.com/images/g/PyoAAeSwrLtqRRRh/s-l225.jpg,*rarecollections,1405,100.0,29.00,EUR,IT,,2026-02-11T18:26:02.000Z
batch_20260729_214347,iuid_2f87ef4f31f24e97,rolex_1036_7081,Rolex 1036,4,v1,EBAY_DE,2026-07-29T21:43:59+00:00,v1|227213216581|0,"Guter Zustand Rolex 1036 7082 gebraucht Doppelzahn Stundenrad h 1,7m",151.80,EUR,Usato,3000,FIXED_PRICE|BEST_OFFER,https://www.ebay.de/itm/227213216581?_skw=Rolex+1036&hash=item34e6f68b45:g:OX0AAeSwt8NqRRQk,https://i.ebayimg.com/images/g/OX0AAeSwt8NqRRQk/s-l225.jpg,*rarecollections,1405,100.0,29.00,EUR,IT,,2026-02-11T18:26:00.000Z
batch_20260729_214347,iuid_2f87ef4f31f24e97,rolex_1036_7081,Rolex 1036,4,v1,EBAY_DE,2026-07-29T21:43:59+00:00,v1|227213197650|0,Guter Zustand Rolex 1036 7103 Gebraucht Auslöser Datum 1065 1066 Date Jumper,251.90,EUR,Usato,3000,FIXED_PRICE|BEST_OFFER,https://www.ebay.de/itm/227213197650?_skw=Rolex+1036&hash=item34e6f64152:g:tcIAAeSwTnJqRRoS,https://i.ebayimg.com/images/g/tcIAAeSwTnJqRRoS/s-l225.jpg,*rarecollections,1405,100.0,29.00,EUR,IT,,2026-02-11T18:09:13.000Z
batch_20260729_214347,iuid_2f87ef4f31f24e97,rolex_1036_7081,Rolex 1036,4,v1,EBAY_DE,2026-07-29T21:43:59+00:00,v1|227213187127|0,Guter Zustand Rolex 1036 7088 gebraucht Schraube für Calen Waage Feder,86.90,EUR,Usato,3000,FIXED_PRICE|BEST_OFFER,https://www.ebay.de/itm/227213187127?_skw=Rolex+1036&hash=item34e6f61837:g:A-AAAeSw8Z9qRSJ~,https://i.ebayimg.com/images/g/A-AAAeSw8Z9qRSJ~/s-l225.jpg,*rarecollections,1405,100.0,29.00,EUR,IT,,2026-02-11T17:55:20.000Z
batch_20260729_214347,iuid_2f87ef4f31f24e97,rolex_1036_7081,Rolex 1036,4,v1,EBAY_DE,2026-07-29T21:43:59+00:00,v1|227213186672|0,Guter Zustand Rolex 1036 7105 gebraucht Kalenderradschraube 1065 1066 S,97.90,EUR,Usato,3000,FIXED_PRICE|BEST_OFFER,https://www.ebay.de/itm/227213186672?_skw=Rolex+1036&hash=item34e6f61670:g:Lv0AAeSwTM9qRSLY,https://i.ebayimg.com/images/g/Lv0AAeSwTM9qRSLY/s-l225.jpg,*rarecollections,1405,100.0,29.00,EUR,IT,,2026-02-11T17:54:22.000Z
batch_20260729_214347,iuid_2f87ef4f31f24e97,rolex_1036_7081,Rolex 1036,4,v1,EBAY_DE,2026-07-29T21:43:59+00:00,v1|227213179601|0,Guter Zustand Rolex 1030 7011 gebraucht Rotorachse 1035 1036 1040 1055 1055B,108.90,EUR,Usato,3000,FIXED_PRICE|BEST_OFFER,https://www.ebay.de/itm/227213179601?_skw=Rolex+1036&hash=item34e6f5fad1:g:mVkAAeSwXM9qT81C,https://i.ebayimg.com/images/g/mVkAAeSwXM9qT81C/s-l225.jpg,*rarecollections,1405,100.0,29.00,EUR,IT,,2026-02-11T17:42:15.000Z
batch_20260729_214347,iuid_2f87ef4f31f24e97,rolex_1036_7081,Rolex 1036,4,v1,EBAY_DE,2026-07-29T21:43:59+00:00,v1|227213172076|0,Guter Zustand Rolex 1036 7086 gebraucht Kalenderwaage 1065 1066 Calendar,86.90,EUR,Usato,3000,FIXED_PRICE|BEST_OFFER,https://www.ebay.de/itm/227213172076?_skw=Rolex+1036&hash=item34e6f5dd6c:g:e~kAAeSwnxdqadlE,https://i.ebayimg.com/images/g/e~kAAeSwnxdqadlE/s-l225.jpg,*rarecollections,1405,100.0,29.00,EUR,IT,,2026-02-11T17:31:56.000Z
batch_20260729_214347,iuid_2f87ef4f31f24e97,rolex_1036_7081,Rolex 1036,4,v1,EBAY_DE,2026-07-29T21:43:59+00:00,v1|227203837721|0,Guter Zustand Rolex 1030 7017 + 7018 gebraucht kompletter Fahrer 1035 1036 1040,240.90,EUR,Usato,3000,FIXED_PRICE|BEST_OFFER,https://www.ebay.de/itm/227203837721?_skw=Rolex+1036&hash=item34e6676f19:g:ByYAAeSw-4NqYJM1,https://i.ebayimg.com/images/g/ByYAAeSw-4NqYJM1/s-l225.jpg,*rarecollections,1405,100.0,29.00,EUR,IT,,2026-02-05T09:56:10.000Z
batch_20260729_214347,iuid_2f87ef4f31f24e97,rolex_1036_7081,Rolex 1036,4,v1,EBAY_DE,2026-07-29T21:43:59+00:00,v1|227202391430|0,Guter Zustand Rolex 1030 6949 gebraucht Gleitrad 1035 1036 1040 1055 1055,75.90,EUR,Usato,3000,FIXED_PRICE|BEST_OFFER,https://www.ebay.de/itm/227202391430?_skw=Rolex+1036&hash=item34e6515d86:g:qkkAAeSwi0RqRRlq,https://i.ebayimg.com/images/g/qkkAAeSwi0RqRRlq/s-l225.jpg,*rarecollections,1405,100.0,29.00,EUR,IT,,2026-02-04T09:33:59.000Z
batch_20260729_214347,iuid_2f87ef4f31f24e97,rolex_1036_7081,Rolex 1036,4,v1,EBAY_DE,2026-07-29T21:43:59+00:00,v1|227202390308|0,Guter Zustand Rolex 1030 7021 gebraucht Zwischenrad N1 1035 1036 1040 1055 1,97.90,EUR,Usato,3000,FIXED_PRICE|BEST_OFFER,https://www.ebay.de/itm/227202390308?_skw=Rolex+1036&hash=item34e6515924:g:icUAAeSw3bJqRRbX,https://i.ebayimg.com/images/g/icUAAeSw3bJqRRbX/s-l225.jpg,*rarecollections,1405,100.0,29.00,EUR,IT,,2026-02-04T09:32:10.000Z
batch_20260729_214347,iuid_2f87ef4f31f24e97,rolex_1036_7081,Rolex 1036,4,v1,EBAY_DE,2026-07-29T21:43:59+00:00,v1|227202389356|0,Guter Zustand Rolex 1030 6910 gebraucht Sekundenrad 1035 1036 1040 1055 105,78.10,EUR,Usato,3000,FIXED_PRICE|BEST_OFFER,https://www.ebay.de/itm/227202389356?_skw=Rolex+1036&hash=item34e651556c:g:hl0AAeSwnWRqRRGM,https://i.ebayimg.com/images/g/hl0AAeSwnWRqRRGM/s-l225.jpg,*rarecollections,1405,100.0,29.00,EUR,IT,,2026-02-04T09:30:07.000Z
batch_20260729_214347,iuid_2f87ef4f31f24e97,rolex_1036_7081,Rolex 1036,4,v1,EBAY_DE,2026-07-29T21:43:59+00:00,v1|227202388680|0,Guter Zustand Rolex 1030 6948 gebraucht Laderampe 1035 1036 1040 1055 1,75.90,EUR,Usato,3000,FIXED_PRICE|BEST_OFFER,https://www.ebay.de/itm/227202388680?_skw=Rolex+1036&hash=item34e65152c8:g:V4EAAeSwtsRqRQ0N,https://i.ebayimg.com/images/g/V4EAAeSwtsRqRQ0N/s-l225.jpg,*rarecollections,1405,100.0,29.00,EUR,IT,,2026-02-04T09:29:06.000Z
batch_20260729_214347,iuid_2f87ef4f31f24e97,rolex_1036_7081,Rolex 1036,4,v1,EBAY_DE,2026-07-29T21:43:59+00:00,v1|227202388455|0,Guter Zustand Rolex 1030 6965 Gebraucht Refurbation 1035 1036 1040 1055 1055B 1065 106,58.30,EUR,Usato,3000,FIXED_PRICE|BEST_OFFER,https://www.ebay.de/itm/227202388455?_skw=Rolex+1036&hash=item34e65151e7:g:HPkAAeSwpdZqRQvr,https://i.ebayimg.com/images/g/HPkAAeSwpdZqRQvr/s-l225.jpg,*rarecollections,1405,100.0,29.00,EUR,IT,,2026-02-04T09:28:43.000Z
batch_20260729_214347,iuid_2f87ef4f31f24e97,rolex_1036_7081,Rolex 1036,4,v1,EBAY_DE,2026-07-29T21:43:59+00:00,v1|227202388117|0,Guter Zustand Rolex 1030 6920 gebraucht Ankerbrücke 1035 1036 1040 1055 105,130.90,EUR,Usato,3000,FIXED_PRICE|BEST_OFFER,https://www.ebay.de/itm/227202388117?_skw=Rolex+1036&hash=item34e6515095:g:NBIAAeSwlslqaUfB,https://i.ebayimg.com/images/g/NBIAAeSwlslqaUfB/s-l225.jpg,*rarecollections,1405,100.0,29.00,EUR,IT,,2026-02-04T09:28:05.000Z
batch_20260729_214347,iuid_2f87ef4f31f24e97,rolex_1036_7081,Rolex 1036,4,v1,EBAY_DE,2026-07-29T21:43:59+00:00,v1|227202387985|0,Guter Zustand Rolex 1030 6894 gebraucht Radbrücke 1035 1036 1055 1055B 1,130.90,EUR,Usato,3000,FIXED_PRICE|BEST_OFFER,https://www.ebay.de/itm/227202387985?_skw=Rolex+1036&hash=item34e6515011:g:1VoAAeSw7sJqRQXO,https://i.ebayimg.com/images/g/1VoAAeSw7sJqRQXO/s-l225.jpg,*rarecollections,1405,100.0,29.00,EUR,IT,,2026-02-04T09:27:47.000Z
batch_20260729_214347,iuid_2f87ef4f31f24e97,rolex_1036_7081,Rolex 1036,4,v1,EBAY_DE,2026-07-29T21:43:59+00:00,v1|227202387718|0,Guter Zustand Rolex 1030 7000 gebraucht Automatikwerk Bridge 1036 1055,163.90,EUR,Usato,3000,FIXED_PRICE|BEST_OFFER,https://www.ebay.de/itm/227202387718?_skw=Rolex+1036&hash=item34e6514f06:g:9VUAAeSwB1xqRQWp,https://i.ebayimg.com/images/g/9VUAAeSwB1xqRQWp/s-l225.jpg,*rarecollections,1405,100.0,29.00,EUR,IT,,2026-02-04T09:27:18.000Z
batch_20260729_214347,iuid_2f87ef4f31f24e97,rolex_1036_7081,Rolex 1036,4,v1,EBAY_DE,2026-07-29T21:43:59+00:00,v1|227202387340|0,Guter Zustand Rolex 1030 6929 gebraucht Unruhbrücke 1035 1036 1040 1055B,203.50,EUR,Usato,3000,FIXED_PRICE|BEST_OFFER,https://www.ebay.de/itm/227202387340?_skw=Rolex+1036&hash=item34e6514d8c:g:1SkAAeSw38FqRQPr,https://i.ebayimg.com/images/g/1SkAAeSw38FqRQPr/s-l225.jpg,*rarecollections,1405,100.0,29.00,EUR,IT,,2026-02-04T09:26:45.000Z
batch_20260729_214347,iuid_2f87ef4f31f24e97,rolex_1036_7081,Rolex 1036 7081,1,v1,EBAY_US,2026-07-29T21:44:00+00:00,v1|227213229488|0,Rolex 1036 7081 Used Cannon Pinion ht 2.65mm 1065 1065M 1066M 1080,112.61,USD,Pre-owned,3000,FIXED_PRICE|BEST_OFFER,https://www.ebay.com/itm/227213229488?_skw=Rolex+1036+7081&hash=item34e6f6bdb0:g:TyYAAeSwI5lqO~wR,https://i.ebayimg.com/images/g/TyYAAeSwI5lqO~wR/s-l225.jpg,*rarecollections,1405,100.0,55.00,USD,IT,,2026-02-11T18:39:14.000Z
batch_20260729_214347,iuid_2f87ef4f31f24e97,rolex_1036_7081,Rolex 1036 7081,1,v1,EBAY_US,2026-07-29T21:44:00+00:00,v1|227213229477|0,Good Condition Rolex 1036 7081 Used Sprocket Fit h 2.65mm 1065 1065M 1066,111.48,USD,Usato,3000,FIXED_PRICE|BEST_OFFER,https://www.ebay.com/itm/227213229477?_skw=Rolex+1036+7081&hash=item34e6f6bda5:g:ockAAeSwTidqRP~g,https://i.ebayimg.com/images/g/ockAAeSwTidqRP~g/s-l225.jpg,*rarecollections,1405,100.0,51.24,USD,IT,,2026-02-11T18:39:12.000Z
batch_20260729_214347,iuid_2f87ef4f31f24e97,rolex_1036_7081,Rolex 1036 7081,1,v1,EBAY_US,2026-07-29T21:44:00+00:00,v1|267684376068|0,"Rare Rolex Cal 1036 1065-7081 Minute Wheel H2.65, Genuine 100%",142.90,USD,Pre-owned - Good,3000,FIXED_PRICE|BEST_OFFER,https://www.ebay.com/itm/267684376068?_skw=Rolex+1036+7081&hash=item3e533b6e04:g:HUIAAOSwOyplom2M,https://i.ebayimg.com/images/g/HUIAAOSwOyplom2M/s-l225.jpg,passionevintagerlx,1222,100.0,46.58,USD,IT,Castiglion Fiorentino,2026-05-30T03:37:43.000Z
batch_20260729_214347,iuid_2f87ef4f31f24e97,rolex_1036_7081,Rolex 1036 7081,1,v1,EBAY_US,2026-07-29T21:44:00+00:00,v1|116565810867|0,"ROLEX 1036 Cod. 7081 Fit Sprocket Ht. 2.65 Calib: 1036, 1065 (EXCELLENT CONDITION)",101.34,USD,Usato,3000,FIXED_PRICE,https://www.ebay.com/itm/116565810867?_skw=Rolex+1036+7081&hash=item1b23dd1eb3:g:v4IAAeSwNm5oxDjC,https://i.ebayimg.com/images/g/v4IAAeSwNm5oxDjC/s-l225.jpg,fornitura_boccacci,4278,99.9,21.64,USD,IT,Sant Angelo Romano,2025-04-18T11:25:33.000Z
batch_20260729_214347,iuid_2f87ef4f31f24e97,rolex_1036_7081,Rolex 1036 7081,1,v1,EBAY_US,2026-07-29T21:44:00+00:00,v1|116565810450|0,"ROLEX 1036 Cod. 7081 Cannon Pinion Ht. 2.65 Calib: 1036, 1065 (EXCELLENT STATE)",94.34,USD,Pre-owned,3000,FIXED_PRICE,https://www.ebay.com/itm/116565810450?_skw=Rolex+1036+7081&hash=item1b23dd1d12:g:vyoAAeSw3p5oxDiw,https://i.ebayimg.com/images/g/vyoAAeSw3p5oxDiw/s-l225.jpg,fornitura_boccacci,4278,99.9,19.90,USD,IT,Sant Angelo Romano,2025-04-18T11:25:26.000Z
batch_20260729_214347,iuid_2f87ef4f31f24e97,rolex_1036_7081,Rolex 1036 7081,1,v1,EBAY_US,2026-07-29T21:44:00+00:00,v1|126393703608|427434361335,Rolex Cal 1035 1036 1036GMT 1055 1065 1066 Watch Movement Parts,100.00,USD,Pre-owned,3000,FIXED_PRICE,https://www.ebay.com/itm/126393703608?_skw=Rolex+1036+7081&hash=item1d6da6dcb8:g:MgYAAOSwB8xmADtk,https://i.ebayimg.com/images/g/MgYAAOSwB8xmADtk/s-l225.jpg,crownsandchronos,250,100.0,60.00,USD,ZA,,2024-03-24T15:11:35.000Z
batch_20260729_214347,iuid_52ad180f71c3431e,rolex_1100_6616,Rolex 1100,4,v1,EBAY_DE,2026-07-29T21:44:03+00:00,v1|178343181565|0,"Rolex Aufbewahrungsbox für Uhren, Leder, Grün, Logo, MPN 1100.11",135.00,EUR,Gebraucht,3000,FIXED_PRICE|BEST_OFFER,https://www.ebay.de/itm/178343181565?_skw=Rolex+1100&hash=item298614fcfd:g:v9cAAeSw2JtqZND0,https://i.ebayimg.com/images/g/v9cAAeSw2JtqZND0/s-l225.jpg,ayra2004,433,100.0,6.19,EUR,DE,Saarbrücken,2026-07-25T15:08:02.000Z
batch_20260729_214347,iuid_52ad180f71c3431e,rolex_1100_6616,Rolex 1100,4,v1,EBAY_DE,2026-07-29T21:44:03+00:00,v1|336671624535|0,Rolex Uhr 6525 Oyster Precision Silber Cal.1100 Beige Handaufzug Damen,2343.10,EUR,Gebraucht,3000,FIXED_PRICE,https://www.ebay.de/itm/336671624535?_skw=Rolex+1100&hash=item4e63314d57:g:XSYAAeSwBLNqSIqB,https://i.ebayimg.com/images/g/XSYAAeSwBLNqSIqB/s-l225.jpg,miyako_sunrise,3091,99.1,0.00,EUR,JP,,2026-07-04T17:10:55.000Z
batch_20260729_214347,iuid_52ad180f71c3431e,rolex_1100_6616,Rolex 1100,4,v1,EBAY_DE,2026-07-29T21:44:03+00:00,v1|227398983285|0,Schaft ROLEX 1100-1120-1130-1135-1155 Ersatzteil Original Schaft,18.00,EUR,Neu ohne Etikett,1500,FIXED_PRICE,https://www.ebay.de/itm/227398983285?_skw=Rolex+1100&hash=item34f2091e75:g:sowAAOSw435kIrjm,https://i.ebayimg.com/images/g/sowAAOSw435kIrjm/s-l225.jpg,eldesguacedelrelojero,10646,99.2,10.00,EUR,ES,Málaga,2026-06-22T04:58:23.000Z
batch_20260729_214347,iuid_52ad180f71c3431e,rolex_1100_6616,Rolex 1100,4,v1,EBAY_DE,2026-07-29T21:44:03+00:00,v1|227230831190|0,Rolex 1120 6637 Neu NEW Blister X1 Stück Aufzugsritzel 1100 1130 1135,75.90,EUR,Nuovo con etichette,1000,FIXED_PRICE|BEST_OFFER,https://www.ebay.de/itm/227230831190?_skw=Rolex+1100&hash=item34e8035256:g:ukkAAeSw4ulqSEjB,https://i.ebayimg.com/images/g/ukkAAeSw4ulqSEjB/s-l225.jpg,*rarecollections,1405,100.0,29.00,EUR,IT,,2026-02-24T19:16:20.000Z
batch_20260729_214347,iuid_52ad180f71c3431e,rolex_1100_6616,Rolex 1100,4,v1,EBAY_DE,2026-07-29T21:44:03+00:00,v1|227230818562|0,Rolex 1120 6707 Neu NEW Blister X1 Stück Schwingmasse Achse 1100,119.90,EUR,Nuovo con etichette,1000,FIXED_PRICE|BEST_OFFER,https://www.ebay.de/itm/227230818562?_skw=Rolex+1100&hash=item34e8032102:g:ulsAAeSwflRqT8z~,https://i.ebayimg.com/images/g/ulsAAeSwflRqT8z~/s-l225.jpg,*rarecollections,1405,100.0,29.00,EUR,IT,,2026-02-24T19:01:17.000Z
batch_20260729_214347,iuid_52ad180f71c3431e,rolex_1100_6616,Rolex 1100,4,v1,EBAY_DE,2026-07-29T21:44:03+00:00,v1|227229432283|0,Rolex 1120 6657 Neu NEW Blister X1 Stück Stundenrad 1100 1130 1160,86.90,EUR,Nuovo con etichette,1000,FIXED_PRICE|BEST_OFFER,https://www.ebay.de/itm/227229432283?_skw=Rolex+1100&hash=item34e7edf9db:g:k88AAeSwPtpqSFcC,https://i.ebayimg.com/images/g/k88AAeSwPtpqSFcC/s-l225.jpg,*rarecollections,1405,100.0,29.00,EUR,IT,,2026-02-23T19:03:57.000Z
batch_20260729_214347,iuid_52ad180f71c3431e,rolex_1100_6616,Rolex 1100,4,v1,EBAY_DE,2026-07-29T21:44:03+00:00,v1|227229432002|0,Rolex 1120 6639 Neu NEW Blister X1 Stück Kronrad 1100 1130 1135 1160,64.90,EUR,Nuovo con etichette,1000,FIXED_PRICE|BEST_OFFER,https://www.ebay.de/itm/227229432002?_skw=Rolex+1100&hash=item34e7edf8c2:g:apcAAeSwAnNqSFHW,https://i.ebayimg.com/images/g/apcAAeSwAnNqSFHW/s-l225.jpg,*rarecollections,1405,100.0,29.00,EUR,IT,,2026-02-23T19:03:46.000Z
batch_20260729_214347,iuid_52ad180f71c3431e,rolex_1100_6616,Rolex 1100,4,v1,EBAY_DE,2026-07-29T21:44:03+00:00,v1|227229431285|0,Rolex 1120 6643 Neu NEW Blister X1 Stück Spule 1100 1130 1135 1160 1161,86.90,EUR,Nuovo con etichette,1000,FIXED_PRICE|BEST_OFFER,https://www.ebay.de/itm/227229431285?_skw=Rolex+1100&hash=item34e7edf5f5:g:NZ8AAeSwltBqSFEP,https://i.ebayimg.com/images/g/NZ8AAeSwltBqSFEP/s-l225.jpg,*rarecollections,1405,100.0,29.00,EUR,IT,,2026-02-23T19:03:32.000Z
batch_20260729_214347,iuid_52ad180f71c3431e,rolex_1100_6616,Rolex 1100,4,v1,EBAY_DE,2026-07-29T21:44:03+00:00,v1|227229430276|0,Rolex 1120 6654 Neu NEW Blister X1 Stück Überweisung 1100 1130 1135 1160 1161,64.90,EUR,Nuovo con etichette,1000,FIXED_PRICE|BEST_OFFER,https://www.ebay.de/itm/227229430276?_skw=Rolex+1100&hash=item34e7edf204:g:-icAAeSwroZqSFD3,https://i.ebayimg.com/images/g/-icAAeSwroZqSFD3/s-l225.jpg,*rarecollections,1405,100.0,29.00,EUR,IT,,2026-02-23T19:03:05.000Z
batch_20260729_214347,iuid_52ad180f71c3431e,rolex_1100_6616,Rolex 1100,4,v1,EBAY_DE,2026-07-29T21:44:03+00:00,v1|227229430121|0,Rolex 1120 6656 Neu NEW Blister X1 Stück passendes Ritzel 1100 1130 1160,86.90,EUR,Nuovo con etichette,1000,FIXED_PRICE|BEST_OFFER,https://www.ebay.de/itm/227229430121?_skw=Rolex+1100&hash=item34e7edf169:g:M4oAAeSwALdqSEg~,https://i.ebayimg.com/images/g/M4oAAeSwALdqSEg~/s-l225.jpg,*rarecollections,1405,100.0,29.00,EUR,IT,,2026-02-23T19:02:52.000Z
batch_20260729_214347,iuid_52ad180f71c3431e,rolex_1100_6616,Rolex 1100,4,v1,EBAY_DE,2026-07-29T21:44:03+00:00,v1|227229429988|0,Rolex 1120 6640 Neu NEW Blister X1 Stück Kronenrad Kern 1100,64.90,EUR,Nuovo con etichette,1000,FIXED_PRICE|BEST_OFFER,https://www.ebay.de/itm/227229429988?_skw=Rolex+1100&hash=item34e7edf0e4:g:DeEAAeSwnlxqSESW,https://i.ebayimg.com/images/g/DeEAAeSwnlxqSESW/s-l225.jpg,*rarecollections,1405,100.0,29.00,EUR,IT,,2026-02-23T19:02:41.000Z
batch_20260729_214347,iuid_52ad180f71c3431e,rolex_1100_6616,Rolex 1100,4,v1,EBAY_DE,2026-07-29T21:44:03+00:00,v1|227229429884|0,Rolex 1120 6647 Neu NEW Blister X1 Stück Ratschenfeder 1100 1130 1135,42.90,EUR,Nuovo con etichette,1000,FIXED_PRICE|BEST_OFFER,https://www.ebay.de/itm/227229429884?_skw=Rolex+1100&hash=item34e7edf07c:g:T9YAAeSwTnJqRPdz,https://i.ebayimg.com/images/g/T9YAAeSwTnJqRPdz/s-l225.jpg,*rarecollections,1405,100.0,29.00,EUR,IT,,2026-02-23T19:02:30.000Z
batch_20260729_214347,iuid_52ad180f71c3431e,rolex_1100_6616,Rolex 1100,4,v1,EBAY_DE,2026-07-29T21:44:03+00:00,v1|227229426453|0,Rolex 1120 6645 Neu NEW Blister X1 Stück Ratsche 1100 1130 1135 1160 1161,53.90,EUR,Nuovo con etichette,1000,FIXED_PRICE|BEST_OFFER,https://www.ebay.de/itm/227229426453?_skw=Rolex+1100&hash=item34e7ede315:g:rYcAAeSw5BVqSDya,https://i.ebayimg.com/images/g/rYcAAeSw5BVqSDya/s-l225.jpg,*rarecollections,1405,100.0,29.00,EUR,IT,,2026-02-23T18:59:52.000Z
batch_20260729_214347,iuid_52ad180f71c3431e,rolex_1100_6616,Rolex 1100,4,v1,EBAY_DE,2026-07-29T21:44:03+00:00,v1|227229425730|0,Rolex 1120 6641 Neu NEW Blister X1 Stück Krone Radauflage 1100,53.90,EUR,Nuovo con etichette,1000,FIXED_PRICE|BEST_OFFER,https://www.ebay.de/itm/227229425730?_skw=Rolex+1100&hash=item34e7ede042:g:EU4AAeSw~3tqR~At,https://i.ebayimg.com/images/g/EU4AAeSw~3tqR~At/s-l225.jpg,*rarecollections,1405,100.0,29.00,EUR,IT,,2026-02-23T18:59:06.000Z
batch_20260729_214347,iuid_52ad180f71c3431e,rolex_1100_6616,Rolex 1100,4,v1,EBAY_DE,2026-07-29T21:44:03+00:00,v1|366212819079|0,1  Aufzugswelle für ROLEX 9 ´´´ 1100 1120 DCN 3050 neuwertig,8.00,EUR,Neu ohne Etikett,1500,FIXED_PRICE,https://www.ebay.de/itm/366212819079?_skw=Rolex+1100&hash=item5543fc2887:g:gIIAAOSwP8NfEBEx,https://i.ebayimg.com/images/g/gIIAAOSwP8NfEBEx/s-l225.jpg,euro-tictac,35765,100.0,2.00,EUR,DE,Eggenstein-Leopoldshafen,2026-02-19T10:41:20.000Z
batch_20260729_214347,iuid_52ad180f71c3431e,rolex_1100_6616,Rolex 1100,4,v1,EBAY_DE,2026-07-29T21:44:03+00:00,v1|205962128937|0,Rolex 1100 6647 Ratschenfeder - Spring for Click,28.75,EUR,Occasion,3000,FIXED_PRICE,https://www.ebay.de/itm/205962128937?_skw=Rolex+1100&hash=item2ff44cae29:g:Xg4AAeSw4aJqThpW,https://i.ebayimg.com/images/g/Xg4AAeSw4aJqThpW/s-l225.jpg,manz15,8279,99.4,9.00,EUR,FR,Vaux-sur-Mer,2025-12-31T18:41:26.000Z
batch_20260729_214347,iuid_52ad180f71c3431e,rolex_1100_6616,Rolex 1100,4,v1,EBAY_DE,2026-07-29T21:44:03+00:00,v1|397327700360|0,Rolex 1100 - 6648 Tirette - Einstellhebel,56.35,EUR,Occasion,3000,FIXED_PRICE,https://www.ebay.de/itm/397327700360?_skw=Rolex+1100&hash=item5c82939188:g:mJkAAeSwB1xqR3kN,https://i.ebayimg.com/images/g/mJkAAeSwB1xqR3kN/s-l225.jpg,manz15,8279,99.4,9.00,EUR,FR,Vaux-sur-Mer,2025-11-27T14:57:04.000Z
batch_20260729_214347,iuid_52ad180f71c3431e,rolex_1100_6616,Rolex 1100,4,v1,EBAY_DE,2026-07-29T21:44:03+00:00,v1|205878796996|0,Rolex 1130 - 6671 Medium Wheel - Third Wheel,69.00,EUR,Occasion,3000,FIXED_PRICE,https://www.ebay.de/itm/205878796996?_skw=Rolex+1100&hash=item2fef5522c4:g:Q4sAAeSw909qThpP,https://i.ebayimg.com/images/g/Q4sAAeSw909qThpP/s-l225.jpg,manz15,8279,99.4,9.00,EUR,FR,Vaux-sur-Mer,2025-11-27T14:56:40.000Z
batch_20260729_214347,iuid_52ad180f71c3431e,rolex_1100_6616,Rolex 1100,4,v1,EBAY_DE,2026-07-29T21:44:03+00:00,v1|198407740778|0,Aufzugswelle 1120-6697 Für Rolex 1100 1120 1130 1135 1160 1161 1165 1166,18.40,EUR,Neu mit Etikett,1000,FIXED_PRICE,https://www.ebay.de/itm/198407740778?_skw=Rolex+1100&hash=item2e3205dd6a:g:JEgAAeSwIGBpFQp5,https://i.ebayimg.com/images/g/JEgAAeSwIGBpFQp5/s-l225.jpg,maddisonsofdurham,92519,99.8,11.54,EUR,GB,MIDDLESBROUGH,2026-06-07T02:19:09.000Z
batch_20260729_214347,iuid_52ad180f71c3431e,rolex_1100_6616,Rolex 1100,4,v1,EBAY_DE,2026-07-29T21:44:03+00:00,v1|187499754794|695366410055,NIVAROX Zugfeder S-Form für Automatikwerke kompatibel zu Rolex,47.95,EUR,Neu mit Etikett,1000,FIXED_PRICE,https://www.ebay.de/itm/187499754794?_skw=Rolex+1100&hash=item2ba7db352a:g:RacAAeSwAHNpuTAj,https://i.ebayimg.com/images/g/RacAAeSwAHNpuTAj/s-l225.jpg,watchparts24,71561,100.0,0.00,EUR,DE,Hamburg,2025-08-18T12:11:03.000Z
batch_20260729_214347,iuid_52ad180f71c3431e,rolex_1100_6616,Rolex 1100,4,v1,EBAY_DE,2026-07-29T21:44:03+00:00,v1|226902742110|0,NEW Neu Rolex 1100 660/220 Mainspring Standard Feder,42.00,EUR,Nuovo senza etichette,1500,FIXED_PRICE|BEST_OFFER,https://www.ebay.de/itm/226902742110?_skw=Rolex+1100&hash=item34d475145e:g:JMoAAeSw7nRpaI4~,https://i.ebayimg.com/images/g/JMoAAeSw7nRpaI4~/s-l225.jpg,*rarecollections,1405,100.0,29.00,EUR,IT,Cesena,2025-08-04T09:27:33.000Z
batch_20260729_214347,iuid_52ad180f71c3431e,rolex_1100_6616,Rolex 1100,4,v1,EBAY_DE,2026-07-29T21:44:03+00:00,v1|226902742112|0,NEW Neu Rolex 1100 103 Bridle Zügel Stopper Uhrwerk Ersatz,31.20,EUR,Nuovo senza etichette,1500,FIXED_PRICE|BEST_OFFER,https://www.ebay.de/itm/226902742112?_skw=Rolex+1100&hash=item34d4751460:g:7toAAeSwlxdpaI5K,https://i.ebayimg.com/images/g/7toAAeSwlxdpaI5K/s-l225.jpg,*rarecollections,1405,100.0,29.00,EUR,IT,Cesena,2025-08-04T09:27:33.000Z
batch_20260729_214347,iuid_52ad180f71c3431e,rolex_1100_6616,Rolex 1100,4,v1,EBAY_DE,2026-07-29T21:44:03+00:00,v1|406084225692|0,#1100 RESTORED DEFEKT ROLEX DATEJUST CAL 1570 1560 REF 1601 1603 ZIFFERBLATT,89.99,EUR,Gebraucht,3000,FIXED_PRICE,https://www.ebay.de/itm/406084225692?_skw=Rolex+1100&hash=item5e8c818a9c:g:CDwAAeSwtgVomfOx,https://i.ebayimg.com/images/g/CDwAAeSwtgVomfOx/s-l225.jpg,state_of_time,3866,100.0,6.95,EUR,DE,Gersthofen,2025-07-28T05:47:16.000Z
batch_20260729_214347,iuid_52ad180f71c3431e,rolex_1100_6616,Rolex 1100,4,v1,EBAY_DE,2026-07-29T21:44:03+00:00,v1|205597268631|0,Rolex 1100-6632 Unruhwelle - Balance Staff,28.75,EUR,Occasion,3000,FIXED_PRICE,https://www.ebay.de/itm/205597268631?_skw=Rolex+1100&hash=item2fde8d5a97:g:OVcAAeSwP19qT991,https://i.ebayimg.com/images/g/OVcAAeSwP19qT991/s-l225.jpg,manz15,8279,99.4,9.00,EUR,FR,Vaux-sur-Mer,2025-07-04T17:40:24.000Z
batch_20260729_214347,iuid_52ad180f71c3431e,rolex_1100_6616,Rolex 1100,4,v1,EBAY_DE,2026-07-29T21:44:03+00:00,v1|187065566708|0,Original ROLEX Stellhebel / Winkelhebel 6648 für 1100,99.95,EUR,Neu mit Etikett,1000,FIXED_PRICE,https://www.ebay.de/itm/187065566708?_skw=Rolex+1100&hash=item2b8dfa05f4:g:p5oAAeSwPyRonamv,https://i.ebayimg.com/images/g/p5oAAeSwPyRonamv/s-l225.jpg,watchparts24,71561,100.0,0.00,EUR,DE,Hamburg,2025-03-21T10:58:30.000Z
batch_20260729_214347,iuid_52ad180f71c3431e,rolex_1100_6616,Rolex 1100,4,v1,EBAY_DE,2026-07-29T21:44:03+00:00,v1|176941353075|0,Original ROLEX Schraube für Winkelhebel 6649 für 1100,39.95,EUR,Neu mit Etikett,1000,FIXED_PRICE,https://www.ebay.de/itm/176941353075?_skw=Rolex+1100&hash=item293286c873:g:4h8AAeSwuRtow7~d,https://i.ebayimg.com/images/g/4h8AAeSwuRtow7~d/s-l225.jpg,watchparts24,71561,100.0,0.00,EUR,DE,Hamburg,2025-03-21T08:53:45.000Z
batch_20260729_214347,iuid_52ad180f71c3431e,rolex_1100_6616,Rolex 1100,4,v1,EBAY_DE,2026-07-29T21:44:03+00:00,v1|226603868159|0,ROLEX 1100 Ref.6648 Zug ,100.00,EUR,Nuovo con etichette,1000,FIXED_PRICE,https://www.ebay.de/itm/226603868159?_skw=Rolex+1100&hash=item34c2a49fff:g:zi4AAeSwNJNns4ZA,https://i.ebayimg.com/images/g/zi4AAeSwNJNns4ZA/s-l225.jpg,martinowp,108,100.0,10.00,EUR,IT,Ancona,2025-02-17T18:58:19.000Z
batch_20260729_214347,iuid_52ad180f71c3431e,rolex_1100_6616,Rolex 1100,4,v1,EBAY_DE,2026-07-29T21:44:03+00:00,v1|126549323357|0,Rolex Cal. 1100 - 6648 Zug,65.00,EUR,Nuovo con etichette,1000,FIXED_PRICE|BEST_OFFER,https://www.ebay.de/itm/126549323357?_skw=Rolex+1100&hash=item1d76ed6e5d:g:RqQAAOSw~RZmfRWN,https://i.ebayimg.com/images/g/RqQAAOSw~RZmfRWN/s-l225.jpg,sporicca,29,100.0,20.00,EUR,IT,La Spezia,2024-06-27T07:33:19.000Z
batch_20260729_214347,iuid_52ad180f71c3431e,rolex_1100_6616,Rolex 1100,4,v1,EBAY_DE,2026-07-29T21:44:03+00:00,v1|266875612257|0,Rolex 1100 1120 1130 1135 1160 1161 - 6652 Joch Schieberitzel Original NOS,50.00,EUR,Nuovo con etichette,1000,FIXED_PRICE|BEST_OFFER,https://www.ebay.de/itm/266875612257?_skw=Rolex+1100&hash=item3e2306ac61:g:UuEAAOSwD51mesME,https://i.ebayimg.com/images/g/UuEAAOSwD51mesME/s-l225.jpg,vanvan66,1084,100.0,15.00,EUR,IT,Monza,2024-06-25T13:16:14.000Z
batch_20260729_214347,iuid_52ad180f71c3431e,rolex_1100_6616,Rolex 1100,4,v1,EBAY_DE,2026-07-29T21:44:03+00:00,v1|266856642918|0,Rolex 1100 1120 1130 1135 1160 1161 - 6641 Crown Wheel Seating Original NOS,45.00,EUR,Nuovo con etichette,1000,FIXED_PRICE|BEST_OFFER,https://www.ebay.de/itm/266856642918?_skw=Rolex+1100&hash=item3e21e53966:g:SFwAAOSwHMdmaY2A,https://i.ebayimg.com/images/g/SFwAAOSwHMdmaY2A/s-l225.jpg,vanvan66,1084,100.0,15.00,EUR,IT,Monza,2024-06-12T12:02:47.000Z
batch_20260729_214347,iuid_52ad180f71c3431e,rolex_1100_6616,Rolex 1100,4,v1,EBAY_DE,2026-07-29T21:44:03+00:00,v1|266856641546|0,Rolex 1100 1120 1130 1135 1160 1161 - 6633 Roller Plateau Original NOS,45.00,EUR,Nuovo con etichette,1000,FIXED_PRICE|BEST_OFFER,https://www.ebay.de/itm/266856641546?_skw=Rolex+1100&hash=item3e21e5340a:g:oIAAAOSwjtdmaY2k,https://i.ebayimg.com/images/g/oIAAAOSwjtdmaY2k/s-l225.jpg,vanvan66,1084,100.0,15.00,EUR,IT,Monza,2024-06-12T12:02:02.000Z
batch_20260729_214347,iuid_52ad180f71c3431e,rolex_1100_6616,Rolex 1100,4,v1,EBAY_DE,2026-07-29T21:44:03+00:00,v1|266856639819|0,Rolex 1100 6636 Aufzug Vorbau Stange Albero di carica Original NOS (1x aus Packung),23.00,EUR,Nuovo con etichette,1000,FIXED_PRICE,https://www.ebay.de/itm/266856639819?_skw=Rolex+1100&hash=item3e21e52d4b:g:q68AAOSwxddmaY3B,https://i.ebayimg.com/images/g/q68AAOSwxddmaY3B/s-l225.jpg,vanvan66,1084,100.0,15.00,EUR,IT,Monza,2024-06-12T12:00:45.000Z
batch_20260729_214347,iuid_52ad180f71c3431e,rolex_1100_6616,Rolex 1100,4,v1,EBAY_DE,2026-07-29T21:44:03+00:00,v1|266855011456|0,Rolex 1100 1120 1130 1160 1161-6653 Feder für Passe Original NOS,25.00,EUR,Nuovo senza etichette,1500,FIXED_PRICE|BEST_OFFER,https://www.ebay.de/itm/266855011456?_skw=Rolex+1100&hash=item3e21cc5480:g:IFUAAOSwYD5maFyN,https://i.ebayimg.com/images/g/IFUAAOSwYD5maFyN/s-l225.jpg,vanvan66,1084,100.0,15.00,EUR,IT,Monza,2024-06-11T14:18:08.000Z
batch_20260729_214347,iuid_52ad180f71c3431e,rolex_1100_6616,Rolex 1100,4,v1,EBAY_DE,2026-07-29T21:44:03+00:00,v1|266855000068|0,Rolex 1100 1120 1130 1160 1161 Passe für Gleitritzel Rad Original Neu NOS,50.00,EUR,Nuovo con etichette,1000,FIXED_PRICE|BEST_OFFER,https://www.ebay.de/itm/266855000068?_skw=Rolex+1100&hash=item3e21cc2804:g:m1QAAOSwqGpmaFfd,https://i.ebayimg.com/images/g/m1QAAOSwqGpmaFfd/s-l225.jpg,vanvan66,1084,100.0,15.00,EUR,IT,Monza,2024-06-11T14:10:21.000Z
batch_20260729_214347,iuid_52ad180f71c3431e,rolex_1100_6616,Rolex 1100,4,v1,EBAY_DE,2026-07-29T21:44:03+00:00,v1|266854997493|0,Rolex 1100 1120 1130 1160 1161-6643 Ratschenrad Rochet Rocchetto Original NOS,110.00,EUR,Nuovo con etichette,1000,FIXED_PRICE|BEST_OFFER,https://www.ebay.de/itm/266854997493?_skw=Rolex+1100&hash=item3e21cc1df5:g:yR0AAOSwTBpmaFoL,https://i.ebayimg.com/images/g/yR0AAOSwTBpmaFoL/s-l225.jpg,vanvan66,1084,100.0,15.00,EUR,IT,Monza,2024-06-11T14:07:26.000Z
batch_20260729_214347,iuid_52ad180f71c3431e,rolex_1100_6616,Rolex 1100,4,v1,EBAY_DE,2026-07-29T21:44:03+00:00,v1|266854987691|0,Rolex 1100 1120 1130 1161 6655-1 Minute Wheel Stud Original NOS (1x aus Packung),40.00,EUR,Nuovo senza etichette,1500,FIXED_PRICE|BEST_OFFER,https://www.ebay.de/itm/266854987691?_skw=Rolex+1100&hash=item3e21cbf7ab:g:uGIAAOSwHbZmaFaE,https://i.ebayimg.com/images/g/uGIAAOSwHbZmaFaE/s-l225.jpg,vanvan66,1084,100.0,15.00,EUR,IT,Monza,2024-06-11T13:52:18.000Z
batch_20260729_214347,iuid_52ad180f71c3431e,rolex_1100_6616,Rolex 1100,4,v1,EBAY_DE,2026-07-29T21:44:03+00:00,v1|266854981488|0,Rolex 1100 1120 6760 Combined In-Setting Escape Wheel Original Neu NOS,75.00,EUR,Nuovo con etichette,1000,FIXED_PRICE|BEST_OFFER,https://www.ebay.de/itm/266854981488?_skw=Rolex+1100&hash=item3e21cbdf70:g:SpQAAOSwYLVmaEtN,https://i.ebayimg.com/images/g/SpQAAOSwYLVmaEtN/s-l225.jpg,vanvan66,1084,100.0,15.00,EUR,IT,Monza,2024-06-11T13:45:05.000Z
batch_20260729_214347,iuid_52ad180f71c3431e,rolex_1100_6616,Rolex 1100,4,v1,EBAY_DE,2026-07-29T21:44:03+00:00,v1|266854927771|0,Rolex 1100 6612 Escape Wheel Original Neu NOS,120.00,EUR,Nuovo con etichette,1000,FIXED_PRICE|BEST_OFFER,https://www.ebay.de/itm/266854927771?_skw=Rolex+1100&hash=item3e21cb0d9b:g:DNUAAOSwGbxmaETH,https://i.ebayimg.com/images/g/DNUAAOSwGbxmaETH/s-l225.jpg,vanvan66,1084,100.0,15.00,EUR,IT,Monza,2024-06-11T12:39:14.000Z
batch_20260729_214347,iuid_52ad180f71c3431e,rolex_1100_6616,Rolex 1100,4,v1,EBAY_DE,2026-07-29T21:44:03+00:00,v1|266854927357|0,Rolex 1100 6600 Mainspring Original Neu NOS,40.00,EUR,Nuovo con etichette,1000,FIXED_PRICE,https://www.ebay.de/itm/266854927357?_skw=Rolex+1100&hash=item3e21cb0bfd:g:1IUAAOSwG61maET~,https://i.ebayimg.com/images/g/1IUAAOSwG61maET~/s-l225.jpg,vanvan66,1084,100.0,15.00,EUR,IT,Monza,2024-06-11T12:38:49.000Z
batch_20260729_214347,iuid_52ad180f71c3431e,rolex_1100_6616,Rolex 1100,4,v1,EBAY_DE,2026-07-29T21:44:03+00:00,v1|266854926985|0,Rolex 1100 6615.1 Banking Pin Original Neu NOS (1x aus Packung),20.00,EUR,Nuovo senza etichette,1500,FIXED_PRICE|BEST_OFFER,https://www.ebay.de/itm/266854926985?_skw=Rolex+1100&hash=item3e21cb0a89:g:VlMAAOSwXvFmaESg,https://i.ebayimg.com/images/g/VlMAAOSwXvFmaESg/s-l225.jpg,vanvan66,1084,100.0,15.00,EUR,IT,Monza,2024-06-11T12:38:31.000Z
batch_20260729_214347,iuid_52ad180f71c3431e,rolex_1100_6616,Rolex 1100,4,v1,EBAY_DE,2026-07-29T21:44:03+00:00,v1|404764457231|0,#1100 RESTORED DEFEKT ROLEX DATEJUST CAL 3035 3135 REF 16234 16014 ZIFFERBLATT,79.99,EUR,Gebraucht,3000,FIXED_PRICE,https://www.ebay.de/itm/404764457231?_skw=Rolex+1100&hash=item5e3dd7790f:g:~dQAAOSwq1lmikVU,https://i.ebayimg.com/images/g/~dQAAOSwq1lmikVU/s-l225.jpg,state_of_time,3866,100.0,6.95,EUR,DE,Gersthofen,2024-01-26T16:54:51.000Z
batch_20260729_214347,iuid_52ad180f71c3431e,rolex_1100_6616,Rolex 1100,4,v1,EBAY_DE,2026-07-29T21:44:03+00:00,v1|404764439567|0,#1100 ORIGINAL ROLEX DATEJUST 36 ROMAN CAL 3035 3135 REF 16234 16014 ZIFFERBLATT,195.49,EUR,Gebraucht,3000,FIXED_PRICE,https://www.ebay.de/itm/404764439567?_skw=Rolex+1100&hash=item5e3dd7340f:g:~CYAAOSw-f1mikWu,https://i.ebayimg.com/images/g/~CYAAOSw-f1mikWu/s-l225.jpg,state_of_time,3866,100.0,6.95,EUR,DE,Gersthofen,2024-01-26T16:41:17.000Z
batch_20260729_214347,iuid_52ad180f71c3431e,rolex_1100_6616,Rolex 1100,4,v1,EBAY_DE,2026-07-29T21:44:03+00:00,v1|404764330618|0,#1100 ORIGINAL ROLEX DATEJUST 36 LINEN CAL 3035 3135 REF 16234 16014 ZIFFERBLATT,293.24,EUR,Gebraucht,3000,FIXED_PRICE,https://www.ebay.de/itm/404764330618?_skw=Rolex+1100&hash=item5e3dd58a7a:g:zL4AAOSwx-pmikbd,https://i.ebayimg.com/images/g/zL4AAOSwx-pmikbd/s-l225.jpg,state_of_time,3866,100.0,6.95,EUR,DE,Gersthofen,2024-01-26T15:57:09.000Z
batch_20260729_214347,iuid_52ad180f71c3431e,rolex_1100_6616,Rolex 1100,4,v1,EBAY_DE,2026-07-29T21:44:03+00:00,v1|116003123403|0,ROLEX 1120 Zwischenrad Nr. 1 Cod. 1120-6714 Kaliber: 1100 (IM BLISTER),70.00,EUR,Nuovo senza etichette,1500,FIXED_PRICE,https://www.ebay.de/itm/116003123403?_skw=Rolex+1100&hash=item1b025330cb:g:Ym4AAeSwuWpowo8f,https://i.ebayimg.com/images/g/Ym4AAeSwuWpowo8f/s-l225.jpg,fornitura_boccacci,4278,99.9,19.00,EUR,IT,Sant Angelo Romano,2023-12-07T14:04:17.000Z
batch_20260729_214347,iuid_52ad180f71c3431e,rolex_1100_6616,Rolex 1100,4,v1,EBAY_DE,2026-07-29T21:44:03+00:00,v1|116002958218|0,ROLEX 1100 Schläger Cod. 1100-6635 Kaliber: 1100 (IM BLISTER),70.00,EUR,Nuovo senza etichette,1500,FIXED_PRICE,https://www.ebay.de/itm/116002958218?_skw=Rolex+1100&hash=item1b0250ab8a:g:hGYAAeSwpGFowo9S,https://i.ebayimg.com/images/g/hGYAAeSwpGFowo9S/s-l225.jpg,fornitura_boccacci,4278,99.9,19.00,EUR,IT,Sant Angelo Romano,2023-12-07T10:47:21.000Z
batch_20260729_214347,iuid_52ad180f71c3431e,rolex_1100_6616,Rolex 1100,4,v1,EBAY_DE,2026-07-29T21:44:03+00:00,v1|116002958093|0,"ROLEX 1100 Incabloc-Feder, oben, unten Cod. 1100-6763 Kaliber: 1100 (SCHÜTT)",36.00,EUR,Nuovo senza etichette,1500,FIXED_PRICE,https://www.ebay.de/itm/116002958093?_skw=Rolex+1100&hash=item1b0250ab0d:g:ZcAAAOSwaXNnIUfO,https://i.ebayimg.com/images/g/ZcAAAOSwaXNnIUfO/s-l225.jpg,fornitura_boccacci,4278,99.9,19.00,EUR,IT,Sant Angelo Romano,2023-12-07T10:47:12.000Z
batch_20260729_214347,iuid_52ad180f71c3431e,rolex_1100_6616,Rolex 1100,4,v1,EBAY_DE,2026-07-29T21:44:03+00:00,v1|116002958008|0,ROLEX 1100 Mittelrad mit passendem Ritzel Cod. 1100-6604 Kaliber: 1100 (I...,149.00,EUR,Nuovo senza etichette,1500,FIXED_PRICE,https://www.ebay.de/itm/116002958008?_skw=Rolex+1100&hash=item1b0250aab8:g:czMAAeSwKaZowo7T,https://i.ebayimg.com/images/g/czMAAeSwKaZowo7T/s-l225.jpg,fornitura_boccacci,4278,99.9,19.00,EUR,IT,Sant Angelo Romano,2023-12-07T10:47:05.000Z
batch_20260729_214347,iuid_52ad180f71c3431e,rolex_1100_6616,Rolex 1100,4,v1,EBAY_DE,2026-07-29T21:44:03+00:00,v1|116002930714|0,ROLEX 1100 Gleitspule Cod. 1100-6638 Kaliber: 1100 (IM BLISTER),83.00,EUR,Nuovo senza etichette,1500,FIXED_PRICE,https://www.ebay.de/itm/116002930714?_skw=Rolex+1100&hash=item1b0250401a:g:tKYAAOSweF5nIUfi,https://i.ebayimg.com/images/g/tKYAAOSweF5nIUfi/s-l225.jpg,fornitura_boccacci,4278,99.9,19.00,EUR,IT,Sant Angelo Romano,2023-12-07T09:56:18.000Z
batch_20260729_214347,iuid_52ad180f71c3431e,rolex_1100_6616,Rolex 1100,4,v1,EBAY_DE,2026-07-29T21:44:03+00:00,v1|116002907801|0,"ROLEX 1100 Schraube der Laufbrücken, Rad und Unruh Cod. 1100-6622...",30.00,EUR,Nuovo senza etichette,1500,FIXED_PRICE,https://www.ebay.de/itm/116002907801?_skw=Rolex+1100&hash=item1b024fe699:g:EY0AAOSw3PtnIUf7,https://i.ebayimg.com/images/g/EY0AAOSw3PtnIUf7/s-l225.jpg,fornitura_boccacci,4278,99.9,19.00,EUR,IT,Sant Angelo Romano,2023-12-07T09:38:27.000Z
batch_20260729_214347,iuid_52ad180f71c3431e,rolex_1100_6616,Rolex 1100,4,v1,EBAY_DE,2026-07-29T21:44:03+00:00,v1|115987309268|0,ROLEX Antriebswelle 1100 (NEU),15.00,EUR,Nuovo senza etichette,1500,FIXED_PRICE,https://www.ebay.de/itm/115987309268?_skw=Rolex+1100&hash=item1b0161e2d4:g:vCAAAOSwzqxnIQcJ,https://i.ebayimg.com/images/g/vCAAAOSwzqxnIQcJ/s-l225.jpg,fornitura_boccacci,4278,99.9,19.00,EUR,IT,Sant Angelo Romano,2023-11-23T14:49:40.000Z
batch_20260729_214347,iuid_52ad180f71c3431e,rolex_1100_6616,Rolex 1100 6616,1,v1,EBAY_US,2026-07-29T21:44:04+00:00,v1|267702107356|0,Rolex 1100 # 6616 Pallet Staff Genuine Swiss Made New X1 from packet,39.87,USD,New with tags,1000,FIXED_PRICE,https://www.ebay.com/itm/267702107356?_skw=Rolex+1100+6616&hash=item3e5449fcdc:g:3xIAAeSwX61qMsHX,https://i.ebayimg.com/images/g/3xIAAeSwX61qMsHX/s-l225.jpg,nwcs84,11806,100.0,17.61,USD,GB,HILLSBOROUGH,2026-06-17T15:55:30.000Z
batch_20260729_214347,iuid_52ad180f71c3431e,rolex_1100_6616,Rolex 1100,4,v1,EBAY_US,2026-07-29T21:44:06+00:00,v1|318644075344|0,1100Pcs Watch Assortment  Screw Repair Tool For Rolex Watch Band Strap 20-Size,18.96,USD,New with tags,1000,FIXED_PRICE|BEST_OFFER,https://www.ebay.com/itm/318644075344?_skw=Rolex+1100&hash=item4a30aabb50:g:AVEAAeSwoi5qZ~0j,https://i.ebayimg.com/images/g/AVEAAeSwoi5qZ~0j/s-l225.jpg,madbetter,984,99.6,0.00,USD,US,,2026-07-28T00:52:22.000Z
batch_20260729_214347,iuid_52ad180f71c3431e,rolex_1100_6616,Rolex 1100,4,v1,EBAY_US,2026-07-29T21:44:06+00:00,v1|158122707130|0,"Winding stem to fit Rolex caliber 1100 1120 1130 1160 1161, NEW",15.99,USD,New without tags,1500,FIXED_PRICE,https://www.ebay.com/itm/158122707130?_skw=Rolex+1100&hash=item24d0d908ba:g:ky8AAeSwgUdqZqka,https://i.ebayimg.com/images/g/ky8AAeSwgUdqZqka/s-l225.jpg,laquintawatchery,654,100.0,0.00,USD,US,La Quinta,2026-07-27T00:43:36.000Z
batch_20260729_214347,iuid_52ad180f71c3431e,rolex_1100_6616,Rolex 1100,4,v1,EBAY_US,2026-07-29T21:44:06+00:00,v1|407088096655|0,1100Pcs Watch Assortment  Screw Repair Tool For Rolex Watch Band Strap 20-Size,14.78,USD,New with tags,1000,FIXED_PRICE|BEST_OFFER,https://www.ebay.com/itm/407088096655?_skw=Rolex+1100&hash=item5ec857658f:g:xC4AAeSwzM5qXzPU,https://i.ebayimg.com/images/g/xC4AAeSwzM5qXzPU/s-l225.jpg,ninevally006,1004,99.8,11.15,USD,CN,,2026-07-21T08:54:54.000Z
batch_20260729_214347,iuid_52ad180f71c3431e,rolex_1100_6616,Rolex 1100,4,v1,EBAY_US,2026-07-29T21:44:06+00:00,v1|178327703410|0,1100Pcs Watch Assortment  Screw Repair Tool For Rolex Watch Band Strap 20-Size,14.71,USD,New with tags,1000,FIXED_PRICE|BEST_OFFER,https://www.ebay.com/itm/178327703410?_skw=Rolex+1100&hash=item298528cf72:g:~vEAAeSw6QhqXeXl,https://i.ebayimg.com/images/g/~vEAAeSw6QhqXeXl/s-l225.jpg,yunchaungke021,1081,98.6,6.97,USD,CN,,2026-07-20T09:10:10.000Z
batch_20260729_214347,iuid_52ad180f71c3431e,rolex_1100_6616,Rolex 1100,4,v1,EBAY_US,2026-07-29T21:44:06+00:00,v1|398177539581|0,1100Pcs Watch Assortment  Screw Repair Tool For Rolex Watch Band Strap 20-Size,18.96,USD,New with tags,1000,FIXED_PRICE|BEST_OFFER,https://www.ebay.com/itm/398177539581?_skw=Rolex+1100&hash=item5cb53b15fd:g:j8AAAeSw6FJqV63P,https://i.ebayimg.com/images/g/j8AAAeSw6FJqV63P/s-l225.jpg,madsea,2022,99.8,0.00,USD,US,,2026-07-15T15:57:18.000Z
batch_20260729_214347,iuid_52ad180f71c3431e,rolex_1100_6616,Rolex 1100,4,v1,EBAY_US,2026-07-29T21:44:06+00:00,v1|398172814256|0,1100Pcs Watch Assortment  Screw Repair Tool For Rolex Watch Band Strap 20-Size,19.17,USD,New with tags,1000,FIXED_PRICE|BEST_OFFER,https://www.ebay.com/itm/398172814256?_skw=Rolex+1100&hash=item5cb4f2fbb0:g:zNMAAeSwzOhqVg8u,https://i.ebayimg.com/images/g/zNMAAeSwzOhqVg8u/s-l225.jpg,moonyuespeed010j,1246,99.5,0.00,USD,US,,2026-07-14T10:28:10.000Z
batch_20260729_214347,iuid_52ad180f71c3431e,rolex_1100_6616,Rolex 1100,4,v1,EBAY_US,2026-07-29T21:44:06+00:00,v1|137511615549|0,1100Pcs Watch Assortment  Screw Repair Tool For Rolex Watch Band Strap 20-Size,20.39,USD,New with tags,1000,FIXED_PRICE,https://www.ebay.com/itm/137511615549?_skw=Rolex+1100&hash=item200454bc3d:g:Mc0AAeSwMndqVfxs,https://i.ebayimg.com/images/g/Mc0AAeSwMndqVfxs/s-l225.jpg,vkaikai00j,2098,99.7,0.00,USD,US,,2026-07-14T09:08:11.000Z
batch_20260729_214347,iuid_52ad180f71c3431e,rolex_1100_6616,Rolex 1100,4,v1,EBAY_US,2026-07-29T21:44:06+00:00,v1|366539728136|0,1100Pcs Watch Assortment  Screw Repair Tool For Rolex Watch Band Strap 20-Size,20.39,USD,New with tags,1000,FIXED_PRICE,https://www.ebay.com/itm/366539728136?_skw=Rolex+1100&hash=item5557786508:g:AXgAAeSwgPtqVM74,https://i.ebayimg.com/images/g/AXgAAeSwgPtqVM74/s-l225.jpg,leggis007g,4753,99.6,0.00,USD,US,,2026-07-13T11:42:00.000Z
batch_20260729_214347,iuid_52ad180f71c3431e,rolex_1100_6616,Rolex 1100,4,v1,EBAY_US,2026-07-29T21:44:06+00:00,v1|407069275619|0,1100Pcs Watch Assortment  Screw Repair Tool For Rolex Watch Band Strap 20-Size,20.91,USD,New with tags,1000,FIXED_PRICE|BEST_OFFER,https://www.ebay.com/itm/407069275619?_skw=Rolex+1100&hash=item5ec73835e3:g:1EcAAeSwWEBqVJp~,https://i.ebayimg.com/images/g/1EcAAeSwWEBqVJp~/s-l225.jpg,xiang00g,3001,99.9,5.57,USD,CN,,2026-07-13T07:58:13.000Z
batch_20260729_214347,iuid_52ad180f71c3431e,rolex_1100_6616,Rolex 1100,4,v1,EBAY_US,2026-07-29T21:44:06+00:00,v1|158072394321|0,1100Pcs Watch Assortment  Screw Repair Tool For Rolex Watch Band Strap 20-Size,20.39,USD,New with tags,1000,FIXED_PRICE,https://www.ebay.com/itm/158072394321?_skw=Rolex+1100&hash=item24cdd95251:g:1KAAAeSw75ZqUKK-,https://i.ebayimg.com/images/g/1KAAAeSw75ZqUKK-/s-l225.jpg,yuzexin006f,311,99.5,0.00,USD,US,,2026-07-10T07:44:16.000Z
batch_20260729_214347,iuid_52ad180f71c3431e,rolex_1100_6616,Rolex 1100,4,v1,EBAY_US,2026-07-29T21:44:06+00:00,v1|398159763765|0,1100Pcs Watch Assortment  Screw Repair Tool For Rolex Watch Band Strap 20-Size,20.29,USD,New with tags,1000,FIXED_PRICE,https://www.ebay.com/itm/398159763765?_skw=Rolex+1100&hash=item5cb42bd935:g:VO8AAeSwEMdqUGah,https://i.ebayimg.com/images/g/VO8AAeSwEMdqUGah/s-l225.jpg,yunchaungke015,985,99.4,0.00,USD,US,,2026-07-10T03:27:41.000Z
batch_20260729_214347,iuid_52ad180f71c3431e,rolex_1100_6616,Rolex 1100,4,v1,EBAY_US,2026-07-29T21:44:06+00:00,v1|127965450423|0,1100Pcs Watch Assortment  Screw Repair Tool For Rolex Watch Band Strap 20-Size,14.35,USD,New with tags,1000,FIXED_PRICE|BEST_OFFER,https://www.ebay.com/itm/127965450423?_skw=Rolex+1100&hash=item1dcb55d0b7:g:BYcAAeSw0PVqT02J,https://i.ebayimg.com/images/g/BYcAAeSw0PVqT02J/s-l225.jpg,longlonglong003,8021,99.9,8.29,USD,CN,,2026-07-09T07:28:25.000Z
batch_20260729_214347,iuid_52ad180f71c3431e,rolex_1100_6616,Rolex 1100,4,v1,EBAY_US,2026-07-29T21:44:06+00:00,v1|336670661547|0,Rolex Watch 6525 Oyster Precision Silver Cal.1100 Beige Manual Winding Women's,2663.87,USD,Used,3000,FIXED_PRICE|BEST_OFFER,https://www.ebay.com/itm/336670661547?_skw=Rolex+1100&hash=item4e63229bab:g:XSYAAeSwBLNqSIqB,https://i.ebayimg.com/images/g/XSYAAeSwBLNqSIqB/s-l225.jpg,miyako_sunrise,3091,99.1,0.00,USD,JP,,2026-07-04T04:21:22.000Z
batch_20260729_214347,iuid_52ad180f71c3431e,rolex_1100_6616,Rolex 1100,4,v1,EBAY_US,2026-07-29T21:44:06+00:00,v1|158049996090|0,1100Pcs Watch Assortment  Screw Repair Tool For Rolex Watch Band Strap 20-Size,20.39,USD,New with tags,1000,FIXED_PRICE|BEST_OFFER,https://www.ebay.com/itm/158049996090?_skw=Rolex+1100&hash=item24cc838d3a:g:EFwAAeSwih1qRz1a,https://i.ebayimg.com/images/g/EFwAAeSwih1qRz1a/s-l225.jpg,yunchaungke019,2285,99.8,0.00,USD,US,,2026-07-03T04:41:12.000Z
batch_20260729_214347,iuid_52ad180f71c3431e,rolex_1100_6616,Rolex 1100,4,v1,EBAY_US,2026-07-29T21:44:06+00:00,v1|398127309839|0,1100Pcs Watch Assortment  Screw Repair Tool For Rolex Watch Band Strap 20-Size,20.39,USD,New with tags,1000,FIXED_PRICE|BEST_OFFER,https://www.ebay.com/itm/398127309839?_skw=Rolex+1100&hash=item5cb23ca40f:g:LI8AAeSwXghqRNwN,https://i.ebayimg.com/images/g/LI8AAeSwXghqRNwN/s-l225.jpg,goodboy00f,707,99.0,0.00,USD,US,,2026-07-01T09:21:32.000Z
batch_20260729_214347,iuid_52ad180f71c3431e,rolex_1100_6616,Rolex 1100,4,v1,EBAY_US,2026-07-29T21:44:06+00:00,v1|158043920208|0,1100Pcs Watch Assortment  Screw Repair Tool For Rolex Watch Band Strap 20-Size,20.39,USD,New with tags,1000,FIXED_PRICE|BEST_OFFER,https://www.ebay.com/itm/158043920208?_skw=Rolex+1100&hash=item24cc26d750:g:HCUAAeSwltBqRNK7,https://i.ebayimg.com/images/g/HCUAAeSwltBqRNK7/s-l225.jpg,xiang00a,1167,99.3,0.00,USD,US,,2026-07-01T08:41:48.000Z
batch_20260729_214347,iuid_52ad180f71c3431e,rolex_1100_6616,Rolex 1100,4,v1,EBAY_US,2026-07-29T21:44:06+00:00,v1|298445912062|0,New Genuine Rolex Cal. 1100 Part 6648 Setting Lever (017),110.00,USD,New without tags,1500,FIXED_PRICE,https://www.ebay.com/itm/298445912062?_skw=Rolex+1100&hash=item457cc337fe:g:scMAAeSwiRFqOr5J,https://i.ebayimg.com/images/g/scMAAeSwiRFqOr5J/s-l225.jpg,percyswatchfinds,1614,100.0,0.00,USD,US,Delray Beach,2026-06-23T17:12:53.000Z
batch_20260729_214347,iuid_52ad180f71c3431e,rolex_1100_6616,Rolex 1100,4,v1,EBAY_US,2026-07-29T21:44:06+00:00,v1|267697382302|567501164203,Rolex  1100 Watch Parts  Pick from list Used,79.73,USD,Used,3000,FIXED_PRICE,https://www.ebay.com/itm/267697382302?_skw=Rolex+1100&hash=item3e5401e39e:g:j18AAeSw4VlqLDru,https://i.ebayimg.com/images/g/j18AAeSw4VlqLDru/s-l225.jpg,nwcs84,11806,100.0,17.61,USD,GB,HILLSBOROUGH,2026-06-12T17:06:00.000Z
batch_20260729_214347,iuid_52ad180f71c3431e,rolex_1100_6616,Rolex 1100,4,v1,EBAY_US,2026-07-29T21:44:06+00:00,v1|327209225040|0,ROLEX Oyster Precision 6525 vintage Cal.1100 Hand Winding Ladies Watch L#148107,1819.35,USD,Pre-owned - Good,3000,FIXED_PRICE,https://www.ebay.com/itm/327209225040?_skw=Rolex+1100&hash=item4c2f308b50:g:gN8AAeSweFNqK8iA,https://i.ebayimg.com/images/g/gN8AAeSweFNqK8iA/s-l225.jpg,aonohappa,10991,99.7,285.00,USD,JP,,2026-06-12T08:51:13.000Z
batch_20260729_214347,iuid_52ad180f71c3431e,rolex_1100_6616,Rolex 1100,4,v1,EBAY_US,2026-07-29T21:44:06+00:00,v1|137381637998|0,ROLEX-INSETTING FOR ESCAPE WHEEL-FACTORY SEALED-CALIBER 1100 PART 6760,55.00,USD,New without tags,1500,FIXED_PRICE,https://www.ebay.com/itm/137381637998?_skw=Rolex+1100&hash=item1ffc956f6e:g:TIIAAeSwK4JqItw5,https://i.ebayimg.com/images/g/TIIAAeSwK4JqItw5/s-l225.jpg,eztimewatches,2142,100.0,0.00,USD,US,Miami,2026-06-05T14:30:02.000Z
batch_20260729_214347,iuid_52ad180f71c3431e,rolex_1100_6616,Rolex 1100,4,v1,EBAY_US,2026-07-29T21:44:06+00:00,v1|137379023718|0,ROLEX-SHOCK ABSORBER FOR BALANCE LOWER-FACTORY SEALED-CALIBER 1100 PART 6755,48.00,USD,New without tags,1500,FIXED_PRICE,https://www.ebay.com/itm/137379023718?_skw=Rolex+1100&hash=item1ffc6d8b66:g:ZIMAAeSw-iFqIZj5,https://i.ebayimg.com/images/g/ZIMAAeSw-iFqIZj5/s-l225.jpg,eztimewatches,2142,100.0,0.00,USD,US,Miami,2026-06-04T15:27:10.000Z
batch_20260729_214347,iuid_52ad180f71c3431e,rolex_1100_6616,Rolex 1100,4,v1,EBAY_US,2026-07-29T21:44:06+00:00,v1|137379011167|0,ROLEX-SHOCK ABSORBER FOR BALANCE UPPER-FACTORY SEALED-CALIBER 1100 PART 6750,55.00,USD,New without tags,1500,FIXED_PRICE,https://www.ebay.com/itm/137379011167?_skw=Rolex+1100&hash=item1ffc6d5a5f:g:~QAAAeSwL-BqIZYS,https://i.ebayimg.com/images/g/~QAAAeSwL-BqIZYS/s-l225.jpg,eztimewatches,2142,100.0,0.00,USD,US,Miami,2026-06-04T15:15:17.000Z
batch_20260729_214347,iuid_52ad180f71c3431e,rolex_1100_6616,Rolex 1100,4,v1,EBAY_US,2026-07-29T21:44:06+00:00,v1|137378984880|0,ROLEX-INSETTING FOR ESCAPE WHEEL-FACTORY SEALED-CALIBER 1100 PART 6760,55.00,USD,New without tags,1500,FIXED_PRICE,https://www.ebay.com/itm/137378984880?_skw=Rolex+1100&hash=item1ffc6cf3b0:g:CakAAeSwbJxqIZRH,https://i.ebayimg.com/images/g/CakAAeSwbJxqIZRH/s-l225.jpg,eztimewatches,2142,100.0,0.00,USD,US,Miami,2026-06-04T15:07:21.000Z
batch_20260729_214347,iuid_52ad180f71c3431e,rolex_1100_6616,Rolex 1100,4,v1,EBAY_US,2026-07-29T21:44:06+00:00,v1|137375518330|0,ROLEX-SHOCK ABSORBER FOR BALANCE LOWER-FACTORY SEALED-CALIBER 1100 PART 6754,63.00,USD,New without tags,1500,FIXED_PRICE,https://www.ebay.com/itm/137375518330?_skw=Rolex+1100&hash=item1ffc380e7a:g:xaUAAeSw2k5qID1E,https://i.ebayimg.com/images/g/xaUAAeSw2k5qID1E/s-l225.jpg,eztimewatches,2142,100.0,0.00,USD,US,Miami,2026-06-03T14:42:13.000Z
batch_20260729_214347,iuid_52ad180f71c3431e,rolex_1100_6616,Rolex 1100,4,v1,EBAY_US,2026-07-29T21:44:06+00:00,v1|318401761666|0,1100Pcs Watch Assortment  Screw Repair Tool For Rolex Watch Band Strap 20-Size,19.02,USD,New with tags,1000,FIXED_PRICE|BEST_OFFER,https://www.ebay.com/itm/318401761666?_skw=Rolex+1100&hash=item4a22395182:g:XTcAAeSwIiFqH4rj,https://i.ebayimg.com/images/g/XTcAAeSwIiFqH4rj/s-l225.jpg,loveshark,364,100.0,0.00,USD,US,,2026-06-03T02:01:22.000Z
batch_20260729_214347,iuid_52ad180f71c3431e,rolex_1100_6616,Rolex 1100,4,v1,EBAY_US,2026-07-29T21:44:06+00:00,v1|147347748101|0,ROLEX-SHOCK ABSORBER FOR BALANCE LOWER-FACTORY SEALED-CALIBER 1100 PART 6755,48.00,USD,New without tags,1500,FIXED_PRICE,https://www.ebay.com/itm/147347748101?_skw=Rolex+1100&hash=item224e9c3505:g:-dwAAeSwzT9qHzhv,https://i.ebayimg.com/images/g/-dwAAeSwzT9qHzhv/s-l225.jpg,eztimewatches,2142,100.0,0.00,USD,US,Miami,2026-06-02T20:09:21.000Z
batch_20260729_214347,iuid_52ad180f71c3431e,rolex_1100_6616,Rolex 1100,4,v1,EBAY_US,2026-07-29T21:44:06+00:00,v1|147347588704|0,ROLEX-SHOCK ABSORBER FOR BALANCE UPPER-FACTORY SEALED-CALIBER 1100 PART 6750,55.00,USD,New without tags,1500,FIXED_PRICE,https://www.ebay.com/itm/147347588704?_skw=Rolex+1100&hash=item224e99c660:g:t0oAAeSwEz1qHx5y,https://i.ebayimg.com/images/g/t0oAAeSwEz1qHx5y/s-l225.jpg,eztimewatches,2142,100.0,0.00,USD,US,Miami,2026-06-02T18:18:37.000Z
batch_20260729_214347,iuid_52ad180f71c3431e,rolex_1100_6616,Rolex 1100,4,v1,EBAY_US,2026-07-29T21:44:06+00:00,v1|147345662842|0,Rolex Datejust 126333 Stainless Steel Yellow Gold 41.0mm Black Dial #YKW1100,23502.90,USD,New with box and papers,1000,FIXED_PRICE,https://www.ebay.com/itm/147345662842?_skw=Rolex+1100&hash=item224e7c637a:g:XdEAAeSwUC1qHejs,https://i.ebayimg.com/images/g/XdEAAeSwUC1qHejs/s-l225.jpg,minico_01,11771,99.2,0.00,USD,JP,,2026-06-01T20:16:44.000Z
batch_20260729_214347,iuid_52ad180f71c3431e,rolex_1100_6616,Rolex 1100,4,v1,EBAY_US,2026-07-29T21:44:06+00:00,v1|127890717320|0,Wittnauer 6N7 Mainspring Part No 1 Tongue Alloy Watch Part NOS,10.00,USD,New without tags,1500,FIXED_PRICE|BEST_OFFER,https://www.ebay.com/itm/127890717320?_skw=Rolex+1100&hash=item1dc6e17a88:g:iJQAAeSwsVlqGKhJ,https://i.ebayimg.com/images/g/iJQAAeSwsVlqGKhJ/s-l225.jpg,2380433215,13264,99.9,,,US,Clayton,2026-05-28T20:42:05.000Z
batch_20260729_214347,iuid_52ad180f71c3431e,rolex_1100_6616,Rolex 1100,4,v1,EBAY_US,2026-07-29T21:44:06+00:00,v1|406911875564|0,1100Pcs Watch Assortment  Screw Repair Tool For Rolex Watch Band Strap 20-Size,14.47,USD,New with tags,1000,FIXED_PRICE|BEST_OFFER,https://www.ebay.com/itm/406911875564?_skw=Rolex+1100&hash=item5ebdd679ec:g:uf4AAeSwFbNp~TfO,https://i.ebayimg.com/images/g/uf4AAeSwFbNp~TfO/s-l225.jpg,topsom00f,533,100.0,8.36,USD,CN,,2026-05-08T01:09:49.000Z
batch_20260729_214347,iuid_52ad180f71c3431e,rolex_1100_6616,Rolex 1100,4,v1,EBAY_US,2026-07-29T21:44:06+00:00,v1|406909748739|0,1100Pcs Watch Assortment  Screw Repair Tool For Rolex Watch Band Strap 20-Size,20.35,USD,New with tags,1000,FIXED_PRICE|BEST_OFFER,https://www.ebay.com/itm/406909748739?_skw=Rolex+1100&hash=item5ebdb60603:g:zKIAAeSw8Ghp--2s,https://i.ebayimg.com/images/g/zKIAAeSw8Ghp--2s/s-l225.jpg,lovesnail,629,99.7,0.00,USD,US,,2026-05-07T01:41:18.000Z
batch_20260729_214347,iuid_52ad180f71c3431e,rolex_1100_6616,Rolex 1100,4,v1,EBAY_US,2026-07-29T21:44:06+00:00,v1|377163827613|0,2017 Ladies Dominos Pizza Rolex 176200 SS Warranty 26mm Oyster Box Papers W1100,5326.83,USD,Pre-owned - Good,3000,FIXED_PRICE|BEST_OFFER,https://www.ebay.com/itm/377163827613?_skw=Rolex+1100&hash=item57d0b7499d:g:ue4AAeSwI3Zp-e40,https://i.ebayimg.com/images/g/ue4AAeSwI3Zp-e40/s-l225.jpg,ehoffmaster,23826,99.7,0.00,USD,US,Austin,2026-05-05T13:19:38.000Z
batch_20260729_214347,iuid_52ad180f71c3431e,rolex_1100_6616,Rolex 1100,4,v1,EBAY_US,2026-07-29T21:44:06+00:00,v1|178059856254|0,Rolex 1100 watch staff #723 Cosmopolitan * NEW YORK 313 *,25.00,USD,New without tags,1500,FIXED_PRICE,https://www.ebay.com/itm/178059856254?_skw=Rolex+1100&hash=item297531c97e:g:HG4AAeSw1URp5A7K,https://i.ebayimg.com/images/g/HG4AAeSw1URp5A7K/s-l225.jpg,francis.antictac,36141,100.0,6.95,USD,US,Miami,2026-04-18T23:10:05.000Z
batch_20260729_214347,iuid_52ad180f71c3431e,rolex_1100_6616,Rolex 1100,4,v1,EBAY_US,2026-07-29T21:44:06+00:00,v1|206204384711|0,Rolex Cal. 1100 Stem H-06 Genuine NOS Watch Part 6636 Swiss Made ,31.04,USD,New without tags,1500,FIXED_PRICE|BEST_OFFER,https://www.ebay.com/itm/206204384711?_skw=Rolex+1100&hash=item3002bd35c7:g:1JIAAeSwU9Bp2pAX,https://i.ebayimg.com/images/g/1JIAAeSwU9Bp2pAX/s-l225.jpg,varahlutir,194,100.0,,,GB,LONDON,2026-04-11T18:18:03.000Z
batch_20260729_214347,iuid_52ad180f71c3431e,rolex_1100_6616,Rolex 1100,4,v1,EBAY_US,2026-07-29T21:44:06+00:00,v1|257444459330|0,"NOS Rolex 1100 6651 Screw for Case 1100 1120 Genuine Rolex, Price per screw",32.00,USD,New with tags,1000,FIXED_PRICE|BEST_OFFER,https://www.ebay.com/itm/257444459330?_skw=Rolex+1100&hash=item3bf0e2b342:g:5UYAAeSwWtdp0thd,https://i.ebayimg.com/images/g/5UYAAeSwWtdp0thd/s-l225.jpg,watchesnstuff4u,239,100.0,,,US,New York,2026-04-05T21:48:54.000Z
batch_20260729_214347,iuid_52ad180f71c3431e,rolex_1100_6616,Rolex 1100,4,v1,EBAY_US,2026-07-29T21:44:06+00:00,v1|227231628466|0,Rolex 1120 6707 New Blister X1 Piece X1 Piece Axle for Oscillating Weight 1100 1,137.65,USD,New with tags,1000,FIXED_PRICE|BEST_OFFER,https://www.ebay.com/itm/227231628466?_skw=Rolex+1100&hash=item34e80f7cb2:g:uu4AAeSwQtRqT81F,https://i.ebayimg.com/images/g/uu4AAeSwQtRqT81F/s-l225.jpg,*rarecollections,1405,100.0,55.00,USD,IT,,2026-02-25T08:28:23.000Z
batch_20260729_214347,iuid_52ad180f71c3431e,rolex_1100_6616,Rolex 1100,4,v1,EBAY_US,2026-07-29T21:44:06+00:00,v1|227230831205|0,Rolex 1120 6637 New Blister X1 Piece X1 Piece Winding Pinion 1100 1130 1135 1160,87.31,USD,New with tags,1000,FIXED_PRICE|BEST_OFFER,https://www.ebay.com/itm/227230831205?_skw=Rolex+1100&hash=item34e8035265:g:RP8AAeSwHt1qSAol,https://i.ebayimg.com/images/g/RP8AAeSwHt1qSAol/s-l225.jpg,*rarecollections,1405,100.0,55.00,USD,IT,,2026-02-24T19:16:21.000Z
batch_20260729_214347,iuid_52ad180f71c3431e,rolex_1100_6616,Rolex 1100,4,v1,EBAY_US,2026-07-29T21:44:06+00:00,v1|227230831190|0,Rolex 1120 6637 New NEW Blister X1 Piece Loading Sprocket 1100 1130 1135,86.43,USD,Nuovo con etichette,1000,FIXED_PRICE|BEST_OFFER,https://www.ebay.com/itm/227230831190?_skw=Rolex+1100&hash=item34e8035256:g:ukkAAeSw4ulqSEjB,https://i.ebayimg.com/images/g/ukkAAeSw4ulqSEjB/s-l225.jpg,*rarecollections,1405,100.0,51.24,USD,IT,,2026-02-24T19:16:20.000Z
batch_20260729_214347,iuid_52ad180f71c3431e,rolex_1100_6616,Rolex 1100,4,v1,EBAY_US,2026-07-29T21:44:06+00:00,v1|227230818562|0,Rolex 1120 6707 New NEW Blister X1 Piece Oscillating Mass Axle 1100,136.53,USD,Nuovo con etichette,1000,FIXED_PRICE|BEST_OFFER,https://www.ebay.com/itm/227230818562?_skw=Rolex+1100&hash=item34e8032102:g:ulsAAeSwflRqT8z~,https://i.ebayimg.com/images/g/ulsAAeSwflRqT8z~/s-l225.jpg,*rarecollections,1405,100.0,51.24,USD,IT,,2026-02-24T19:01:17.000Z
batch_20260729_214347,iuid_52ad180f71c3431e,rolex_1100_6616,Rolex 1100,4,v1,EBAY_US,2026-07-29T21:44:06+00:00,v1|227230230569|0,Rolex 1120 6754 New Blister NOS X1 Piece Shock-Absorber for Balance Lower 1100 1,137.65,USD,New with tags,1000,FIXED_PRICE|BEST_OFFER,https://www.ebay.com/itm/227230230569?_skw=Rolex+1100&hash=item34e7fa2829:g:F00AAeSwvM9qair4,https://i.ebayimg.com/images/g/F00AAeSwvM9qair4/s-l225.jpg,*rarecollections,1405,100.0,55.00,USD,IT,,2026-02-24T09:16:40.000Z
batch_20260729_214347,iuid_52ad180f71c3431e,rolex_1100_6616,Rolex 1100,4,v1,EBAY_US,2026-07-29T21:44:06+00:00,v1|227229432295|0,Rolex 1120 6657 New Blister X1 Piece X1 Piece Hour Wheel 1100 1130 1160 1161 116,99.96,USD,New with tags,1000,FIXED_PRICE|BEST_OFFER,https://www.ebay.com/itm/227229432295?_skw=Rolex+1100&hash=item34e7edf9e7:g:5nkAAeSwxNpqSB3p,https://i.ebayimg.com/images/g/5nkAAeSwxNpqSB3p/s-l225.jpg,*rarecollections,1405,100.0,55.00,USD,IT,,2026-02-23T19:03:58.000Z
batch_20260729_214347,iuid_52ad180f71c3431e,rolex_1100_6616,Rolex 1100,4,v1,EBAY_US,2026-07-29T21:44:06+00:00,v1|227229432283|0,Rolex 1120 6657 New NEW Blister X1 Piece Hour Wheel 1100 1130 1160,98.95,USD,Nuovo con etichette,1000,FIXED_PRICE|BEST_OFFER,https://www.ebay.com/itm/227229432283?_skw=Rolex+1100&hash=item34e7edf9db:g:k88AAeSwPtpqSFcC,https://i.ebayimg.com/images/g/k88AAeSwPtpqSFcC/s-l225.jpg,*rarecollections,1405,100.0,51.24,USD,IT,,2026-02-23T19:03:57.000Z
batch_20260729_214347,iuid_52ad180f71c3431e,rolex_1100_6616,Rolex 1100,4,v1,EBAY_US,2026-07-29T21:44:06+00:00,v1|227229432053|0,Rolex 1120 6639 New Blister X1 Piece X1 Piece Crown Wheel 1100 1130 1135 1160 11,74.65,USD,New with tags,1000,FIXED_PRICE|BEST_OFFER,https://www.ebay.com/itm/227229432053?_skw=Rolex+1100&hash=item34e7edf8f5:g:JaQAAeSwWJxqSBY-,https://i.ebayimg.com/images/g/JaQAAeSwWJxqSBY-/s-l225.jpg,*rarecollections,1405,100.0,55.00,USD,IT,,2026-02-23T19:03:47.000Z
batch_20260729_214347,iuid_52ad180f71c3431e,rolex_1100_6616,Rolex 1100,4,v1,EBAY_US,2026-07-29T21:44:06+00:00,v1|227229432002|0,Rolex 1120 6639 New NEW Blister X1 Piece Crown Wheel 1100 1130 1135 1160,73.90,USD,Nuovo con etichette,1000,FIXED_PRICE|BEST_OFFER,https://www.ebay.com/itm/227229432002?_skw=Rolex+1100&hash=item34e7edf8c2:g:apcAAeSwAnNqSFHW,https://i.ebayimg.com/images/g/apcAAeSwAnNqSFHW/s-l225.jpg,*rarecollections,1405,100.0,51.24,USD,IT,,2026-02-23T19:03:46.000Z
batch_20260729_214347,iuid_52ad180f71c3431e,rolex_1100_6616,Rolex 1100,4,v1,EBAY_US,2026-07-29T21:44:06+00:00,v1|227229431295|0,Rolex 1120 6643 New Blister X1 Piece X1 Piece Ratchet Wheel 1100 1130 1135 1160,99.85,USD,New with tags,1000,FIXED_PRICE|BEST_OFFER,https://www.ebay.com/itm/227229431295?_skw=Rolex+1100&hash=item34e7edf5ff:g:r~UAAeSwNhtqSBX1,https://i.ebayimg.com/images/g/r~UAAeSwNhtqSBX1/s-l225.jpg,*rarecollections,1405,100.0,55.00,USD,IT,,2026-02-23T19:03:33.000Z
batch_20260729_214347,iuid_52ad180f71c3431e,rolex_1100_6616,Rolex 1100,4,v1,EBAY_US,2026-07-29T21:44:06+00:00,v1|227229431285|0,Rolex 1120 6643 New NEW Blister X1 Piece Spool 1100 1130 1135 1160 1161,98.95,USD,Nuovo con etichette,1000,FIXED_PRICE|BEST_OFFER,https://www.ebay.com/itm/227229431285?_skw=Rolex+1100&hash=item34e7edf5f5:g:NZ8AAeSwltBqSFEP,https://i.ebayimg.com/images/g/NZ8AAeSwltBqSFEP/s-l225.jpg,*rarecollections,1405,100.0,51.24,USD,IT,,2026-02-23T19:03:32.000Z
batch_20260729_214347,iuid_52ad180f71c3431e,rolex_1100_6616,Rolex 1100,4,v1,EBAY_US,2026-07-29T21:44:06+00:00,v1|227229430283|0,Rolex 1120 6654 New Blister X1 Piece X1 Piece Setting Lever 1100 1130 1135 1160,74.65,USD,New with tags,1000,FIXED_PRICE|BEST_OFFER,https://www.ebay.com/itm/227229430283?_skw=Rolex+1100&hash=item34e7edf20b:g:WCsAAeSwB1xqSBSz,https://i.ebayimg.com/images/g/WCsAAeSwB1xqSBSz/s-l225.jpg,*rarecollections,1405,100.0,55.00,USD,IT,,2026-02-23T19:03:06.000Z
batch_20260729_214347,iuid_52ad180f71c3431e,rolex_1100_6616,Rolex 1100,4,v1,EBAY_US,2026-07-29T21:44:06+00:00,v1|227229430276|0,Rolex 1120 6654 New NEW Blister X1 Part Shipping 1100 1130 1135 1160 1161,73.90,USD,Nuovo con etichette,1000,FIXED_PRICE|BEST_OFFER,https://www.ebay.com/itm/227229430276?_skw=Rolex+1100&hash=item34e7edf204:g:-icAAeSwroZqSFD3,https://i.ebayimg.com/images/g/-icAAeSwroZqSFD3/s-l225.jpg,*rarecollections,1405,100.0,51.24,USD,IT,,2026-02-23T19:03:05.000Z
batch_20260729_214347,iuid_cbe97838e7574e43,rolex_1120_6612,Rolex 1120 6612,1,v1,EBAY_DE,2026-07-29T21:44:07+00:00,v1|226902742105|0,NEW Neu Rolex Daytona 1120 6612 Escape Wheel X1 Hemmungsrad,95.70,EUR,Nuovo senza etichette,1500,FIXED_PRICE|BEST_OFFER,https://www.ebay.de/itm/226902742105?_skw=Rolex+1120+6612&hash=item34d4751459:g:xRkAAeSw4iBpaI50,https://i.ebayimg.com/images/g/xRkAAeSw4iBpaI50/s-l225.jpg,*rarecollections,1405,100.0,29.00,EUR,IT,Cesena,2025-08-04T09:27:33.000Z
batch_20260729_214347,iuid_cbe97838e7574e43,rolex_1120_6612,Rolex 1120,4,v1,EBAY_DE,2026-07-29T21:44:10+00:00,v1|188698804901|0,ROLEX 1120 Fourth Wheel Cod. 6609 Calib: 1120.,78.00,EUR,Usado,3000,FIXED_PRICE|BEST_OFFER,https://www.ebay.de/itm/188698804901?_skw=Rolex+1120&hash=item2bef5342a5:g:X-8AAeSwflRqZk8E,https://i.ebayimg.com/images/g/X-8AAeSwflRqZk8E/s-l225.jpg,martin_787,142,100.0,11.00,EUR,ES,Los Ángeles,2026-07-26T18:18:48.000Z
batch_20260729_214347,iuid_cbe97838e7574e43,rolex_1120_6612,Rolex 1120,4,v1,EBAY_DE,2026-07-29T21:44:10+00:00,v1|127899507183|0,ROLEX - KALIBER 1120 - STEIN UNTER DEM MITTELRAD - REF 6718 - NOS,25.00,EUR,Neuf sans étiquette,1500,FIXED_PRICE,https://www.ebay.de/itm/127899507183?_skw=Rolex+1120&hash=item1dc76799ef:g:9XUAAeSwTUFqHvSj,https://i.ebayimg.com/images/g/9XUAAeSwTUFqHvSj/s-l225.jpg,wickedthing,2186,99.2,15.00,EUR,FR,Le Raincy,2026-06-02T15:22:50.000Z
batch_20260729_214347,iuid_cbe97838e7574e43,rolex_1120_6612,Rolex 1120,4,v1,EBAY_DE,2026-07-29T21:44:10+00:00,v1|127899507187|0,ROLEX - KALIBER 1120 - STEIN AUF ZWISCHENRAD - REF 6719 - NOS,25.00,EUR,Neuf sans étiquette,1500,FIXED_PRICE,https://www.ebay.de/itm/127899507187?_skw=Rolex+1120&hash=item1dc76799f3:g:6UgAAeSwi0lqHvQg,https://i.ebayimg.com/images/g/6UgAAeSwi0lqHvQg/s-l225.jpg,wickedthing,2186,99.2,15.00,EUR,FR,Le Raincy,2026-06-02T15:22:50.000Z
batch_20260729_214347,iuid_cbe97838e7574e43,rolex_1120_6612,Rolex 1120,4,v1,EBAY_DE,2026-07-29T21:44:10+00:00,v1|227398983285|0,Schaft ROLEX 1100-1120-1130-1135-1155 Ersatzteil Original Schaft,18.00,EUR,Neu ohne Etikett,1500,FIXED_PRICE,https://www.ebay.de/itm/227398983285?_skw=Rolex+1120&hash=item34f2091e75:g:sowAAOSw435kIrjm,https://i.ebayimg.com/images/g/sowAAOSw435kIrjm/s-l225.jpg,eldesguacedelrelojero,10646,99.2,10.00,EUR,ES,Málaga,2026-06-22T04:58:23.000Z
batch_20260729_214347,iuid_cbe97838e7574e43,rolex_1120_6612,Rolex 1120,4,v1,EBAY_DE,2026-07-29T21:44:10+00:00,v1|336647733185|0,"Achsenset Für ROLEX 8¾ 1120, 1130, 1135 KIF KIF - Höhe 264",46.09,EUR,Neu ohne Etikett,1500,FIXED_PRICE,https://www.ebay.de/itm/336647733185?_skw=Rolex+1120&hash=item4e61c4bfc1:g:I-4AAeSwANdp4OYc,https://i.ebayimg.com/images/g/I-4AAeSwANdp4OYc/s-l225.jpg,fournitures-horlogerie,37654,99.9,8.35,EUR,FR,Ploërmel,2026-06-19T21:33:09.000Z
batch_20260729_214347,iuid_cbe97838e7574e43,rolex_1120_6612,Rolex 1120,4,v1,EBAY_DE,2026-07-29T21:44:10+00:00,v1|267632327897|0,ROLEX CAL 1130 1160 1120-6604 6670 Zentrumsrad Ohne Spule Minuten,102.48,EUR,Gebraucht - Gut,3000,FIXED_PRICE|BEST_OFFER,https://www.ebay.de/itm/267632327897?_skw=Rolex+1120&hash=item3e50213cd9:g:gbMAAOSwROVnbunu,https://i.ebayimg.com/images/g/gbMAAOSwROVnbunu/s-l225.jpg,passionevintagerlx,1222,100.0,15.00,EUR,IT,Castiglion Fiorentino,2026-04-08T18:40:34.000Z
batch_20260729_214347,iuid_cbe97838e7574e43,rolex_1120_6612,Rolex 1120,4,v1,EBAY_DE,2026-07-29T21:44:10+00:00,v1|227246238033|0, Rolex 1120 1130 1135 1160 1161 1165 6711 Reversing Wheel Neu Original Blister,150.00,EUR,Nuovo con etichette,1000,FIXED_PRICE,https://www.ebay.de/itm/227246238033?_skw=Rolex+1120&hash=item34e8ee6951:g:OmoAAeSwVqdprFS~,https://i.ebayimg.com/images/g/OmoAAeSwVqdprFS~/s-l225.jpg,cloxywatch,199,100.0,12.00,EUR,IT,,2026-03-07T16:44:03.000Z
batch_20260729_214347,iuid_cbe97838e7574e43,rolex_1120_6612,Rolex 1120,4,v1,EBAY_DE,2026-07-29T21:44:10+00:00,v1|227230845824|0,Rolex 1120 6604 Neu NEW Blister X1 Stück Mittelrad mit passendem Ritzel,152.90,EUR,Nuovo con etichette,1000,FIXED_PRICE|BEST_OFFER,https://www.ebay.de/itm/227230845824?_skw=Rolex+1120&hash=item34e8038b80:g:hGoAAeSwNt5qSFeI,https://i.ebayimg.com/images/g/hGoAAeSwNt5qSFeI/s-l225.jpg,*rarecollections,1405,100.0,29.00,EUR,IT,,2026-02-24T19:26:22.000Z
batch_20260729_214347,iuid_cbe97838e7574e43,rolex_1120_6612,Rolex 1120,4,v1,EBAY_DE,2026-07-29T21:44:10+00:00,v1|227230831190|0,Rolex 1120 6637 Neu NEW Blister X1 Stück Aufzugsritzel 1100 1130 1135,75.90,EUR,Nuovo con etichette,1000,FIXED_PRICE|BEST_OFFER,https://www.ebay.de/itm/227230831190?_skw=Rolex+1120&hash=item34e8035256:g:ukkAAeSw4ulqSEjB,https://i.ebayimg.com/images/g/ukkAAeSw4ulqSEjB/s-l225.jpg,*rarecollections,1405,100.0,29.00,EUR,IT,,2026-02-24T19:16:20.000Z
batch_20260729_214347,iuid_cbe97838e7574e43,rolex_1120_6612,Rolex 1120,4,v1,EBAY_DE,2026-07-29T21:44:10+00:00,v1|227230818562|0,Rolex 1120 6707 Neu NEW Blister X1 Stück Schwingmasse Achse 1100,119.90,EUR,Nuovo con etichette,1000,FIXED_PRICE|BEST_OFFER,https://www.ebay.de/itm/227230818562?_skw=Rolex+1120&hash=item34e8032102:g:ulsAAeSwflRqT8z~,https://i.ebayimg.com/images/g/ulsAAeSwflRqT8z~/s-l225.jpg,*rarecollections,1405,100.0,29.00,EUR,IT,,2026-02-24T19:01:17.000Z
batch_20260729_214347,iuid_cbe97838e7574e43,rolex_1120_6612,Rolex 1120,4,v1,EBAY_DE,2026-07-29T21:44:10+00:00,v1|227230230565|0,"Rolex 1120 6754 Neu NEW Blister X1 Stück Stoßdämpfer Unruh, unten",119.90,EUR,Nuovo con etichette,1000,FIXED_PRICE|BEST_OFFER,https://www.ebay.de/itm/227230230565?_skw=Rolex+1120&hash=item34e7fa2825:g:AGIAAeSw86Vqaiq0,https://i.ebayimg.com/images/g/AGIAAeSw86Vqaiq0/s-l225.jpg,*rarecollections,1405,100.0,29.00,EUR,IT,,2026-02-24T09:16:40.000Z
batch_20260729_214347,iuid_cbe97838e7574e43,rolex_1120_6612,Rolex 1120,4,v1,EBAY_DE,2026-07-29T21:44:10+00:00,v1|227229432520|0,"Rolex 1120 6622 Neu NEW Blister X1 Stück Brückenschraube Lauf, Radierung und",31.90,EUR,Nuovo con etichette,1000,FIXED_PRICE|BEST_OFFER,https://www.ebay.de/itm/227229432520?_skw=Rolex+1120&hash=item34e7edfac8:g:4DoAAeSwHitqRR~I,https://i.ebayimg.com/images/g/4DoAAeSwHitqRR~I/s-l225.jpg,*rarecollections,1405,100.0,29.00,EUR,IT,,2026-02-23T19:04:13.000Z
batch_20260729_214347,iuid_cbe97838e7574e43,rolex_1120_6612,Rolex 1120,4,v1,EBAY_DE,2026-07-29T21:44:10+00:00,v1|227229432283|0,Rolex 1120 6657 Neu NEW Blister X1 Stück Stundenrad 1100 1130 1160,86.90,EUR,Nuovo con etichette,1000,FIXED_PRICE|BEST_OFFER,https://www.ebay.de/itm/227229432283?_skw=Rolex+1120&hash=item34e7edf9db:g:k88AAeSwPtpqSFcC,https://i.ebayimg.com/images/g/k88AAeSwPtpqSFcC/s-l225.jpg,*rarecollections,1405,100.0,29.00,EUR,IT,,2026-02-23T19:03:57.000Z
batch_20260729_214347,iuid_cbe97838e7574e43,rolex_1120_6612,Rolex 1120,4,v1,EBAY_DE,2026-07-29T21:44:10+00:00,v1|227229432002|0,Rolex 1120 6639 Neu NEW Blister X1 Stück Kronrad 1100 1130 1135 1160,64.90,EUR,Nuovo con etichette,1000,FIXED_PRICE|BEST_OFFER,https://www.ebay.de/itm/227229432002?_skw=Rolex+1120&hash=item34e7edf8c2:g:apcAAeSwAnNqSFHW,https://i.ebayimg.com/images/g/apcAAeSwAnNqSFHW/s-l225.jpg,*rarecollections,1405,100.0,29.00,EUR,IT,,2026-02-23T19:03:46.000Z
batch_20260729_214347,iuid_cbe97838e7574e43,rolex_1120_6612,Rolex 1120,4,v1,EBAY_DE,2026-07-29T21:44:10+00:00,v1|227229431285|0,Rolex 1120 6643 Neu NEW Blister X1 Stück Spule 1100 1130 1135 1160 1161,86.90,EUR,Nuovo con etichette,1000,FIXED_PRICE|BEST_OFFER,https://www.ebay.de/itm/227229431285?_skw=Rolex+1120&hash=item34e7edf5f5:g:NZ8AAeSwltBqSFEP,https://i.ebayimg.com/images/g/NZ8AAeSwltBqSFEP/s-l225.jpg,*rarecollections,1405,100.0,29.00,EUR,IT,,2026-02-23T19:03:32.000Z
batch_20260729_214347,iuid_cbe97838e7574e43,rolex_1120_6612,Rolex 1120,4,v1,EBAY_DE,2026-07-29T21:44:10+00:00,v1|227229430276|0,Rolex 1120 6654 Neu NEW Blister X1 Stück Überweisung 1100 1130 1135 1160 1161,64.90,EUR,Nuovo con etichette,1000,FIXED_PRICE|BEST_OFFER,https://www.ebay.de/itm/227229430276?_skw=Rolex+1120&hash=item34e7edf204:g:-icAAeSwroZqSFD3,https://i.ebayimg.com/images/g/-icAAeSwroZqSFD3/s-l225.jpg,*rarecollections,1405,100.0,29.00,EUR,IT,,2026-02-23T19:03:05.000Z
batch_20260729_214347,iuid_cbe97838e7574e43,rolex_1120_6612,Rolex 1120,4,v1,EBAY_DE,2026-07-29T21:44:10+00:00,v1|227229430121|0,Rolex 1120 6656 Neu NEW Blister X1 Stück passendes Ritzel 1100 1130 1160,86.90,EUR,Nuovo con etichette,1000,FIXED_PRICE|BEST_OFFER,https://www.ebay.de/itm/227229430121?_skw=Rolex+1120&hash=item34e7edf169:g:M4oAAeSwALdqSEg~,https://i.ebayimg.com/images/g/M4oAAeSwALdqSEg~/s-l225.jpg,*rarecollections,1405,100.0,29.00,EUR,IT,,2026-02-23T19:02:52.000Z
batch_20260729_214347,iuid_cbe97838e7574e43,rolex_1120_6612,Rolex 1120,4,v1,EBAY_DE,2026-07-29T21:44:10+00:00,v1|227229429988|0,Rolex 1120 6640 Neu NEW Blister X1 Stück Kronenrad Kern 1100,64.90,EUR,Nuovo con etichette,1000,FIXED_PRICE|BEST_OFFER,https://www.ebay.de/itm/227229429988?_skw=Rolex+1120&hash=item34e7edf0e4:g:DeEAAeSwnlxqSESW,https://i.ebayimg.com/images/g/DeEAAeSwnlxqSESW/s-l225.jpg,*rarecollections,1405,100.0,29.00,EUR,IT,,2026-02-23T19:02:41.000Z
batch_20260729_214347,iuid_cbe97838e7574e43,rolex_1120_6612,Rolex 1120,4,v1,EBAY_DE,2026-07-29T21:44:10+00:00,v1|227229429884|0,Rolex 1120 6647 Neu NEW Blister X1 Stück Ratschenfeder 1100 1130 1135,42.90,EUR,Nuovo con etichette,1000,FIXED_PRICE|BEST_OFFER,https://www.ebay.de/itm/227229429884?_skw=Rolex+1120&hash=item34e7edf07c:g:T9YAAeSwTnJqRPdz,https://i.ebayimg.com/images/g/T9YAAeSwTnJqRPdz/s-l225.jpg,*rarecollections,1405,100.0,29.00,EUR,IT,,2026-02-23T19:02:30.000Z
batch_20260729_214347,iuid_cbe97838e7574e43,rolex_1120_6612,Rolex 1120,4,v1,EBAY_DE,2026-07-29T21:44:10+00:00,v1|227229429455|0,Rolex 1120 6701 Neu NEW Blister X1 Stück Schwingmassenlager,71.50,EUR,Nuovo con etichette,1000,FIXED_PRICE|BEST_OFFER,https://www.ebay.de/itm/227229429455?_skw=Rolex+1120&hash=item34e7edeecf:g:RjkAAeSwrptqaRQX,https://i.ebayimg.com/images/g/RjkAAeSwrptqaRQX/s-l225.jpg,*rarecollections,1405,100.0,29.00,EUR,IT,,2026-02-23T19:01:57.000Z
batch_20260729_214347,iuid_cbe97838e7574e43,rolex_1120_6612,Rolex 1120,4,v1,EBAY_DE,2026-07-29T21:44:10+00:00,v1|227229429038|0,Rolex 1120 6652 Neu NEW Blister X1 Stück Schieberitzelwaage,64.90,EUR,Nuovo con etichette,1000,FIXED_PRICE|BEST_OFFER,https://www.ebay.de/itm/227229429038?_skw=Rolex+1120&hash=item34e7eded2e:g:BkYAAeSwoYxqR~KJ,https://i.ebayimg.com/images/g/BkYAAeSwoYxqR~KJ/s-l225.jpg,*rarecollections,1405,100.0,29.00,EUR,IT,,2026-02-23T19:01:30.000Z
batch_20260729_214347,iuid_cbe97838e7574e43,rolex_1120_6612,Rolex 1120,4,v1,EBAY_DE,2026-07-29T21:44:10+00:00,v1|227229426453|0,Rolex 1120 6645 Neu NEW Blister X1 Stück Ratsche 1100 1130 1135 1160 1161,53.90,EUR,Nuovo con etichette,1000,FIXED_PRICE|BEST_OFFER,https://www.ebay.de/itm/227229426453?_skw=Rolex+1120&hash=item34e7ede315:g:rYcAAeSw5BVqSDya,https://i.ebayimg.com/images/g/rYcAAeSw5BVqSDya/s-l225.jpg,*rarecollections,1405,100.0,29.00,EUR,IT,,2026-02-23T18:59:52.000Z
batch_20260729_214347,iuid_cbe97838e7574e43,rolex_1120_6612,Rolex 1120,4,v1,EBAY_DE,2026-07-29T21:44:10+00:00,v1|227229425730|0,Rolex 1120 6641 Neu NEW Blister X1 Stück Krone Radauflage 1100,53.90,EUR,Nuovo con etichette,1000,FIXED_PRICE|BEST_OFFER,https://www.ebay.de/itm/227229425730?_skw=Rolex+1120&hash=item34e7ede042:g:EU4AAeSw~3tqR~At,https://i.ebayimg.com/images/g/EU4AAeSw~3tqR~At/s-l225.jpg,*rarecollections,1405,100.0,29.00,EUR,IT,,2026-02-23T18:59:06.000Z
batch_20260729_214347,iuid_cbe97838e7574e43,rolex_1120_6612,Rolex 1120,4,v1,EBAY_DE,2026-07-29T21:44:10+00:00,v1|227229424988|0,Rolex 1120 6697 Neu NEW Blister X1 Stück Tragwelle 1130 1135 1160,86.90,EUR,Nuovo con etichette,1000,FIXED_PRICE|BEST_OFFER,https://www.ebay.de/itm/227229424988?_skw=Rolex+1120&hash=item34e7eddd5c:g:p0QAAeSwLuxqaikt,https://i.ebayimg.com/images/g/p0QAAeSwLuxqaikt/s-l225.jpg,*rarecollections,1405,100.0,29.00,EUR,IT,,2026-02-23T18:58:24.000Z
batch_20260729_214347,iuid_cbe97838e7574e43,rolex_1120_6612,Rolex 1120,4,v1,EBAY_DE,2026-07-29T21:44:10+00:00,v1|366212819079|0,1  Aufzugswelle für ROLEX 9 ´´´ 1100 1120 DCN 3050 neuwertig,8.00,EUR,Neu ohne Etikett,1500,FIXED_PRICE,https://www.ebay.de/itm/366212819079?_skw=Rolex+1120&hash=item5543fc2887:g:gIIAAOSwP8NfEBEx,https://i.ebayimg.com/images/g/gIIAAOSwP8NfEBEx/s-l225.jpg,euro-tictac,35765,100.0,2.00,EUR,DE,Eggenstein-Leopoldshafen,2026-02-19T10:41:20.000Z
batch_20260729_214347,iuid_cbe97838e7574e43,rolex_1120_6612,Rolex 1120,4,v1,EBAY_DE,2026-07-29T21:44:10+00:00,v1|227186362058|0,"Rolex 1120 6690 Neu NEW Blister X1 Federstück Lauf, Normalkraft",68.20,EUR,Nuovo con etichette,1000,FIXED_PRICE|BEST_OFFER,https://www.ebay.de/itm/227186362058?_skw=Rolex+1120&hash=item34e55cc6ca:g:IN4AAeSwY3xqMR50,https://i.ebayimg.com/images/g/IN4AAeSwY3xqMR50/s-l225.jpg,*rarecollections,1405,100.0,29.00,EUR,IT,,2026-01-23T21:33:08.000Z
batch_20260729_214347,iuid_cbe97838e7574e43,rolex_1120_6612,Rolex 1120,4,v1,EBAY_DE,2026-07-29T21:44:10+00:00,v1|397327698650|0,"Rolex 1120 - 6711 Umkehrrad, mit Ratschen - reversing wheel,with clicks",92.00,EUR,Occasion,3000,FIXED_PRICE,https://www.ebay.de/itm/397327698650?_skw=Rolex+1120&hash=item5c82938ada:g:StEAAeSwJxVqThpQ,https://i.ebayimg.com/images/g/StEAAeSwJxVqThpQ/s-l225.jpg,manz15,8279,99.4,9.00,EUR,FR,Vaux-sur-Mer,2025-11-27T14:56:42.000Z
batch_20260729_214347,iuid_cbe97838e7574e43,rolex_1120_6612,Rolex 1120,4,v1,EBAY_DE,2026-07-29T21:44:10+00:00,v1|257203197244|0,Rolex Cal 1120-6654 Setting Wheel Umlenkhebel Ersatzteile,57.64,EUR,Gebraucht - Gut,3000,FIXED_PRICE|BEST_OFFER,https://www.ebay.de/itm/257203197244?_skw=Rolex+1120&hash=item3be281553c:g:2CYAAOSw-MNncDUp,https://i.ebayimg.com/images/g/2CYAAOSw-MNncDUp/s-l225.jpg,passionevintagerlx,1222,100.0,15.00,EUR,IT,Castiglion Fiorentino,2025-11-12T00:08:24.000Z
batch_20260729_214347,iuid_cbe97838e7574e43,rolex_1120_6612,Rolex 1120,4,v1,EBAY_DE,2026-07-29T21:44:10+00:00,v1|257203197258|0,Rolex Cal 1120-6698 Brücke Die Getriebe Automatisch Ersatzteile,128.10,EUR,Gebraucht - Gut,3000,FIXED_PRICE|BEST_OFFER,https://www.ebay.de/itm/257203197258?_skw=Rolex+1120&hash=item3be281554a:g:BNQAAOSwYv9nbvDc,https://i.ebayimg.com/images/g/BNQAAOSwYv9nbvDc/s-l225.jpg,passionevintagerlx,1222,100.0,15.00,EUR,IT,Castiglion Fiorentino,2025-11-12T00:08:24.000Z
batch_20260729_214347,iuid_cbe97838e7574e43,rolex_1120_6612,Rolex 1120,4,v1,EBAY_DE,2026-07-29T21:44:10+00:00,v1|257203197225|0,ROLEX CAL 1120-6638 Kupplungsrad Pignon Gleitrad Ersatzteile,64.05,EUR,Gebraucht - Gut,3000,FIXED_PRICE|BEST_OFFER,https://www.ebay.de/itm/257203197225?_skw=Rolex+1120&hash=item3be2815529:g:WksAAOSwVahncDmi,https://i.ebayimg.com/images/g/WksAAOSwVahncDmi/s-l225.jpg,passionevintagerlx,1222,100.0,15.00,EUR,IT,Castiglion Fiorentino,2025-11-12T00:08:23.000Z
batch_20260729_214347,iuid_cbe97838e7574e43,rolex_1120_6612,Rolex 1120,4,v1,EBAY_DE,2026-07-29T21:44:10+00:00,v1|257200753434|0,Rolex Cal 1120-6711 Reversing Wheel With Clicks Rad Inverter Spare Parts,102.48,EUR,Gebraucht - Gut,3000,FIXED_PRICE|BEST_OFFER,https://www.ebay.de/itm/257200753434?_skw=Rolex+1120&hash=item3be25c0b1a:g:jHsAAOSwI6xnbue~,https://i.ebayimg.com/images/g/jHsAAOSwI6xnbue~/s-l225.jpg,passionevintagerlx,1222,100.0,15.00,EUR,IT,Castiglion Fiorentino,2025-11-10T13:44:30.000Z
batch_20260729_214347,iuid_cbe97838e7574e43,rolex_1120_6612,Rolex 1120,4,v1,EBAY_DE,2026-07-29T21:44:10+00:00,v1|267465873500|0,Rolex Cal 1120-6711 Reversing Wheel With Clicks Rad Inverter Ersatzteile,102.48,EUR,Gebraucht - Gut,3000,FIXED_PRICE|BEST_OFFER,https://www.ebay.de/itm/267465873500?_skw=Rolex+1120&hash=item3e4635585c:g:HZQAAOSwk3dnbuZa,https://i.ebayimg.com/images/g/HZQAAOSwk3dnbuZa/s-l225.jpg,passionevintagerlx,1222,100.0,15.00,EUR,IT,Castiglion Fiorentino,2025-11-10T13:44:28.000Z
batch_20260729_214347,iuid_cbe97838e7574e43,rolex_1120_6612,Rolex 1120,4,v1,EBAY_DE,2026-07-29T21:44:10+00:00,v1|267465873454|0,Rare Rolex Cal 1120-6643 Ratchet Wheel Kettenrad Ersatzteile As Neu Condition,51.24,EUR,Gebraucht - Gut,3000,FIXED_PRICE|BEST_OFFER,https://www.ebay.de/itm/267465873454?_skw=Rolex+1120&hash=item3e4635582e:g:v5IAAOSwBZZnbsxx,https://i.ebayimg.com/images/g/v5IAAOSwBZZnbsxx/s-l225.jpg,passionevintagerlx,1222,100.0,15.00,EUR,IT,Castiglion Fiorentino,2025-11-10T13:44:27.000Z
batch_20260729_214347,iuid_cbe97838e7574e43,rolex_1120_6612,Rolex 1120,4,v1,EBAY_DE,2026-07-29T21:44:10+00:00,v1|257200752968|0,ROLEX 1120-6714 Zwischenrad N1 - Ersatzteile für Uhr,57.64,EUR,Gebraucht - Gut,3000,FIXED_PRICE|BEST_OFFER,https://www.ebay.de/itm/257200752968?_skw=Rolex+1120&hash=item3be25c0948:g:qlUAAOSwMe9nbugU,https://i.ebayimg.com/images/g/qlUAAOSwMe9nbugU/s-l225.jpg,passionevintagerlx,1222,100.0,15.00,EUR,IT,Castiglion Fiorentino,2025-11-10T13:43:28.000Z
batch_20260729_214347,iuid_cbe97838e7574e43,rolex_1120_6612,Rolex 1120,4,v1,EBAY_DE,2026-07-29T21:44:10+00:00,v1|257200752926|0,Rare Rolex Cal 1120-6639 Crown Wheel Krone Ersatzteile,57.64,EUR,Gebraucht - Gut,3000,FIXED_PRICE|BEST_OFFER,https://www.ebay.de/itm/257200752926?_skw=Rolex+1120&hash=item3be25c091e:g:8nQAAOSwt15nbtJw,https://i.ebayimg.com/images/g/8nQAAOSwt15nbtJw/s-l225.jpg,passionevintagerlx,1222,100.0,15.00,EUR,IT,Castiglion Fiorentino,2025-11-10T13:43:25.000Z
batch_20260729_214347,iuid_cbe97838e7574e43,rolex_1120_6612,Rolex 1120,4,v1,EBAY_DE,2026-07-29T21:44:10+00:00,v1|267465871832|0,Rolex Cal 1120-6650 Setting Lever Spring Frühling Kippschalter 1 Pcs Ersatzteile,89.67,EUR,Gebraucht - Gut,3000,FIXED_PRICE|BEST_OFFER,https://www.ebay.de/itm/267465871832?_skw=Rolex+1120&hash=item3e463551d8:g:tM4AAOSwwa5ncDYJ,https://i.ebayimg.com/images/g/tM4AAOSwwa5ncDYJ/s-l225.jpg,passionevintagerlx,1222,100.0,15.00,EUR,IT,Castiglion Fiorentino,2025-11-10T13:43:24.000Z
batch_20260729_214347,iuid_cbe97838e7574e43,rolex_1120_6612,Rolex 1120,4,v1,EBAY_DE,2026-07-29T21:44:10+00:00,v1|257200751881|0,Rare Rolex Cal 1120-6640 Stein Die Kettenrad A Krone Ersatzteile,57.64,EUR,Gebraucht - Gut,3000,FIXED_PRICE|BEST_OFFER,https://www.ebay.de/itm/257200751881?_skw=Rolex+1120&hash=item3be25c0509:g:aP8AAOSwHNBnbtMy,https://i.ebayimg.com/images/g/aP8AAOSwHNBnbtMy/s-l225.jpg,passionevintagerlx,1222,100.0,15.00,EUR,IT,Castiglion Fiorentino,2025-11-10T13:42:29.000Z
batch_20260729_214347,iuid_cbe97838e7574e43,rolex_1120_6612,Rolex 1120,4,v1,EBAY_DE,2026-07-29T21:44:10+00:00,v1|267465870565|0,ROLEX CAL 1120-6613 PALLET COCK ANKERBRÜCKE ERSATZTEILE,51.24,EUR,Gebraucht - Gut,3000,FIXED_PRICE|BEST_OFFER,https://www.ebay.de/itm/267465870565?_skw=Rolex+1120&hash=item3e46354ce5:g:zr8AAOSwNstncCkj,https://i.ebayimg.com/images/g/zr8AAOSwNstncCkj/s-l225.jpg,passionevintagerlx,1222,100.0,15.00,EUR,IT,Castiglion Fiorentino,2025-11-10T13:42:27.000Z
batch_20260729_214347,iuid_cbe97838e7574e43,rolex_1120_6612,Rolex 1120,4,v1,EBAY_DE,2026-07-29T21:44:10+00:00,v1|267465870526|0,ROLEX CAL 1120-6648 Einstellung Hebel - TIRETTO Ersatzteile,76.86,EUR,Gebraucht - Gut,3000,FIXED_PRICE|BEST_OFFER,https://www.ebay.de/itm/267465870526?_skw=Rolex+1120&hash=item3e46354cbe:g:6WoAAOSwN3hncDjc,https://i.ebayimg.com/images/g/6WoAAOSwN3hncDjc/s-l225.jpg,passionevintagerlx,1222,100.0,15.00,EUR,IT,Castiglion Fiorentino,2025-11-10T13:42:24.000Z
batch_20260729_214347,iuid_cbe97838e7574e43,rolex_1120_6612,Rolex 1120,4,v1,EBAY_DE,2026-07-29T21:44:10+00:00,v1|257200751792|0,Rolex Cal 1120-6606 Third Wheel Mittellager Ersatzteile,89.67,EUR,Gebraucht - Gut,3000,FIXED_PRICE|BEST_OFFER,https://www.ebay.de/itm/257200751792?_skw=Rolex+1120&hash=item3be25c04b0:g:oDkAAOSwx6RncDer,https://i.ebayimg.com/images/g/oDkAAOSwx6RncDer/s-l225.jpg,passionevintagerlx,1222,100.0,15.00,EUR,IT,Castiglion Fiorentino,2025-11-10T13:42:23.000Z
batch_20260729_214347,iuid_cbe97838e7574e43,rolex_1120_6612,Rolex 1120,4,v1,EBAY_DE,2026-07-29T21:44:10+00:00,v1|257200750941|0,Rolex Cal 1120-6650 Setting Lever Spring Frühling Kippschalter Sehstärke H Spare,89.67,EUR,Gebraucht - Gut,3000,FIXED_PRICE|BEST_OFFER,https://www.ebay.de/itm/257200750941?_skw=Rolex+1120&hash=item3be25c015d:g:iwUAAOSw2-pncDQT,https://i.ebayimg.com/images/g/iwUAAOSw2-pncDQT/s-l225.jpg,passionevintagerlx,1222,100.0,15.00,EUR,IT,Castiglion Fiorentino,2025-11-10T13:41:26.000Z
batch_20260729_214347,iuid_cbe97838e7574e43,rolex_1120_6612,Rolex 1120,4,v1,EBAY_DE,2026-07-29T21:44:10+00:00,v1|198407740778|0,Aufzugswelle 1120-6697 Für Rolex 1100 1120 1130 1135 1160 1161 1165 1166,18.40,EUR,Neu mit Etikett,1000,FIXED_PRICE,https://www.ebay.de/itm/198407740778?_skw=Rolex+1120&hash=item2e3205dd6a:g:JEgAAeSwIGBpFQp5,https://i.ebayimg.com/images/g/JEgAAeSwIGBpFQp5/s-l225.jpg,maddisonsofdurham,92519,99.8,11.54,EUR,GB,MIDDLESBROUGH,2026-06-07T02:19:09.000Z
batch_20260729_214347,iuid_cbe97838e7574e43,rolex_1120_6612,Rolex 1120,4,v1,EBAY_DE,2026-07-29T21:44:10+00:00,v1|226902742111|0,NEW Neu Rolex 1120 6606 Third Wheel Ersatzteil Third Wheel,95.70,EUR,Nuovo senza etichette,1500,FIXED_PRICE|BEST_OFFER,https://www.ebay.de/itm/226902742111?_skw=Rolex+1120&hash=item34d475145f:g:M48AAeSwgitpaI5x,https://i.ebayimg.com/images/g/M48AAeSwgitpaI5x/s-l225.jpg,*rarecollections,1405,100.0,29.00,EUR,IT,Cesena,2025-08-04T09:27:33.000Z
batch_20260729_214347,iuid_cbe97838e7574e43,rolex_1120_6612,Rolex 1120,4,v1,EBAY_DE,2026-07-29T21:44:10+00:00,v1|226902741192|0,GEBRAUCHT Used Rolex 1120 6604 Central Wheel No Pinion Ersatz Mittelrad,124.70,EUR,Usato,3000,FIXED_PRICE|BEST_OFFER,https://www.ebay.de/itm/226902741192?_skw=Rolex+1120&hash=item34d47510c8:g:DToAAeSwcHRorf7t,https://i.ebayimg.com/images/g/DToAAeSwcHRorf7t/s-l225.jpg,*rarecollections,1405,100.0,29.00,EUR,IT,Cesena,2025-08-04T09:27:25.000Z
batch_20260729_214347,iuid_cbe97838e7574e43,rolex_1120_6612,Rolex 1120,4,v1,EBAY_DE,2026-07-29T21:44:10+00:00,v1|226902741198|0,Used Gebraucht Rolex 1120 6643 Ratchet Wheel Ersatzrad Nachfüllrad,37.70,EUR,Usato,3000,FIXED_PRICE|BEST_OFFER,https://www.ebay.de/itm/226902741198?_skw=Rolex+1120&hash=item34d47510ce:g:FSYAAeSwbSxpaI5B,https://i.ebayimg.com/images/g/FSYAAeSwbSxpaI5B/s-l225.jpg,*rarecollections,1405,100.0,29.00,EUR,IT,Cesena,2025-08-04T09:27:26.000Z
batch_20260729_214347,iuid_cbe97838e7574e43,rolex_1120_6612,Rolex 1120,4,v1,EBAY_DE,2026-07-29T21:44:10+00:00,v1|226902741199|0,NEW Neu Rolex 1120 6717 Intermediate Wheel N2 Ersatzrad,68.80,EUR,Usato,3000,FIXED_PRICE|BEST_OFFER,https://www.ebay.de/itm/226902741199?_skw=Rolex+1120&hash=item34d47510cf:g:uKoAAeSwvQVorbSS,https://i.ebayimg.com/images/g/uKoAAeSwvQVorbSS/s-l225.jpg,*rarecollections,1405,100.0,29.00,EUR,IT,Cesena,2025-08-04T09:27:26.000Z
batch_20260729_214347,iuid_cbe97838e7574e43,rolex_1120_6612,Rolex 1120,4,v1,EBAY_DE,2026-07-29T21:44:10+00:00,v1|226902741203|0,Used Gebraucht Rolex 1120 6606 Third Wheel Ersatzteil Third Wheel,57.00,EUR,Usato,3000,FIXED_PRICE|BEST_OFFER,https://www.ebay.de/itm/226902741203?_skw=Rolex+1120&hash=item34d47510d3:g:HRsAAeSw4iNpaI3t,https://i.ebayimg.com/images/g/HRsAAeSw4iNpaI3t/s-l225.jpg,*rarecollections,1405,100.0,29.00,EUR,IT,Cesena,2025-08-04T09:27:26.000Z
batch_20260729_214347,iuid_cbe97838e7574e43,rolex_1120_6612,Rolex 1120,4,v1,EBAY_DE,2026-07-29T21:44:10+00:00,v1|326711770320|0,Rolex cal. 1120. 6690 Zugfeder / Main spring Neu,30.00,EUR,Neu mit Etikett,1000,FIXED_PRICE,https://www.ebay.de/itm/326711770320?_skw=Rolex+1120&hash=item4c1189fcd0:g:66gAAeSwiBNoi3qu,https://i.ebayimg.com/images/g/66gAAeSwiBNoi3qu/s-l225.jpg,misser10,483,100.0,20.00,EUR,DK,,2025-07-31T14:18:49.000Z
batch_20260729_214347,iuid_cbe97838e7574e43,rolex_1120_6612,Rolex 1120 6612,1,v1,EBAY_US,2026-07-29T21:44:11+00:00,v1|278181704617|0,GENUINE Rolex 1120 1130 1160 6612 Escape Wheel Perfect Working Condition,130.00,USD,Pre-owned,3000,FIXED_PRICE,https://www.ebay.com/itm/278181704617?_skw=Rolex+1120+6612&hash=item40c4ebf3a9:g:Q6gAAeSw2OhqVlg3,https://i.ebayimg.com/images/g/Q6gAAeSw2OhqVlg3/s-l225.jpg,rojamalex,3920,99.9,0.00,USD,US,New York,2026-07-14T15:40:44.000Z
batch_20260729_214347,iuid_cbe97838e7574e43,rolex_1120_6612,Rolex 1120 6612,1,v1,EBAY_US,2026-07-29T21:44:11+00:00,v1|226902742105|0,NEW New Rolex Daytona 1120 6612 Escape Wheel X1 Exhaust Wheel,108.97,USD,Nuovo senza etichette,1500,FIXED_PRICE|BEST_OFFER,https://www.ebay.com/itm/226902742105?_skw=Rolex+1120+6612&hash=item34d4751459:g:xRkAAeSw4iBpaI50,https://i.ebayimg.com/images/g/xRkAAeSw4iBpaI50/s-l225.jpg,*rarecollections,1405,100.0,51.24,USD,IT,Cesena,2025-08-04T09:27:33.000Z
batch_20260729_214347,iuid_cbe97838e7574e43,rolex_1120_6612,Rolex 1120 6612,1,v1,EBAY_US,2026-07-29T21:44:11+00:00,v1|226902736054|0,NEW Nuovo Rolex Daytona 1120 6612 Escape Wheel X1 Ruota Scappamento,110.90,USD,New without tags,1500,FIXED_PRICE|BEST_OFFER,https://www.ebay.com/itm/226902736054?_skw=Rolex+1120+6612&hash=item34d474fcb6:g:ClYAAeSwzahpaItX,https://i.ebayimg.com/images/g/ClYAAeSwzahpaItX/s-l225.jpg,*rarecollections,1405,100.0,55.00,USD,IT,Cesena,2025-08-04T09:22:34.000Z
batch_20260729_214347,iuid_cbe97838e7574e43,rolex_1120_6612,Rolex 1120 6612,1,v1,EBAY_US,2026-07-29T21:44:11+00:00,v1|226436087437|0,"Genuine Rolex 1100 1120-6612 Escape Wheel, New Open Package",155.00,USD,New without tags,1500,FIXED_PRICE,https://www.ebay.com/itm/226436087437?_skw=Rolex+1120+6612&hash=item34b8a47e8d:g:GZwAAOSwmuhnK5zj,https://i.ebayimg.com/images/g/GZwAAOSwmuhnK5zj/s-l225.jpg,only-genuine-parts,3736,100.0,0.00,USD,US,Los Angeles,2024-11-06T16:51:11.000Z
batch_20260729_214347,iuid_cbe97838e7574e43,rolex_1120_6612,Rolex 1120 6612,1,v1,EBAY_US,2026-07-29T21:44:11+00:00,v1|144981605670|0,"Rolex 1120 6612 Escape Wheel Genuine Swiss Watch Part, NOS",135.99,USD,New with tags,1000,FIXED_PRICE,https://www.ebay.com/itm/144981605670?_skw=Rolex+1120+6612&hash=item21c193bd26:g:Co4AAOSwvpBkBjC7,https://i.ebayimg.com/images/g/Co4AAOSwvpBkBjC7/s-l225.jpg,volunteertime,23680,100.0,,,US,Knoxville,2023-03-10T16:29:55.000Z
batch_20260729_214347,iuid_cbe97838e7574e43,rolex_1120_6612,Rolex 1120 6612,1,v1,EBAY_US,2026-07-29T21:44:11+00:00,v1|256474393976|0,Rolex Caliber 1120 6612 U-02 Escape Wheel U-02 New Sealed Package Watch Part,175.00,USD,New with tags,1000,FIXED_PRICE,https://www.ebay.com/itm/256474393976?_skw=Rolex+1120+6612&hash=item3bb710ad78:g:rXoAAOSw0s9jvJef,https://i.ebayimg.com/images/g/rXoAAOSw0s9jvJef/s-l225.jpg,diamondjewelryoutlet,251,100.0,12.00,USD,US,Southfield,2024-04-09T16:59:41.000Z
batch_20260729_214347,iuid_843eebcd84a04e73,rolex_1130_6673,Rolex 1130 6673,1,v1,EBAY_DE,2026-07-29T21:44:11+00:00,v1|188698828946|0,Raro Rolex Cal 1135 1160 1130-6673 Fourth Wheel Rueda Segundos Spare Parts,58.00,EUR,De segunda mano - Excelente,2990,FIXED_PRICE|BEST_OFFER,https://www.ebay.de/itm/188698828946?_skw=Rolex+1130+6673&hash=item2bef53a092:g:v2cAAeSwD-lqZlF~,https://i.ebayimg.com/images/g/v2cAAeSwD-lqZlF~/s-l225.jpg,martin_787,142,100.0,12.00,EUR,ES,Los Ángeles,2026-07-27T18:29:15.000Z
batch_20260729_214347,iuid_843eebcd84a04e73,rolex_1130_6673,Rolex 1130 6673,1,v1,EBAY_DE,2026-07-29T21:44:11+00:00,v1|227189307175|0,Rolex 1130 6673 Neu NEW Blister X1 Stück Sekundenrad 1135 1160 1161,86.90,EUR,Nuovo con etichette,1000,FIXED_PRICE|BEST_OFFER,https://www.ebay.de/itm/227189307175?_skw=Rolex+1130+6673&hash=item34e589b727:g:cGMAAeSw9zVqSFSi,https://i.ebayimg.com/images/g/cGMAAeSw9zVqSFSi/s-l225.jpg,*rarecollections,1405,100.0,29.00,EUR,IT,,2026-01-26T05:21:07.000Z
batch_20260729_214347,iuid_843eebcd84a04e73,rolex_1130_6673,Rolex 1130 6673,1,v1,EBAY_DE,2026-07-29T21:44:11+00:00,v1|267465870543|0,Rare Rolex Cal 1135 1160 1130-6673 Fourth Wheel Sekunde Ersatzteile,64.05,EUR,Gebraucht - Gut,3000,FIXED_PRICE|BEST_OFFER,https://www.ebay.de/itm/267465870543?_skw=Rolex+1130+6673&hash=item3e46354ccf:g:3dYAAOSwXMVnbs4V,https://i.ebayimg.com/images/g/3dYAAOSwXMVnbs4V/s-l225.jpg,passionevintagerlx,1222,100.0,15.00,EUR,IT,Castiglion Fiorentino,2025-11-10T13:42:25.000Z
batch_20260729_214347,iuid_843eebcd84a04e73,rolex_1130_6673,Rolex 1130,4,v1,EBAY_DE,2026-07-29T21:44:14+00:00,v1|377375336255|0,Rolex Oyster Perpetual Silver Dial Edelstahl Automatik Damenuhr Ref. 6623,2850.00,EUR,Gebraucht - Hervorragend,2990,FIXED_PRICE|BEST_OFFER,https://www.ebay.de/itm/377375336255?_skw=Rolex+1130&hash=item57dd52a73f:g:Vt0AAeSwwvJqaFFG,https://i.ebayimg.com/images/g/Vt0AAeSwwvJqaFFG/s-l225.jpg,zeitauktion,34689,99.7,0.00,EUR,DE,,2026-07-28T06:48:39.000Z
batch_20260729_214347,iuid_843eebcd84a04e73,rolex_1130_6673,Rolex 1130,4,v1,EBAY_DE,2026-07-29T21:44:14+00:00,v1|117289456236|0,ROLEX blaues Zifferblatt für Lady OYSTER Perpetual 26 Ref. 6717 Kaliber: 1130 Referenz:...,199.00,EUR,Usato,3000,FIXED_PRICE,https://www.ebay.de/itm/117289456236?_skw=Rolex+1130&hash=item1b4eff126c:g:u94AAeSwDq9qTQiG,https://i.ebayimg.com/images/g/u94AAeSwDq9qTQiG/s-l225.jpg,fornitura_boccacci,4278,99.9,19.00,EUR,IT,Sant Angelo Romano,2026-07-07T14:08:07.000Z
batch_20260729_214347,iuid_843eebcd84a04e73,rolex_1130_6673,Rolex 1130,4,v1,EBAY_DE,2026-07-29T21:44:14+00:00,v1|407055637822|0,ROLEX Blue Dial for Lady OYSTER Perpetual 26 Ref. 6717 Calib: 1130 Refer: 671...,199.00,EUR,Gebraucht,3000,FIXED_PRICE,https://www.ebay.de/itm/407055637822?_skw=Rolex+1130&hash=item5ec6681d3e:g:fEUAAeSw7UVqTQj~,https://i.ebayimg.com/images/g/fEUAAeSw7UVqTQj~/s-l225.jpg,fornitura_boccacci,4278,99.9,19.00,EUR,IT,Sant Angelo Romano,2026-07-07T14:08:07.000Z
batch_20260729_214347,iuid_843eebcd84a04e73,rolex_1130_6673,Rolex 1130,4,v1,EBAY_DE,2026-07-29T21:44:14+00:00,v1|117276788206|0,ROLEX weißes Zifferblatt für Lady OYSTER Perpetual 26 Ref. 6718 Kaliber: 1130 Ref...,179.00,EUR,Usato,3000,FIXED_PRICE,https://www.ebay.de/itm/117276788206?_skw=Rolex+1130&hash=item1b4e3dc5ee:g:PzAAAeSwAotqQ66U,https://i.ebayimg.com/images/g/PzAAAeSwAotqQ66U/s-l225.jpg,fornitura_boccacci,4278,99.9,19.00,EUR,IT,Sant Angelo Romano,2026-06-30T11:52:51.000Z
batch_20260729_214347,iuid_843eebcd84a04e73,rolex_1130_6673,Rolex 1130,4,v1,EBAY_DE,2026-07-29T21:44:14+00:00,v1|407037733726|0,ROLEX White Dial for Lady OYSTER Perpetual 26 Ref. 6718 Calib: 1130 Refer: 67...,179.00,EUR,Gebraucht,3000,FIXED_PRICE,https://www.ebay.de/itm/407037733726?_skw=Rolex+1130&hash=item5ec556eb5e:g:lrIAAeSw6sVqQ68F,https://i.ebayimg.com/images/g/lrIAAeSw6sVqQ68F/s-l225.jpg,fornitura_boccacci,4278,99.9,19.00,EUR,IT,Sant Angelo Romano,2026-06-30T11:52:47.000Z
batch_20260729_214347,iuid_843eebcd84a04e73,rolex_1130_6673,Rolex 1130,4,v1,EBAY_DE,2026-07-29T21:44:14+00:00,v1|117276588224|0,"ROLEX Champagner Zifferblatt für Datum 31 Ref. 6624 6627 Kaliber: 1130, 1135 Referenz:...",299.00,EUR,Usato,3000,FIXED_PRICE,https://www.ebay.de/itm/117276588224?_skw=Rolex+1130&hash=item1b4e3ab8c0:g:WgQAAeSwZbNqQ5Vy,https://i.ebayimg.com/images/g/WgQAAeSwZbNqQ5Vy/s-l225.jpg,fornitura_boccacci,4278,99.9,19.00,EUR,IT,Sant Angelo Romano,2026-06-30T10:04:43.000Z
batch_20260729_214347,iuid_843eebcd84a04e73,rolex_1130_6673,Rolex 1130,4,v1,EBAY_DE,2026-07-29T21:44:14+00:00,v1|407037563784|0,"ROLEX Champagne Dial for Date 31 Ref. 6624 6627 Calib: 1130, 1135 Refer: 6624...",299.00,EUR,Gebraucht,3000,FIXED_PRICE,https://www.ebay.de/itm/407037563784?_skw=Rolex+1130&hash=item5ec5545388:g:UIkAAeSwn0ZqQ5Vy,https://i.ebayimg.com/images/g/UIkAAeSwn0ZqQ5Vy/s-l225.jpg,fornitura_boccacci,4278,99.9,19.00,EUR,IT,Sant Angelo Romano,2026-06-30T10:04:43.000Z
batch_20260729_214347,iuid_843eebcd84a04e73,rolex_1130_6673,Rolex 1130,4,v1,EBAY_DE,2026-07-29T21:44:14+00:00,v1|377243998529|0,Rolex Date Silver Dial Stahl / Weissgold Automatik Damenuhr Ref. 6517 Vintage,3050.00,EUR,Gebraucht - Gut,3000,FIXED_PRICE|BEST_OFFER,https://www.ebay.de/itm/377243998529?_skw=Rolex+1130&hash=item57d57e9941:g:iK0AAeSwiYpqQk39,https://i.ebayimg.com/images/g/iK0AAeSwiYpqQk39/s-l225.jpg,zeitauktion,34689,99.7,0.00,EUR,DE,,2026-06-08T08:12:34.000Z
batch_20260729_214347,iuid_843eebcd84a04e73,rolex_1130_6673,Rolex 1130,4,v1,EBAY_DE,2026-07-29T21:44:14+00:00,v1|127899507186|0,ROLEX - KALIBER 1130 - OSZILLIERENDE MASSE - REF 6739 - NOS,35.00,EUR,Neuf sans étiquette,1500,FIXED_PRICE,https://www.ebay.de/itm/127899507186?_skw=Rolex+1130&hash=item1dc76799f2:g:sw8AAeSw779qHvL6,https://i.ebayimg.com/images/g/sw8AAeSw779qHvL6/s-l225.jpg,wickedthing,2186,99.2,15.00,EUR,FR,Le Raincy,2026-06-02T15:22:50.000Z
batch_20260729_214347,iuid_843eebcd84a04e73,rolex_1130_6673,Rolex 1130,4,v1,EBAY_DE,2026-07-29T21:44:14+00:00,v1|127899507189|0,ROLEX - KALIBER 1130/1165 - OSZILLIERENDE MASSEACHSE - REF6736 - NOS - ORIGINAL TEIL,45.00,EUR,Neuf sans étiquette,1500,FIXED_PRICE,https://www.ebay.de/itm/127899507189?_skw=Rolex+1130&hash=item1dc76799f5:g:UOEAAeSww~FqHvT3,https://i.ebayimg.com/images/g/UOEAAeSww~FqHvT3/s-l225.jpg,wickedthing,2186,99.2,15.00,EUR,FR,Le Raincy,2026-06-02T15:22:50.000Z
batch_20260729_214347,iuid_843eebcd84a04e73,rolex_1130_6673,Rolex 1130,4,v1,EBAY_DE,2026-07-29T21:44:14+00:00,v1|227398983285|0,Schaft ROLEX 1100-1120-1130-1135-1155 Ersatzteil Original Schaft,18.00,EUR,Neu ohne Etikett,1500,FIXED_PRICE,https://www.ebay.de/itm/227398983285?_skw=Rolex+1130&hash=item34f2091e75:g:sowAAOSw435kIrjm,https://i.ebayimg.com/images/g/sowAAOSw435kIrjm/s-l225.jpg,eldesguacedelrelojero,10646,99.2,10.00,EUR,ES,Málaga,2026-06-22T04:58:23.000Z
batch_20260729_214347,iuid_843eebcd84a04e73,rolex_1130_6673,Rolex 1130,4,v1,EBAY_DE,2026-07-29T21:44:14+00:00,v1|336647733185|0,"Achsenset Für ROLEX 8¾ 1120, 1130, 1135 KIF KIF - Höhe 264",46.09,EUR,Neu ohne Etikett,1500,FIXED_PRICE,https://www.ebay.de/itm/336647733185?_skw=Rolex+1130&hash=item4e61c4bfc1:g:I-4AAeSwANdp4OYc,https://i.ebayimg.com/images/g/I-4AAeSwANdp4OYc/s-l225.jpg,fournitures-horlogerie,37654,99.9,8.35,EUR,FR,Ploërmel,2026-06-19T21:33:09.000Z
batch_20260729_214347,iuid_843eebcd84a04e73,rolex_1130_6673,Rolex 1130,4,v1,EBAY_DE,2026-07-29T21:44:14+00:00,v1|336531394783|0,Rolex 6517 Oyster Perpetual Lady Date Cal.1130 WG Lünette Automatik Damenuhr,2031.72,EUR,Gebraucht - Gut,3000,FIXED_PRICE,https://www.ebay.de/itm/336531394783?_skw=Rolex+1130&hash=item4e5ad590df:g:I6AAAeSwzy5p11eL,https://i.ebayimg.com/images/g/I6AAAeSwzy5p11eL/s-l225.jpg,miyako_sunrise,3091,99.1,0.00,EUR,JP,,2026-04-13T00:21:52.000Z
batch_20260729_214347,iuid_843eebcd84a04e73,rolex_1130_6673,Rolex 1130,4,v1,EBAY_DE,2026-07-29T21:44:14+00:00,v1|336527065295|0,Rolex 6517 Damenuhr Oyster Perpetual Date Cal.1130 WG Lünette Automatik,2174.43,EUR,Gebraucht - Gut,3000,FIXED_PRICE,https://www.ebay.de/itm/336527065295?_skw=Rolex+1130&hash=item4e5a9380cf:g:M~QAAeSwLQ1p16ah,https://i.ebayimg.com/images/g/M~QAAeSwLQ1p16ah/s-l225.jpg,miyako_sunrise,3091,99.1,0.00,EUR,JP,,2026-04-10T03:06:06.000Z
batch_20260729_214347,iuid_843eebcd84a04e73,rolex_1130_6673,Rolex 1130,4,v1,EBAY_DE,2026-07-29T21:44:14+00:00,v1|267632327897|0,ROLEX CAL 1130 1160 1120-6604 6670 Zentrumsrad Ohne Spule Minuten,102.48,EUR,Gebraucht - Gut,3000,FIXED_PRICE|BEST_OFFER,https://www.ebay.de/itm/267632327897?_skw=Rolex+1130&hash=item3e50213cd9:g:gbMAAOSwROVnbunu,https://i.ebayimg.com/images/g/gbMAAOSwROVnbunu/s-l225.jpg,passionevintagerlx,1222,100.0,15.00,EUR,IT,Castiglion Fiorentino,2026-04-08T18:40:34.000Z
batch_20260729_214347,iuid_843eebcd84a04e73,rolex_1130_6673,Rolex 1130,4,v1,EBAY_DE,2026-07-29T21:44:14+00:00,v1|188254294101|0,"ROLEX 1160 Ponte Inferiore del Disp. Auto. Cod. 1160-6733 Calib: 1130, 1135, ...",35.00,EUR,Usado,3000,FIXED_PRICE|BEST_OFFER,https://www.ebay.de/itm/188254294101?_skw=Rolex+1130&hash=item2bd4d49055:g:XugAAeSwMFBp1Uqy,https://i.ebayimg.com/images/g/XugAAeSwMFBp1Uqy/s-l225.jpg,mercecoche0007,16,93.3,25.00,EUR,ES,Badajoz,2026-04-08T18:20:09.000Z
batch_20260729_214347,iuid_843eebcd84a04e73,rolex_1130_6673,Rolex 1130,4,v1,EBAY_DE,2026-07-29T21:44:14+00:00,v1|227254698341|0,Original Rolex 1130-1135-1160-1161 Minute Wheel Part 6655 Ruota Scambio Nos,50.00,EUR,Nuovo senza etichette,1500,FIXED_PRICE,https://www.ebay.de/itm/227254698341?_skw=Rolex+1130&hash=item34e96f8165:g:6z8AAeSwMQhptD~0,https://i.ebayimg.com/images/g/6z8AAeSwMQhptD~0/s-l225.jpg,cloxywatch,199,100.0,10.00,EUR,IT,,2026-03-13T16:50:21.000Z
batch_20260729_214347,iuid_843eebcd84a04e73,rolex_1130_6673,Rolex 1130,4,v1,EBAY_DE,2026-07-29T21:44:14+00:00,v1|227254687918|0,Original Rolex 1130-1135-1160-1161 Teil 6739 Original Blister,70.00,EUR,Nuovo con etichette,1000,FIXED_PRICE,https://www.ebay.de/itm/227254687918?_skw=Rolex+1130&hash=item34e96f58ae:g:iy0AAeSw371qYGST,https://i.ebayimg.com/images/g/iy0AAeSw371qYGST/s-l225.jpg,cloxywatch,199,100.0,1.00,EUR,IT,,2026-03-13T16:37:59.000Z
batch_20260729_214347,iuid_843eebcd84a04e73,rolex_1130_6673,Rolex 1130,4,v1,EBAY_DE,2026-07-29T21:44:14+00:00,v1|227248263547|0,"Original ROLEX Rotorbolzen Achsteil 6738 für 1130, 1135, 1160, 1161, 1165, 1166",125.00,EUR,Nuovo con etichette,1000,FIXED_PRICE,https://www.ebay.de/itm/227248263547?_skw=Rolex+1130&hash=item34e90d517b:g:fHUAAeSw7mpprn41,https://i.ebayimg.com/images/g/fHUAAeSw7mpprn41/s-l225.jpg,cloxywatch,199,100.0,1.00,EUR,IT,,2026-03-09T08:02:37.000Z
batch_20260729_214347,iuid_843eebcd84a04e73,rolex_1130_6673,Rolex 1130,4,v1,EBAY_DE,2026-07-29T21:44:14+00:00,v1|227246238033|0, Rolex 1120 1130 1135 1160 1161 1165 6711 Reversing Wheel Neu Original Blister,150.00,EUR,Nuovo con etichette,1000,FIXED_PRICE,https://www.ebay.de/itm/227246238033?_skw=Rolex+1130&hash=item34e8ee6951:g:OmoAAeSwVqdprFS~,https://i.ebayimg.com/images/g/OmoAAeSwVqdprFS~/s-l225.jpg,cloxywatch,199,100.0,12.00,EUR,IT,,2026-03-07T16:44:03.000Z
batch_20260729_214347,iuid_843eebcd84a04e73,rolex_1130_6673,Rolex 1130,4,v1,EBAY_DE,2026-07-29T21:44:14+00:00,v1|206093625249|0,"Rolex Watch Movement 1160, 1161 base 1130 spring 6677 Sweep second pinion (R166)",40.00,EUR,Neu mit Etikett,1000,FIXED_PRICE,https://www.ebay.de/itm/206093625249?_skw=Rolex+1130&hash=item2ffc2327a1:g:3TQAAeSwiVlpnzCH,https://i.ebayimg.com/images/g/3TQAAeSwiVlpnzCH/s-l225.jpg,kian-werke,7774,100.0,6.00,EUR,DE,Hildesheim,2026-02-25T17:26:22.000Z
batch_20260729_214347,iuid_843eebcd84a04e73,rolex_1130_6673,Rolex 1130,4,v1,EBAY_DE,2026-07-29T21:44:14+00:00,v1|227230831190|0,Rolex 1120 6637 Neu NEW Blister X1 Stück Aufzugsritzel 1100 1130 1135,75.90,EUR,Nuovo con etichette,1000,FIXED_PRICE|BEST_OFFER,https://www.ebay.de/itm/227230831190?_skw=Rolex+1130&hash=item34e8035256:g:ukkAAeSw4ulqSEjB,https://i.ebayimg.com/images/g/ukkAAeSw4ulqSEjB/s-l225.jpg,*rarecollections,1405,100.0,29.00,EUR,IT,,2026-02-24T19:16:20.000Z
batch_20260729_214347,iuid_843eebcd84a04e73,rolex_1130_6673,Rolex 1130,4,v1,EBAY_DE,2026-07-29T21:44:14+00:00,v1|227229447782|0,Rolex 1130 6737 Neu NEW Blister X1 Stück Laderad 1135 1160 1161,86.90,EUR,Nuovo con etichette,1000,FIXED_PRICE|BEST_OFFER,https://www.ebay.de/itm/227229447782?_skw=Rolex+1130&hash=item34e7ee3666:g:SiQAAeSwfVNqaYEQ,https://i.ebayimg.com/images/g/SiQAAeSwfVNqaYEQ/s-l225.jpg,*rarecollections,1405,100.0,29.00,EUR,IT,,2026-02-23T19:16:04.000Z
batch_20260729_214347,iuid_843eebcd84a04e73,rolex_1130_6673,Rolex 1130,4,v1,EBAY_DE,2026-07-29T21:44:14+00:00,v1|227229443618|0,Rolex 1130 6731 Neu NEW Blister X1 Stück Brückenfuß Gerät Automat,42.90,EUR,Nuovo con etichette,1000,FIXED_PRICE|BEST_OFFER,https://www.ebay.de/itm/227229443618?_skw=Rolex+1130&hash=item34e7ee2622:g:h60AAeSwNPJqRPzi,https://i.ebayimg.com/images/g/h60AAeSwNPJqRPzi/s-l225.jpg,*rarecollections,1405,100.0,29.00,EUR,IT,,2026-02-23T19:12:18.000Z
batch_20260729_214347,iuid_843eebcd84a04e73,rolex_1130_6673,Rolex 1130,4,v1,EBAY_DE,2026-07-29T21:44:14+00:00,v1|227229438274|0,Rolex 1130 6732 Neu NEW Blister X1 Stück Schwingmassenlager,108.90,EUR,Nuovo con etichette,1000,FIXED_PRICE|BEST_OFFER,https://www.ebay.de/itm/227229438274?_skw=Rolex+1130&hash=item34e7ee1142:g:hAEAAeSw1yNqSD1G,https://i.ebayimg.com/images/g/hAEAAeSw1yNqSD1G/s-l225.jpg,*rarecollections,1405,100.0,29.00,EUR,IT,,2026-02-23T19:08:30.000Z
batch_20260729_214347,iuid_843eebcd84a04e73,rolex_1130_6673,Rolex 1130,4,v1,EBAY_DE,2026-07-29T21:44:14+00:00,v1|227229434653|0,Rolex 1130 6738 Neu NEW Blister X1 Stück Achse-Palette der oszillierenden Masse,108.90,EUR,Nuovo con etichette,1000,FIXED_PRICE|BEST_OFFER,https://www.ebay.de/itm/227229434653?_skw=Rolex+1130&hash=item34e7ee031d:g:XxUAAeSw0adqR~HE,https://i.ebayimg.com/images/g/XxUAAeSw0adqR~HE/s-l225.jpg,*rarecollections,1405,100.0,29.00,EUR,IT,,2026-02-23T19:06:22.000Z
batch_20260729_214347,iuid_843eebcd84a04e73,rolex_1130_6673,Rolex 1130,4,v1,EBAY_DE,2026-07-29T21:44:14+00:00,v1|227229434416|0,Rolex 1130 6736 Neu NEW Blister X1 Stück Schwingende Masse Achse 1135,86.90,EUR,Nuovo con etichette,1000,FIXED_PRICE|BEST_OFFER,https://www.ebay.de/itm/227229434416?_skw=Rolex+1130&hash=item34e7ee0230:g:ukIAAeSw4oNqT8zH,https://i.ebayimg.com/images/g/ukIAAeSw4oNqT8zH/s-l225.jpg,*rarecollections,1405,100.0,29.00,EUR,IT,,2026-02-23T19:06:09.000Z
batch_20260729_214347,iuid_843eebcd84a04e73,rolex_1130_6673,Rolex 1130,4,v1,EBAY_DE,2026-07-29T21:44:14+00:00,v1|227229432283|0,Rolex 1120 6657 Neu NEW Blister X1 Stück Stundenrad 1100 1130 1160,86.90,EUR,Nuovo con etichette,1000,FIXED_PRICE|BEST_OFFER,https://www.ebay.de/itm/227229432283?_skw=Rolex+1130&hash=item34e7edf9db:g:k88AAeSwPtpqSFcC,https://i.ebayimg.com/images/g/k88AAeSwPtpqSFcC/s-l225.jpg,*rarecollections,1405,100.0,29.00,EUR,IT,,2026-02-23T19:03:57.000Z
batch_20260729_214347,iuid_843eebcd84a04e73,rolex_1130_6673,Rolex 1130,4,v1,EBAY_DE,2026-07-29T21:44:14+00:00,v1|227229432002|0,Rolex 1120 6639 Neu NEW Blister X1 Stück Kronrad 1100 1130 1135 1160,64.90,EUR,Nuovo con etichette,1000,FIXED_PRICE|BEST_OFFER,https://www.ebay.de/itm/227229432002?_skw=Rolex+1130&hash=item34e7edf8c2:g:apcAAeSwAnNqSFHW,https://i.ebayimg.com/images/g/apcAAeSwAnNqSFHW/s-l225.jpg,*rarecollections,1405,100.0,29.00,EUR,IT,,2026-02-23T19:03:46.000Z
batch_20260729_214347,iuid_843eebcd84a04e73,rolex_1130_6673,Rolex 1130,4,v1,EBAY_DE,2026-07-29T21:44:14+00:00,v1|227229431285|0,Rolex 1120 6643 Neu NEW Blister X1 Stück Spule 1100 1130 1135 1160 1161,86.90,EUR,Nuovo con etichette,1000,FIXED_PRICE|BEST_OFFER,https://www.ebay.de/itm/227229431285?_skw=Rolex+1130&hash=item34e7edf5f5:g:NZ8AAeSwltBqSFEP,https://i.ebayimg.com/images/g/NZ8AAeSwltBqSFEP/s-l225.jpg,*rarecollections,1405,100.0,29.00,EUR,IT,,2026-02-23T19:03:32.000Z
batch_20260729_214347,iuid_843eebcd84a04e73,rolex_1130_6673,Rolex 1130,4,v1,EBAY_DE,2026-07-29T21:44:14+00:00,v1|227229430276|0,Rolex 1120 6654 Neu NEW Blister X1 Stück Überweisung 1100 1130 1135 1160 1161,64.90,EUR,Nuovo con etichette,1000,FIXED_PRICE|BEST_OFFER,https://www.ebay.de/itm/227229430276?_skw=Rolex+1130&hash=item34e7edf204:g:-icAAeSwroZqSFD3,https://i.ebayimg.com/images/g/-icAAeSwroZqSFD3/s-l225.jpg,*rarecollections,1405,100.0,29.00,EUR,IT,,2026-02-23T19:03:05.000Z
batch_20260729_214347,iuid_843eebcd84a04e73,rolex_1130_6673,Rolex 1130,4,v1,EBAY_DE,2026-07-29T21:44:14+00:00,v1|227229430121|0,Rolex 1120 6656 Neu NEW Blister X1 Stück passendes Ritzel 1100 1130 1160,86.90,EUR,Nuovo con etichette,1000,FIXED_PRICE|BEST_OFFER,https://www.ebay.de/itm/227229430121?_skw=Rolex+1130&hash=item34e7edf169:g:M4oAAeSwALdqSEg~,https://i.ebayimg.com/images/g/M4oAAeSwALdqSEg~/s-l225.jpg,*rarecollections,1405,100.0,29.00,EUR,IT,,2026-02-23T19:02:52.000Z
batch_20260729_214347,iuid_843eebcd84a04e73,rolex_1130_6673,Rolex 1130,4,v1,EBAY_DE,2026-07-29T21:44:14+00:00,v1|227229429884|0,Rolex 1120 6647 Neu NEW Blister X1 Stück Ratschenfeder 1100 1130 1135,42.90,EUR,Nuovo con etichette,1000,FIXED_PRICE|BEST_OFFER,https://www.ebay.de/itm/227229429884?_skw=Rolex+1130&hash=item34e7edf07c:g:T9YAAeSwTnJqRPdz,https://i.ebayimg.com/images/g/T9YAAeSwTnJqRPdz/s-l225.jpg,*rarecollections,1405,100.0,29.00,EUR,IT,,2026-02-23T19:02:30.000Z
batch_20260729_214347,iuid_843eebcd84a04e73,rolex_1130_6673,Rolex 1130,4,v1,EBAY_DE,2026-07-29T21:44:14+00:00,v1|227229426453|0,Rolex 1120 6645 Neu NEW Blister X1 Stück Ratsche 1100 1130 1135 1160 1161,53.90,EUR,Nuovo con etichette,1000,FIXED_PRICE|BEST_OFFER,https://www.ebay.de/itm/227229426453?_skw=Rolex+1130&hash=item34e7ede315:g:rYcAAeSw5BVqSDya,https://i.ebayimg.com/images/g/rYcAAeSw5BVqSDya/s-l225.jpg,*rarecollections,1405,100.0,29.00,EUR,IT,,2026-02-23T18:59:52.000Z
batch_20260729_214347,iuid_843eebcd84a04e73,rolex_1130_6673,Rolex 1130,4,v1,EBAY_DE,2026-07-29T21:44:14+00:00,v1|227229424988|0,Rolex 1120 6697 Neu NEW Blister X1 Stück Tragwelle 1130 1135 1160,86.90,EUR,Nuovo con etichette,1000,FIXED_PRICE|BEST_OFFER,https://www.ebay.de/itm/227229424988?_skw=Rolex+1130&hash=item34e7eddd5c:g:p0QAAeSwLuxqaikt,https://i.ebayimg.com/images/g/p0QAAeSwLuxqaikt/s-l225.jpg,*rarecollections,1405,100.0,29.00,EUR,IT,,2026-02-23T18:58:24.000Z
batch_20260729_214347,iuid_843eebcd84a04e73,rolex_1130_6673,Rolex 1130,4,v1,EBAY_DE,2026-07-29T21:44:14+00:00,v1|227186445925|0,Rolex 1130 6676 Neu NEW Blister X1 Stück Sekundenritzel in der Mitte 1135,97.90,EUR,Nuovo con etichette,1000,FIXED_PRICE|BEST_OFFER,https://www.ebay.de/itm/227186445925?_skw=Rolex+1130&hash=item34e55e0e65:g:ArIAAeSwlmBqMS23,https://i.ebayimg.com/images/g/ArIAAeSwlmBqMS23/s-l225.jpg,*rarecollections,1405,100.0,29.00,EUR,IT,,2026-01-23T23:19:18.000Z
batch_20260729_214347,iuid_843eebcd84a04e73,rolex_1130_6673,Rolex 1130,4,v1,EBAY_DE,2026-07-29T21:44:14+00:00,v1|227185036893|0,Rolex 1130 6740 Neu NEW Blister X1 Stück Zwischenrad N2 1135 1160 1161,97.90,EUR,Nuovo con etichette,1000,FIXED_PRICE|BEST_OFFER,https://www.ebay.de/itm/227185036893?_skw=Rolex+1130&hash=item34e5488e5d:g:S4QAAeSwBdhqMUtZ,https://i.ebayimg.com/images/g/S4QAAeSwBdhqMUtZ/s-l225.jpg,*rarecollections,1405,100.0,29.00,EUR,IT,,2026-01-22T21:52:23.000Z
batch_20260729_214347,iuid_843eebcd84a04e73,rolex_1130_6673,Rolex 1130,4,v1,EBAY_DE,2026-07-29T21:44:14+00:00,v1|397327699084|0,Rolex 1130 - 6677 Sekundenritzel-Reibungsfeder - zweites Ritzel Friktion,28.75,EUR,Occasion,3000,FIXED_PRICE,https://www.ebay.de/itm/397327699084?_skw=Rolex+1130&hash=item5c82938c8c:g:rK4AAeSwQBhqThrB,https://i.ebayimg.com/images/g/rK4AAeSwQBhqThrB/s-l225.jpg,manz15,8279,99.4,9.00,EUR,FR,Vaux-sur-Mer,2025-11-27T14:56:50.000Z
batch_20260729_214347,iuid_843eebcd84a04e73,rolex_1130_6673,Rolex 1130,4,v1,EBAY_DE,2026-07-29T21:44:14+00:00,v1|205878796996|0,Rolex 1130 - 6671 Medium Wheel - Third Wheel,69.00,EUR,Occasion,3000,FIXED_PRICE,https://www.ebay.de/itm/205878796996?_skw=Rolex+1130&hash=item2fef5522c4:g:Q4sAAeSw909qThpP,https://i.ebayimg.com/images/g/Q4sAAeSw909qThpP/s-l225.jpg,manz15,8279,99.4,9.00,EUR,FR,Vaux-sur-Mer,2025-11-27T14:56:40.000Z
batch_20260729_214347,iuid_843eebcd84a04e73,rolex_1130_6673,Rolex 1130,4,v1,EBAY_DE,2026-07-29T21:44:14+00:00,v1|267467738041|0,ROLEX CAL 1160 1130-6677 Feder Des Sekundenrad Ersatzteile,51.24,EUR,Gebraucht - Gut,3000,FIXED_PRICE|BEST_OFFER,https://www.ebay.de/itm/267467738041?_skw=Rolex+1130&hash=item3e4651cbb9:g:uHQAAOSwjdBnbvAb,https://i.ebayimg.com/images/g/uHQAAOSwjdBnbvAb/s-l225.jpg,passionevintagerlx,1222,100.0,15.00,EUR,IT,Castiglion Fiorentino,2025-11-12T00:08:23.000Z
batch_20260729_214347,iuid_843eebcd84a04e73,rolex_1130_6673,Rolex 1130,4,v1,EBAY_DE,2026-07-29T21:44:14+00:00,v1|267467738060|0,Seltene Rolex Cal 1135 1165 1130-6675 Sekundenrad In Der Mitte Ersatzteile,57.64,EUR,Gebraucht - Gut,3000,FIXED_PRICE|BEST_OFFER,https://www.ebay.de/itm/267467738060?_skw=Rolex+1130&hash=item3e4651cbcc:g:oz8AAOSw9klnbtFJ,https://i.ebayimg.com/images/g/oz8AAOSw9klnbtFJ/s-l225.jpg,passionevintagerlx,1222,100.0,15.00,EUR,IT,Castiglion Fiorentino,2025-11-12T00:08:23.000Z
batch_20260729_214347,iuid_843eebcd84a04e73,rolex_1130_6673,Rolex 1130,4,v1,EBAY_DE,2026-07-29T21:44:14+00:00,v1|267465871857|0,ROLEX CAL 1135 1165 1130-6676 SWEEP SECOND PINION PIGNON SECONDI ERSATZTEILE,89.67,EUR,Gebraucht - Gut,3000,FIXED_PRICE|BEST_OFFER,https://www.ebay.de/itm/267465871857?_skw=Rolex+1130&hash=item3e463551f1:g:x68AAOSwiA9nbujv,https://i.ebayimg.com/images/g/x68AAOSwiA9nbujv/s-l225.jpg,passionevintagerlx,1222,100.0,15.00,EUR,IT,Castiglion Fiorentino,2025-11-10T13:43:25.000Z
batch_20260729_214347,iuid_843eebcd84a04e73,rolex_1130_6673,Rolex 1130,4,v1,EBAY_DE,2026-07-29T21:44:14+00:00,v1|257200751881|0,Rare Rolex Cal 1120-6640 Stein Die Kettenrad A Krone Ersatzteile,57.64,EUR,Gebraucht - Gut,3000,FIXED_PRICE|BEST_OFFER,https://www.ebay.de/itm/257200751881?_skw=Rolex+1130&hash=item3be25c0509:g:aP8AAOSwHNBnbtMy,https://i.ebayimg.com/images/g/aP8AAOSwHNBnbtMy/s-l225.jpg,passionevintagerlx,1222,100.0,15.00,EUR,IT,Castiglion Fiorentino,2025-11-10T13:42:29.000Z
batch_20260729_214347,iuid_843eebcd84a04e73,rolex_1130_6673,Rolex 1130,4,v1,EBAY_DE,2026-07-29T21:44:14+00:00,v1|257200751830|0,Rolex Cal 1130-6671 Third Wheel Mittellager Ersatzteile,64.05,EUR,Gebraucht - Gut,3000,FIXED_PRICE|BEST_OFFER,https://www.ebay.de/itm/257200751830?_skw=Rolex+1130&hash=item3be25c04d6:g:seYAAOSw3otncDNW,https://i.ebayimg.com/images/g/seYAAOSw3otncDNW/s-l225.jpg,passionevintagerlx,1222,100.0,15.00,EUR,IT,Castiglion Fiorentino,2025-11-10T13:42:26.000Z
batch_20260729_214347,iuid_843eebcd84a04e73,rolex_1130_6673,Rolex 1130 6673,1,v1,EBAY_US,2026-07-29T21:44:15+00:00,v1|278181918334|0,GENUINE Rolex 1130 1135 1160 1161 1165 6673 Third Wheel Perfect Working Cond.,75.00,USD,Pre-owned,3000,FIXED_PRICE,https://www.ebay.com/itm/278181918334?_skw=Rolex+1130+6673&hash=item40c4ef367e:g:1HYAAeSwErFqVmna,https://i.ebayimg.com/images/g/1HYAAeSwErFqVmna/s-l225.jpg,rojamalex,3920,99.9,0.00,USD,US,New York,2026-07-14T16:56:11.000Z
batch_20260729_214347,iuid_843eebcd84a04e73,rolex_1130_6673,Rolex 1130 6673,1,v1,EBAY_US,2026-07-29T21:44:15+00:00,v1|227194202940|0,Rolex 1130 6673 New Blister X1 Piece X1 Piece Seconds Wheel 1135 1160 1161 1165,99.96,USD,New with tags,1000,FIXED_PRICE|BEST_OFFER,https://www.ebay.com/itm/227194202940?_skw=Rolex+1130+6673&hash=item34e5d46b3c:g:xnkAAeSwBCFqSBqa,https://i.ebayimg.com/images/g/xnkAAeSwBCFqSBqa/s-l225.jpg,*rarecollections,1405,100.0,55.00,USD,IT,,2026-01-29T15:33:38.000Z
batch_20260729_214347,iuid_843eebcd84a04e73,rolex_1130_6673,Rolex 1130 6673,1,v1,EBAY_US,2026-07-29T21:44:15+00:00,v1|227189307175|0,Rolex 1130 6673 New NEW Blister X1 Piece Second Wheel 1135 1160 1161,98.95,USD,Nuovo con etichette,1000,FIXED_PRICE|BEST_OFFER,https://www.ebay.com/itm/227189307175?_skw=Rolex+1130+6673&hash=item34e589b727:g:cGMAAeSw9zVqSFSi,https://i.ebayimg.com/images/g/cGMAAeSw9zVqSFSi/s-l225.jpg,*rarecollections,1405,100.0,51.24,USD,IT,,2026-01-26T05:21:07.000Z
batch_20260729_214347,iuid_843eebcd84a04e73,rolex_1130_6673,Rolex 1130 6673,1,v1,EBAY_US,2026-07-29T21:44:15+00:00,v1|257535604126|0,Rare Rolex Cal 1135 1160 1130-6673 Fourth Wheel Ruota Secondi Spare Parts,59.55,USD,Pre-owned - Good,3000,FIXED_PRICE|BEST_OFFER,https://www.ebay.com/itm/257535604126?_skw=Rolex+1130+6673&hash=item3bf651759e:g:3dYAAOSwXMVnbs4V,https://i.ebayimg.com/images/g/3dYAAOSwXMVnbs4V/s-l225.jpg,passionevintagerlx,1222,100.0,46.58,USD,IT,Castiglion Fiorentino,2026-05-31T03:37:43.000Z
batch_20260729_214347,iuid_843eebcd84a04e73,rolex_1130_6673,Rolex 1130 6673,1,v1,EBAY_US,2026-07-29T21:44:15+00:00,v1|306324753110|0,ROLEX-SECOND WHEEL-FACTORY SEALED-CAL 1130 PART 6673,120.00,USD,New without tags,1500,FIXED_PRICE,https://www.ebay.com/itm/306324753110?_skw=Rolex+1130+6673&hash=item475260cad6:g:C3wAAOSwMMdoN1Cq,https://i.ebayimg.com/images/g/C3wAAOSwMMdoN1Cq/s-l225.jpg,brokenchrono,1814,99.7,0.00,USD,US,Miami,2025-05-28T18:06:37.000Z
batch_20260729_214347,iuid_843eebcd84a04e73,rolex_1130_6673,Rolex 1130 6673,1,v1,EBAY_US,2026-07-29T21:44:15+00:00,v1|306324749499|0,ROLEX-SECOND WHEEL-FACTORY SEALED-CAL 1130 PART 6673,75.00,USD,New without tags,1500,FIXED_PRICE,https://www.ebay.com/itm/306324749499?_skw=Rolex+1130+6673&hash=item475260bcbb:g:F3gAAOSwPp9oN0~A,https://i.ebayimg.com/images/g/F3gAAOSwPp9oN0~A/s-l225.jpg,brokenchrono,1814,99.7,0.00,USD,US,Miami,2025-05-28T18:02:42.000Z
batch_20260729_214347,iuid_843eebcd84a04e73,rolex_1130_6673,Rolex 1130 6673,1,v1,EBAY_US,2026-07-29T21:44:15+00:00,v1|226384939232|0,Genuine Rolex Cal. 1130 ~ 1166 Part #6673 Second Wheel - New Factory Sealed,79.00,USD,New with tags,1000,FIXED_PRICE,https://www.ebay.com/itm/226384939232?_skw=Rolex+1130+6673&hash=item34b59808e0:g:ngsAAOSwtNVnAGaD,https://i.ebayimg.com/images/g/ngsAAOSwtNVnAGaD/s-l225.jpg,only-genuine-parts,3736,100.0,0.00,USD,US,Los Angeles,2024-10-04T22:07:17.000Z
batch_20260729_214347,iuid_843eebcd84a04e73,rolex_1130_6673,Rolex 1130 6673,1,v1,EBAY_US,2026-07-29T21:44:15+00:00,v1|297356011207|0,NEW Original Rolex Cal 1130 Part 6673 Second Wheel,49.00,USD,New with tags,1000,FIXED_PRICE,https://www.ebay.com/itm/297356011207?_skw=Rolex+1130+6673&hash=item453bcca6c7:g:bHMAAOSwtBVkxP7m,https://i.ebayimg.com/images/g/bHMAAOSwtBVkxP7m/s-l225.jpg,vintagewatchparts24,2253,100.0,15.00,USD,AE,,2025-05-29T11:03:38.000Z
batch_20260729_214347,iuid_843eebcd84a04e73,rolex_1130_6673,Rolex 1130 6673,1,v1,EBAY_US,2026-07-29T21:44:15+00:00,v1|314719838034|0,Rolex Genuine Caliber 1130 6671 6673 Second & Third Wheel New Condition Unused ,135.00,USD,New without tags,1500,FIXED_PRICE,https://www.ebay.com/itm/314719838034?_skw=Rolex+1130+6673&hash=item4946c39f52:g:eNoAAOSwtdxktst7,https://i.ebayimg.com/images/g/eNoAAOSwtdxktst7/s-l225.jpg,dchu-86,492,100.0,,,US,Bayside,2023-07-18T17:32:33.000Z
batch_20260729_214347,iuid_843eebcd84a04e73,rolex_1130_6673,Rolex 1130 6673,1,v1,EBAY_US,2026-07-29T21:44:15+00:00,v1|234220908670|0,R4 ROLEX Original Vintage Part  CAL.1130-6673 -Second Wheel- NOS Factory Sealed,50.00,USD,New with tags,1000,FIXED_PRICE|BEST_OFFER,https://www.ebay.com/itm/234220908670?_skw=Rolex+1130+6673&hash=item3688a7707e:g:o~oAAOSw481hTX93,https://i.ebayimg.com/images/g/o~oAAOSw481hTX93/s-l225.jpg,vqshift,15,0.0,24.00,USD,JP,,2021-10-06T05:26:50.000Z
batch_20260729_214347,iuid_843eebcd84a04e73,rolex_1130_6673,Rolex 1130 6673,1,v1,EBAY_US,2026-07-29T21:44:15+00:00,v1|193617656405|0,Original Rolex Part - Cal 1130 6673 - Second Wheel - Factory Sealed,70.00,USD,New with tags,1000,FIXED_PRICE|BEST_OFFER,https://www.ebay.com/itm/193617656405?_skw=Rolex+1130+6673&hash=item2d1482fa55:g:mv0AAOSwbJtfL2mu,https://i.ebayimg.com/images/g/mv0AAOSwbJtfL2mu/s-l225.jpg,2013_pfaff,202,100.0,0.00,USD,US,Midlothian,2020-08-09T03:13:14.000Z
batch_20260729_214347,iuid_843eebcd84a04e73,rolex_1130_6673,Rolex 1130 6673,1,v1,EBAY_US,2026-07-29T21:44:15+00:00,v1|222673269019|0,Rolex Second Wheel 6673 1130 1135 1160 1161 1165 1166 Genuine Rolex Part,37.80,USD,Pre-owned,3000,FIXED_PRICE,https://www.ebay.com/itm/222673269019?_skw=Rolex+1130+6673&hash=item33d85c711b:g:9bcAAOSwmiZZ3BSR,https://i.ebayimg.com/images/g/9bcAAOSwmiZZ3BSR/s-l225.jpg,only-genuine-parts,3736,100.0,0.00,USD,US,Los Angeles,2017-10-10T00:30:28.000Z
batch_20260729_214347,iuid_843eebcd84a04e73,rolex_1130_6673,Rolex 1130 6673,1,v1,EBAY_US,2026-07-29T21:44:15+00:00,v1|122696345933|0,Rolex Caliber 1130 Part Number 6673 (4th Wheel),124.05,USD,New without tags,1500,FIXED_PRICE,https://www.ebay.com/itm/122696345933?_skw=Rolex+1130+6673&hash=item1c9145a94d:g:CuUAAOSw0bJZtEiW,https://i.ebayimg.com/images/g/CuUAAOSw0bJZtEiW/s-l225.jpg,mikeswatchparts,6199,100.0,6.38,USD,CA,,2017-09-09T20:04:41.000Z
batch_20260729_214347,iuid_843eebcd84a04e73,rolex_1130_6673,Rolex 1130 6673,1,v1,EBAY_US,2026-07-29T21:44:15+00:00,v1|130768919864|0,Rolex Watch part Cal 1130 1160 1161 Part 6673 4th wheel with short pivots,50.00,USD,Pre-owned,3000,FIXED_PRICE,https://www.ebay.com/itm/130768919864?_skw=Rolex+1130+6673&hash=item1e726f5d38:g:6SUAAOSwmLNTmQOj,https://i.ebayimg.com/images/g/6SUAAOSwmLNTmQOj/s-l225.jpg,francis.antictac,36141,100.0,6.95,USD,US,Miami,2012-09-18T13:22:35.000Z
batch_20260729_214347,iuid_1880250c18164cfa,rolex_1135_6770,Rolex 1135 6770,1,v1,EBAY_DE,2026-07-29T21:44:15+00:00,v1|116397685515|0,"ROLEX 1135 Driving Wheel Cod 1135-6770 Calib: 1135, 1165, 1166 (EXCELLENT STATE)",77.00,EUR,Gebraucht,3000,FIXED_PRICE,https://www.ebay.de/itm/116397685515?_skw=Rolex+1135+6770&hash=item1b19d7bb0b:g:lIMAAOSw1jNnPbMC,https://i.ebayimg.com/images/g/lIMAAOSw1jNnPbMC/s-l225.jpg,fornitura_boccacci,4278,99.9,19.00,EUR,IT,Sant Angelo Romano,2024-11-20T09:57:59.000Z
batch_20260729_214347,iuid_1880250c18164cfa,rolex_1135_6770,Rolex 1135 6770,1,v1,EBAY_DE,2026-07-29T21:44:15+00:00,v1|116139088594|0,"ROLEX 1135 Kalender-Leitrad Cod. 6770 Calib: 1135, 1165, 1166...",77.00,EUR,Nuovo senza etichette,1500,FIXED_PRICE,https://www.ebay.de/itm/116139088594?_skw=Rolex+1135+6770&hash=item1b0a6ddad2:g:-qIAAeSwVh5owrJX,https://i.ebayimg.com/images/g/-qIAAeSwVh5owrJX/s-l225.jpg,fornitura_boccacci,4278,99.9,19.00,EUR,IT,Sant Angelo Romano,2024-04-09T15:26:34.000Z
batch_20260729_214347,iuid_1880250c18164cfa,rolex_1135_6770,Rolex 1135 6770,1,v1,EBAY_DE,2026-07-29T21:44:15+00:00,v1|115999993711|0,"ROLEX 1135 Laufrad Cod. 1135-6770 Kaliber: 1135, 1165, 1166 (TOP S...",77.00,EUR,Usato,3000,FIXED_PRICE,https://www.ebay.de/itm/115999993711?_skw=Rolex+1135+6770&hash=item1b02236f6f:g:7IkAAOSwJQJnKi6g,https://i.ebayimg.com/images/g/7IkAAOSwJQJnKi6g/s-l225.jpg,fornitura_boccacci,4278,99.9,19.00,EUR,IT,Sant Angelo Romano,2023-12-04T12:28:27.000Z
batch_20260729_214347,iuid_1880250c18164cfa,rolex_1135_6770,Rolex 1135,4,v1,EBAY_DE,2026-07-29T21:44:18+00:00,v1|188698828946|0,Raro Rolex Cal 1135 1160 1130-6673 Fourth Wheel Rueda Segundos Spare Parts,58.00,EUR,De segunda mano - Excelente,2990,FIXED_PRICE|BEST_OFFER,https://www.ebay.de/itm/188698828946?_skw=Rolex+1135&hash=item2bef53a092:g:v2cAAeSwD-lqZlF~,https://i.ebayimg.com/images/g/v2cAAeSwD-lqZlF~/s-l225.jpg,martin_787,142,100.0,12.00,EUR,ES,Los Ángeles,2026-07-27T18:29:15.000Z
batch_20260729_214347,iuid_1880250c18164cfa,rolex_1135_6770,Rolex 1135,4,v1,EBAY_DE,2026-07-29T21:44:18+00:00,v1|117276588224|0,"ROLEX Champagner Zifferblatt für Datum 31 Ref. 6624 6627 Kaliber: 1130, 1135 Referenz:...",299.00,EUR,Usato,3000,FIXED_PRICE,https://www.ebay.de/itm/117276588224?_skw=Rolex+1135&hash=item1b4e3ab8c0:g:WgQAAeSwZbNqQ5Vy,https://i.ebayimg.com/images/g/WgQAAeSwZbNqQ5Vy/s-l225.jpg,fornitura_boccacci,4278,99.9,19.00,EUR,IT,Sant Angelo Romano,2026-06-30T10:04:43.000Z
batch_20260729_214347,iuid_1880250c18164cfa,rolex_1135_6770,Rolex 1135,4,v1,EBAY_DE,2026-07-29T21:44:18+00:00,v1|407037563784|0,"ROLEX Champagne Dial for Date 31 Ref. 6624 6627 Calib: 1130, 1135 Refer: 6624...",299.00,EUR,Gebraucht,3000,FIXED_PRICE,https://www.ebay.de/itm/407037563784?_skw=Rolex+1135&hash=item5ec5545388:g:UIkAAeSwn0ZqQ5Vy,https://i.ebayimg.com/images/g/UIkAAeSwn0ZqQ5Vy/s-l225.jpg,fornitura_boccacci,4278,99.9,19.00,EUR,IT,Sant Angelo Romano,2026-06-30T10:04:43.000Z
batch_20260729_214347,iuid_1880250c18164cfa,rolex_1135_6770,Rolex 1135,4,v1,EBAY_DE,2026-07-29T21:44:18+00:00,v1|157962987731|0,"ROLEX 2035Disc Date Champagner 21,5 mm Cod. 4521-2 Kaliber: 1135, 1165,...",107.10,EUR,Neuf avec étiquettes,1000,FIXED_PRICE,https://www.ebay.de/itm/157962987731?_skw=Rolex+1135&hash=item24c753e8d3:g:VbIAAeSwnQ5qHr2m,https://i.ebayimg.com/images/g/VbIAAeSwnQ5qHr2m/s-l225.jpg,hechouche,50,100.0,29.75,EUR,TN,,2026-06-02T11:23:13.000Z
batch_20260729_214347,iuid_1880250c18164cfa,rolex_1135_6770,Rolex 1135,4,v1,EBAY_DE,2026-07-29T21:44:18+00:00,v1|227398983285|0,Schaft ROLEX 1100-1120-1130-1135-1155 Ersatzteil Original Schaft,18.00,EUR,Neu ohne Etikett,1500,FIXED_PRICE,https://www.ebay.de/itm/227398983285?_skw=Rolex+1135&hash=item34f2091e75:g:sowAAOSw435kIrjm,https://i.ebayimg.com/images/g/sowAAOSw435kIrjm/s-l225.jpg,eldesguacedelrelojero,10646,99.2,10.00,EUR,ES,Málaga,2026-06-22T04:58:23.000Z
batch_20260729_214347,iuid_1880250c18164cfa,rolex_1135_6770,Rolex 1135,4,v1,EBAY_DE,2026-07-29T21:44:18+00:00,v1|336647733185|0,"Achsenset Für ROLEX 8¾ 1120, 1130, 1135 KIF KIF - Höhe 264",46.09,EUR,Neu ohne Etikett,1500,FIXED_PRICE,https://www.ebay.de/itm/336647733185?_skw=Rolex+1135&hash=item4e61c4bfc1:g:I-4AAeSwANdp4OYc,https://i.ebayimg.com/images/g/I-4AAeSwANdp4OYc/s-l225.jpg,fournitures-horlogerie,37654,99.9,8.35,EUR,FR,Ploërmel,2026-06-19T21:33:09.000Z
batch_20260729_214347,iuid_1880250c18164cfa,rolex_1135_6770,Rolex 1135,4,v1,EBAY_DE,2026-07-29T21:44:18+00:00,v1|188254294101|0,"ROLEX 1160 Ponte Inferiore del Disp. Auto. Cod. 1160-6733 Calib: 1130, 1135, ...",35.00,EUR,Usado,3000,FIXED_PRICE|BEST_OFFER,https://www.ebay.de/itm/188254294101?_skw=Rolex+1135&hash=item2bd4d49055:g:XugAAeSwMFBp1Uqy,https://i.ebayimg.com/images/g/XugAAeSwMFBp1Uqy/s-l225.jpg,mercecoche0007,16,93.3,25.00,EUR,ES,Badajoz,2026-04-08T18:20:09.000Z
batch_20260729_214347,iuid_1880250c18164cfa,rolex_1135_6770,Rolex 1135,4,v1,EBAY_DE,2026-07-29T21:44:18+00:00,v1|227254698341|0,Original Rolex 1130-1135-1160-1161 Minute Wheel Part 6655 Ruota Scambio Nos,50.00,EUR,Nuovo senza etichette,1500,FIXED_PRICE,https://www.ebay.de/itm/227254698341?_skw=Rolex+1135&hash=item34e96f8165:g:6z8AAeSwMQhptD~0,https://i.ebayimg.com/images/g/6z8AAeSwMQhptD~0/s-l225.jpg,cloxywatch,199,100.0,10.00,EUR,IT,,2026-03-13T16:50:21.000Z
batch_20260729_214347,iuid_1880250c18164cfa,rolex_1135_6770,Rolex 1135,4,v1,EBAY_DE,2026-07-29T21:44:18+00:00,v1|227254687918|0,Original Rolex 1130-1135-1160-1161 Teil 6739 Original Blister,70.00,EUR,Nuovo con etichette,1000,FIXED_PRICE,https://www.ebay.de/itm/227254687918?_skw=Rolex+1135&hash=item34e96f58ae:g:iy0AAeSw371qYGST,https://i.ebayimg.com/images/g/iy0AAeSw371qYGST/s-l225.jpg,cloxywatch,199,100.0,1.00,EUR,IT,,2026-03-13T16:37:59.000Z
batch_20260729_214347,iuid_1880250c18164cfa,rolex_1135_6770,Rolex 1135,4,v1,EBAY_DE,2026-07-29T21:44:18+00:00,v1|227248263547|0,"Original ROLEX Rotorbolzen Achsteil 6738 für 1130, 1135, 1160, 1161, 1165, 1166",125.00,EUR,Nuovo con etichette,1000,FIXED_PRICE,https://www.ebay.de/itm/227248263547?_skw=Rolex+1135&hash=item34e90d517b:g:fHUAAeSw7mpprn41,https://i.ebayimg.com/images/g/fHUAAeSw7mpprn41/s-l225.jpg,cloxywatch,199,100.0,1.00,EUR,IT,,2026-03-09T08:02:37.000Z
batch_20260729_214347,iuid_1880250c18164cfa,rolex_1135_6770,Rolex 1135,4,v1,EBAY_DE,2026-07-29T21:44:18+00:00,v1|227246238033|0, Rolex 1120 1130 1135 1160 1161 1165 6711 Reversing Wheel Neu Original Blister,150.00,EUR,Nuovo con etichette,1000,FIXED_PRICE,https://www.ebay.de/itm/227246238033?_skw=Rolex+1135&hash=item34e8ee6951:g:OmoAAeSwVqdprFS~,https://i.ebayimg.com/images/g/OmoAAeSwVqdprFS~/s-l225.jpg,cloxywatch,199,100.0,12.00,EUR,IT,,2026-03-07T16:44:03.000Z
batch_20260729_214347,iuid_1880250c18164cfa,rolex_1135_6770,Rolex 1135,4,v1,EBAY_DE,2026-07-29T21:44:18+00:00,v1|227230843241|0,Rolex 1135 6771 Neu NEW Blister X1 Stück Auslösung - Datum Jumper,97.90,EUR,Nuovo con etichette,1000,FIXED_PRICE|BEST_OFFER,https://www.ebay.de/itm/227230843241?_skw=Rolex+1135&hash=item34e8038169:g:ONgAAeSwetpqSFse,https://i.ebayimg.com/images/g/ONgAAeSwetpqSFse/s-l225.jpg,*rarecollections,1405,100.0,29.00,EUR,IT,,2026-02-24T19:24:43.000Z
batch_20260729_214347,iuid_1880250c18164cfa,rolex_1135_6770,Rolex 1135,4,v1,EBAY_DE,2026-07-29T21:44:18+00:00,v1|227230831190|0,Rolex 1120 6637 Neu NEW Blister X1 Stück Aufzugsritzel 1100 1130 1135,75.90,EUR,Nuovo con etichette,1000,FIXED_PRICE|BEST_OFFER,https://www.ebay.de/itm/227230831190?_skw=Rolex+1135&hash=item34e8035256:g:ukkAAeSw4ulqSEjB,https://i.ebayimg.com/images/g/ukkAAeSw4ulqSEjB/s-l225.jpg,*rarecollections,1405,100.0,29.00,EUR,IT,,2026-02-24T19:16:20.000Z
batch_20260729_214347,iuid_1880250c18164cfa,rolex_1135_6770,Rolex 1135,4,v1,EBAY_DE,2026-07-29T21:44:18+00:00,v1|227229447782|0,Rolex 1130 6737 Neu NEW Blister X1 Stück Laderad 1135 1160 1161,86.90,EUR,Nuovo con etichette,1000,FIXED_PRICE|BEST_OFFER,https://www.ebay.de/itm/227229447782?_skw=Rolex+1135&hash=item34e7ee3666:g:SiQAAeSwfVNqaYEQ,https://i.ebayimg.com/images/g/SiQAAeSwfVNqaYEQ/s-l225.jpg,*rarecollections,1405,100.0,29.00,EUR,IT,,2026-02-23T19:16:04.000Z
batch_20260729_214347,iuid_1880250c18164cfa,rolex_1135_6770,Rolex 1135,4,v1,EBAY_DE,2026-07-29T21:44:18+00:00,v1|227229444671|0,Rolex 1135 6767 Neu NEW Blister X1 Stück passendes Ritzel Cannon Pinion,97.90,EUR,Nuovo con etichette,1000,FIXED_PRICE|BEST_OFFER,https://www.ebay.de/itm/227229444671?_skw=Rolex+1135&hash=item34e7ee2a3f:g:sFUAAeSwq0dqSEhq,https://i.ebayimg.com/images/g/sFUAAeSwq0dqSEhq/s-l225.jpg,*rarecollections,1405,100.0,29.00,EUR,IT,,2026-02-23T19:13:08.000Z
batch_20260729_214347,iuid_1880250c18164cfa,rolex_1135_6770,Rolex 1135,4,v1,EBAY_DE,2026-07-29T21:44:18+00:00,v1|227229443893|0,Rolex 1135 6771-1 Neu NEW Blister X1 Stück Auslösefuß - Datum Datum,97.90,EUR,Nuovo con etichette,1000,FIXED_PRICE|BEST_OFFER,https://www.ebay.de/itm/227229443893?_skw=Rolex+1135&hash=item34e7ee2735:g:oV4AAeSwTPJqRPzt,https://i.ebayimg.com/images/g/oV4AAeSwTPJqRPzt/s-l225.jpg,*rarecollections,1405,100.0,29.00,EUR,IT,,2026-02-23T19:12:35.000Z
batch_20260729_214347,iuid_1880250c18164cfa,rolex_1135_6770,Rolex 1135,4,v1,EBAY_DE,2026-07-29T21:44:18+00:00,v1|227229437102|0,Rolex 1135 6771-2 Neu NEW Blister X1 Stück Auslösesäule - Datum Datum,97.90,EUR,Nuovo con etichette,1000,FIXED_PRICE|BEST_OFFER,https://www.ebay.de/itm/227229437102?_skw=Rolex+1135&hash=item34e7ee0cae:g:YegAAeSwQD1qRNzZ,https://i.ebayimg.com/images/g/YegAAeSwQD1qRNzZ/s-l225.jpg,*rarecollections,1405,100.0,29.00,EUR,IT,,2026-02-23T19:07:55.000Z
batch_20260729_214347,iuid_1880250c18164cfa,rolex_1135_6770,Rolex 1135,4,v1,EBAY_DE,2026-07-29T21:44:18+00:00,v1|227229434416|0,Rolex 1130 6736 Neu NEW Blister X1 Stück Schwingende Masse Achse 1135,86.90,EUR,Nuovo con etichette,1000,FIXED_PRICE|BEST_OFFER,https://www.ebay.de/itm/227229434416?_skw=Rolex+1135&hash=item34e7ee0230:g:ukIAAeSw4oNqT8zH,https://i.ebayimg.com/images/g/ukIAAeSw4oNqT8zH/s-l225.jpg,*rarecollections,1405,100.0,29.00,EUR,IT,,2026-02-23T19:06:09.000Z
batch_20260729_214347,iuid_1880250c18164cfa,rolex_1135_6770,Rolex 1135,4,v1,EBAY_DE,2026-07-29T21:44:18+00:00,v1|227229432002|0,Rolex 1120 6639 Neu NEW Blister X1 Stück Kronrad 1100 1130 1135 1160,64.90,EUR,Nuovo con etichette,1000,FIXED_PRICE|BEST_OFFER,https://www.ebay.de/itm/227229432002?_skw=Rolex+1135&hash=item34e7edf8c2:g:apcAAeSwAnNqSFHW,https://i.ebayimg.com/images/g/apcAAeSwAnNqSFHW/s-l225.jpg,*rarecollections,1405,100.0,29.00,EUR,IT,,2026-02-23T19:03:46.000Z
batch_20260729_214347,iuid_1880250c18164cfa,rolex_1135_6770,Rolex 1135,4,v1,EBAY_DE,2026-07-29T21:44:18+00:00,v1|227229431285|0,Rolex 1120 6643 Neu NEW Blister X1 Stück Spule 1100 1130 1135 1160 1161,86.90,EUR,Nuovo con etichette,1000,FIXED_PRICE|BEST_OFFER,https://www.ebay.de/itm/227229431285?_skw=Rolex+1135&hash=item34e7edf5f5:g:NZ8AAeSwltBqSFEP,https://i.ebayimg.com/images/g/NZ8AAeSwltBqSFEP/s-l225.jpg,*rarecollections,1405,100.0,29.00,EUR,IT,,2026-02-23T19:03:32.000Z
batch_20260729_214347,iuid_1880250c18164cfa,rolex_1135_6770,Rolex 1135,4,v1,EBAY_DE,2026-07-29T21:44:18+00:00,v1|227229430276|0,Rolex 1120 6654 Neu NEW Blister X1 Stück Überweisung 1100 1130 1135 1160 1161,64.90,EUR,Nuovo con etichette,1000,FIXED_PRICE|BEST_OFFER,https://www.ebay.de/itm/227229430276?_skw=Rolex+1135&hash=item34e7edf204:g:-icAAeSwroZqSFD3,https://i.ebayimg.com/images/g/-icAAeSwroZqSFD3/s-l225.jpg,*rarecollections,1405,100.0,29.00,EUR,IT,,2026-02-23T19:03:05.000Z
batch_20260729_214347,iuid_1880250c18164cfa,rolex_1135_6770,Rolex 1135,4,v1,EBAY_DE,2026-07-29T21:44:18+00:00,v1|227229429884|0,Rolex 1120 6647 Neu NEW Blister X1 Stück Ratschenfeder 1100 1130 1135,42.90,EUR,Nuovo con etichette,1000,FIXED_PRICE|BEST_OFFER,https://www.ebay.de/itm/227229429884?_skw=Rolex+1135&hash=item34e7edf07c:g:T9YAAeSwTnJqRPdz,https://i.ebayimg.com/images/g/T9YAAeSwTnJqRPdz/s-l225.jpg,*rarecollections,1405,100.0,29.00,EUR,IT,,2026-02-23T19:02:30.000Z
batch_20260729_214347,iuid_1880250c18164cfa,rolex_1135_6770,Rolex 1135,4,v1,EBAY_DE,2026-07-29T21:44:18+00:00,v1|227229426453|0,Rolex 1120 6645 Neu NEW Blister X1 Stück Ratsche 1100 1130 1135 1160 1161,53.90,EUR,Nuovo con etichette,1000,FIXED_PRICE|BEST_OFFER,https://www.ebay.de/itm/227229426453?_skw=Rolex+1135&hash=item34e7ede315:g:rYcAAeSw5BVqSDya,https://i.ebayimg.com/images/g/rYcAAeSw5BVqSDya/s-l225.jpg,*rarecollections,1405,100.0,29.00,EUR,IT,,2026-02-23T18:59:52.000Z
batch_20260729_214347,iuid_1880250c18164cfa,rolex_1135_6770,Rolex 1135,4,v1,EBAY_DE,2026-07-29T21:44:18+00:00,v1|227229424988|0,Rolex 1120 6697 Neu NEW Blister X1 Stück Tragwelle 1130 1135 1160,86.90,EUR,Nuovo con etichette,1000,FIXED_PRICE|BEST_OFFER,https://www.ebay.de/itm/227229424988?_skw=Rolex+1135&hash=item34e7eddd5c:g:p0QAAeSwLuxqaikt,https://i.ebayimg.com/images/g/p0QAAeSwLuxqaikt/s-l225.jpg,*rarecollections,1405,100.0,29.00,EUR,IT,,2026-02-23T18:58:24.000Z
batch_20260729_214347,iuid_1880250c18164cfa,rolex_1135_6770,Rolex 1135,4,v1,EBAY_DE,2026-07-29T21:44:18+00:00,v1|227194115685|0,Guter Zustand Rolex 2035 4520-1 gebraucht Datumsanzeige Champagner 18mm 1135 116,119.90,EUR,Usato,3000,FIXED_PRICE|BEST_OFFER,https://www.ebay.de/itm/227194115685?_skw=Rolex+1135&hash=item34e5d31665:g:JkAAAeSwr6JqRPSo,https://i.ebayimg.com/images/g/JkAAAeSwr6JqRPSo/s-l225.jpg,*rarecollections,1405,100.0,29.00,EUR,IT,,2026-01-29T14:22:08.000Z
batch_20260729_214347,iuid_1880250c18164cfa,rolex_1135_6770,Rolex 1135,4,v1,EBAY_DE,2026-07-29T21:44:18+00:00,v1|227194115202|0,Guter Zustand Rolex 2035 4520-1 gebraucht Datumsanzeige Champagner 18mm 1135 116,119.90,EUR,Usato,3000,FIXED_PRICE|BEST_OFFER,https://www.ebay.de/itm/227194115202?_skw=Rolex+1135&hash=item34e5d31482:g:ccUAAeSwnWRqRPTD,https://i.ebayimg.com/images/g/ccUAAeSwnWRqRPTD/s-l225.jpg,*rarecollections,1405,100.0,29.00,EUR,IT,,2026-01-29T14:21:39.000Z
batch_20260729_214347,iuid_1880250c18164cfa,rolex_1135_6770,Rolex 1135,4,v1,EBAY_DE,2026-07-29T21:44:18+00:00,v1|227189307175|0,Rolex 1130 6673 Neu NEW Blister X1 Stück Sekundenrad 1135 1160 1161,86.90,EUR,Nuovo con etichette,1000,FIXED_PRICE|BEST_OFFER,https://www.ebay.de/itm/227189307175?_skw=Rolex+1135&hash=item34e589b727:g:cGMAAeSw9zVqSFSi,https://i.ebayimg.com/images/g/cGMAAeSw9zVqSFSi/s-l225.jpg,*rarecollections,1405,100.0,29.00,EUR,IT,,2026-01-26T05:21:07.000Z
batch_20260729_214347,iuid_1880250c18164cfa,rolex_1135_6770,Rolex 1135,4,v1,EBAY_DE,2026-07-29T21:44:18+00:00,v1|227186445925|0,Rolex 1130 6676 Neu NEW Blister X1 Stück Sekundenritzel in der Mitte 1135,97.90,EUR,Nuovo con etichette,1000,FIXED_PRICE|BEST_OFFER,https://www.ebay.de/itm/227186445925?_skw=Rolex+1135&hash=item34e55e0e65:g:ArIAAeSwlmBqMS23,https://i.ebayimg.com/images/g/ArIAAeSwlmBqMS23/s-l225.jpg,*rarecollections,1405,100.0,29.00,EUR,IT,,2026-01-23T23:19:18.000Z
batch_20260729_214347,iuid_1880250c18164cfa,rolex_1135_6770,Rolex 1135,4,v1,EBAY_DE,2026-07-29T21:44:18+00:00,v1|227185657390|0,Rolex 1135 6766 Neu NEW Blister X1 Stück Mittelrad mit passendem Ritzel,180.40,EUR,Nuovo con etichette,1000,FIXED_PRICE|BEST_OFFER,https://www.ebay.de/itm/227185657390?_skw=Rolex+1135&hash=item34e552062e:g:6p4AAeSwGN5qMT~M,https://i.ebayimg.com/images/g/6p4AAeSwGN5qMT~M/s-l225.jpg,*rarecollections,1405,100.0,29.00,EUR,IT,,2026-01-23T09:14:21.000Z
batch_20260729_214347,iuid_1880250c18164cfa,rolex_1135_6770,Rolex 1135,4,v1,EBAY_DE,2026-07-29T21:44:18+00:00,v1|227185036893|0,Rolex 1130 6740 Neu NEW Blister X1 Stück Zwischenrad N2 1135 1160 1161,97.90,EUR,Nuovo con etichette,1000,FIXED_PRICE|BEST_OFFER,https://www.ebay.de/itm/227185036893?_skw=Rolex+1135&hash=item34e5488e5d:g:S4QAAeSwBdhqMUtZ,https://i.ebayimg.com/images/g/S4QAAeSwBdhqMUtZ/s-l225.jpg,*rarecollections,1405,100.0,29.00,EUR,IT,,2026-01-22T21:52:23.000Z
batch_20260729_214347,iuid_1880250c18164cfa,rolex_1135_6770,Rolex 1135,4,v1,EBAY_DE,2026-07-29T21:44:18+00:00,v1|267467738060|0,Seltene Rolex Cal 1135 1165 1130-6675 Sekundenrad In Der Mitte Ersatzteile,57.64,EUR,Gebraucht - Gut,3000,FIXED_PRICE|BEST_OFFER,https://www.ebay.de/itm/267467738060?_skw=Rolex+1135&hash=item3e4651cbcc:g:oz8AAOSw9klnbtFJ,https://i.ebayimg.com/images/g/oz8AAOSw9klnbtFJ/s-l225.jpg,passionevintagerlx,1222,100.0,15.00,EUR,IT,Castiglion Fiorentino,2025-11-12T00:08:23.000Z
batch_20260729_214347,iuid_1880250c18164cfa,rolex_1135_6770,Rolex 1135,4,v1,EBAY_DE,2026-07-29T21:44:18+00:00,v1|267465873481|0,ROLEX CAL 1135-6711 Date Jumper Scattadata Original 100%,115.29,EUR,Gebraucht - Gut,3000,FIXED_PRICE|BEST_OFFER,https://www.ebay.de/itm/267465873481?_skw=Rolex+1135&hash=item3e46355849:g:bOoAAOSwUThnbmgA,https://i.ebayimg.com/images/g/bOoAAOSwUThnbmgA/s-l225.jpg,passionevintagerlx,1222,100.0,15.00,EUR,IT,Castiglion Fiorentino,2025-11-10T13:44:28.000Z
batch_20260729_214347,iuid_1880250c18164cfa,rolex_1135_6770,Rolex 1135,4,v1,EBAY_DE,2026-07-29T21:44:18+00:00,v1|267465871949|0,"Rolex Cal 1165 1135-6768 Rad Der Stunden Höhe 1,54 MM Ersatzteile",64.05,EUR,Gebraucht - Gut,3000,FIXED_PRICE|BEST_OFFER,https://www.ebay.de/itm/267465871949?_skw=Rolex+1135&hash=item3e4635524d:g:tlIAAOSwtN5nbutD,https://i.ebayimg.com/images/g/tlIAAOSwtN5nbutD/s-l225.jpg,passionevintagerlx,1222,100.0,15.00,EUR,IT,Castiglion Fiorentino,2025-11-10T13:43:28.000Z
batch_20260729_214347,iuid_1880250c18164cfa,rolex_1135_6770,Rolex 1135,4,v1,EBAY_DE,2026-07-29T21:44:18+00:00,v1|267465871857|0,ROLEX CAL 1135 1165 1130-6676 SWEEP SECOND PINION PIGNON SECONDI ERSATZTEILE,89.67,EUR,Gebraucht - Gut,3000,FIXED_PRICE|BEST_OFFER,https://www.ebay.de/itm/267465871857?_skw=Rolex+1135&hash=item3e463551f1:g:x68AAOSwiA9nbujv,https://i.ebayimg.com/images/g/x68AAOSwiA9nbujv/s-l225.jpg,passionevintagerlx,1222,100.0,15.00,EUR,IT,Castiglion Fiorentino,2025-11-10T13:43:25.000Z
batch_20260729_214347,iuid_1880250c18164cfa,rolex_1135_6770,Rolex 1135,4,v1,EBAY_DE,2026-07-29T21:44:18+00:00,v1|257200751830|0,Rolex Cal 1130-6671 Third Wheel Mittellager Ersatzteile,64.05,EUR,Gebraucht - Gut,3000,FIXED_PRICE|BEST_OFFER,https://www.ebay.de/itm/257200751830?_skw=Rolex+1135&hash=item3be25c04d6:g:seYAAOSw3otncDNW,https://i.ebayimg.com/images/g/seYAAOSw3otncDNW/s-l225.jpg,passionevintagerlx,1222,100.0,15.00,EUR,IT,Castiglion Fiorentino,2025-11-10T13:42:26.000Z
batch_20260729_214347,iuid_1880250c18164cfa,rolex_1135_6770,Rolex 1135,4,v1,EBAY_DE,2026-07-29T21:44:18+00:00,v1|267465870543|0,Rare Rolex Cal 1135 1160 1130-6673 Fourth Wheel Sekunde Ersatzteile,64.05,EUR,Gebraucht - Gut,3000,FIXED_PRICE|BEST_OFFER,https://www.ebay.de/itm/267465870543?_skw=Rolex+1135&hash=item3e46354ccf:g:3dYAAOSwXMVnbs4V,https://i.ebayimg.com/images/g/3dYAAOSwXMVnbs4V/s-l225.jpg,passionevintagerlx,1222,100.0,15.00,EUR,IT,Castiglion Fiorentino,2025-11-10T13:42:25.000Z
batch_20260729_214347,iuid_1880250c18164cfa,rolex_1135_6770,Rolex 1135,4,v1,EBAY_DE,2026-07-29T21:44:18+00:00,v1|267465869910|0,Rolex Cal 1165 1135-6774 Date Star Stern Von Data Ersatzteile,128.10,EUR,Gebraucht - Gut,3000,FIXED_PRICE|BEST_OFFER,https://www.ebay.de/itm/267465869910?_skw=Rolex+1135&hash=item3e46354a56:g:NGkAAOSwwBlncCsq,https://i.ebayimg.com/images/g/NGkAAOSwwBlncCsq/s-l225.jpg,passionevintagerlx,1222,100.0,15.00,EUR,IT,Castiglion Fiorentino,2025-11-10T13:41:27.000Z
batch_20260729_214347,iuid_1880250c18164cfa,rolex_1135_6770,Rolex 1135,4,v1,EBAY_DE,2026-07-29T21:44:18+00:00,v1|198407740778|0,Aufzugswelle 1120-6697 Für Rolex 1100 1120 1130 1135 1160 1161 1165 1166,18.40,EUR,Neu mit Etikett,1000,FIXED_PRICE,https://www.ebay.de/itm/198407740778?_skw=Rolex+1135&hash=item2e3205dd6a:g:JEgAAeSwIGBpFQp5,https://i.ebayimg.com/images/g/JEgAAeSwIGBpFQp5/s-l225.jpg,maddisonsofdurham,92519,99.8,11.54,EUR,GB,MIDDLESBROUGH,2026-06-07T02:19:09.000Z
batch_20260729_214347,iuid_1880250c18164cfa,rolex_1135_6770,Rolex 1135,4,v1,EBAY_DE,2026-07-29T21:44:18+00:00,v1|187519387144|0,"Original ROLEX Lagerstift für Schwingmasse 6738 für 1130, 1135, 1160, 1161, 1165",119.95,EUR,Neu mit Etikett,1000,FIXED_PRICE,https://www.ebay.de/itm/187519387144?_skw=Rolex+1135&hash=item2ba906c608:g:gbwAAeSwm6NorZMU,https://i.ebayimg.com/images/g/gbwAAeSwm6NorZMU/s-l225.jpg,watchparts24,71561,100.0,0.00,EUR,DE,Hamburg,2025-08-26T10:48:49.000Z
batch_20260729_214347,iuid_1880250c18164cfa,rolex_1135_6770,Rolex 1135,4,v1,EBAY_DE,2026-07-29T21:44:18+00:00,v1|187519385979|0,"Original ROLEX Spannrad 6737 für 1130, 1135, 1160, 1161, 1165, 1166",219.95,EUR,Neu mit Etikett,1000,FIXED_PRICE,https://www.ebay.de/itm/187519385979?_skw=Rolex+1135&hash=item2ba906c17b:g:nLkAAeSwQ~porZL2,https://i.ebayimg.com/images/g/nLkAAeSwQ~porZL2/s-l225.jpg,watchparts24,71561,100.0,0.00,EUR,DE,Hamburg,2025-08-26T10:48:40.000Z
batch_20260729_214347,iuid_1880250c18164cfa,rolex_1135_6770,Rolex 1135,4,v1,EBAY_DE,2026-07-29T21:44:18+00:00,v1|226902742096|0,GEBRAUCHT Datumsanzeige Champagner Rolex 1135 4520-1 18mm Datum gebraucht,117.20,EUR,Usato,3000,FIXED_PRICE|BEST_OFFER,https://www.ebay.de/itm/226902742096?_skw=Rolex+1135&hash=item34d4751450:g:F8gAAeSwaWVpaI6J,https://i.ebayimg.com/images/g/F8gAAeSwaWVpaI6J/s-l225.jpg,*rarecollections,1405,100.0,29.00,EUR,IT,Cesena,2025-08-04T09:27:33.000Z
batch_20260729_214347,iuid_1880250c18164cfa,rolex_1135_6770,Rolex 1135,4,v1,EBAY_DE,2026-07-29T21:44:18+00:00,v1|157195758350|0,"Datumscheibe für Rolex 1135, date disc, part 4521, 21,5 mm",159.00,EUR,Gebraucht,3000,FIXED_PRICE|BEST_OFFER,https://www.ebay.de/itm/157195758350?_skw=Rolex+1135&hash=item249998eb0e:g:Yo0AAeSwAtloghSv,https://i.ebayimg.com/images/g/Yo0AAeSwAtloghSv/s-l225.jpg,pacardt,4916,100.0,7.50,EUR,DE,Herford,2025-07-24T11:12:08.000Z
batch_20260729_214347,iuid_1880250c18164cfa,rolex_1135_6770,Rolex 1135,4,v1,EBAY_DE,2026-07-29T21:44:18+00:00,v1|157195752528|0,"Datumscheibe für Rolex 1135, date disc, part 4521, 21,5 mm",199.00,EUR,Gebraucht,3000,FIXED_PRICE|BEST_OFFER,https://www.ebay.de/itm/157195752528?_skw=Rolex+1135&hash=item249998d450:g:K0cAAeSwqAxoghQP,https://i.ebayimg.com/images/g/K0cAAeSwqAxoghQP/s-l225.jpg,pacardt,4916,100.0,7.50,EUR,DE,Herford,2025-07-24T11:09:44.000Z
batch_20260729_214347,iuid_1880250c18164cfa,rolex_1135_6770,Rolex 1135,4,v1,EBAY_DE,2026-07-29T21:44:18+00:00,v1|157195723645|0,"Datumscheibe für Rolex 1135, date disc, part 4521, 21,5 mm",199.00,EUR,Gebraucht,3000,FIXED_PRICE|BEST_OFFER,https://www.ebay.de/itm/157195723645?_skw=Rolex+1135&hash=item249998637d:g:IA0AAeSweuJoghEa,https://i.ebayimg.com/images/g/IA0AAeSweuJoghEa/s-l225.jpg,pacardt,4916,100.0,7.50,EUR,DE,Herford,2025-07-24T10:57:13.000Z
batch_20260729_214347,iuid_1880250c18164cfa,rolex_1135_6770,Rolex 1135,4,v1,EBAY_DE,2026-07-29T21:44:18+00:00,v1|205542851228|0,ORIG 1120-6650  setting level für Rolex 1120 1130 1135 1160 1161 + screws (R411),70.00,EUR,Gebraucht - Gut,3000,FIXED_PRICE,https://www.ebay.de/itm/205542851228?_skw=Rolex+1135&hash=item2fdb4f029c:g:37IAAOSwvd1oRIKG,https://i.ebayimg.com/images/g/37IAAOSwvd1oRIKG/s-l225.jpg,kian-werke,7774,100.0,6.00,EUR,DE,Hildesheim,2025-06-07T18:22:10.000Z
batch_20260729_214347,iuid_1880250c18164cfa,rolex_1135_6770,Rolex 1135,4,v1,EBAY_DE,2026-07-29T21:44:18+00:00,v1|187055259837|0,"Original ROLEX Minutenrad mit Minutenrohr 6766 für 1135, 1165, 1166",349.95,EUR,Neu mit Etikett,1000,FIXED_PRICE,https://www.ebay.de/itm/187055259837?_skw=Rolex+1135&hash=item2b8d5cc0bd:g:JjIAAeSwL8donH4Z,https://i.ebayimg.com/images/g/JjIAAeSwL8donH4Z/s-l225.jpg,watchparts24,71561,100.0,0.00,EUR,DE,Hamburg,2025-03-17T20:32:45.000Z
batch_20260729_214347,iuid_1880250c18164cfa,rolex_1135_6770,Rolex 1135,4,v1,EBAY_DE,2026-07-29T21:44:18+00:00,v1|116527954215|0,"ROLEX 1160 Schwungmasse Cod. 1160-6735 Kaliber: 1130, 1135, 1160, 1161, 116...",149.00,EUR,Usato,3000,FIXED_PRICE,https://www.ebay.de/itm/116527954215?_skw=Rolex+1135&hash=item1b219b7927:g:VD8AAOSwhhJnimN9,https://i.ebayimg.com/images/g/VD8AAOSwhhJnimN9/s-l225.jpg,fornitura_boccacci,4278,99.9,19.00,EUR,IT,Sant Angelo Romano,2025-03-20T14:53:51.000Z
batch_20260729_214347,iuid_1880250c18164cfa,rolex_1135_6770,Rolex 1135 6770,1,v1,EBAY_US,2026-07-29T21:44:19+00:00,v1|278181975545|0,GENUINE Rolex 1135 1161 1165 1166 6770 Driving Wheel Perfect Working Condition,80.00,USD,Pre-owned,3000,FIXED_PRICE,https://www.ebay.com/itm/278181975545?_skw=Rolex+1135+6770&hash=item40c4f015f9:g:wMQAAeSwsFZqVm9r,https://i.ebayimg.com/images/g/wMQAAeSwsFZqVm9r/s-l225.jpg,rojamalex,3920,99.9,0.00,USD,US,New York,2026-07-14T17:23:18.000Z
batch_20260729_214347,iuid_1880250c18164cfa,rolex_1135_6770,Rolex 1135 6770,1,v1,EBAY_US,2026-07-29T21:44:19+00:00,v1|257416649501|0,Rolex Cal. 1135 Part 6770 Driving Wheel for date Indicator in original sealed pk,98.53,USD,New without tags,1500,FIXED_PRICE,https://www.ebay.com/itm/257416649501?_skw=Rolex+1135+6770&hash=item3bef3a5b1d:g:dIcAAeSwC4ZpvWR1,https://i.ebayimg.com/images/g/dIcAAeSwC4ZpvWR1/s-l225.jpg,blairwatchprojet,90,100.0,,,CA,,2026-03-20T23:30:01.000Z
batch_20260729_214347,iuid_1880250c18164cfa,rolex_1135_6770,Rolex 1135 6770,1,v1,EBAY_US,2026-07-29T21:44:19+00:00,v1|226386156387|0,Genuine Rolex Cal 1135 Part #6770 Driving Wheel for Date Indicator,99.00,USD,New without tags,1500,FIXED_PRICE,https://www.ebay.com/itm/226386156387?_skw=Rolex+1135+6770&hash=item34b5aa9b63:g:j6oAAOSwB8xnAY9i,https://i.ebayimg.com/images/g/j6oAAOSwB8xnAY9i/s-l225.jpg,only-genuine-parts,3736,100.0,0.00,USD,US,Los Angeles,2024-10-05T19:14:42.000Z
batch_20260729_214347,iuid_1880250c18164cfa,rolex_1135_6770,Rolex 1135 6770,1,v1,EBAY_US,2026-07-29T21:44:19+00:00,v1|116139088594|0,"ROLEX 1135 calendar driving wheel Cod. 6770 Calib: 1135, 1165, 1166...",87.68,USD,Nuovo senza etichette,1500,FIXED_PRICE,https://www.ebay.com/itm/116139088594?_skw=Rolex+1135+6770&hash=item1b0a6ddad2:g:-qIAAeSwVh5owrJX,https://i.ebayimg.com/images/g/-qIAAeSwVh5owrJX/s-l225.jpg,fornitura_boccacci,4278,99.9,21.64,USD,IT,Sant Angelo Romano,2024-04-09T15:26:34.000Z
batch_20260729_214347,iuid_1880250c18164cfa,rolex_1135_6770,Rolex 1135 6770,1,v1,EBAY_US,2026-07-29T21:44:19+00:00,v1|116139088618|0,"ROLEX 1135 Calendar Driving Wheel Cod. 6770 Calib: 1135, 1165, 1166 (NOT USED)",81.62,USD,New without tags,1500,FIXED_PRICE,https://www.ebay.com/itm/116139088618?_skw=Rolex+1135+6770&hash=item1b0a6ddaea:g:U7MAAeSwDtlowrIb,https://i.ebayimg.com/images/g/U7MAAeSwDtlowrIb/s-l225.jpg,fornitura_boccacci,4278,99.9,19.90,USD,IT,Sant Angelo Romano,2024-04-09T15:26:36.000Z
batch_20260729_214347,iuid_1880250c18164cfa,rolex_1135_6770,Rolex 1135 6770,1,v1,EBAY_US,2026-07-29T21:44:19+00:00,v1|116120188016|0,"ROLEX 1135 Driving Wheel Cod 1135-6770 Calib: 1135, 1165, 1166 (EXCELLENT STATE)",81.62,USD,Pre-owned,3000,FIXED_PRICE,https://www.ebay.com/itm/116120188016?_skw=Rolex+1135+6770&hash=item1b094d7470:g:26oAAOSw~TBnKi94,https://i.ebayimg.com/images/g/26oAAOSw~TBnKi94/s-l225.jpg,fornitura_boccacci,4278,99.9,19.90,USD,IT,Sant Angelo Romano,2024-03-26T16:38:16.000Z
batch_20260729_214347,iuid_1880250c18164cfa,rolex_1135_6770,Rolex 1135 6770,1,v1,EBAY_US,2026-07-29T21:44:19+00:00,v1|115999993711|0,"ROLEX 1135 Driving Wheel Cod. 1135-6770 Calib: 1135, 1165, 1166 (EXCELLENT S...",87.68,USD,Usato,3000,FIXED_PRICE,https://www.ebay.com/itm/115999993711?_skw=Rolex+1135+6770&hash=item1b02236f6f:g:7IkAAOSwJQJnKi6g,https://i.ebayimg.com/images/g/7IkAAOSwJQJnKi6g/s-l225.jpg,fornitura_boccacci,4278,99.9,21.64,USD,IT,Sant Angelo Romano,2023-12-04T12:28:27.000Z
batch_20260729_214347,iuid_1880250c18164cfa,rolex_1135_6770,Rolex 1135 6770,1,v1,EBAY_US,2026-07-29T21:44:19+00:00,v1|203444336739|504688559517,Genuine ROLEX watch movement parts for Cal 1120 1130 1160 1161 Sold Separately,85.00,USD,Pre-owned,3000,FIXED_PRICE,https://www.ebay.com/itm/203444336739?_skw=Rolex+1135+6770&hash=item2f5e3a3863:g:8MYAAOSweO5jXAeS,https://i.ebayimg.com/images/g/8MYAAOSweO5jXAeS/s-l225.jpg,rilwatches,4767,99.8,19.00,USD,AR,,2021-05-06T16:51:42.000Z
batch_20260729_214347,iuid_8c040b15fd0749dd,rolex_1160_6802,Rolex 1160,4,v1,EBAY_DE,2026-07-29T21:44:23+00:00,v1|188698828946|0,Raro Rolex Cal 1135 1160 1130-6673 Fourth Wheel Rueda Segundos Spare Parts,58.00,EUR,De segunda mano - Excelente,2990,FIXED_PRICE|BEST_OFFER,https://www.ebay.de/itm/188698828946?_skw=Rolex+1160&hash=item2bef53a092:g:v2cAAeSwD-lqZlF~,https://i.ebayimg.com/images/g/v2cAAeSwD-lqZlF~/s-l225.jpg,martin_787,142,100.0,12.00,EUR,ES,Los Ángeles,2026-07-27T18:29:15.000Z
batch_20260729_214347,iuid_8c040b15fd0749dd,rolex_1160_6802,Rolex 1160,4,v1,EBAY_DE,2026-07-29T21:44:23+00:00,v1|398148564711|0,Rolex 1160-1160 Mainplate - Plate,165.00,EUR,Usato,3000,FIXED_PRICE,https://www.ebay.de/itm/398148564711?_skw=Rolex+1160&hash=item5cb380f6e7:g:DZQAAeSwQ~FqTKwA,https://i.ebayimg.com/images/g/DZQAAeSwQ~FqTKwA/s-l225.jpg,antfra8512,149,100.0,13.00,EUR,IT,Nocera Inferiore,2026-07-07T07:34:59.000Z
batch_20260729_214347,iuid_8c040b15fd0749dd,rolex_1160_6802,Rolex 1160,4,v1,EBAY_DE,2026-07-29T21:44:23+00:00,v1|336652336288|0,ROLEX Uhr Oyster Perpetual Date 6517 Cal.1160 Automatik Silber Zifferblatt Damen,2645.32,EUR,Gebraucht,3000,FIXED_PRICE,https://www.ebay.de/itm/336652336288?_skw=Rolex+1160&hash=item4e620afca0:g:9ggAAeSw7uhqObl~,https://i.ebayimg.com/images/g/9ggAAeSw7uhqObl~/s-l225.jpg,miyako_sunrise,3091,99.1,0.00,EUR,JP,,2026-06-22T23:31:03.000Z
batch_20260729_214347,iuid_8c040b15fd0749dd,rolex_1160_6802,Rolex 1160,4,v1,EBAY_DE,2026-07-29T21:44:23+00:00,v1|227386224554|0,Rolex 95019-2 Wie Neu Schmuck 1160 1165 1166 3156 Jewel,31.90,EUR,Usato,3000,FIXED_PRICE|BEST_OFFER,https://www.ebay.de/itm/227386224554?_skw=Rolex+1160&hash=item34f1466faa:g:PYMAAeSwLw9qReP-,https://i.ebayimg.com/images/g/PYMAAeSwLw9qReP-/s-l225.jpg,*rarecollections,1405,100.0,29.00,EUR,IT,,2026-06-13T06:59:33.000Z
batch_20260729_214347,iuid_8c040b15fd0749dd,rolex_1160_6802,Rolex 1160,4,v1,EBAY_DE,2026-07-29T21:44:23+00:00,v1|236784738555|0,Rolex Oyster Perpetual Lady Date Ref.6519 1966 Full Set sehr gut Vintage,2940.00,EUR,Gebraucht - Gut,3000,FIXED_PRICE,https://www.ebay.de/itm/236784738555?_skw=Rolex+1160&hash=item37217860fb:g:DZkAAeSwcddqOReG,https://i.ebayimg.com/images/g/DZkAAeSwcddqOReG/s-l225.jpg,juwelierhaeffner,9599,100.0,30.00,EUR,DE,Stuttgart,2026-04-28T14:41:06.000Z
batch_20260729_214347,iuid_8c040b15fd0749dd,rolex_1160_6802,Rolex 1160,4,v1,EBAY_DE,2026-07-29T21:44:23+00:00,v1|267632327897|0,ROLEX CAL 1130 1160 1120-6604 6670 Zentrumsrad Ohne Spule Minuten,102.48,EUR,Gebraucht - Gut,3000,FIXED_PRICE|BEST_OFFER,https://www.ebay.de/itm/267632327897?_skw=Rolex+1160&hash=item3e50213cd9:g:gbMAAOSwROVnbunu,https://i.ebayimg.com/images/g/gbMAAOSwROVnbunu/s-l225.jpg,passionevintagerlx,1222,100.0,15.00,EUR,IT,Castiglion Fiorentino,2026-04-08T18:40:34.000Z
batch_20260729_214347,iuid_8c040b15fd0749dd,rolex_1160_6802,Rolex 1160,4,v1,EBAY_DE,2026-07-29T21:44:23+00:00,v1|188254294101|0,"ROLEX 1160 Ponte Inferiore del Disp. Auto. Cod. 1160-6733 Calib: 1130, 1135, ...",35.00,EUR,Usado,3000,FIXED_PRICE|BEST_OFFER,https://www.ebay.de/itm/188254294101?_skw=Rolex+1160&hash=item2bd4d49055:g:XugAAeSwMFBp1Uqy,https://i.ebayimg.com/images/g/XugAAeSwMFBp1Uqy/s-l225.jpg,mercecoche0007,16,93.3,25.00,EUR,ES,Badajoz,2026-04-08T18:20:09.000Z
batch_20260729_214347,iuid_8c040b15fd0749dd,rolex_1160_6802,Rolex 1160,4,v1,EBAY_DE,2026-07-29T21:44:23+00:00,v1|227254698341|0,Original Rolex 1130-1135-1160-1161 Minute Wheel Part 6655 Ruota Scambio Nos,50.00,EUR,Nuovo senza etichette,1500,FIXED_PRICE,https://www.ebay.de/itm/227254698341?_skw=Rolex+1160&hash=item34e96f8165:g:6z8AAeSwMQhptD~0,https://i.ebayimg.com/images/g/6z8AAeSwMQhptD~0/s-l225.jpg,cloxywatch,199,100.0,10.00,EUR,IT,,2026-03-13T16:50:21.000Z
batch_20260729_214347,iuid_8c040b15fd0749dd,rolex_1160_6802,Rolex 1160,4,v1,EBAY_DE,2026-07-29T21:44:23+00:00,v1|227254687918|0,Original Rolex 1130-1135-1160-1161 Teil 6739 Original Blister,70.00,EUR,Nuovo con etichette,1000,FIXED_PRICE,https://www.ebay.de/itm/227254687918?_skw=Rolex+1160&hash=item34e96f58ae:g:iy0AAeSw371qYGST,https://i.ebayimg.com/images/g/iy0AAeSw371qYGST/s-l225.jpg,cloxywatch,199,100.0,1.00,EUR,IT,,2026-03-13T16:37:59.000Z
batch_20260729_214347,iuid_8c040b15fd0749dd,rolex_1160_6802,Rolex 1160,4,v1,EBAY_DE,2026-07-29T21:44:23+00:00,v1|227248263547|0,"Original ROLEX Rotorbolzen Achsteil 6738 für 1130, 1135, 1160, 1161, 1165, 1166",125.00,EUR,Nuovo con etichette,1000,FIXED_PRICE,https://www.ebay.de/itm/227248263547?_skw=Rolex+1160&hash=item34e90d517b:g:fHUAAeSw7mpprn41,https://i.ebayimg.com/images/g/fHUAAeSw7mpprn41/s-l225.jpg,cloxywatch,199,100.0,1.00,EUR,IT,,2026-03-09T08:02:37.000Z
batch_20260729_214347,iuid_8c040b15fd0749dd,rolex_1160_6802,Rolex 1160,4,v1,EBAY_DE,2026-07-29T21:44:23+00:00,v1|227246238033|0, Rolex 1120 1130 1135 1160 1161 1165 6711 Reversing Wheel Neu Original Blister,150.00,EUR,Nuovo con etichette,1000,FIXED_PRICE,https://www.ebay.de/itm/227246238033?_skw=Rolex+1160&hash=item34e8ee6951:g:OmoAAeSwVqdprFS~,https://i.ebayimg.com/images/g/OmoAAeSwVqdprFS~/s-l225.jpg,cloxywatch,199,100.0,12.00,EUR,IT,,2026-03-07T16:44:03.000Z
batch_20260729_214347,iuid_8c040b15fd0749dd,rolex_1160_6802,Rolex 1160,4,v1,EBAY_DE,2026-07-29T21:44:23+00:00,v1|206093625249|0,"Rolex Watch Movement 1160, 1161 base 1130 spring 6677 Sweep second pinion (R166)",40.00,EUR,Neu mit Etikett,1000,FIXED_PRICE,https://www.ebay.de/itm/206093625249?_skw=Rolex+1160&hash=item2ffc2327a1:g:3TQAAeSwiVlpnzCH,https://i.ebayimg.com/images/g/3TQAAeSwiVlpnzCH/s-l225.jpg,kian-werke,7774,100.0,6.00,EUR,DE,Hildesheim,2026-02-25T17:26:22.000Z
batch_20260729_214347,iuid_8c040b15fd0749dd,rolex_1160_6802,Rolex 1160,4,v1,EBAY_DE,2026-07-29T21:44:23+00:00,v1|227229447782|0,Rolex 1130 6737 Neu NEW Blister X1 Stück Laderad 1135 1160 1161,86.90,EUR,Nuovo con etichette,1000,FIXED_PRICE|BEST_OFFER,https://www.ebay.de/itm/227229447782?_skw=Rolex+1160&hash=item34e7ee3666:g:SiQAAeSwfVNqaYEQ,https://i.ebayimg.com/images/g/SiQAAeSwfVNqaYEQ/s-l225.jpg,*rarecollections,1405,100.0,29.00,EUR,IT,,2026-02-23T19:16:04.000Z
batch_20260729_214347,iuid_8c040b15fd0749dd,rolex_1160_6802,Rolex 1160,4,v1,EBAY_DE,2026-07-29T21:44:23+00:00,v1|227229432283|0,Rolex 1120 6657 Neu NEW Blister X1 Stück Stundenrad 1100 1130 1160,86.90,EUR,Nuovo con etichette,1000,FIXED_PRICE|BEST_OFFER,https://www.ebay.de/itm/227229432283?_skw=Rolex+1160&hash=item34e7edf9db:g:k88AAeSwPtpqSFcC,https://i.ebayimg.com/images/g/k88AAeSwPtpqSFcC/s-l225.jpg,*rarecollections,1405,100.0,29.00,EUR,IT,,2026-02-23T19:03:57.000Z
batch_20260729_214347,iuid_8c040b15fd0749dd,rolex_1160_6802,Rolex 1160,4,v1,EBAY_DE,2026-07-29T21:44:23+00:00,v1|227229432002|0,Rolex 1120 6639 Neu NEW Blister X1 Stück Kronrad 1100 1130 1135 1160,64.90,EUR,Nuovo con etichette,1000,FIXED_PRICE|BEST_OFFER,https://www.ebay.de/itm/227229432002?_skw=Rolex+1160&hash=item34e7edf8c2:g:apcAAeSwAnNqSFHW,https://i.ebayimg.com/images/g/apcAAeSwAnNqSFHW/s-l225.jpg,*rarecollections,1405,100.0,29.00,EUR,IT,,2026-02-23T19:03:46.000Z
batch_20260729_214347,iuid_8c040b15fd0749dd,rolex_1160_6802,Rolex 1160,4,v1,EBAY_DE,2026-07-29T21:44:23+00:00,v1|227229431285|0,Rolex 1120 6643 Neu NEW Blister X1 Stück Spule 1100 1130 1135 1160 1161,86.90,EUR,Nuovo con etichette,1000,FIXED_PRICE|BEST_OFFER,https://www.ebay.de/itm/227229431285?_skw=Rolex+1160&hash=item34e7edf5f5:g:NZ8AAeSwltBqSFEP,https://i.ebayimg.com/images/g/NZ8AAeSwltBqSFEP/s-l225.jpg,*rarecollections,1405,100.0,29.00,EUR,IT,,2026-02-23T19:03:32.000Z
batch_20260729_214347,iuid_8c040b15fd0749dd,rolex_1160_6802,Rolex 1160,4,v1,EBAY_DE,2026-07-29T21:44:23+00:00,v1|227229430276|0,Rolex 1120 6654 Neu NEW Blister X1 Stück Überweisung 1100 1130 1135 1160 1161,64.90,EUR,Nuovo con etichette,1000,FIXED_PRICE|BEST_OFFER,https://www.ebay.de/itm/227229430276?_skw=Rolex+1160&hash=item34e7edf204:g:-icAAeSwroZqSFD3,https://i.ebayimg.com/images/g/-icAAeSwroZqSFD3/s-l225.jpg,*rarecollections,1405,100.0,29.00,EUR,IT,,2026-02-23T19:03:05.000Z
batch_20260729_214347,iuid_8c040b15fd0749dd,rolex_1160_6802,Rolex 1160,4,v1,EBAY_DE,2026-07-29T21:44:23+00:00,v1|227229430121|0,Rolex 1120 6656 Neu NEW Blister X1 Stück passendes Ritzel 1100 1130 1160,86.90,EUR,Nuovo con etichette,1000,FIXED_PRICE|BEST_OFFER,https://www.ebay.de/itm/227229430121?_skw=Rolex+1160&hash=item34e7edf169:g:M4oAAeSwALdqSEg~,https://i.ebayimg.com/images/g/M4oAAeSwALdqSEg~/s-l225.jpg,*rarecollections,1405,100.0,29.00,EUR,IT,,2026-02-23T19:02:52.000Z
batch_20260729_214347,iuid_8c040b15fd0749dd,rolex_1160_6802,Rolex 1160,4,v1,EBAY_DE,2026-07-29T21:44:23+00:00,v1|227229426453|0,Rolex 1120 6645 Neu NEW Blister X1 Stück Ratsche 1100 1130 1135 1160 1161,53.90,EUR,Nuovo con etichette,1000,FIXED_PRICE|BEST_OFFER,https://www.ebay.de/itm/227229426453?_skw=Rolex+1160&hash=item34e7ede315:g:rYcAAeSw5BVqSDya,https://i.ebayimg.com/images/g/rYcAAeSw5BVqSDya/s-l225.jpg,*rarecollections,1405,100.0,29.00,EUR,IT,,2026-02-23T18:59:52.000Z
batch_20260729_214347,iuid_8c040b15fd0749dd,rolex_1160_6802,Rolex 1160,4,v1,EBAY_DE,2026-07-29T21:44:23+00:00,v1|227229424988|0,Rolex 1120 6697 Neu NEW Blister X1 Stück Tragwelle 1130 1135 1160,86.90,EUR,Nuovo con etichette,1000,FIXED_PRICE|BEST_OFFER,https://www.ebay.de/itm/227229424988?_skw=Rolex+1160&hash=item34e7eddd5c:g:p0QAAeSwLuxqaikt,https://i.ebayimg.com/images/g/p0QAAeSwLuxqaikt/s-l225.jpg,*rarecollections,1405,100.0,29.00,EUR,IT,,2026-02-23T18:58:24.000Z
batch_20260729_214347,iuid_8c040b15fd0749dd,rolex_1160_6802,Rolex 1160,4,v1,EBAY_DE,2026-07-29T21:44:23+00:00,v1|227189307175|0,Rolex 1130 6673 Neu NEW Blister X1 Stück Sekundenrad 1135 1160 1161,86.90,EUR,Nuovo con etichette,1000,FIXED_PRICE|BEST_OFFER,https://www.ebay.de/itm/227189307175?_skw=Rolex+1160&hash=item34e589b727:g:cGMAAeSw9zVqSFSi,https://i.ebayimg.com/images/g/cGMAAeSw9zVqSFSi/s-l225.jpg,*rarecollections,1405,100.0,29.00,EUR,IT,,2026-01-26T05:21:07.000Z
batch_20260729_214347,iuid_8c040b15fd0749dd,rolex_1160_6802,Rolex 1160,4,v1,EBAY_DE,2026-07-29T21:44:23+00:00,v1|227185036893|0,Rolex 1130 6740 Neu NEW Blister X1 Stück Zwischenrad N2 1135 1160 1161,97.90,EUR,Nuovo con etichette,1000,FIXED_PRICE|BEST_OFFER,https://www.ebay.de/itm/227185036893?_skw=Rolex+1160&hash=item34e5488e5d:g:S4QAAeSwBdhqMUtZ,https://i.ebayimg.com/images/g/S4QAAeSwBdhqMUtZ/s-l225.jpg,*rarecollections,1405,100.0,29.00,EUR,IT,,2026-01-22T21:52:23.000Z
batch_20260729_214347,iuid_8c040b15fd0749dd,rolex_1160_6802,Rolex 1160,4,v1,EBAY_DE,2026-07-29T21:44:23+00:00,v1|317730806575|0,Rolex Lünettenschutz bezel protector Ref. 56 für Oyster Perpetual 36 1160xx,24.00,EUR,Gebraucht,3000,FIXED_PRICE,https://www.ebay.de/itm/317730806575?_skw=Rolex+1160&hash=item49fa3b5b2f:g:w5wAAeSwOPZpWlX0,https://i.ebayimg.com/images/g/w5wAAeSwOPZpWlX0/s-l225.jpg,naused-luxurious,1401,99.9,0.00,EUR,DE,Bremen,2026-01-04T12:02:33.000Z
batch_20260729_214347,iuid_8c040b15fd0749dd,rolex_1160_6802,Rolex 1160,4,v1,EBAY_DE,2026-07-29T21:44:23+00:00,v1|267467738041|0,ROLEX CAL 1160 1130-6677 Feder Des Sekundenrad Ersatzteile,51.24,EUR,Gebraucht - Gut,3000,FIXED_PRICE|BEST_OFFER,https://www.ebay.de/itm/267467738041?_skw=Rolex+1160&hash=item3e4651cbb9:g:uHQAAOSwjdBnbvAb,https://i.ebayimg.com/images/g/uHQAAOSwjdBnbvAb/s-l225.jpg,passionevintagerlx,1222,100.0,15.00,EUR,IT,Castiglion Fiorentino,2025-11-12T00:08:23.000Z
batch_20260729_214347,iuid_8c040b15fd0749dd,rolex_1160_6802,Rolex 1160,4,v1,EBAY_DE,2026-07-29T21:44:23+00:00,v1|267465870543|0,Rare Rolex Cal 1135 1160 1130-6673 Fourth Wheel Sekunde Ersatzteile,64.05,EUR,Gebraucht - Gut,3000,FIXED_PRICE|BEST_OFFER,https://www.ebay.de/itm/267465870543?_skw=Rolex+1160&hash=item3e46354ccf:g:3dYAAOSwXMVnbs4V,https://i.ebayimg.com/images/g/3dYAAOSwXMVnbs4V/s-l225.jpg,passionevintagerlx,1222,100.0,15.00,EUR,IT,Castiglion Fiorentino,2025-11-10T13:42:25.000Z
batch_20260729_214347,iuid_8c040b15fd0749dd,rolex_1160_6802,Rolex 1160,4,v1,EBAY_DE,2026-07-29T21:44:23+00:00,v1|267465869906|0,ROLEX CAL 1160 1130-6740 Zwischenrad N2 Ersatzteile,64.05,EUR,Gebraucht - Gut,3000,FIXED_PRICE|BEST_OFFER,https://www.ebay.de/itm/267465869906?_skw=Rolex+1160&hash=item3e46354a52:g:oBcAAOSws69nbu16,https://i.ebayimg.com/images/g/oBcAAOSws69nbu16/s-l225.jpg,passionevintagerlx,1222,100.0,15.00,EUR,IT,Castiglion Fiorentino,2025-11-10T13:41:27.000Z
batch_20260729_214347,iuid_8c040b15fd0749dd,rolex_1160_6802,Rolex 1160,4,v1,EBAY_DE,2026-07-29T21:44:23+00:00,v1|198407740778|0,Aufzugswelle 1120-6697 Für Rolex 1100 1120 1130 1135 1160 1161 1165 1166,18.40,EUR,Neu mit Etikett,1000,FIXED_PRICE,https://www.ebay.de/itm/198407740778?_skw=Rolex+1160&hash=item2e3205dd6a:g:JEgAAeSwIGBpFQp5,https://i.ebayimg.com/images/g/JEgAAeSwIGBpFQp5/s-l225.jpg,maddisonsofdurham,92519,99.8,11.54,EUR,GB,MIDDLESBROUGH,2026-06-07T02:19:09.000Z
batch_20260729_214347,iuid_8c040b15fd0749dd,rolex_1160_6802,Rolex 1160,4,v1,EBAY_DE,2026-07-29T21:44:23+00:00,v1|116847596992|0,"GENERIC kompatible Antriebswelle für ROLEX Cal. 1160 1161 Kaliber: 1130, 11...",20.00,EUR,Nuovo con etichette,1000,FIXED_PRICE,https://www.ebay.de/itm/116847596992?_skw=Rolex+1160&hash=item1b34a8d5c0:g:xckAAeSw2bRqM-vI,https://i.ebayimg.com/images/g/xckAAeSw2bRqM-vI/s-l225.jpg,fornitura_boccacci,4278,99.9,19.00,EUR,IT,Sant Angelo Romano,2025-10-27T09:19:26.000Z
batch_20260729_214347,iuid_8c040b15fd0749dd,rolex_1160_6802,Rolex 1160,4,v1,EBAY_DE,2026-07-29T21:44:23+00:00,v1|187519387144|0,"Original ROLEX Lagerstift für Schwingmasse 6738 für 1130, 1135, 1160, 1161, 1165",119.95,EUR,Neu mit Etikett,1000,FIXED_PRICE,https://www.ebay.de/itm/187519387144?_skw=Rolex+1160&hash=item2ba906c608:g:gbwAAeSwm6NorZMU,https://i.ebayimg.com/images/g/gbwAAeSwm6NorZMU/s-l225.jpg,watchparts24,71561,100.0,0.00,EUR,DE,Hamburg,2025-08-26T10:48:49.000Z
batch_20260729_214347,iuid_8c040b15fd0749dd,rolex_1160_6802,Rolex 1160,4,v1,EBAY_DE,2026-07-29T21:44:23+00:00,v1|187519385979|0,"Original ROLEX Spannrad 6737 für 1130, 1135, 1160, 1161, 1165, 1166",219.95,EUR,Neu mit Etikett,1000,FIXED_PRICE,https://www.ebay.de/itm/187519385979?_skw=Rolex+1160&hash=item2ba906c17b:g:nLkAAeSwQ~porZL2,https://i.ebayimg.com/images/g/nLkAAeSwQ~porZL2/s-l225.jpg,watchparts24,71561,100.0,0.00,EUR,DE,Hamburg,2025-08-26T10:48:40.000Z
batch_20260729_214347,iuid_8c040b15fd0749dd,rolex_1160_6802,Rolex 1160,4,v1,EBAY_DE,2026-07-29T21:44:23+00:00,v1|406091095531|0,"ONE USED Original Rolex Tool Cal.1160-2035, Referencia: 2076.",50.00,EUR,Usado,3000,FIXED_PRICE,https://www.ebay.de/itm/406091095531?_skw=Rolex+1160&hash=item5e8cea5deb:g:J7IAAeSw66xoikzZ,https://i.ebayimg.com/images/g/J7IAAeSw66xoikzZ/s-l225.jpg,17jewelswatches,261,97.2,20.00,EUR,ES,Boo,2025-07-30T16:54:44.000Z
batch_20260729_214347,iuid_8c040b15fd0749dd,rolex_1160_6802,Rolex 1160,4,v1,EBAY_DE,2026-07-29T21:44:23+00:00,v1|197472145273|0,Rolex 1120 1160 Feder Zugfeder Automatic,76.04,EUR,Neu ohne Etikett,1500,FIXED_PRICE,https://www.ebay.de/itm/197472145273?_skw=Rolex+1160&hash=item2dfa41cf79:g:PgcAAOSw--Fk5z~q,https://i.ebayimg.com/images/g/PgcAAOSw--Fk5z~q/s-l225.jpg,ocoeurdutemps,12389,100.0,0.00,EUR,FR,Villeneuve-Loubet,2025-06-25T06:03:04.000Z
batch_20260729_214347,iuid_8c040b15fd0749dd,rolex_1160_6802,Rolex 1160,4,v1,EBAY_DE,2026-07-29T21:44:23+00:00,v1|167606854638|0,ROLEX 1120 1160 FEDER TRIEBFEDER AUTOMATIK,59.00,EUR,Neuf sans étiquette,1500,FIXED_PRICE,https://www.ebay.de/itm/167606854638?_skw=Rolex+1160&hash=item270625a3ee:g:PgcAAOSw--Fk5z~q,https://i.ebayimg.com/images/g/PgcAAOSw--Fk5z~q/s-l225.jpg,ocoeurdutemps,12389,100.0,6.00,EUR,FR,Villeneuve-Loubet,2025-06-23T13:15:40.000Z
batch_20260729_214347,iuid_8c040b15fd0749dd,rolex_1160_6802,Rolex 1160,4,v1,EBAY_DE,2026-07-29T21:44:23+00:00,v1|205542994249|0,"Rolex Watch Movement 1160, 1161 & 1130 ratchet wheel 6643 perfect + Screw (R417)",40.00,EUR,Gebraucht - Gut,3000,FIXED_PRICE,https://www.ebay.de/itm/205542994249?_skw=Rolex+1160&hash=item2fdb513149:g:oFMAAOSwYvpoRJb5,https://i.ebayimg.com/images/g/oFMAAOSwYvpoRJb5/s-l225.jpg,kian-werke,7774,100.0,6.00,EUR,DE,Hildesheim,2025-06-07T19:47:04.000Z
batch_20260729_214347,iuid_8c040b15fd0749dd,rolex_1160_6802,Rolex 1160,4,v1,EBAY_DE,2026-07-29T21:44:23+00:00,v1|205542851228|0,ORIG 1120-6650  setting level für Rolex 1120 1130 1135 1160 1161 + screws (R411),70.00,EUR,Gebraucht - Gut,3000,FIXED_PRICE,https://www.ebay.de/itm/205542851228?_skw=Rolex+1160&hash=item2fdb4f029c:g:37IAAOSwvd1oRIKG,https://i.ebayimg.com/images/g/37IAAOSwvd1oRIKG/s-l225.jpg,kian-werke,7774,100.0,6.00,EUR,DE,Hildesheim,2025-06-07T18:22:10.000Z
batch_20260729_214347,iuid_8c040b15fd0749dd,rolex_1160_6802,Rolex 1160,4,v1,EBAY_DE,2026-07-29T21:44:23+00:00,v1|276996510044|0,"Rolex Oyster Perpetual Date Lady Automatic Cal.1160 Butterfly Rotor, 50er Jahre",1300.00,EUR,Usato,3000,FIXED_PRICE|BEST_OFFER,https://www.ebay.de/itm/276996510044?_skw=Rolex+1160&hash=item407e47515c:g:mfQAAOSwAthn67YV,https://i.ebayimg.com/images/g/mfQAAOSwAthn67YV/s-l225.jpg,violantesimone,690,100.0,28.00,EUR,IT,Torre Canavese,2025-04-01T09:55:55.000Z
batch_20260729_214347,iuid_8c040b15fd0749dd,rolex_1160_6802,Rolex 1160,4,v1,EBAY_DE,2026-07-29T21:44:23+00:00,v1|116527954215|0,"ROLEX 1160 Schwungmasse Cod. 1160-6735 Kaliber: 1130, 1135, 1160, 1161, 116...",149.00,EUR,Usato,3000,FIXED_PRICE,https://www.ebay.de/itm/116527954215?_skw=Rolex+1160&hash=item1b219b7927:g:VD8AAOSwhhJnimN9,https://i.ebayimg.com/images/g/VD8AAOSwhhJnimN9/s-l225.jpg,fornitura_boccacci,4278,99.9,19.00,EUR,IT,Sant Angelo Romano,2025-03-20T14:53:51.000Z
batch_20260729_214347,iuid_8c040b15fd0749dd,rolex_1160_6802,Rolex 1160,4,v1,EBAY_DE,2026-07-29T21:44:23+00:00,v1|116527954564|0,"ROLEX 1160 Oscillanting Weight Cod. 1160-6735 Calib: 1130, 1135, 1160, 1161, ...",149.00,EUR,Gebraucht,3000,FIXED_PRICE,https://www.ebay.de/itm/116527954564?_skw=Rolex+1160&hash=item1b219b7a84:g:e34AAOSwKPFnimNM,https://i.ebayimg.com/images/g/e34AAOSwKPFnimNM/s-l225.jpg,fornitura_boccacci,4278,99.9,19.00,EUR,IT,Sant Angelo Romano,2025-03-20T14:54:05.000Z
batch_20260729_214347,iuid_8c040b15fd0749dd,rolex_1160_6802,Rolex 1160,4,v1,EBAY_DE,2026-07-29T21:44:23+00:00,v1|116397776794|0,"ROLEX 1130 Train Wheel Bridge Cod. 6669 Calib: 1130, 1135, 1160, 1161, 1166 (...",114.00,EUR,Gebraucht,3000,FIXED_PRICE,https://www.ebay.de/itm/116397776794?_skw=Rolex+1160&hash=item1b19d91f9a:g:JowAAeSwCCloxA4R,https://i.ebayimg.com/images/g/JowAAeSwCCloxA4R/s-l225.jpg,fornitura_boccacci,4278,99.9,19.00,EUR,IT,Sant Angelo Romano,2024-11-20T12:05:38.000Z
batch_20260729_214347,iuid_8c040b15fd0749dd,rolex_1160_6802,Rolex 1160,4,v1,EBAY_DE,2026-07-29T21:44:23+00:00,v1|116397776787|0,ROLEX 1160 Upper Automatic Device Bridge Cod. 6809 Calib: 1160 (EXCELLENT STATE),154.00,EUR,Gebraucht,3000,FIXED_PRICE,https://www.ebay.de/itm/116397776787?_skw=Rolex+1160&hash=item1b19d91f93:g:MtkAAeSwXftoxA4Y,https://i.ebayimg.com/images/g/MtkAAeSwXftoxA4Y/s-l225.jpg,fornitura_boccacci,4278,99.9,19.00,EUR,IT,Sant Angelo Romano,2024-11-20T12:05:37.000Z
batch_20260729_214347,iuid_8c040b15fd0749dd,rolex_1160_6802,Rolex 1160,4,v1,EBAY_DE,2026-07-29T21:44:23+00:00,v1|116397776789|0,"ROLEX 1160 Auto. Device Lower Bridge 1160-6733 Calib: 1130, 1135, 1160, 1161,...",39.00,EUR,Gebraucht,3000,FIXED_PRICE,https://www.ebay.de/itm/116397776789?_skw=Rolex+1160&hash=item1b19d91f95:g:G3YAAeSwOtdov-jp,https://i.ebayimg.com/images/g/G3YAAeSwOtdov-jp/s-l225.jpg,fornitura_boccacci,4278,99.9,19.00,EUR,IT,Sant Angelo Romano,2024-11-20T12:05:37.000Z
batch_20260729_214347,iuid_8c040b15fd0749dd,rolex_1160_6802,Rolex 1160,4,v1,EBAY_DE,2026-07-29T21:44:23+00:00,v1|395914994440|0,ROLEX 1160 Automatische Oberbrücke Ref. 6809 Kaliber: 1160,135.00,EUR,Usato,3000,FIXED_PRICE,https://www.ebay.de/itm/395914994440?_skw=Rolex+1160&hash=item5c2e5f6308:g:1PAAAOSw~WVnOvVg,https://i.ebayimg.com/images/g/1PAAAOSw~WVnOvVg/s-l225.jpg,antfra8512,149,100.0,13.00,EUR,IT,Nocera Inferiore,2024-11-18T08:06:19.000Z
batch_20260729_214347,iuid_8c040b15fd0749dd,rolex_1160_6802,Rolex 1160,4,v1,EBAY_DE,2026-07-29T21:44:23+00:00,v1|116374374197|0,GENERIC kompatibel ROLEX Cal. 1160 Zugfeder Calib: 1160 (NEU),22.00,EUR,Nuovo con etichette,1000,FIXED_PRICE,https://www.ebay.de/itm/116374374197?_skw=Rolex+1160&hash=item1b18740735:g:FLIAAeSw8GhqFDux,https://i.ebayimg.com/images/g/FLIAAeSw8GhqFDux/s-l225.jpg,fornitura_boccacci,4278,99.9,19.00,EUR,IT,Sant Angelo Romano,2024-10-29T10:55:43.000Z
batch_20260729_214347,iuid_8c040b15fd0749dd,rolex_1160_6802,Rolex 1160,4,v1,EBAY_DE,2026-07-29T21:44:23+00:00,v1|116367262114|0,"ROLEX 1130 Radbrücke Cod. 6669 Kaliber: 1130, 1135, 1160, 1161, 1166 (...",114.00,EUR,Usato,3000,FIXED_PRICE,https://www.ebay.de/itm/116367262114?_skw=Rolex+1160&hash=item1b180781a2:g:~j4AAeSw8mloxA77,https://i.ebayimg.com/images/g/~j4AAeSw8mloxA77/s-l225.jpg,fornitura_boccacci,4278,99.9,19.00,EUR,IT,Sant Angelo Romano,2024-10-22T12:48:24.000Z
batch_20260729_214347,iuid_8c040b15fd0749dd,rolex_1160_6802,Rolex 1160,4,v1,EBAY_DE,2026-07-29T21:44:23+00:00,v1|116366171767|0,ROLEX 1160 Oberbrücke der Automatik Cod. 6809 Kaliber: 1160 (TOP ZUSTAND),154.00,EUR,Usato,3000,FIXED_PRICE,https://www.ebay.de/itm/116366171767?_skw=Rolex+1160&hash=item1b17f6de77:g:NpMAAeSw~~BoxA7C,https://i.ebayimg.com/images/g/NpMAAeSw~~BoxA7C/s-l225.jpg,fornitura_boccacci,4278,99.9,19.00,EUR,IT,Sant Angelo Romano,2024-10-21T15:37:04.000Z
batch_20260729_214347,iuid_8c040b15fd0749dd,rolex_1160_6802,Rolex 1160,4,v1,EBAY_DE,2026-07-29T21:44:23+00:00,v1|116366167564|0,"ROLEX 1160 Untere Brücke der Disp. Auto. Cod. 1160-6733 Kaliber: 1130, 1135, ...",39.00,EUR,Usato,3000,FIXED_PRICE,https://www.ebay.de/itm/116366167564?_skw=Rolex+1160&hash=item1b17f6ce0c:g:18IAAeSwsNJov-hu,https://i.ebayimg.com/images/g/18IAAeSwsNJov-hu/s-l225.jpg,fornitura_boccacci,4278,99.9,19.00,EUR,IT,Sant Angelo Romano,2024-10-21T15:28:08.000Z
batch_20260729_214347,iuid_8c040b15fd0749dd,rolex_1160_6802,Rolex 1160,4,v1,EBAY_DE,2026-07-29T21:44:23+00:00,v1|198408277918|0,Rolex Ref. 2076 Originale Werkhalter 1160 1161 2035 Tool Porta Movimento,145.00,EUR,Gebraucht,3000,FIXED_PRICE|BEST_OFFER,https://www.ebay.de/itm/198408277918?_skw=Rolex+1160&hash=item2e320e0f9e:g:OQkAAOSwfLBk0kZQ,https://i.ebayimg.com/images/g/OQkAAOSwfLBk0kZQ/s-l225.jpg,sebi_1611,1591,99.8,12.50,EUR,IT,Perugia,2026-06-07T07:54:56.000Z
batch_20260729_214347,iuid_8c040b15fd0749dd,rolex_1160_6802,Rolex 1160,4,v1,EBAY_DE,2026-07-29T21:44:23+00:00,v1|266875612257|0,Rolex 1100 1120 1130 1135 1160 1161 - 6652 Joch Schieberitzel Original NOS,50.00,EUR,Nuovo con etichette,1000,FIXED_PRICE|BEST_OFFER,https://www.ebay.de/itm/266875612257?_skw=Rolex+1160&hash=item3e2306ac61:g:UuEAAOSwD51mesME,https://i.ebayimg.com/images/g/UuEAAOSwD51mesME/s-l225.jpg,vanvan66,1084,100.0,15.00,EUR,IT,Monza,2024-06-25T13:16:14.000Z
batch_20260729_214347,iuid_8c040b15fd0749dd,rolex_1160_6802,Rolex 1160,4,v1,EBAY_DE,2026-07-29T21:44:23+00:00,v1|266856642918|0,Rolex 1100 1120 1130 1135 1160 1161 - 6641 Crown Wheel Seating Original NOS,45.00,EUR,Nuovo con etichette,1000,FIXED_PRICE|BEST_OFFER,https://www.ebay.de/itm/266856642918?_skw=Rolex+1160&hash=item3e21e53966:g:SFwAAOSwHMdmaY2A,https://i.ebayimg.com/images/g/SFwAAOSwHMdmaY2A/s-l225.jpg,vanvan66,1084,100.0,15.00,EUR,IT,Monza,2024-06-12T12:02:47.000Z
batch_20260729_214347,iuid_8c040b15fd0749dd,rolex_1160_6802,Rolex 1160,4,v1,EBAY_DE,2026-07-29T21:44:23+00:00,v1|266856641546|0,Rolex 1100 1120 1130 1135 1160 1161 - 6633 Roller Plateau Original NOS,45.00,EUR,Nuovo con etichette,1000,FIXED_PRICE|BEST_OFFER,https://www.ebay.de/itm/266856641546?_skw=Rolex+1160&hash=item3e21e5340a:g:oIAAAOSwjtdmaY2k,https://i.ebayimg.com/images/g/oIAAAOSwjtdmaY2k/s-l225.jpg,vanvan66,1084,100.0,15.00,EUR,IT,Monza,2024-06-12T12:02:02.000Z
batch_20260729_214347,iuid_8c040b15fd0749dd,rolex_1160_6802,Rolex 1160,4,v1,EBAY_US,2026-07-29T21:44:26+00:00,v1|158122707130|0,"Winding stem to fit Rolex caliber 1100 1120 1130 1160 1161, NEW",15.99,USD,New without tags,1500,FIXED_PRICE,https://www.ebay.com/itm/158122707130?_skw=Rolex+1160&hash=item24d0d908ba:g:ky8AAeSwgUdqZqka,https://i.ebayimg.com/images/g/ky8AAeSwgUdqZqka/s-l225.jpg,laquintawatchery,654,100.0,0.00,USD,US,La Quinta,2026-07-27T00:43:36.000Z
batch_20260729_214347,iuid_8c040b15fd0749dd,rolex_1160_6802,Rolex 1160,4,v1,EBAY_US,2026-07-29T21:44:26+00:00,v1|178340314795|0,3 SETS WATCH HAND PLAIN FOR ROLEX 2030/2035 6900 6917 6919 6927 1160 1161 SILVER,69.95,USD,New with tags,1000,FIXED_PRICE,https://www.ebay.com/itm/178340314795?_skw=Rolex+1160&hash=item2985e93eab:g:iQAAAeSwVktqY2E9,https://i.ebayimg.com/images/g/iQAAAeSwVktqY2E9/s-l225.jpg,ewatchparts,226582,99.9,0.00,USD,US,Sugar Land,2026-07-24T12:57:33.000Z
batch_20260729_214347,iuid_8c040b15fd0749dd,rolex_1160_6802,Rolex 1160,4,v1,EBAY_US,2026-07-29T21:44:26+00:00,v1|168560344251|0,WATCH HAND FOR 26MM LADY ROLEX WATCH 6517 1160 1161 1130 MOVEMENT YELLOW GOLD,24.95,USD,New with tags,1000,FIXED_PRICE,https://www.ebay.com/itm/168560344251?_skw=Rolex+1160&hash=item273efabcbb:g:lRQAAeSwzOhqY06k,https://i.ebayimg.com/images/g/lRQAAeSwzOhqY06k/s-l225.jpg,ewatchparts,226582,99.9,0.00,USD,US,Sugar Land,2026-07-24T11:38:13.000Z
batch_20260729_214347,iuid_8c040b15fd0749dd,rolex_1160_6802,Rolex 1160,4,v1,EBAY_US,2026-07-29T21:44:26+00:00,v1|287472129514|0,GENUINE Rolex 1130 1160 1161 1165 6650 Setting Lever Jumper  Perfect Condition,95.00,USD,Pre-owned,3000,FIXED_PRICE,https://www.ebay.com/itm/287472129514?_skw=Rolex+1160&hash=item42eeac95ea:g:LgAAAeSwpwZqXPtI,https://i.ebayimg.com/images/g/LgAAAeSwpwZqXPtI/s-l225.jpg,rojamalex,3920,99.9,0.00,USD,US,New York,2026-07-19T16:30:33.000Z
batch_20260729_214347,iuid_8c040b15fd0749dd,rolex_1160_6802,Rolex 1160,4,v1,EBAY_US,2026-07-29T21:44:26+00:00,v1|287472114912|0,GENUINE Rolex 1120 1130 1160 1161 1165 6648 Setting Lever Perfect Condition,95.00,USD,Pre-owned,3000,FIXED_PRICE,https://www.ebay.com/itm/287472114912?_skw=Rolex+1160&hash=item42eeac5ce0:g:iTIAAeSwmaVqXPma,https://i.ebayimg.com/images/g/iTIAAeSwmaVqXPma/s-l225.jpg,rojamalex,3920,99.9,0.00,USD,US,New York,2026-07-19T16:22:43.000Z
batch_20260729_214347,iuid_8c040b15fd0749dd,rolex_1160_6802,Rolex 1160,4,v1,EBAY_US,2026-07-29T21:44:26+00:00,v1|287472105108|0,GENUINE Rolex 1120 1130 1160 1161 1165 6637 Winding Pinion Perfect Condition,65.00,USD,Pre-owned,3000,FIXED_PRICE,https://www.ebay.com/itm/287472105108?_skw=Rolex+1160&hash=item42eeac3694:g:F3UAAeSw9ZVqVmrd,https://i.ebayimg.com/images/g/F3UAAeSw9ZVqVmrd/s-l225.jpg,rojamalex,3920,99.9,0.00,USD,US,New York,2026-07-19T16:13:17.000Z
batch_20260729_214347,iuid_8c040b15fd0749dd,rolex_1160_6802,Rolex 1160,4,v1,EBAY_US,2026-07-29T21:44:26+00:00,v1|287461360527|0,GENUINE Rolex 1130 1135 1160 1161 1165 6671 Second Wheel Perfect Working Cond.,80.00,USD,Pre-owned,3000,FIXED_PRICE,https://www.ebay.com/itm/287461360527?_skw=Rolex+1160&hash=item42ee08438f:g:UPcAAeSw9h1qVmuf,https://i.ebayimg.com/images/g/UPcAAeSw9h1qVmuf/s-l225.jpg,rojamalex,3920,99.9,0.00,USD,US,New York,2026-07-14T17:03:21.000Z
batch_20260729_214347,iuid_8c040b15fd0749dd,rolex_1160_6802,Rolex 1160,4,v1,EBAY_US,2026-07-29T21:44:26+00:00,v1|287461353758|0,GENUINE Rolex 1120 1130 1160 66009 Second Wheel Perfect Working Condition,90.00,USD,Pre-owned,3000,FIXED_PRICE,https://www.ebay.com/itm/287461353758?_skw=Rolex+1160&hash=item42ee08291e:g:F3UAAeSw9ZVqVmrd,https://i.ebayimg.com/images/g/F3UAAeSw9ZVqVmrd/s-l225.jpg,rojamalex,3920,99.9,0.00,USD,US,New York,2026-07-14T17:00:22.000Z
batch_20260729_214347,iuid_8c040b15fd0749dd,rolex_1160_6802,Rolex 1160,4,v1,EBAY_US,2026-07-29T21:44:26+00:00,v1|278181918334|0,GENUINE Rolex 1130 1135 1160 1161 1165 6673 Third Wheel Perfect Working Cond.,75.00,USD,Pre-owned,3000,FIXED_PRICE,https://www.ebay.com/itm/278181918334?_skw=Rolex+1160&hash=item40c4ef367e:g:1HYAAeSwErFqVmna,https://i.ebayimg.com/images/g/1HYAAeSwErFqVmna/s-l225.jpg,rojamalex,3920,99.9,0.00,USD,US,New York,2026-07-14T16:56:11.000Z
batch_20260729_214347,iuid_8c040b15fd0749dd,rolex_1160_6802,Rolex 1160,4,v1,EBAY_US,2026-07-29T21:44:26+00:00,v1|278181704617|0,GENUINE Rolex 1120 1130 1160 6612 Escape Wheel Perfect Working Condition,130.00,USD,Pre-owned,3000,FIXED_PRICE,https://www.ebay.com/itm/278181704617?_skw=Rolex+1160&hash=item40c4ebf3a9:g:Q6gAAeSw2OhqVlg3,https://i.ebayimg.com/images/g/Q6gAAeSw2OhqVlg3/s-l225.jpg,rojamalex,3920,99.9,0.00,USD,US,New York,2026-07-14T15:40:44.000Z
batch_20260729_214347,iuid_8c040b15fd0749dd,rolex_1160_6802,Rolex 1160,4,v1,EBAY_US,2026-07-29T21:44:26+00:00,v1|287448543392|0,GENUINE Rolex 1130 1160 1161 1165 Silver Dial With Hands Perfect Condition,160.00,USD,Pre-owned,3000,FIXED_PRICE,https://www.ebay.com/itm/287448543392?_skw=Rolex+1160&hash=item42ed44b0a0:g:PYgAAeSwMTpqTu9v,https://i.ebayimg.com/images/g/PYgAAeSwMTpqTu9v/s-l225.jpg,rojamalex,3920,99.9,0.00,USD,US,New York,2026-07-09T00:49:14.000Z
batch_20260729_214347,iuid_8c040b15fd0749dd,rolex_1160_6802,Rolex 1160,4,v1,EBAY_US,2026-07-29T21:44:26+00:00,v1|398148564711|0,Rolex 1160-1160 Mainplate - Flat,187.89,USD,Usato,3000,FIXED_PRICE,https://www.ebay.com/itm/398148564711?_skw=Rolex+1160&hash=item5cb380f6e7:g:DZQAAeSwQ~FqTKwA,https://i.ebayimg.com/images/g/DZQAAeSwQ~FqTKwA/s-l225.jpg,antfra8512,149,100.0,45.55,USD,IT,Nocera Inferiore,2026-07-07T07:34:59.000Z
batch_20260729_214347,iuid_8c040b15fd0749dd,rolex_1160_6802,Rolex 1160,4,v1,EBAY_US,2026-07-29T21:44:26+00:00,v1|287443198998|0,GENUINE Rolex 1130 1135 1160 1161 1165 6697 Stem With Yellow Gold Crown Perfect,130.00,USD,Pre-owned,3000,FIXED_PRICE,https://www.ebay.com/itm/287443198998?_skw=Rolex+1160&hash=item42ecf32416:g:ZPIAAeSw8sJqTGf6,https://i.ebayimg.com/images/g/ZPIAAeSw8sJqTGf6/s-l225.jpg,rojamalex,3920,99.9,0.00,USD,US,New York,2026-07-07T02:45:32.000Z
batch_20260729_214347,iuid_8c040b15fd0749dd,rolex_1160_6802,Rolex 1160,4,v1,EBAY_US,2026-07-29T21:44:26+00:00,v1|800262463369|0,"ROLEX 1130 Oscillanting Weight Cod. 1130-6735 Calib: 1130, 1135, 1160, 1161, ...",350.89,USD,New with tags,1000,FIXED_PRICE,https://www.ebay.com/itm/800262463369?_skw=Rolex+1160&hash=itemba535c1f89:g:9jgAAeSwA6hqQpIh,https://i.ebayimg.com/images/g/9jgAAeSwA6hqQpIh/s-l225.jpg,tick-tock_tick-tock,11,100.0,21.27,USD,CA,,2026-06-29T15:42:18.000Z
batch_20260729_214347,iuid_8c040b15fd0749dd,rolex_1160_6802,Rolex 1160,4,v1,EBAY_US,2026-07-29T21:44:26+00:00,v1|800262457719|0,"ROLEX 1130 Oscillanting Weight Cod. 1130-6735 Calib: 1130, 1135, 1160, 1161, ...",350.89,USD,New with tags,1000,FIXED_PRICE,https://www.ebay.com/itm/800262457719?_skw=Rolex+1160&hash=itemba535c0977:g:LGcAAeSwk8FqQpFK,https://i.ebayimg.com/images/g/LGcAAeSwk8FqQpFK/s-l225.jpg,tick-tock_tick-tock,11,100.0,21.27,USD,CA,,2026-06-29T15:40:14.000Z
batch_20260729_214347,iuid_8c040b15fd0749dd,rolex_1160_6802,Rolex 1160,4,v1,EBAY_US,2026-07-29T21:44:26+00:00,v1|336652286558|0,ROLEX Watch Oyster Perpetual Date 6517 Cal.1160 Automatic Silver Dial Women's,3007.46,USD,Used,3000,FIXED_PRICE|BEST_OFFER,https://www.ebay.com/itm/336652286558?_skw=Rolex+1160&hash=item4e620a3a5e:g:9ggAAeSw7uhqObl~,https://i.ebayimg.com/images/g/9ggAAeSw7uhqObl~/s-l225.jpg,miyako_sunrise,3091,99.1,0.00,USD,JP,,2026-06-22T22:34:52.000Z
batch_20260729_214347,iuid_8c040b15fd0749dd,rolex_1160_6802,Rolex 1160,4,v1,EBAY_US,2026-07-29T21:44:26+00:00,v1|327282249111|0,ROLEX OysterPerpetual Date 6517 vintage Cal.1160 Automatic Ladies Watch G#147107,2079.35,USD,Pre-owned - Good,3000,FIXED_PRICE,https://www.ebay.com/itm/327282249111?_skw=Rolex+1160&hash=item4c338acd97:g:4ykAAeSw3alqOIJ9,https://i.ebayimg.com/images/g/4ykAAeSw3alqOIJ9/s-l225.jpg,aonohappa,10991,99.7,315.00,USD,JP,,2026-07-28T01:51:28.000Z
batch_20260729_214347,iuid_8c040b15fd0749dd,rolex_1160_6802,Rolex 1160,4,v1,EBAY_US,2026-07-29T21:44:26+00:00,v1|327221453030|0,ROLEX Oyster Perpetual Date 6517 vintage Cal.1160 Automatic Ladies M#145604,2079.35,USD,Pre-owned - Good,3000,FIXED_PRICE,https://www.ebay.com/itm/327221453030?_skw=Rolex+1160&hash=item4c2feb20e6:g:cE8AAeSwKXpqNQNH,https://i.ebayimg.com/images/g/cE8AAeSwKXpqNQNH/s-l225.jpg,aonohappa,10991,99.7,0.00,USD,JP,,2026-06-19T08:52:28.000Z
batch_20260729_214347,iuid_8c040b15fd0749dd,rolex_1160_6802,Rolex 1160,4,v1,EBAY_US,2026-07-29T21:44:26+00:00,v1|158007848775|0,Genuine Rolex Ladies Champagne Date Disc 2030 2035 1160 1161 Calendar Indicator,69.00,USD,Pre-owned,3000,FIXED_PRICE|BEST_OFFER,https://www.ebay.com/itm/158007848775?_skw=Rolex+1160&hash=item24ca006f47:g:9Y8AAeSwX5NqMvSv,https://i.ebayimg.com/images/g/9Y8AAeSwX5NqMvSv/s-l225.jpg,laquintawatchery,654,100.0,,,US,La Quinta,2026-06-17T19:27:50.000Z
batch_20260729_214347,iuid_8c040b15fd0749dd,rolex_1160_6802,Rolex 1160,4,v1,EBAY_US,2026-07-29T21:44:26+00:00,v1|158006260101|0,Vintage Rolex Ladies Gold Hands Only Cal 1160 1161 2030 2035 Datejust 6517 6917,89.00,USD,Pre-owned,3000,FIXED_PRICE|BEST_OFFER,https://www.ebay.com/itm/158006260101?_skw=Rolex+1160&hash=item24c9e83185:g:XF0AAeSwV0tqMiBM,https://i.ebayimg.com/images/g/XF0AAeSwV0tqMiBM/s-l225.jpg,laquintawatchery,654,100.0,,,US,La Quinta,2026-06-17T04:21:45.000Z
batch_20260729_214347,iuid_8c040b15fd0749dd,rolex_1160_6802,Rolex 1160,4,v1,EBAY_US,2026-07-29T21:44:26+00:00,v1|158002792392|0,Genuine Rolex Ladies Champagne Date Disc 2030 2035 1160 1161 Calendar Indicator,59.00,USD,Pre-owned,3000,FIXED_PRICE|BEST_OFFER,https://www.ebay.com/itm/158002792392?_skw=Rolex+1160&hash=item24c9b347c8:g:xBQAAeSwfgZqMFu9,https://i.ebayimg.com/images/g/xBQAAeSwfgZqMFu9/s-l225.jpg,laquintawatchery,654,100.0,,,US,La Quinta,2026-06-15T20:13:26.000Z
batch_20260729_214347,iuid_8c040b15fd0749dd,rolex_1160_6802,Rolex 1160,4,v1,EBAY_US,2026-07-29T21:44:26+00:00,v1|227386224554|0,Rolex 95019-2 Equal to New Jewel 1160 1165 1166 3156 Jewel,36.32,USD,Usato,3000,FIXED_PRICE|BEST_OFFER,https://www.ebay.com/itm/227386224554?_skw=Rolex+1160&hash=item34f1466faa:g:PYMAAeSwLw9qReP-,https://i.ebayimg.com/images/g/PYMAAeSwLw9qReP-/s-l225.jpg,*rarecollections,1405,100.0,51.24,USD,IT,,2026-06-13T06:59:33.000Z
batch_20260729_214347,iuid_8c040b15fd0749dd,rolex_1160_6802,Rolex 1160,4,v1,EBAY_US,2026-07-29T21:44:26+00:00,v1|227386224553|0,Rolex 95019-2 Excellent Condition Jewel 1160 1165 1166 3156,36.66,USD,Pre-owned,3000,FIXED_PRICE|BEST_OFFER,https://www.ebay.com/itm/227386224553?_skw=Rolex+1160&hash=item34f1466fa9:g:vp8AAeSw9AZqMWWo,https://i.ebayimg.com/images/g/vp8AAeSw9AZqMWWo/s-l225.jpg,*rarecollections,1405,100.0,55.00,USD,IT,,2026-06-13T06:59:32.000Z
batch_20260729_214347,iuid_8c040b15fd0749dd,rolex_1160_6802,Rolex 1160,4,v1,EBAY_US,2026-07-29T21:44:26+00:00,v1|188503747966|0,OEM Rolex 1130=1135=1160=1161=1165=1166 Rotor Oscillating Weight Bolt-Axle 6738,114.95,USD,New with tags,1000,FIXED_PRICE|BEST_OFFER,https://www.ebay.com/itm/188503747966?_skw=Rolex+1160&hash=item2be3b2ed7e:g:7LUAAeSw4rJqLJbS,https://i.ebayimg.com/images/g/7LUAAeSw4rJqLJbS/s-l225.jpg,1bwpanda,11812,100.0,7.95,USD,US,Biloxi,2026-06-12T23:35:09.000Z
batch_20260729_214347,iuid_8c040b15fd0749dd,rolex_1160_6802,Rolex 1160,4,v1,EBAY_US,2026-07-29T21:44:26+00:00,v1|236869156331|0,ROLEX Oyster perpetual 6619 vintage Cal.1160 Automatic Ladies Watch L#148241,2989.35,USD,Pre-owned - Good,3000,FIXED_PRICE,https://www.ebay.com/itm/236869156331?_skw=Rolex+1160&hash=item3726807deb:g:gz0AAeSw0FdqKSW8,https://i.ebayimg.com/images/g/gz0AAeSw0FdqKSW8/s-l225.jpg,aonohappa,10991,99.7,0.00,USD,JP,,2026-06-10T08:52:14.000Z
batch_20260729_214347,iuid_8c040b15fd0749dd,rolex_1160_6802,Rolex 1160,4,v1,EBAY_US,2026-07-29T21:44:26+00:00,v1|227404900247|0,Original Vintage Rolex Oyster Perpetual Cal. 1130/1160 Dial - 18.3mm diameter,93.01,USD,New without tags,1500,FIXED_PRICE|BEST_OFFER,https://www.ebay.com/itm/227404900247?_skw=Rolex+1160&hash=item34f2636797:g:4EoAAeSw6oxp49FG,https://i.ebayimg.com/images/g/4EoAAeSw6oxp49FG/s-l225.jpg,drjcr09,489,100.0,,,GB,BEACONSFIELD,2026-06-27T15:59:42.000Z
batch_20260729_214347,iuid_8c040b15fd0749dd,rolex_1160_6802,Rolex 1160,4,v1,EBAY_US,2026-07-29T21:44:26+00:00,v1|267714030810|0,ROLEX CAL 1130 1160 1120-6604 6670 Center Wheel Without Minutes Hub,96.01,USD,Pre-owned - Good,3000,FIXED_PRICE|BEST_OFFER,https://www.ebay.com/itm/267714030810?_skw=Rolex+1160&hash=item3e54ffecda:g:gbMAAOSwROVnbunu,https://i.ebayimg.com/images/g/gbMAAOSwROVnbunu/s-l225.jpg,passionevintagerlx,1222,100.0,45.58,USD,IT,Castiglion Fiorentino,2026-07-01T22:33:38.000Z
batch_20260729_214347,iuid_8c040b15fd0749dd,rolex_1160_6802,Rolex 1160,4,v1,EBAY_US,2026-07-29T21:44:26+00:00,v1|157781930311|0,Original Vintage Rolex Cal. 1160 Setting Lever Spring,80.00,USD,Pre-owned,3000,FIXED_PRICE,https://www.ebay.com/itm/157781930311?_skw=Rolex+1160&hash=item24bc893147:g:URkAAeSwu~dpwtqb,https://i.ebayimg.com/images/g/URkAAeSwu~dpwtqb/s-l225.jpg,amadeus12,825,100.0,20.50,USD,AR,,2026-03-24T18:49:06.000Z
batch_20260729_214347,iuid_8c040b15fd0749dd,rolex_1160_6802,Rolex 1160,4,v1,EBAY_US,2026-07-29T21:44:26+00:00,v1|157777299824|0,Original Vintage Rolex Cal. 1160 Center Second  Part 6676,80.00,USD,Pre-owned,3000,FIXED_PRICE,https://www.ebay.com/itm/157777299824?_skw=Rolex+1160&hash=item24bc428970:g:Kq0AAeSwm7JpwFfy,https://i.ebayimg.com/images/g/Kq0AAeSwm7JpwFfy/s-l225.jpg,amadeus12,825,100.0,20.50,USD,AR,,2026-03-22T21:23:02.000Z
batch_20260729_214347,iuid_8c040b15fd0749dd,rolex_1160_6802,Rolex 1160,4,v1,EBAY_US,2026-07-29T21:44:26+00:00,v1|227250398652|0,Genuine Rolex Datejust 6516 6517 6519 Stainless Steel Case Cal 1160/1130/1120,375.00,USD,Pre-owned,3000,FIXED_PRICE|BEST_OFFER,https://www.ebay.com/itm/227250398652?_skw=Rolex+1160&hash=item34e92de5bc:g:8I8AAeSwPfRpsKYd,https://i.ebayimg.com/images/g/8I8AAeSwPfRpsKYd/s-l225.jpg,only-genuine-parts,3736,100.0,0.00,USD,US,Anaheim,2026-03-10T23:16:46.000Z
batch_20260729_214347,iuid_8c040b15fd0749dd,rolex_1160_6802,Rolex 1160,4,v1,EBAY_US,2026-07-29T21:44:26+00:00,v1|227250394305|0,Genuine Rolex Datejust 6516 6517 6519 Stainless Steel Case Cal 1160/1130/1120,375.00,USD,Pre-owned,3000,FIXED_PRICE|BEST_OFFER,https://www.ebay.com/itm/227250394305?_skw=Rolex+1160&hash=item34e92dd4c1:g:~lsAAeSwu6hpsKOn,https://i.ebayimg.com/images/g/~lsAAeSwu6hpsKOn/s-l225.jpg,only-genuine-parts,3736,100.0,0.00,USD,US,Anaheim,2026-03-10T23:07:27.000Z
batch_20260729_214347,iuid_8c040b15fd0749dd,rolex_1160_6802,Rolex 1160,4,v1,EBAY_US,2026-07-29T21:44:26+00:00,v1|227230831205|0,Rolex 1120 6637 New Blister X1 Piece X1 Piece Winding Pinion 1100 1130 1135 1160,87.31,USD,New with tags,1000,FIXED_PRICE|BEST_OFFER,https://www.ebay.com/itm/227230831205?_skw=Rolex+1160&hash=item34e8035265:g:RP8AAeSwHt1qSAol,https://i.ebayimg.com/images/g/RP8AAeSwHt1qSAol/s-l225.jpg,*rarecollections,1405,100.0,55.00,USD,IT,,2026-02-24T19:16:21.000Z
batch_20260729_214347,iuid_8c040b15fd0749dd,rolex_1160_6802,Rolex 1160,4,v1,EBAY_US,2026-07-29T21:44:26+00:00,v1|227229447800|0,Rolex 1130 6737 New Blister X1 Piece X1 Piece Winding Wheel 1135 1160 1161 1165,99.96,USD,New with tags,1000,FIXED_PRICE|BEST_OFFER,https://www.ebay.com/itm/227229447800?_skw=Rolex+1160&hash=item34e7ee3678:g:8icAAeSwFolqSB53,https://i.ebayimg.com/images/g/8icAAeSwFolqSB53/s-l225.jpg,*rarecollections,1405,100.0,55.00,USD,IT,,2026-02-23T19:16:05.000Z
batch_20260729_214347,iuid_8c040b15fd0749dd,rolex_1160_6802,Rolex 1160,4,v1,EBAY_US,2026-07-29T21:44:26+00:00,v1|227229447782|0,Rolex 1130 6737 New NEW Blister X1 Piece Loading Wheel 1135 1160 1161,98.95,USD,Nuovo con etichette,1000,FIXED_PRICE|BEST_OFFER,https://www.ebay.com/itm/227229447782?_skw=Rolex+1160&hash=item34e7ee3666:g:SiQAAeSwfVNqaYEQ,https://i.ebayimg.com/images/g/SiQAAeSwfVNqaYEQ/s-l225.jpg,*rarecollections,1405,100.0,51.24,USD,IT,,2026-02-23T19:16:04.000Z
batch_20260729_214347,iuid_8c040b15fd0749dd,rolex_1160_6802,Rolex 1160,4,v1,EBAY_US,2026-07-29T21:44:26+00:00,v1|227229432557|0,"Rolex 1120 6622 New Blister X1 Piece X1 Piece Screw for Barrel, 1130 1135 1160 1",36.66,USD,New with tags,1000,FIXED_PRICE|BEST_OFFER,https://www.ebay.com/itm/227229432557?_skw=Rolex+1160&hash=item34e7edfaed:g:yV8AAeSw8utqMVg1,https://i.ebayimg.com/images/g/yV8AAeSw8utqMVg1/s-l225.jpg,*rarecollections,1405,100.0,55.00,USD,IT,,2026-02-23T19:04:16.000Z
batch_20260729_214347,iuid_8c040b15fd0749dd,rolex_1160_6802,Rolex 1160,4,v1,EBAY_US,2026-07-29T21:44:26+00:00,v1|227229432295|0,Rolex 1120 6657 New Blister X1 Piece X1 Piece Hour Wheel 1100 1130 1160 1161 116,99.96,USD,New with tags,1000,FIXED_PRICE|BEST_OFFER,https://www.ebay.com/itm/227229432295?_skw=Rolex+1160&hash=item34e7edf9e7:g:5nkAAeSwxNpqSB3p,https://i.ebayimg.com/images/g/5nkAAeSwxNpqSB3p/s-l225.jpg,*rarecollections,1405,100.0,55.00,USD,IT,,2026-02-23T19:03:58.000Z
batch_20260729_214347,iuid_8c040b15fd0749dd,rolex_1160_6802,Rolex 1160,4,v1,EBAY_US,2026-07-29T21:44:26+00:00,v1|227229432283|0,Rolex 1120 6657 New NEW Blister X1 Piece Hour Wheel 1100 1130 1160,98.95,USD,Nuovo con etichette,1000,FIXED_PRICE|BEST_OFFER,https://www.ebay.com/itm/227229432283?_skw=Rolex+1160&hash=item34e7edf9db:g:k88AAeSwPtpqSFcC,https://i.ebayimg.com/images/g/k88AAeSwPtpqSFcC/s-l225.jpg,*rarecollections,1405,100.0,51.24,USD,IT,,2026-02-23T19:03:57.000Z
batch_20260729_214347,iuid_8c040b15fd0749dd,rolex_1160_6802,Rolex 1160,4,v1,EBAY_US,2026-07-29T21:44:26+00:00,v1|227229432053|0,Rolex 1120 6639 New Blister X1 Piece X1 Piece Crown Wheel 1100 1130 1135 1160 11,74.65,USD,New with tags,1000,FIXED_PRICE|BEST_OFFER,https://www.ebay.com/itm/227229432053?_skw=Rolex+1160&hash=item34e7edf8f5:g:JaQAAeSwWJxqSBY-,https://i.ebayimg.com/images/g/JaQAAeSwWJxqSBY-/s-l225.jpg,*rarecollections,1405,100.0,55.00,USD,IT,,2026-02-23T19:03:47.000Z
batch_20260729_214347,iuid_8c040b15fd0749dd,rolex_1160_6802,Rolex 1160,4,v1,EBAY_US,2026-07-29T21:44:26+00:00,v1|227229432002|0,Rolex 1120 6639 New NEW Blister X1 Piece Crown Wheel 1100 1130 1135 1160,73.90,USD,Nuovo con etichette,1000,FIXED_PRICE|BEST_OFFER,https://www.ebay.com/itm/227229432002?_skw=Rolex+1160&hash=item34e7edf8c2:g:apcAAeSwAnNqSFHW,https://i.ebayimg.com/images/g/apcAAeSwAnNqSFHW/s-l225.jpg,*rarecollections,1405,100.0,51.24,USD,IT,,2026-02-23T19:03:46.000Z
batch_20260729_214347,iuid_8c040b15fd0749dd,rolex_1160_6802,Rolex 1160,4,v1,EBAY_US,2026-07-29T21:44:26+00:00,v1|227229431295|0,Rolex 1120 6643 New Blister X1 Piece X1 Piece Ratchet Wheel 1100 1130 1135 1160,99.85,USD,New with tags,1000,FIXED_PRICE|BEST_OFFER,https://www.ebay.com/itm/227229431295?_skw=Rolex+1160&hash=item34e7edf5ff:g:r~UAAeSwNhtqSBX1,https://i.ebayimg.com/images/g/r~UAAeSwNhtqSBX1/s-l225.jpg,*rarecollections,1405,100.0,55.00,USD,IT,,2026-02-23T19:03:33.000Z
batch_20260729_214347,iuid_8c040b15fd0749dd,rolex_1160_6802,Rolex 1160,4,v1,EBAY_US,2026-07-29T21:44:26+00:00,v1|227229431285|0,Rolex 1120 6643 New NEW Blister X1 Piece Spool 1100 1130 1135 1160 1161,98.95,USD,Nuovo con etichette,1000,FIXED_PRICE|BEST_OFFER,https://www.ebay.com/itm/227229431285?_skw=Rolex+1160&hash=item34e7edf5f5:g:NZ8AAeSwltBqSFEP,https://i.ebayimg.com/images/g/NZ8AAeSwltBqSFEP/s-l225.jpg,*rarecollections,1405,100.0,51.24,USD,IT,,2026-02-23T19:03:32.000Z
batch_20260729_214347,iuid_8c040b15fd0749dd,rolex_1160_6802,Rolex 1160,4,v1,EBAY_US,2026-07-29T21:44:26+00:00,v1|227229430283|0,Rolex 1120 6654 New Blister X1 Piece X1 Piece Setting Lever 1100 1130 1135 1160,74.65,USD,New with tags,1000,FIXED_PRICE|BEST_OFFER,https://www.ebay.com/itm/227229430283?_skw=Rolex+1160&hash=item34e7edf20b:g:WCsAAeSwB1xqSBSz,https://i.ebayimg.com/images/g/WCsAAeSwB1xqSBSz/s-l225.jpg,*rarecollections,1405,100.0,55.00,USD,IT,,2026-02-23T19:03:06.000Z
batch_20260729_214347,iuid_8c040b15fd0749dd,rolex_1160_6802,Rolex 1160,4,v1,EBAY_US,2026-07-29T21:44:26+00:00,v1|227229430276|0,Rolex 1120 6654 New NEW Blister X1 Part Shipping 1100 1130 1135 1160 1161,73.90,USD,Nuovo con etichette,1000,FIXED_PRICE|BEST_OFFER,https://www.ebay.com/itm/227229430276?_skw=Rolex+1160&hash=item34e7edf204:g:-icAAeSwroZqSFD3,https://i.ebayimg.com/images/g/-icAAeSwroZqSFD3/s-l225.jpg,*rarecollections,1405,100.0,51.24,USD,IT,,2026-02-23T19:03:05.000Z
batch_20260729_214347,iuid_8c040b15fd0749dd,rolex_1160_6802,Rolex 1160,4,v1,EBAY_US,2026-07-29T21:44:26+00:00,v1|227229430124|0,Rolex 1120 6656 New Blister X1 Piece X1 Piece Cannon Pinion 1100 1130 1160 1161,99.96,USD,New with tags,1000,FIXED_PRICE|BEST_OFFER,https://www.ebay.com/itm/227229430124?_skw=Rolex+1160&hash=item34e7edf16c:g:53YAAeSwyehqSAh6,https://i.ebayimg.com/images/g/53YAAeSwyehqSAh6/s-l225.jpg,*rarecollections,1405,100.0,55.00,USD,IT,,2026-02-23T19:02:53.000Z
batch_20260729_214347,iuid_8c040b15fd0749dd,rolex_1160_6802,Rolex 1160,4,v1,EBAY_US,2026-07-29T21:44:26+00:00,v1|227229430121|0,Rolex 1120 6656 New NEW Blister X1 Piece Sprocket Fit 1100 1130 1160,98.95,USD,Nuovo con etichette,1000,FIXED_PRICE|BEST_OFFER,https://www.ebay.com/itm/227229430121?_skw=Rolex+1160&hash=item34e7edf169:g:M4oAAeSwALdqSEg~,https://i.ebayimg.com/images/g/M4oAAeSwALdqSEg~/s-l225.jpg,*rarecollections,1405,100.0,51.24,USD,IT,,2026-02-23T19:02:52.000Z
batch_20260729_214347,iuid_8c040b15fd0749dd,rolex_1160_6802,Rolex 1160,4,v1,EBAY_US,2026-07-29T21:44:26+00:00,v1|227229429888|0,Rolex 1120 6647 New Blister X1 Piece X1 Piece Spring Click 1100 1130 1135 1160 1,49.35,USD,New with tags,1000,FIXED_PRICE|BEST_OFFER,https://www.ebay.com/itm/227229429888?_skw=Rolex+1160&hash=item34e7edf080:g:MqkAAeSwiXBqMSBB,https://i.ebayimg.com/images/g/MqkAAeSwiXBqMSBB/s-l225.jpg,*rarecollections,1405,100.0,55.00,USD,IT,,2026-02-23T19:02:30.000Z
batch_20260729_214347,iuid_8c040b15fd0749dd,rolex_1160_6802,Rolex 1160,4,v1,EBAY_US,2026-07-29T21:44:26+00:00,v1|227229426453|0,Rolex 1120 6645 New NEW Blister X1 Piece Ratchet 1100 1130 1135 1160 1161,61.38,USD,Nuovo con etichette,1000,FIXED_PRICE|BEST_OFFER,https://www.ebay.com/itm/227229426453?_skw=Rolex+1160&hash=item34e7ede315:g:rYcAAeSw5BVqSDya,https://i.ebayimg.com/images/g/rYcAAeSw5BVqSDya/s-l225.jpg,*rarecollections,1405,100.0,51.24,USD,IT,,2026-02-23T18:59:52.000Z
batch_20260729_214347,iuid_8c040b15fd0749dd,rolex_1160_6802,Rolex 1160,4,v1,EBAY_US,2026-07-29T21:44:26+00:00,v1|227229426462|0,Rolex 1120 6645 New Blister X1 Piece X1 Piece Click 1100 1130 1135 1160 1161 116,62.00,USD,New with tags,1000,FIXED_PRICE|BEST_OFFER,https://www.ebay.com/itm/227229426462?_skw=Rolex+1160&hash=item34e7ede31e:g:n~YAAeSwltBqR~mU,https://i.ebayimg.com/images/g/n~YAAeSwltBqR~mU/s-l225.jpg,*rarecollections,1405,100.0,55.00,USD,IT,,2026-02-23T18:59:52.000Z
batch_20260729_214347,iuid_8c040b15fd0749dd,rolex_1160_6802,Rolex 1160,4,v1,EBAY_US,2026-07-29T21:44:26+00:00,v1|227229424988|0,Rolex 1120 6697 New NEW Blister X1 Piece Cargo Shaft 1130 1135 1160,98.95,USD,Nuovo con etichette,1000,FIXED_PRICE|BEST_OFFER,https://www.ebay.com/itm/227229424988?_skw=Rolex+1160&hash=item34e7eddd5c:g:p0QAAeSwLuxqaikt,https://i.ebayimg.com/images/g/p0QAAeSwLuxqaikt/s-l225.jpg,*rarecollections,1405,100.0,51.24,USD,IT,,2026-02-23T18:58:24.000Z
batch_20260729_214347,iuid_8c040b15fd0749dd,rolex_1160_6802,Rolex 1160,4,v1,EBAY_US,2026-07-29T21:44:26+00:00,v1|227229424991|0,Rolex 1120 6697 New Blister NOS X1 Piece Barrel Arbor 1130 1135 1160 1161 1165 1,99.77,USD,New with tags,1000,FIXED_PRICE|BEST_OFFER,https://www.ebay.com/itm/227229424991?_skw=Rolex+1160&hash=item34e7eddd5f:g:J2EAAeSwlYhqail1,https://i.ebayimg.com/images/g/J2EAAeSwlYhqail1/s-l225.jpg,*rarecollections,1405,100.0,55.00,USD,IT,,2026-02-23T18:58:24.000Z
batch_20260729_214347,iuid_1ae04a268ff24d05,rolex_1161_6831_320,Rolex 1161,4,v1,EBAY_DE,2026-07-29T21:44:29+00:00,v1|227450068727|0,Rolex Datejust 18K Weissgold Automatik Oyster Perpetual Ref. 116139,13999.00,EUR,Gebraucht - Hervorragend,2990,FIXED_PRICE|BEST_OFFER,https://www.ebay.de/itm/227450068727?_skw=Rolex+1161&hash=item34f5149ef7:g:Ko4AAeSw5-9qDWRV,https://i.ebayimg.com/images/g/Ko4AAeSw5-9qDWRV/s-l225.jpg,pr60325,295,100.0,129.00,EUR,DE,Frankfurt am Main,2026-07-27T11:37:23.000Z
batch_20260729_214347,iuid_1ae04a268ff24d05,rolex_1161_6831_320,Rolex 1161,4,v1,EBAY_DE,2026-07-29T21:44:29+00:00,v1|800393975541|0,Rolex Oyster Perpetual Date 26mm Stahl Gold Gold Steel Ref 6517 Cal 1161,3800.00,EUR,Usato - Eccellente,2990,FIXED_PRICE|BEST_OFFER,https://www.ebay.de/itm/800393975541?_skw=Rolex+1161&hash=itemba5b32d6f5:g:ebAAAeSwDhxqYgH8,https://i.ebayimg.com/images/g/ebAAAeSwDhxqYgH8/s-l225.jpg,luxurytime.shop,2139,99.8,100.00,EUR,IT,,2026-07-23T11:46:30.000Z
batch_20260729_214347,iuid_1ae04a268ff24d05,rolex_1161_6831_320,Rolex 1161,4,v1,EBAY_DE,2026-07-29T21:44:29+00:00,v1|407081383631|0,#2059 ORIGINAL ROLEX LADY DATE 2035 2135 1161 ZIFFERBLATT 6917 69173 6916 6517,119.99,EUR,Gebraucht,3000,FIXED_PRICE,https://www.ebay.de/itm/407081383631?_skw=Rolex+1161&hash=item5ec7f0f6cf:g:kTIAAeSwYwRqWy-T,https://i.ebayimg.com/images/g/kTIAAeSwYwRqWy-T/s-l225.jpg,state_of_time,3866,100.0,6.95,EUR,DE,Gersthofen,2026-07-18T07:48:35.000Z
batch_20260729_214347,iuid_1ae04a268ff24d05,rolex_1161_6831_320,Rolex 1161,4,v1,EBAY_DE,2026-07-29T21:44:29+00:00,v1|298496330759|0,Rolex Date Uhrwerk Cal. 1161,1003.11,EUR,Usato - Buono,3000,FIXED_PRICE|BEST_OFFER,https://www.ebay.de/itm/298496330759?_skw=Rolex+1161&hash=item457fc48c07:g:QEgAAeSwZl5qT6fw,https://i.ebayimg.com/images/g/QEgAAeSwZl5qT6fw/s-l225.jpg,clagian-8,18,100.0,25.00,EUR,IT,Vigevano,2026-07-11T14:12:14.000Z
batch_20260729_214347,iuid_1ae04a268ff24d05,rolex_1161_6831_320,Rolex 1161,4,v1,EBAY_DE,2026-07-29T21:44:29+00:00,v1|236925243791|0,Rolex Oyster Perpetual Date Lady Ref.6517 1968 original Box sehr gut Vintage,4196.00,EUR,Gebraucht - Gut,3000,FIXED_PRICE,https://www.ebay.de/itm/236925243791?_skw=Rolex+1161&hash=item3729d8518f:g:iFcAAeSw8fBqVrR~,https://i.ebayimg.com/images/g/iFcAAeSw8fBqVrR~/s-l225.jpg,juwelierhaeffner,9599,100.0,30.00,EUR,DE,Stuttgart,2026-07-08T15:54:12.000Z
batch_20260729_214347,iuid_1ae04a268ff24d05,rolex_1161_6831_320,Rolex 1161,4,v1,EBAY_DE,2026-07-29T21:44:29+00:00,v1|158066540662|0,Rolex Oyster Lady Date 6702 vintage Kal. 1161 18 KT Gold mit Goldband aus 1970,6790.00,EUR,Gebraucht - Gut,3000,FIXED_PRICE|BEST_OFFER,https://www.ebay.de/itm/158066540662?_skw=Rolex+1161&hash=item24cd800076:g:kAgAAeSwEZhqTkg2,https://i.ebayimg.com/images/g/kAgAAeSwEZhqTkg2/s-l225.jpg,juweliereckstein,183,99.0,0.00,EUR,AT,Linz,2026-07-08T13:13:42.000Z
batch_20260729_214347,iuid_1ae04a268ff24d05,rolex_1161_6831_320,Rolex 1161,4,v1,EBAY_DE,2026-07-29T21:44:29+00:00,v1|377328399767|0,Rolex 1161 Original Ersatzteile (EINZELVERKAUF GRADIERT),320.00,EUR,Usato,3000,FIXED_PRICE,https://www.ebay.de/itm/377328399767?_skw=Rolex+1161&hash=item57da867597:g:tb4AAeSwoolqTj7P,https://i.ebayimg.com/images/g/tb4AAeSwoolqTj7P/s-l225.jpg,robertobed_0,3,100.0,13.00,EUR,RO,,2026-07-08T12:14:18.000Z
batch_20260729_214347,iuid_1ae04a268ff24d05,rolex_1161_6831_320,Rolex 1161,4,v1,EBAY_DE,2026-07-29T21:44:29+00:00,v1|188593891410|0,Rolex Oyster Perpetual - Ref. 6623 - Automatikkaliber 1161,2700.00,EUR,Occasion - Bon état,3010,FIXED_PRICE|BEST_OFFER,https://www.ebay.de/itm/188593891410?_skw=Rolex+1161&hash=item2be9126852:g:q1MAAeSwNPJqR5iQ,https://i.ebayimg.com/images/g/q1MAAeSwNPJqR5iQ/s-l225.jpg,korg112,486,100.0,70.00,EUR,FR,Marseille I,2026-07-03T11:11:16.000Z
batch_20260729_214347,iuid_1ae04a268ff24d05,rolex_1161_6831_320,Rolex 1161,4,v1,EBAY_DE,2026-07-29T21:44:29+00:00,v1|336663639945|0,ROLEX Uhr Oyster Perpetual Date 6517 WG Lünette Cal.1161 Automatik Damen,2535.41,EUR,Gebraucht,3000,FIXED_PRICE,https://www.ebay.de/itm/336663639945?_skw=Rolex+1161&hash=item4e62b77789:g:wucAAeSwH3JqQy~u,https://i.ebayimg.com/images/g/wucAAeSwH3JqQy~u/s-l225.jpg,miyako_sunrise,3091,99.1,0.00,EUR,JP,,2026-06-30T04:17:36.000Z
batch_20260729_214347,iuid_1ae04a268ff24d05,rolex_1161_6831_320,Rolex 1161,4,v1,EBAY_DE,2026-07-29T21:44:29+00:00,v1|298431861839|0,EXTREM SELTEN!ROLEX OYSTER PERPETUAL DATEJUST 18k W GOLD REF.:116139 PAPIERE/BOX,14380.00,EUR,Gebraucht - Hervorragend,2990,FIXED_PRICE|BEST_OFFER,https://www.ebay.de/itm/298431861839?_skw=Rolex+1161&hash=item457becd44f:g:sNoAAeSwA8BqNTx~,https://i.ebayimg.com/images/g/sNoAAeSwA8BqNTx~/s-l225.jpg,luxury-classics,1068,100.0,0.00,EUR,DE,Ahrensburg,2026-06-19T14:36:37.000Z
batch_20260729_214347,iuid_1ae04a268ff24d05,rolex_1161_6831_320,Rolex 1161,4,v1,EBAY_DE,2026-07-29T21:44:29+00:00,v1|298431800857|0,SEHR SELTEN!ROLEX OYSTER PERPETUAL DATEJUST 18k WEIßGOLD REF.:116139 PAPIERE/BOX,13680.00,EUR,Gebraucht - Hervorragend,2990,FIXED_PRICE|BEST_OFFER,https://www.ebay.de/itm/298431800857?_skw=Rolex+1161&hash=item457bebe619:g:HzEAAeSwf1dqNTwN,https://i.ebayimg.com/images/g/HzEAAeSwf1dqNTwN/s-l225.jpg,luxury-classics,1068,100.0,0.00,EUR,DE,Ahrensburg,2026-06-19T14:10:23.000Z
batch_20260729_214347,iuid_1ae04a268ff24d05,rolex_1161_6831_320,Rolex 1161,4,v1,EBAY_DE,2026-07-29T21:44:29+00:00,v1|377210611561|0,"Rolex DateJust 36 Referenz 116200 Diamant-Lünette 2,20 CT für 36mm",2014.52,EUR,Neu mit Etikett,1000,FIXED_PRICE,https://www.ebay.de/itm/377210611561?_skw=Rolex+1161&hash=item57d3812769:g:95MAAOSwo5xefRYg,https://i.ebayimg.com/images/g/95MAAOSwo5xefRYg/s-l225.jpg,jewelry4less_atl,14953,99.1,73.01,EUR,US,Atlanta,2026-05-25T19:27:57.000Z
batch_20260729_214347,iuid_1ae04a268ff24d05,rolex_1161_6831_320,Rolex 1161,4,v1,EBAY_DE,2026-07-29T21:44:29+00:00,v1|318224723297|0,ROLEX Datejust 116139 Silber Gehäusegröße 36 x 36 mm Herrenuhr gebraucht #41121,15210.86,EUR,Gebraucht - Gut,3000,FIXED_PRICE,https://www.ebay.de/itm/318224723297?_skw=Rolex+1161&hash=item4a17abed61:g:3hEAAeSwkuFp5zNe,https://i.ebayimg.com/images/g/3hEAAeSwkuFp5zNe/s-l225.jpg,japans.watch.shop,11643,99.5,0.00,EUR,JP,,2026-04-30T04:54:32.000Z
batch_20260729_214347,iuid_1ae04a268ff24d05,rolex_1161_6831_320,Rolex 1161,4,v1,EBAY_DE,2026-07-29T21:44:29+00:00,v1|236784710962|0,Rolex Oyster Perpetual Date Ref.6516 1969 Full Set sehr gut Vintage,2940.00,EUR,Gebraucht - Gut,3000,FIXED_PRICE,https://www.ebay.de/itm/236784710962?_skw=Rolex+1161&hash=item372177f532:g:JcIAAeSwetZqORap,https://i.ebayimg.com/images/g/JcIAAeSwetZqORap/s-l225.jpg,juwelierhaeffner,9599,100.0,30.00,EUR,DE,Stuttgart,2026-04-28T14:24:21.000Z
batch_20260729_214347,iuid_1ae04a268ff24d05,rolex_1161_6831_320,Rolex 1161,4,v1,EBAY_DE,2026-07-29T21:44:29+00:00,v1|298269929443|0,Rolex Oyster Perpetual Lady Date Ref.6517 1967 original Box sehr gut Vintage,3287.00,EUR,Gebraucht - Gut,3000,FIXED_PRICE,https://www.ebay.de/itm/298269929443?_skw=Rolex+1161&hash=item457245efe3:g:aeYAAeSweFNqORc3,https://i.ebayimg.com/images/g/aeYAAeSweFNqORc3/s-l225.jpg,juwelierhaeffner,9599,100.0,30.00,EUR,DE,Stuttgart,2026-04-28T14:08:16.000Z
batch_20260729_214347,iuid_1ae04a268ff24d05,rolex_1161_6831_320,Rolex 1161,4,v1,EBAY_DE,2026-07-29T21:44:29+00:00,v1|298269844003|0,Rolex Oyster Perpetual Lady Date Ref.6517 1970 original Box sehr gut Vintage,3961.00,EUR,Gebraucht - Gut,3000,FIXED_PRICE,https://www.ebay.de/itm/298269844003?_skw=Rolex+1161&hash=item457244a223:g:7usAAeSwtYRqORZY,https://i.ebayimg.com/images/g/7usAAeSwtYRqORZY/s-l225.jpg,juwelierhaeffner,9599,100.0,30.00,EUR,DE,Stuttgart,2026-04-28T13:31:23.000Z
batch_20260729_214347,iuid_1ae04a268ff24d05,rolex_1161_6831_320,Rolex 1161,4,v1,EBAY_DE,2026-07-29T21:44:29+00:00,v1|406872269541|0,Rolex 1161 Original Ersatzteile (EINZELVERKAUF GRADIERT),340.00,EUR,Usato,3000,FIXED_PRICE,https://www.ebay.de/itm/406872269541?_skw=Rolex+1161&hash=item5ebb7a22e5:g:r5cAAeSwsABp5fkQ,https://i.ebayimg.com/images/g/r5cAAeSwsABp5fkQ/s-l225.jpg,robbed-673,28,100.0,13.00,EUR,RO,,2026-04-20T10:03:57.000Z
batch_20260729_214347,iuid_1ae04a268ff24d05,rolex_1161_6831_320,Rolex 1161,4,v1,EBAY_DE,2026-07-29T21:44:29+00:00,v1|377113253323|0,Rolex Oyster Perpetual Stahl / Weissgold Automatik Damenuhr Ref. 6551 Klassiker,3340.00,EUR,Gebraucht - Gut,3000,FIXED_PRICE|BEST_OFFER,https://www.ebay.de/itm/377113253323?_skw=Rolex+1161&hash=item57cdb395cb:g:wh8AAeSwIDZqQk8J,https://i.ebayimg.com/images/g/wh8AAeSwIDZqQk8J/s-l225.jpg,zeitauktion,34689,99.7,0.00,EUR,DE,,2026-04-14T13:22:15.000Z
batch_20260729_214347,iuid_1ae04a268ff24d05,rolex_1161_6831_320,Rolex 1161,4,v1,EBAY_DE,2026-07-29T21:44:29+00:00,v1|336526500792|0,Rolex 6524 Oyster Perpetual Date Cal. 1161 Automatik Damenuhr Silber,2283.57,EUR,Gebraucht - Gut,3000,FIXED_PRICE,https://www.ebay.de/itm/336526500792?_skw=Rolex+1161&hash=item4e5a8ae3b8:g:UgUAAeSwJfBp160m,https://i.ebayimg.com/images/g/UgUAAeSwJfBp160m/s-l225.jpg,miyako_sunrise,3091,99.1,0.00,EUR,JP,,2026-04-09T18:20:10.000Z
batch_20260729_214347,iuid_1ae04a268ff24d05,rolex_1161_6831_320,Rolex 1161,4,v1,EBAY_DE,2026-07-29T21:44:29+00:00,v1|236711762219|0,Rolex Datejust Ref.6527 1967 Box&Beschreibung sehr gut Vintage,4645.00,EUR,Gebraucht - Gut,3000,FIXED_PRICE,https://www.ebay.de/itm/236711762219?_skw=Rolex+1161&hash=item371d1ed92b:g:VQsAAeSwwfFqP4~F,https://i.ebayimg.com/images/g/VQsAAeSwwfFqP4~F/s-l225.jpg,juwelierhaeffner,9599,100.0,30.00,EUR,DE,Stuttgart,2026-03-25T12:25:06.000Z
batch_20260729_214347,iuid_1ae04a268ff24d05,rolex_1161_6831_320,Rolex 1161,4,v1,EBAY_DE,2026-07-29T21:44:29+00:00,v1|227254698341|0,Original Rolex 1130-1135-1160-1161 Minute Wheel Part 6655 Ruota Scambio Nos,50.00,EUR,Nuovo senza etichette,1500,FIXED_PRICE,https://www.ebay.de/itm/227254698341?_skw=Rolex+1161&hash=item34e96f8165:g:6z8AAeSwMQhptD~0,https://i.ebayimg.com/images/g/6z8AAeSwMQhptD~0/s-l225.jpg,cloxywatch,199,100.0,10.00,EUR,IT,,2026-03-13T16:50:21.000Z
batch_20260729_214347,iuid_1ae04a268ff24d05,rolex_1161_6831_320,Rolex 1161,4,v1,EBAY_DE,2026-07-29T21:44:29+00:00,v1|227254687918|0,Original Rolex 1130-1135-1160-1161 Teil 6739 Original Blister,70.00,EUR,Nuovo con etichette,1000,FIXED_PRICE,https://www.ebay.de/itm/227254687918?_skw=Rolex+1161&hash=item34e96f58ae:g:iy0AAeSw371qYGST,https://i.ebayimg.com/images/g/iy0AAeSw371qYGST/s-l225.jpg,cloxywatch,199,100.0,1.00,EUR,IT,,2026-03-13T16:37:59.000Z
batch_20260729_214347,iuid_1ae04a268ff24d05,rolex_1161_6831_320,Rolex 1161,4,v1,EBAY_DE,2026-07-29T21:44:29+00:00,v1|227248263547|0,"Original ROLEX Rotorbolzen Achsteil 6738 für 1130, 1135, 1160, 1161, 1165, 1166",125.00,EUR,Nuovo con etichette,1000,FIXED_PRICE,https://www.ebay.de/itm/227248263547?_skw=Rolex+1161&hash=item34e90d517b:g:fHUAAeSw7mpprn41,https://i.ebayimg.com/images/g/fHUAAeSw7mpprn41/s-l225.jpg,cloxywatch,199,100.0,1.00,EUR,IT,,2026-03-09T08:02:37.000Z
batch_20260729_214347,iuid_1ae04a268ff24d05,rolex_1161_6831_320,Rolex 1161,4,v1,EBAY_DE,2026-07-29T21:44:29+00:00,v1|227246238033|0, Rolex 1120 1130 1135 1160 1161 1165 6711 Reversing Wheel Neu Original Blister,150.00,EUR,Nuovo con etichette,1000,FIXED_PRICE,https://www.ebay.de/itm/227246238033?_skw=Rolex+1161&hash=item34e8ee6951:g:OmoAAeSwVqdprFS~,https://i.ebayimg.com/images/g/OmoAAeSwVqdprFS~/s-l225.jpg,cloxywatch,199,100.0,12.00,EUR,IT,,2026-03-07T16:44:03.000Z
batch_20260729_214347,iuid_1ae04a268ff24d05,rolex_1161_6831_320,Rolex 1161,4,v1,EBAY_DE,2026-07-29T21:44:29+00:00,v1|327020235653|0,"Rolex 36 Datejust 116139, 116234, 116200  Krone mit Tubus - Weißgold",290.00,EUR,Gebraucht,3000,FIXED_PRICE|BEST_OFFER,https://www.ebay.de/itm/327020235653?_skw=Rolex+1161&hash=item4c23eccb85:g:H6gAAeSwCsZpoMy6,https://i.ebayimg.com/images/g/H6gAAeSwCsZpoMy6/s-l225.jpg,prime-timeparts,257,100.0,7.99,EUR,DE,Straßlach-Dingharting,2026-02-26T22:45:46.000Z
batch_20260729_214347,iuid_1ae04a268ff24d05,rolex_1161_6831_320,Rolex 1161,4,v1,EBAY_DE,2026-07-29T21:44:29+00:00,v1|327020234182|0,"Rolex 36 Datejust 116139, 116234, 116200  Glas mit Bezel Plasticinlay und Ring",250.00,EUR,Gebraucht,3000,FIXED_PRICE|BEST_OFFER,https://www.ebay.de/itm/327020234182?_skw=Rolex+1161&hash=item4c23ecc5c6:g:HKQAAeSwCsZpoMv9,https://i.ebayimg.com/images/g/HKQAAeSwCsZpoMv9/s-l225.jpg,prime-timeparts,257,100.0,7.99,EUR,DE,Straßlach-Dingharting,2026-02-26T22:43:39.000Z
batch_20260729_214347,iuid_1ae04a268ff24d05,rolex_1161_6831_320,Rolex 1161,4,v1,EBAY_DE,2026-07-29T21:44:29+00:00,v1|327020231744|0,"Rolex 36 Datejust 116139, 116234, 116200, 16234, 16220, 16200 Dial / Zifferblatt",390.00,EUR,Gebraucht,3000,FIXED_PRICE|BEST_OFFER,https://www.ebay.de/itm/327020231744?_skw=Rolex+1161&hash=item4c23ecbc40:g:LtMAAeSweSRpoMs1,https://i.ebayimg.com/images/g/LtMAAeSweSRpoMs1/s-l225.jpg,prime-timeparts,257,100.0,7.99,EUR,DE,Straßlach-Dingharting,2026-02-26T22:40:30.000Z
batch_20260729_214347,iuid_1ae04a268ff24d05,rolex_1161_6831_320,Rolex 1161,4,v1,EBAY_DE,2026-07-29T21:44:29+00:00,v1|206093625249|0,"Rolex Watch Movement 1160, 1161 base 1130 spring 6677 Sweep second pinion (R166)",40.00,EUR,Neu mit Etikett,1000,FIXED_PRICE,https://www.ebay.de/itm/206093625249?_skw=Rolex+1161&hash=item2ffc2327a1:g:3TQAAeSwiVlpnzCH,https://i.ebayimg.com/images/g/3TQAAeSwiVlpnzCH/s-l225.jpg,kian-werke,7774,100.0,6.00,EUR,DE,Hildesheim,2026-02-25T17:26:22.000Z
batch_20260729_214347,iuid_1ae04a268ff24d05,rolex_1161_6831_320,Rolex 1161,4,v1,EBAY_DE,2026-07-29T21:44:29+00:00,v1|227229447782|0,Rolex 1130 6737 Neu NEW Blister X1 Stück Laderad 1135 1160 1161,86.90,EUR,Nuovo con etichette,1000,FIXED_PRICE|BEST_OFFER,https://www.ebay.de/itm/227229447782?_skw=Rolex+1161&hash=item34e7ee3666:g:SiQAAeSwfVNqaYEQ,https://i.ebayimg.com/images/g/SiQAAeSwfVNqaYEQ/s-l225.jpg,*rarecollections,1405,100.0,29.00,EUR,IT,,2026-02-23T19:16:04.000Z
batch_20260729_214347,iuid_1ae04a268ff24d05,rolex_1161_6831_320,Rolex 1161,4,v1,EBAY_DE,2026-07-29T21:44:29+00:00,v1|227229431285|0,Rolex 1120 6643 Neu NEW Blister X1 Stück Spule 1100 1130 1135 1160 1161,86.90,EUR,Nuovo con etichette,1000,FIXED_PRICE|BEST_OFFER,https://www.ebay.de/itm/227229431285?_skw=Rolex+1161&hash=item34e7edf5f5:g:NZ8AAeSwltBqSFEP,https://i.ebayimg.com/images/g/NZ8AAeSwltBqSFEP/s-l225.jpg,*rarecollections,1405,100.0,29.00,EUR,IT,,2026-02-23T19:03:32.000Z
batch_20260729_214347,iuid_1ae04a268ff24d05,rolex_1161_6831_320,Rolex 1161,4,v1,EBAY_DE,2026-07-29T21:44:29+00:00,v1|227229430276|0,Rolex 1120 6654 Neu NEW Blister X1 Stück Überweisung 1100 1130 1135 1160 1161,64.90,EUR,Nuovo con etichette,1000,FIXED_PRICE|BEST_OFFER,https://www.ebay.de/itm/227229430276?_skw=Rolex+1161&hash=item34e7edf204:g:-icAAeSwroZqSFD3,https://i.ebayimg.com/images/g/-icAAeSwroZqSFD3/s-l225.jpg,*rarecollections,1405,100.0,29.00,EUR,IT,,2026-02-23T19:03:05.000Z
batch_20260729_214347,iuid_1ae04a268ff24d05,rolex_1161_6831_320,Rolex 1161,4,v1,EBAY_DE,2026-07-29T21:44:29+00:00,v1|227229426453|0,Rolex 1120 6645 Neu NEW Blister X1 Stück Ratsche 1100 1130 1135 1160 1161,53.90,EUR,Nuovo con etichette,1000,FIXED_PRICE|BEST_OFFER,https://www.ebay.de/itm/227229426453?_skw=Rolex+1161&hash=item34e7ede315:g:rYcAAeSw5BVqSDya,https://i.ebayimg.com/images/g/rYcAAeSw5BVqSDya/s-l225.jpg,*rarecollections,1405,100.0,29.00,EUR,IT,,2026-02-23T18:59:52.000Z
batch_20260729_214347,iuid_1ae04a268ff24d05,rolex_1161_6831_320,Rolex 1161,4,v1,EBAY_DE,2026-07-29T21:44:29+00:00,v1|227189307175|0,Rolex 1130 6673 Neu NEW Blister X1 Stück Sekundenrad 1135 1160 1161,86.90,EUR,Nuovo con etichette,1000,FIXED_PRICE|BEST_OFFER,https://www.ebay.de/itm/227189307175?_skw=Rolex+1161&hash=item34e589b727:g:cGMAAeSw9zVqSFSi,https://i.ebayimg.com/images/g/cGMAAeSw9zVqSFSi/s-l225.jpg,*rarecollections,1405,100.0,29.00,EUR,IT,,2026-01-26T05:21:07.000Z
batch_20260729_214347,iuid_1ae04a268ff24d05,rolex_1161_6831_320,Rolex 1161,4,v1,EBAY_DE,2026-07-29T21:44:29+00:00,v1|227186362074|0,"Rolex 1161 6831 Neu NEW Blister X1 Federstück Lauf, Normalkraft",49.50,EUR,Nuovo con etichette,1000,FIXED_PRICE|BEST_OFFER,https://www.ebay.de/itm/227186362074?_skw=Rolex+1161&hash=item34e55cc6da:g:FhcAAeSw7IhqMR4G,https://i.ebayimg.com/images/g/FhcAAeSw7IhqMR4G/s-l225.jpg,*rarecollections,1405,100.0,29.00,EUR,IT,,2026-01-23T21:33:10.000Z
batch_20260729_214347,iuid_1ae04a268ff24d05,rolex_1161_6831_320,Rolex 1161,4,v1,EBAY_DE,2026-07-29T21:44:29+00:00,v1|227185036893|0,Rolex 1130 6740 Neu NEW Blister X1 Stück Zwischenrad N2 1135 1160 1161,97.90,EUR,Nuovo con etichette,1000,FIXED_PRICE|BEST_OFFER,https://www.ebay.de/itm/227185036893?_skw=Rolex+1161&hash=item34e5488e5d:g:S4QAAeSwBdhqMUtZ,https://i.ebayimg.com/images/g/S4QAAeSwBdhqMUtZ/s-l225.jpg,*rarecollections,1405,100.0,29.00,EUR,IT,,2026-01-22T21:52:23.000Z
batch_20260729_214347,iuid_1ae04a268ff24d05,rolex_1161_6831_320,Rolex 1161,4,v1,EBAY_DE,2026-07-29T21:44:29+00:00,v1|406500827689|0,Kugeln 18kt Weißgold Zeiger Zeiger Rolex 31 mm Cal 1161,60.00,EUR,Usato,3000,FIXED_PRICE|BEST_OFFER,https://www.ebay.de/itm/406500827689?_skw=Rolex+1161&hash=item5ea5566229:g:lHQAAeSwzkRpRmfG,https://i.ebayimg.com/images/g/lHQAAeSwzkRpRmfG/s-l225.jpg,ylenifurfar0,21,100.0,29.00,EUR,IT,Stignano,2025-12-20T09:12:26.000Z
batch_20260729_214347,iuid_1ae04a268ff24d05,rolex_1161_6831_320,Rolex 1161,4,v1,EBAY_DE,2026-07-29T21:44:29+00:00,v1|236492460219|0,Rolex Smoking Zifferblatt für Datejust 36mm Modell 116234 116200 116139 16234...,449.00,EUR,Gebraucht,3000,FIXED_PRICE,https://www.ebay.de/itm/236492460219?_skw=Rolex+1161&hash=item37100c90bb:g:lZ0AAOSw7~FnbbLd,https://i.ebayimg.com/images/g/lZ0AAOSw7~FnbbLd/s-l225.jpg,spareswatch,562,100.0,49.00,EUR,FR,,2025-11-26T19:30:04.000Z
batch_20260729_214347,iuid_1ae04a268ff24d05,rolex_1161_6831_320,Rolex 1161,4,v1,EBAY_DE,2026-07-29T21:44:29+00:00,v1|236491830548|0,Rolex Smoking Zifferblatt für Datejust 36mm Modell 116234 116200 116139 16234 16220 16200,449.00,EUR,Occasion,3000,FIXED_PRICE|BEST_OFFER,https://www.ebay.de/itm/236491830548?_skw=Rolex+1161&hash=item371002f514:g:lZ0AAOSw7~FnbbLd,https://i.ebayimg.com/images/g/lZ0AAOSw7~FnbbLd/s-l225.jpg,spareswatch,562,100.0,49.00,EUR,FR,,2025-11-26T11:50:14.000Z
batch_20260729_214347,iuid_1ae04a268ff24d05,rolex_1161_6831_320,Rolex 1161,4,v1,EBAY_DE,2026-07-29T21:44:29+00:00,v1|167944442530|0,ROLEX 1161 6831 Lauffeder,55.00,EUR,Neuf avec étiquettes,1000,FIXED_PRICE,https://www.ebay.de/itm/167944442530?_skw=Rolex+1161&hash=item271a44d2a2:g:5OwAAeSwOLNpHyuF,https://i.ebayimg.com/images/g/5OwAAeSwOLNpHyuF/s-l225.jpg,videgrenier34,416,100.0,20.00,EUR,FR,Montpellier-,2025-11-20T14:55:51.000Z
batch_20260729_214347,iuid_1ae04a268ff24d05,rolex_1161_6831_320,Rolex 1161,4,v1,EBAY_DE,2026-07-29T21:44:29+00:00,v1|198407740778|0,Aufzugswelle 1120-6697 Für Rolex 1100 1120 1130 1135 1160 1161 1165 1166,18.40,EUR,Neu mit Etikett,1000,FIXED_PRICE,https://www.ebay.de/itm/198407740778?_skw=Rolex+1161&hash=item2e3205dd6a:g:JEgAAeSwIGBpFQp5,https://i.ebayimg.com/images/g/JEgAAeSwIGBpFQp5/s-l225.jpg,maddisonsofdurham,92519,99.8,11.54,EUR,GB,MIDDLESBROUGH,2026-06-07T02:19:09.000Z
batch_20260729_214347,iuid_1ae04a268ff24d05,rolex_1161_6831_320,Rolex 1161,4,v1,EBAY_DE,2026-07-29T21:44:29+00:00,v1|116847596992|0,"GENERIC kompatible Antriebswelle für ROLEX Cal. 1160 1161 Kaliber: 1130, 11...",20.00,EUR,Nuovo con etichette,1000,FIXED_PRICE,https://www.ebay.de/itm/116847596992?_skw=Rolex+1161&hash=item1b34a8d5c0:g:xckAAeSw2bRqM-vI,https://i.ebayimg.com/images/g/xckAAeSw2bRqM-vI/s-l225.jpg,fornitura_boccacci,4278,99.9,19.00,EUR,IT,Sant Angelo Romano,2025-10-27T09:19:26.000Z
batch_20260729_214347,iuid_1ae04a268ff24d05,rolex_1161_6831_320,Rolex 1161,4,v1,EBAY_DE,2026-07-29T21:44:29+00:00,v1|187519387144|0,"Original ROLEX Lagerstift für Schwingmasse 6738 für 1130, 1135, 1160, 1161, 1165",119.95,EUR,Neu mit Etikett,1000,FIXED_PRICE,https://www.ebay.de/itm/187519387144?_skw=Rolex+1161&hash=item2ba906c608:g:gbwAAeSwm6NorZMU,https://i.ebayimg.com/images/g/gbwAAeSwm6NorZMU/s-l225.jpg,watchparts24,71561,100.0,0.00,EUR,DE,Hamburg,2025-08-26T10:48:49.000Z
batch_20260729_214347,iuid_1ae04a268ff24d05,rolex_1161_6831_320,Rolex 1161,4,v1,EBAY_DE,2026-07-29T21:44:29+00:00,v1|187519385979|0,"Original ROLEX Spannrad 6737 für 1130, 1135, 1160, 1161, 1165, 1166",219.95,EUR,Neu mit Etikett,1000,FIXED_PRICE,https://www.ebay.de/itm/187519385979?_skw=Rolex+1161&hash=item2ba906c17b:g:nLkAAeSwQ~porZL2,https://i.ebayimg.com/images/g/nLkAAeSwQ~porZL2/s-l225.jpg,watchparts24,71561,100.0,0.00,EUR,DE,Hamburg,2025-08-26T10:48:40.000Z
batch_20260729_214347,iuid_1ae04a268ff24d05,rolex_1161_6831_320,Rolex 1161,4,v1,EBAY_DE,2026-07-29T21:44:29+00:00,v1|800205471696|0,ROLEX 1161 Bewegung Original Ersatzteil 6643 Ratschenscheibe,35.00,EUR,Gebraucht,3000,FIXED_PRICE,https://www.ebay.de/itm/800205471696?_skw=Rolex+1161&hash=itemba4ff67fd0:g:AO0AAOSwaFNgeNHA,https://i.ebayimg.com/images/g/AO0AAOSwaFNgeNHA/s-l225.jpg,eldesguacedelrelojero,10646,99.2,10.00,EUR,ES,Málaga,2026-06-19T02:05:58.000Z
batch_20260729_214347,iuid_1ae04a268ff24d05,rolex_1161_6831_320,Rolex 1161,4,v1,EBAY_DE,2026-07-29T21:44:29+00:00,v1|167609982982|0,Rolex 1161 Feder Zugfeder Automatic,76.04,EUR,Neu ohne Etikett,1500,FIXED_PRICE,https://www.ebay.de/itm/167609982982?_skw=Rolex+1161&hash=item2706556006:g:PgcAAOSw--Fk5z~q,https://i.ebayimg.com/images/g/PgcAAOSw--Fk5z~q/s-l225.jpg,ocoeurdutemps,12389,100.0,0.00,EUR,FR,Villeneuve-Loubet,2025-06-25T06:02:58.000Z
batch_20260729_214347,iuid_1ae04a268ff24d05,rolex_1161_6831_320,Rolex 1161,4,v1,EBAY_DE,2026-07-29T21:44:29+00:00,v1|167606875011|0,ROLEX 1161 FEDER TRIEBFEDER AUTOMATIK,59.00,EUR,Neuf sans étiquette,1500,FIXED_PRICE,https://www.ebay.de/itm/167606875011?_skw=Rolex+1161&hash=item270625f383:g:PgcAAOSw--Fk5z~q,https://i.ebayimg.com/images/g/PgcAAOSw--Fk5z~q/s-l225.jpg,ocoeurdutemps,12389,100.0,6.00,EUR,FR,Villeneuve-Loubet,2025-06-23T13:18:48.000Z
batch_20260729_214347,iuid_1ae04a268ff24d05,rolex_1161_6831_320,Rolex 1161,4,v1,EBAY_DE,2026-07-29T21:44:29+00:00,v1|205542994249|0,"Rolex Watch Movement 1160, 1161 & 1130 ratchet wheel 6643 perfect + Screw (R417)",40.00,EUR,Gebraucht - Gut,3000,FIXED_PRICE,https://www.ebay.de/itm/205542994249?_skw=Rolex+1161&hash=item2fdb513149:g:oFMAAOSwYvpoRJb5,https://i.ebayimg.com/images/g/oFMAAOSwYvpoRJb5/s-l225.jpg,kian-werke,7774,100.0,6.00,EUR,DE,Hildesheim,2025-06-07T19:47:04.000Z
batch_20260729_214347,iuid_1ae04a268ff24d05,rolex_1161_6831_320,Rolex 1161,4,v1,EBAY_DE,2026-07-29T21:44:29+00:00,v1|205542925283|0,Genuine Rolex 1120 Barrel date jumper  base 1161.#6771 perfect + Screw (R415),50.00,EUR,Gebraucht - Gut,3000,FIXED_PRICE,https://www.ebay.de/itm/205542925283?_skw=Rolex+1161&hash=item2fdb5023e3:g:36wAAOSwJmZoRIxj,https://i.ebayimg.com/images/g/36wAAOSwJmZoRIxj/s-l225.jpg,kian-werke,7774,100.0,6.00,EUR,DE,Hildesheim,2025-06-07T19:06:13.000Z
batch_20260729_214347,iuid_1ae04a268ff24d05,rolex_1161_6831_320,Rolex 1161,4,v1,EBAY_DE,2026-07-29T21:44:29+00:00,v1|205542886379|0,Genuine Rolex 1120 Barrel And Arbor 1161 base 1120.#6601 perfect (R414),50.00,EUR,Gebraucht - Gut,3000,FIXED_PRICE,https://www.ebay.de/itm/205542886379?_skw=Rolex+1161&hash=item2fdb4f8beb:g:vikAAOSw8~doRIcI,https://i.ebayimg.com/images/g/vikAAOSw8~doRIcI/s-l225.jpg,kian-werke,7774,100.0,6.00,EUR,DE,Hildesheim,2025-06-07T18:38:49.000Z
batch_20260729_214347,iuid_1ae04a268ff24d05,rolex_1161_6831_320,Rolex 1161,4,v1,EBAY_DE,2026-07-29T21:44:29+00:00,v1|205542857648|0,Genuine Rolex 1120-1161-6613 Pallet Fork Bridge + screws (R412),40.00,EUR,Gebraucht - Gut,3000,FIXED_PRICE,https://www.ebay.de/itm/205542857648?_skw=Rolex+1161&hash=item2fdb4f1bb0:g:~cEAAOSwpnpoRISU,https://i.ebayimg.com/images/g/~cEAAOSwpnpoRISU/s-l225.jpg,kian-werke,7774,100.0,6.00,EUR,DE,Hildesheim,2025-06-07T18:28:59.000Z
batch_20260729_214347,iuid_1ae04a268ff24d05,rolex_1161_6831_320,Rolex 1161,4,v1,EBAY_US,2026-07-29T21:44:32+00:00,v1|336713251995|0,Rolex Caliber 1161 26 Jewels Movement 41295 With Dial and Hands No Reserve,,,Pre-owned,3000,AUCTION,https://www.ebay.com/itm/336713251995?_skw=Rolex+1161&hash=item4e65ac7c9b:g:0moAAeSw8KNqaMGp,https://i.ebayimg.com/images/g/0moAAeSw8KNqaMGp/s-l225.jpg,treasuresrecycled,57567,100.0,0.00,USD,US,Charlotte,2026-07-28T14:52:20.000Z
batch_20260729_214347,iuid_1ae04a268ff24d05,rolex_1161_6831_320,Rolex 1161,4,v1,EBAY_US,2026-07-29T21:44:32+00:00,v1|327282253101|0,ROLEX vintage Oyster Perpetual Date Ref: 6517 Cal.1161 Grey Dial Ladies Watch,,,Pre-owned - Good,3000,AUCTION,https://www.ebay.com/itm/327282253101?_skw=Rolex+1161&hash=item4c338add2d:g:hGoAAeSwD-BqaA19,https://i.ebayimg.com/images/g/hGoAAeSwD-BqaA19/s-l225.jpg,mycoconut23,3252,100.0,69.05,USD,AU,Burwood,2026-07-28T02:02:12.000Z
batch_20260729_214347,iuid_1ae04a268ff24d05,rolex_1161_6831_320,Rolex 1161,4,v1,EBAY_US,2026-07-29T21:44:32+00:00,v1|158125393816|0,Complete Rolex Wristwatch Movement Calibre 1161 & Dial - Running,1428.57,USD,Used,3000,FIXED_PRICE|BEST_OFFER,https://www.ebay.com/itm/158125393816?_skw=Rolex+1161&hash=item24d1020798:g:rNIAAeSwSFFqZ7Lm,https://i.ebayimg.com/images/g/rNIAAeSwSFFqZ7Lm/s-l225.jpg,watch-collection,10257,99.8,,,GB,ASHTON-UNDER-LYNE,2026-07-27T19:32:56.000Z
batch_20260729_214347,iuid_1ae04a268ff24d05,rolex_1161_6831_320,Rolex 1161,4,v1,EBAY_US,2026-07-29T21:44:32+00:00,v1|158122707130|0,"Winding stem to fit Rolex caliber 1100 1120 1130 1160 1161, NEW",15.99,USD,New without tags,1500,FIXED_PRICE,https://www.ebay.com/itm/158122707130?_skw=Rolex+1161&hash=item24d0d908ba:g:ky8AAeSwgUdqZqka,https://i.ebayimg.com/images/g/ky8AAeSwgUdqZqka/s-l225.jpg,laquintawatchery,654,100.0,0.00,USD,US,La Quinta,2026-07-27T00:43:36.000Z
batch_20260729_214347,iuid_1ae04a268ff24d05,rolex_1161_6831_320,Rolex 1161,4,v1,EBAY_US,2026-07-29T21:44:32+00:00,v1|287484324522|0,"GENUINE Rolex 1161 Complete Movement, Dial Hands & Crown Perfect Working Cond.",1950.00,USD,Pre-owned,3000,FIXED_PRICE,https://www.ebay.com/itm/287484324522?_skw=Rolex+1161&hash=item42ef66aaaa:g:O00AAeSwINxqZWnt,https://i.ebayimg.com/images/g/O00AAeSwINxqZWnt/s-l225.jpg,rojamalex,3920,99.9,0.00,USD,US,New York,2026-07-26T02:01:25.000Z
batch_20260729_214347,iuid_1ae04a268ff24d05,rolex_1161_6831_320,Rolex 1161,4,v1,EBAY_US,2026-07-29T21:44:32+00:00,v1|178340414177|0,WATCH HAND PLAIN FOR LADY ROLEX MOVEMENT 2030 /2035 6719 6900 6919 1161 SILVER,24.95,USD,New with tags,1000,FIXED_PRICE,https://www.ebay.com/itm/178340414177?_skw=Rolex+1161&hash=item2985eac2e1:g:dWkAAeSwDF1qY2ki,https://i.ebayimg.com/images/g/dWkAAeSwDF1qY2ki/s-l225.jpg,ewatchparts,226582,99.9,0.00,USD,US,Sugar Land,2026-07-24T13:31:15.000Z
batch_20260729_214347,iuid_1ae04a268ff24d05,rolex_1161_6831_320,Rolex 1161,4,v1,EBAY_US,2026-07-29T21:44:32+00:00,v1|178340317380|0,SAPPHIRE WATCH CRYSTAL FOR LADY ROLEX NO DATE 6618 6619 6544 6549 6701 #1161,34.95,USD,New with tags,1000,FIXED_PRICE,https://www.ebay.com/itm/178340317380?_skw=Rolex+1161&hash=item2985e948c4:g:J0kAAeSwrFJqY2GI,https://i.ebayimg.com/images/g/J0kAAeSwrFJqY2GI/s-l225.jpg,ewatchparts,226582,99.9,0.00,USD,US,Sugar Land,2026-07-24T12:58:49.000Z
batch_20260729_214347,iuid_1ae04a268ff24d05,rolex_1161_6831_320,Rolex 1161,4,v1,EBAY_US,2026-07-29T21:44:32+00:00,v1|178340314795|0,3 SETS WATCH HAND PLAIN FOR ROLEX 2030/2035 6900 6917 6919 6927 1160 1161 SILVER,69.95,USD,New with tags,1000,FIXED_PRICE,https://www.ebay.com/itm/178340314795?_skw=Rolex+1161&hash=item2985e93eab:g:iQAAAeSwVktqY2E9,https://i.ebayimg.com/images/g/iQAAAeSwVktqY2E9/s-l225.jpg,ewatchparts,226582,99.9,0.00,USD,US,Sugar Land,2026-07-24T12:57:33.000Z
batch_20260729_214347,iuid_1ae04a268ff24d05,rolex_1161_6831_320,Rolex 1161,4,v1,EBAY_US,2026-07-29T21:44:32+00:00,v1|178340313880|0,3 SETS WATCH HAND PLAIN FOR LADY 26MM ROLEX 2030/2035 1161 6719 6900 6919 GOLD,69.95,USD,New with tags,1000,FIXED_PRICE,https://www.ebay.com/itm/178340313880?_skw=Rolex+1161&hash=item2985e93b18:g:jU4AAeSwqmpqY2Ef,https://i.ebayimg.com/images/g/jU4AAeSwqmpqY2Ef/s-l225.jpg,ewatchparts,226582,99.9,0.00,USD,US,Sugar Land,2026-07-24T12:57:04.000Z
batch_20260729_214347,iuid_1ae04a268ff24d05,rolex_1161_6831_320,Rolex 1161,4,v1,EBAY_US,2026-07-29T21:44:32+00:00,v1|168560451770|0,WATCH HAND PLAIN FOR ROLEX LADY 2030-2035 NQS 6706 6711 6719 1161 MOVEMENT GOLD,24.95,USD,New with tags,1000,FIXED_PRICE,https://www.ebay.com/itm/168560451770?_skw=Rolex+1161&hash=item273efc60ba:g:WNQAAeSwMDlqY1sC,https://i.ebayimg.com/images/g/WNQAAeSwMDlqY1sC/s-l225.jpg,ewatchparts,226582,99.9,0.00,USD,US,Sugar Land,2026-07-24T12:30:58.000Z
batch_20260729_214347,iuid_1ae04a268ff24d05,rolex_1161_6831_320,Rolex 1161,4,v1,EBAY_US,2026-07-29T21:44:32+00:00,v1|318629386800|0,3 SET WATCH HAND FOR ROLEX 2030/2035 6900 6916 6917 6919 6920 6921 1161 GOLD,69.95,USD,New with tags,1000,FIXED_PRICE,https://www.ebay.com/itm/318629386800?_skw=Rolex+1161&hash=item4a2fca9a30:g:biEAAeSw0sdqY1Ey,https://i.ebayimg.com/images/g/biEAAeSw0sdqY1Ey/s-l225.jpg,ewatchparts,226582,99.9,0.00,USD,US,Sugar Land,2026-07-24T11:49:06.000Z
batch_20260729_214347,iuid_1ae04a268ff24d05,rolex_1161_6831_320,Rolex 1161,4,v1,EBAY_US,2026-07-29T21:44:32+00:00,v1|318629351440|0,DIAMOND DIAL SILVER WATCH HANDS FOR ROLEX LADY 6516 6517 6519 6521 6802 1161,24.95,USD,New with tags,1000,FIXED_PRICE,https://www.ebay.com/itm/318629351440?_skw=Rolex+1161&hash=item4a2fca1010:g:CzQAAeSwzZZqY06w,https://i.ebayimg.com/images/g/CzQAAeSwzZZqY06w/s-l225.jpg,ewatchparts,226582,99.9,0.00,USD,US,Sugar Land,2026-07-24T11:38:24.000Z
batch_20260729_214347,iuid_1ae04a268ff24d05,rolex_1161_6831_320,Rolex 1161,4,v1,EBAY_US,2026-07-29T21:44:32+00:00,v1|168560344251|0,WATCH HAND FOR 26MM LADY ROLEX WATCH 6517 1160 1161 1130 MOVEMENT YELLOW GOLD,24.95,USD,New with tags,1000,FIXED_PRICE,https://www.ebay.com/itm/168560344251?_skw=Rolex+1161&hash=item273efabcbb:g:lRQAAeSwzOhqY06k,https://i.ebayimg.com/images/g/lRQAAeSwzOhqY06k/s-l225.jpg,ewatchparts,226582,99.9,0.00,USD,US,Sugar Land,2026-07-24T11:38:13.000Z
batch_20260729_214347,iuid_1ae04a268ff24d05,rolex_1161_6831_320,Rolex 1161,4,v1,EBAY_US,2026-07-29T21:44:32+00:00,v1|178340148650|0,PLAIN WATCH HAND FOR LADY ROLEX 6517 6519 6916 6919 69160 OR 1161 SILVER WATCH,24.95,USD,New with tags,1000,FIXED_PRICE,https://www.ebay.com/itm/178340148650?_skw=Rolex+1161&hash=item2985e6b5aa:g:y2EAAeSwEMdqY06e,https://i.ebayimg.com/images/g/y2EAAeSwEMdqY06e/s-l225.jpg,ewatchparts,226582,99.9,0.00,USD,US,Sugar Land,2026-07-24T11:38:07.000Z
batch_20260729_214347,iuid_1ae04a268ff24d05,rolex_1161_6831_320,Rolex 1161,4,v1,EBAY_US,2026-07-29T21:44:32+00:00,v1|168560344119|0,WATCH HAND PLAIN FOR ROLEX LADY WATCH 1161 6516 6517 6916  6719 6919 6927 GOLD,24.95,USD,New with tags,1000,FIXED_PRICE,https://www.ebay.com/itm/168560344119?_skw=Rolex+1161&hash=item273efabc37:g:fnYAAeSwhINqY06Z,https://i.ebayimg.com/images/g/fnYAAeSwhINqY06Z/s-l225.jpg,ewatchparts,226582,99.9,0.00,USD,US,Sugar Land,2026-07-24T11:38:01.000Z
batch_20260729_214347,iuid_1ae04a268ff24d05,rolex_1161_6831_320,Rolex 1161,4,v1,EBAY_US,2026-07-29T21:44:32+00:00,v1|236959812304|0,ROLEX Oyster Perpetual 6516 vintage Cal.1161 Automatic Ladies Watch R#149254,2274.35,USD,Pre-owned - Good,3000,FIXED_PRICE,https://www.ebay.com/itm/236959812304?_skw=Rolex+1161&hash=item372be7cad0:g:UoQAAeSw75ZqYyeR,https://i.ebayimg.com/images/g/UoQAAeSw75ZqYyeR/s-l225.jpg,aonohappa,10991,99.7,0.00,USD,JP,,2026-07-24T08:51:34.000Z
batch_20260729_214347,iuid_1ae04a268ff24d05,rolex_1161_6831_320,Rolex 1161,4,v1,EBAY_US,2026-07-29T21:44:32+00:00,v1|287472129514|0,GENUINE Rolex 1130 1160 1161 1165 6650 Setting Lever Jumper  Perfect Condition,95.00,USD,Pre-owned,3000,FIXED_PRICE,https://www.ebay.com/itm/287472129514?_skw=Rolex+1161&hash=item42eeac95ea:g:LgAAAeSwpwZqXPtI,https://i.ebayimg.com/images/g/LgAAAeSwpwZqXPtI/s-l225.jpg,rojamalex,3920,99.9,0.00,USD,US,New York,2026-07-19T16:30:33.000Z
batch_20260729_214347,iuid_1ae04a268ff24d05,rolex_1161_6831_320,Rolex 1161,4,v1,EBAY_US,2026-07-29T21:44:32+00:00,v1|287472114912|0,GENUINE Rolex 1120 1130 1160 1161 1165 6648 Setting Lever Perfect Condition,95.00,USD,Pre-owned,3000,FIXED_PRICE,https://www.ebay.com/itm/287472114912?_skw=Rolex+1161&hash=item42eeac5ce0:g:iTIAAeSwmaVqXPma,https://i.ebayimg.com/images/g/iTIAAeSwmaVqXPma/s-l225.jpg,rojamalex,3920,99.9,0.00,USD,US,New York,2026-07-19T16:22:43.000Z
batch_20260729_214347,iuid_1ae04a268ff24d05,rolex_1161_6831_320,Rolex 1161,4,v1,EBAY_US,2026-07-29T21:44:32+00:00,v1|287472105108|0,GENUINE Rolex 1120 1130 1160 1161 1165 6637 Winding Pinion Perfect Condition,65.00,USD,Pre-owned,3000,FIXED_PRICE,https://www.ebay.com/itm/287472105108?_skw=Rolex+1161&hash=item42eeac3694:g:F3UAAeSw9ZVqVmrd,https://i.ebayimg.com/images/g/F3UAAeSw9ZVqVmrd/s-l225.jpg,rojamalex,3920,99.9,0.00,USD,US,New York,2026-07-19T16:13:17.000Z
batch_20260729_214347,iuid_1ae04a268ff24d05,rolex_1161_6831_320,Rolex 1161,4,v1,EBAY_US,2026-07-29T21:44:32+00:00,v1|227433584365|0,ROLEX Oyster Perpetual Date 6517/4 vintage Cal.1161 gray Ladies Watch Q#148566,2859.35,USD,Pre-owned - Good,3000,FIXED_PRICE,https://www.ebay.com/itm/227433584365?_skw=Rolex+1161&hash=item34f41916ed:g:tiUAAeSwvTxqWJyX,https://i.ebayimg.com/images/g/tiUAAeSwvTxqWJyX/s-l225.jpg,aonohappa,10991,99.7,0.00,USD,JP,,2026-07-16T08:55:57.000Z
batch_20260729_214347,iuid_1ae04a268ff24d05,rolex_1161_6831_320,Rolex 1161,4,v1,EBAY_US,2026-07-29T21:44:32+00:00,v1|206448368518|0,Genuine Rolex Caliber 1161 Part 6735 Oscillating Weight + misc movement parts,125.00,USD,Pre-owned,3000,FIXED_PRICE,https://www.ebay.com/itm/206448368518?_skw=Rolex+1161&hash=item3011481b86:g:FLsAAeSwapBqV8Ed,https://i.ebayimg.com/images/g/FLsAAeSwapBqV8Ed/s-l225.jpg,tuktorrey,682,100.0,0.00,USD,US,Jacksonville,2026-07-28T16:50:39.000Z
batch_20260729_214347,iuid_1ae04a268ff24d05,rolex_1161_6831_320,Rolex 1161,4,v1,EBAY_US,2026-07-29T21:44:32+00:00,v1|800345648618|0,Genuine Rolex Caliber 1161 Mainspring Part 1161-6831 Factory Sealed NOS,79.99,USD,New with tags,1000,FIXED_PRICE|BEST_OFFER,https://www.ebay.com/itm/800345648618?_skw=Rolex+1161&hash=itemba58516dea:g:GZoAAeSwrBNqV2tF,https://i.ebayimg.com/images/g/GZoAAeSwrBNqV2tF/s-l225.jpg,bigwil_70,477,99.8,,,US,Staten Island,2026-07-15T11:14:40.000Z
batch_20260729_214347,iuid_1ae04a268ff24d05,rolex_1161_6831_320,Rolex 1161,4,v1,EBAY_US,2026-07-29T21:44:32+00:00,v1|278181975545|0,GENUINE Rolex 1135 1161 1165 1166 6770 Driving Wheel Perfect Working Condition,80.00,USD,Pre-owned,3000,FIXED_PRICE,https://www.ebay.com/itm/278181975545?_skw=Rolex+1161&hash=item40c4f015f9:g:wMQAAeSwsFZqVm9r,https://i.ebayimg.com/images/g/wMQAAeSwsFZqVm9r/s-l225.jpg,rojamalex,3920,99.9,0.00,USD,US,New York,2026-07-14T17:23:18.000Z
batch_20260729_214347,iuid_1ae04a268ff24d05,rolex_1161_6831_320,Rolex 1161,4,v1,EBAY_US,2026-07-29T21:44:32+00:00,v1|287461360527|0,GENUINE Rolex 1130 1135 1160 1161 1165 6671 Second Wheel Perfect Working Cond.,80.00,USD,Pre-owned,3000,FIXED_PRICE,https://www.ebay.com/itm/287461360527?_skw=Rolex+1161&hash=item42ee08438f:g:UPcAAeSw9h1qVmuf,https://i.ebayimg.com/images/g/UPcAAeSw9h1qVmuf/s-l225.jpg,rojamalex,3920,99.9,0.00,USD,US,New York,2026-07-14T17:03:21.000Z
batch_20260729_214347,iuid_1ae04a268ff24d05,rolex_1161_6831_320,Rolex 1161,4,v1,EBAY_US,2026-07-29T21:44:32+00:00,v1|278181918334|0,GENUINE Rolex 1130 1135 1160 1161 1165 6673 Third Wheel Perfect Working Cond.,75.00,USD,Pre-owned,3000,FIXED_PRICE,https://www.ebay.com/itm/278181918334?_skw=Rolex+1161&hash=item40c4ef367e:g:1HYAAeSwErFqVmna,https://i.ebayimg.com/images/g/1HYAAeSwErFqVmna/s-l225.jpg,rojamalex,3920,99.9,0.00,USD,US,New York,2026-07-14T16:56:11.000Z
batch_20260729_214347,iuid_1ae04a268ff24d05,rolex_1161_6831_320,Rolex 1161,4,v1,EBAY_US,2026-07-29T21:44:32+00:00,v1|158071541296|0,Original Vintage Rolex Cal. 1161 Center Wheel (Without Cannon Pinion),80.00,USD,Pre-owned,3000,FIXED_PRICE,https://www.ebay.com/itm/158071541296?_skw=Rolex+1161&hash=item24cdcc4e30:g:t5UAAOSwOzNkqfgf,https://i.ebayimg.com/images/g/t5UAAOSwOzNkqfgf/s-l225.jpg,amadeus12,825,100.0,20.50,USD,AR,,2026-07-10T00:55:43.000Z
batch_20260729_214347,iuid_1ae04a268ff24d05,rolex_1161_6831_320,Rolex 1161,4,v1,EBAY_US,2026-07-29T21:44:32+00:00,v1|158071541274|0,Set of 4 Original Vintage Rolex Cal. 1161 Center Wheels (Without Cannon Pinion),280.00,USD,Pre-owned,3000,FIXED_PRICE,https://www.ebay.com/itm/158071541274?_skw=Rolex+1161&hash=item24cdcc4e1a:g:bEcAAeSwyJ5qBfGT,https://i.ebayimg.com/images/g/bEcAAeSwyJ5qBfGT/s-l225.jpg,amadeus12,825,100.0,20.50,USD,AR,,2026-07-10T00:55:41.000Z
batch_20260729_214347,iuid_1ae04a268ff24d05,rolex_1161_6831_320,Rolex 1161,4,v1,EBAY_US,2026-07-29T21:44:32+00:00,v1|287448543392|0,GENUINE Rolex 1130 1160 1161 1165 Silver Dial With Hands Perfect Condition,160.00,USD,Pre-owned,3000,FIXED_PRICE,https://www.ebay.com/itm/287448543392?_skw=Rolex+1161&hash=item42ed44b0a0:g:PYgAAeSwMTpqTu9v,https://i.ebayimg.com/images/g/PYgAAeSwMTpqTu9v/s-l225.jpg,rojamalex,3920,99.9,0.00,USD,US,New York,2026-07-09T00:49:14.000Z
batch_20260729_214347,iuid_1ae04a268ff24d05,rolex_1161_6831_320,Rolex 1161,4,v1,EBAY_US,2026-07-29T21:44:32+00:00,v1|287448532483|0,GENUINE Rolex 1161 6826 Automatic Device Module Complete Perfect Condition,600.00,USD,Pre-owned,3000,FIXED_PRICE,https://www.ebay.com/itm/287448532483?_skw=Rolex+1161&hash=item42ed448603:g:2VcAAeSwmbxqTu7k,https://i.ebayimg.com/images/g/2VcAAeSwmbxqTu7k/s-l225.jpg,rojamalex,3920,99.9,0.00,USD,US,New York,2026-07-09T00:45:13.000Z
batch_20260729_214347,iuid_1ae04a268ff24d05,rolex_1161_6831_320,Rolex 1161,4,v1,EBAY_US,2026-07-29T21:44:32+00:00,v1|278160992528|0,GENUINE Rolex 1135 1161 1165 1166 6765 Main Plate Complete Perfect Condition,240.00,USD,Pre-owned,3000,FIXED_PRICE,https://www.ebay.com/itm/278160992528?_skw=Rolex+1161&hash=item40c3afe910:g:yn8AAeSwQUtqTGwP,https://i.ebayimg.com/images/g/yn8AAeSwQUtqTGwP/s-l225.jpg,rojamalex,3920,99.9,0.00,USD,US,New York,2026-07-07T03:03:27.000Z
batch_20260729_214347,iuid_1ae04a268ff24d05,rolex_1161_6831_320,Rolex 1161,4,v1,EBAY_US,2026-07-29T21:44:32+00:00,v1|287443198998|0,GENUINE Rolex 1130 1135 1160 1161 1165 6697 Stem With Yellow Gold Crown Perfect,130.00,USD,Pre-owned,3000,FIXED_PRICE,https://www.ebay.com/itm/287443198998?_skw=Rolex+1161&hash=item42ecf32416:g:ZPIAAeSw8sJqTGf6,https://i.ebayimg.com/images/g/ZPIAAeSw8sJqTGf6/s-l225.jpg,rojamalex,3920,99.9,0.00,USD,US,New York,2026-07-07T02:45:32.000Z
batch_20260729_214347,iuid_1ae04a268ff24d05,rolex_1161_6831_320,Rolex 1161,4,v1,EBAY_US,2026-07-29T21:44:32+00:00,v1|318642717018|0,Rolex Original Movement/Caliber 2030 for Women 26mm DateJust #MI43,,,Pre-owned,3000,AUCTION,https://www.ebay.com/itm/318642717018?_skw=Rolex+1161&hash=item4a3096015a:g:ZoIAAeSwTM9qStYl,https://i.ebayimg.com/images/g/ZoIAAeSwTM9qStYl/s-l225.jpg,stryker_watches,446,99.3,0.00,USD,US,Thousand Oaks,2026-07-27T17:52:37.000Z
batch_20260729_214347,iuid_1ae04a268ff24d05,rolex_1161_6831_320,Rolex 1161,4,v1,EBAY_US,2026-07-29T21:44:32+00:00,v1|236913854463|0,ROLEX Oyster perpetual date 6519 vintage Cal.1161 Automatic Ladies O#148568,2274.35,USD,Pre-owned - Good,3000,FIXED_PRICE,https://www.ebay.com/itm/236913854463?_skw=Rolex+1161&hash=item37292a87ff:g:lucAAeSw2NJqR3eo,https://i.ebayimg.com/images/g/lucAAeSw2NJqR3eo/s-l225.jpg,aonohappa,10991,99.7,0.00,USD,JP,,2026-07-03T08:49:51.000Z
batch_20260729_214347,iuid_1ae04a268ff24d05,rolex_1161_6831_320,Rolex 1161,4,v1,EBAY_US,2026-07-29T21:44:32+00:00,v1|236913851180|0,with paper ROLEX Oyster Perpetual Date 6516 vintage Cal.1161 Ladies O#148847,3119.35,USD,Pre-owned - Good,3000,FIXED_PRICE,https://www.ebay.com/itm/236913851180?_skw=Rolex+1161&hash=item37292a7b2c:g:iSwAAeSwak9qR3b7,https://i.ebayimg.com/images/g/iSwAAeSwak9qR3b7/s-l225.jpg,aonohappa,10991,99.7,0.00,USD,JP,,2026-07-03T08:46:56.000Z
batch_20260729_214347,iuid_1ae04a268ff24d05,rolex_1161_6831_320,Rolex 1161,4,v1,EBAY_US,2026-07-29T21:44:32+00:00,v1|227410700380|0,ROLEX Oyster Perpetual Date 6517/4 Cal.1161 Automatic Ladies Watch O#148565,2599.35,USD,Pre-owned - Good,3000,FIXED_PRICE,https://www.ebay.com/itm/227410700380?_skw=Rolex+1161&hash=item34f2bbe85c:g:5QsAAeSwDF1qWE5n,https://i.ebayimg.com/images/g/5QsAAeSwDF1qWE5n/s-l225.jpg,aonohappa,10991,99.7,0.00,USD,JP,,2026-07-01T00:25:07.000Z
batch_20260729_214347,iuid_1ae04a268ff24d05,rolex_1161_6831_320,Rolex 1161,4,v1,EBAY_US,2026-07-29T21:44:32+00:00,v1|336663549910|0,ROLEX Watch Oyster Perpetual Date 6517 WG Bezel Cal.1161 Automatic Women's,2882.51,USD,Used,3000,FIXED_PRICE|BEST_OFFER,https://www.ebay.com/itm/336663549910?_skw=Rolex+1161&hash=item4e62b617d6:g:wucAAeSwH3JqQy~u,https://i.ebayimg.com/images/g/wucAAeSwH3JqQy~u/s-l225.jpg,miyako_sunrise,3091,99.1,0.00,USD,JP,,2026-06-30T02:49:36.000Z
batch_20260729_214347,iuid_1ae04a268ff24d05,rolex_1161_6831_320,Rolex 1161,4,v1,EBAY_US,2026-07-29T21:44:32+00:00,v1|800262463369|0,"ROLEX 1130 Oscillanting Weight Cod. 1130-6735 Calib: 1130, 1135, 1160, 1161, ...",350.89,USD,New with tags,1000,FIXED_PRICE,https://www.ebay.com/itm/800262463369?_skw=Rolex+1161&hash=itemba535c1f89:g:9jgAAeSwA6hqQpIh,https://i.ebayimg.com/images/g/9jgAAeSwA6hqQpIh/s-l225.jpg,tick-tock_tick-tock,11,100.0,21.27,USD,CA,,2026-06-29T15:42:18.000Z
batch_20260729_214347,iuid_1ae04a268ff24d05,rolex_1161_6831_320,Rolex 1161,4,v1,EBAY_US,2026-07-29T21:44:32+00:00,v1|800262457719|0,"ROLEX 1130 Oscillanting Weight Cod. 1130-6735 Calib: 1130, 1135, 1160, 1161, ...",350.89,USD,New with tags,1000,FIXED_PRICE,https://www.ebay.com/itm/800262457719?_skw=Rolex+1161&hash=itemba535c0977:g:LGcAAeSwk8FqQpFK,https://i.ebayimg.com/images/g/LGcAAeSwk8FqQpFK/s-l225.jpg,tick-tock_tick-tock,11,100.0,21.27,USD,CA,,2026-06-29T15:40:14.000Z
batch_20260729_214347,iuid_1ae04a268ff24d05,rolex_1161_6831_320,Rolex 1161,4,v1,EBAY_US,2026-07-29T21:44:32+00:00,v1|236965575481|0,ROLEX Oyster perpetual 6623 vintage Cal.1161 Automatic Ladies Watch N#148347,1884.35,USD,Pre-owned - Good,3000,FIXED_PRICE,https://www.ebay.com/itm/236965575481?_skw=Rolex+1161&hash=item372c3fbb39:g:UosAAeSwav5qQc0R,https://i.ebayimg.com/images/g/UosAAeSwav5qQc0R/s-l225.jpg,aonohappa,10991,99.7,285.00,USD,JP,,2026-07-27T06:41:53.000Z
batch_20260729_214347,iuid_1ae04a268ff24d05,rolex_1161_6831_320,Rolex 1161,4,v1,EBAY_US,2026-07-29T21:44:32+00:00,v1|267712272494|0,ROLEX Oyster perpetual date 6517 WG bezel Cal.1161 Automatic Ladies Watch_962755,2127.72,USD,Pre-owned - Good,3000,FIXED_PRICE,https://www.ebay.com/itm/267712272494?_skw=Rolex+1161&hash=item3e54e5186e:g:QmsAAeSwrptqUFLE,https://i.ebayimg.com/images/g/QmsAAeSwrptqUFLE/s-l225.jpg,closer0924,25847,99.3,450.00,USD,JP,,2026-06-29T00:43:19.000Z
batch_20260729_214347,iuid_1ae04a268ff24d05,rolex_1161_6831_320,Rolex 1161,4,v1,EBAY_US,2026-07-29T21:44:32+00:00,v1|236897580362|0,ROLEX Oyster perpetual date 6517 vintage Cal.1161 Automatic Ladies N#148564,2599.35,USD,Pre-owned - Good,3000,FIXED_PRICE,https://www.ebay.com/itm/236897580362?_skw=Rolex+1161&hash=item372832354a:g:IxAAAeSw0olqPOko,https://i.ebayimg.com/images/g/IxAAAeSw0olqPOko/s-l225.jpg,aonohappa,10991,99.7,0.00,USD,JP,,2026-06-25T08:39:05.000Z
batch_20260729_214347,iuid_1ae04a268ff24d05,rolex_1161_6831_320,Rolex 1161,4,v1,EBAY_US,2026-07-29T21:44:32+00:00,v1|147389869664|0,Rolex GMT-Master 116710BLNR 40.0mm Automatic Box and Papers Unisex #TFW1161,21520.86,USD,Pre-owned - Good,3000,FIXED_PRICE,https://www.ebay.com/itm/147389869664?_skw=Rolex+1161&hash=item22511eee60:g:jwsAAeSwkEFqODZp,https://i.ebayimg.com/images/g/jwsAAeSwkEFqODZp/s-l225.jpg,minico_01,11771,99.2,0.00,USD,JP,,2026-06-21T19:04:17.000Z
batch_20260729_214347,iuid_1ae04a268ff24d05,rolex_1161_6831_320,Rolex 1161,4,v1,EBAY_US,2026-07-29T21:44:32+00:00,v1|227395255393|0,ROLEX Oyster perpetual 6548 vintage Cal.1161 Automatic Boy's Watch H#147359,2599.35,USD,Pre-owned - Good,3000,FIXED_PRICE,https://www.ebay.com/itm/227395255393?_skw=Rolex+1161&hash=item34f1d03c61:g:jcoAAeSwtOZqNMEL,https://i.ebayimg.com/images/g/jcoAAeSwtOZqNMEL/s-l225.jpg,aonohappa,10991,99.7,0.00,USD,JP,,2026-06-19T04:09:49.000Z
batch_20260729_214347,iuid_1ae04a268ff24d05,rolex_1161_6831_320,Rolex 1161,4,v1,EBAY_US,2026-07-29T21:44:32+00:00,v1|158007848775|0,Genuine Rolex Ladies Champagne Date Disc 2030 2035 1160 1161 Calendar Indicator,69.00,USD,Pre-owned,3000,FIXED_PRICE|BEST_OFFER,https://www.ebay.com/itm/158007848775?_skw=Rolex+1161&hash=item24ca006f47:g:9Y8AAeSwX5NqMvSv,https://i.ebayimg.com/images/g/9Y8AAeSwX5NqMvSv/s-l225.jpg,laquintawatchery,654,100.0,,,US,La Quinta,2026-06-17T19:27:50.000Z
batch_20260729_214347,iuid_1ae04a268ff24d05,rolex_1161_6831_320,Rolex 1161,4,v1,EBAY_US,2026-07-29T21:44:32+00:00,v1|158006260101|0,Vintage Rolex Ladies Gold Hands Only Cal 1160 1161 2030 2035 Datejust 6517 6917,89.00,USD,Pre-owned,3000,FIXED_PRICE|BEST_OFFER,https://www.ebay.com/itm/158006260101?_skw=Rolex+1161&hash=item24c9e83185:g:XF0AAeSwV0tqMiBM,https://i.ebayimg.com/images/g/XF0AAeSwV0tqMiBM/s-l225.jpg,laquintawatchery,654,100.0,,,US,La Quinta,2026-06-17T04:21:45.000Z
batch_20260729_214347,iuid_1ae04a268ff24d05,rolex_1161_6831_320,Rolex 1161,4,v1,EBAY_US,2026-07-29T21:44:32+00:00,v1|158002792392|0,Genuine Rolex Ladies Champagne Date Disc 2030 2035 1160 1161 Calendar Indicator,59.00,USD,Pre-owned,3000,FIXED_PRICE|BEST_OFFER,https://www.ebay.com/itm/158002792392?_skw=Rolex+1161&hash=item24c9b347c8:g:xBQAAeSwfgZqMFu9,https://i.ebayimg.com/images/g/xBQAAeSwfgZqMFu9/s-l225.jpg,laquintawatchery,654,100.0,,,US,La Quinta,2026-06-15T20:13:26.000Z
batch_20260729_214347,iuid_1ae04a268ff24d05,rolex_1161_6831_320,Rolex 1161,4,v1,EBAY_US,2026-07-29T21:44:32+00:00,v1|188503747966|0,OEM Rolex 1130=1135=1160=1161=1165=1166 Rotor Oscillating Weight Bolt-Axle 6738,114.95,USD,New with tags,1000,FIXED_PRICE|BEST_OFFER,https://www.ebay.com/itm/188503747966?_skw=Rolex+1161&hash=item2be3b2ed7e:g:7LUAAeSw4rJqLJbS,https://i.ebayimg.com/images/g/7LUAAeSw4rJqLJbS/s-l225.jpg,1bwpanda,11812,100.0,7.95,USD,US,Biloxi,2026-06-12T23:35:09.000Z
batch_20260729_214347,iuid_1ae04a268ff24d05,rolex_1161_6831_320,Rolex 1161,4,v1,EBAY_US,2026-07-29T21:44:32+00:00,v1|406975653358|0,Rolex Oyster Perpetual Lady Date Calibre Automatic 1161 Steel Gold Full Set,4440.93,USD,Usato - Eccellente,2990,FIXED_PRICE|BEST_OFFER,https://www.ebay.com/itm/406975653358?_skw=Rolex+1161&hash=item5ec1a3a5ee:g:onwAAeSwCKtqIpPr,https://i.ebayimg.com/images/g/onwAAeSwCKtqIpPr/s-l225.jpg,watch-world-1995,165,100.0,38.72,USD,IT,Alessandria,2026-06-05T09:17:48.000Z
batch_20260729_214347,iuid_1ae04a268ff24d05,rolex_1161_6831_320,Rolex 1161,4,v1,EBAY_US,2026-07-29T21:44:32+00:00,v1|236954566924|0,ROLEX Oyster perpetual 6619 vintage Cal.1161 Automatic Ladies Watch I#147783,1884.35,USD,Pre-owned - Good,3000,FIXED_PRICE,https://www.ebay.com/itm/236954566924?_skw=Rolex+1161&hash=item372b97c10c:g:DxAAAeSwEoBqEBn6,https://i.ebayimg.com/images/g/DxAAAeSwEoBqEBn6/s-l225.jpg,aonohappa,10991,99.7,285.00,USD,JP,,2026-07-22T02:28:09.000Z
batch_20260729_214347,iuid_1ae04a268ff24d05,rolex_1161_6831_320,Rolex 1161,4,v1,EBAY_US,2026-07-29T21:44:32+00:00,v1|157927579518|0,Original Vintage Rolex Cal. 1161 Center Wheel With Cannon Pinion,100.00,USD,Pre-owned,3000,FIXED_PRICE,https://www.ebay.com/itm/157927579518?_skw=Rolex+1161&hash=item24c5379f7e:g:G2gAAOSwXExkqfob,https://i.ebayimg.com/images/g/G2gAAOSwXExkqfob/s-l225.jpg,amadeus12,825,100.0,20.50,USD,AR,,2026-05-20T22:02:03.000Z
batch_20260729_214347,iuid_d36ea2fc899b4902,rolex_1210_131,Rolex 1210,4,v1,EBAY_DE,2026-07-29T21:44:43+00:00,v1|147435484000|0,"Rolex Oyster Speedking Precision, Ref.. 6420, Kal. 1210, aus 1958, Edelstahl",2990.00,EUR,Gebraucht - Gut,3000,FIXED_PRICE|BEST_OFFER,https://www.ebay.de/itm/147435484000?_skw=Rolex+1210&hash=item2253d6f360:g:uV4AAeSwvspqVf~V,https://i.ebayimg.com/images/g/uV4AAeSwvspqVf~V/s-l225.jpg,berlin-watches,2073,100.0,39.00,EUR,DE,Berlin,2026-07-14T09:27:23.000Z
batch_20260729_214347,iuid_d36ea2fc899b4902,rolex_1210_131,Rolex 1210,4,v1,EBAY_DE,2026-07-29T21:44:43+00:00,v1|336671625970|0,ROLEX Uhr 6426 Oyster Precision Cal.1210 Redial Handaufzug Leder Herren Selten,2142.96,EUR,Gebraucht,3000,FIXED_PRICE,https://www.ebay.de/itm/336671625970?_skw=Rolex+1210&hash=item4e633152f2:g:giIAAeSwGspqSHrQ,https://i.ebayimg.com/images/g/giIAAeSwGspqSHrQ/s-l225.jpg,miyako_sunrise,3091,99.1,0.00,EUR,JP,,2026-07-04T17:11:37.000Z
batch_20260729_214347,iuid_d36ea2fc899b4902,rolex_1210_131,Rolex 1210,4,v1,EBAY_DE,2026-07-29T21:44:43+00:00,v1|336670290705|0,Rolex 6144 Oyster Royal Cal.1210 Handaufzug Jungenuhr Round Dial Accessary,2568.13,EUR,Gebraucht,3000,FIXED_PRICE,https://www.ebay.de/itm/336670290705?_skw=Rolex+1210&hash=item4e631cf311:g:PfsAAeSwaYVqR9Ld,https://i.ebayimg.com/images/g/PfsAAeSwaYVqR9Ld/s-l225.jpg,miyako_sunrise,3091,99.1,0.00,EUR,JP,,2026-07-03T22:00:01.000Z
batch_20260729_214347,iuid_d36ea2fc899b4902,rolex_1210_131,Rolex 1210,4,v1,EBAY_DE,2026-07-29T21:44:43+00:00,v1|298476112111|0,Rolex Oyster Perpetual Precision Ref.6422 Bj.1955 original Vintage Unpoliert,5814.00,EUR,Gebraucht - Gut,3000,FIXED_PRICE,https://www.ebay.de/itm/298476112111?_skw=Rolex+1210&hash=item457e9008ef:g:UjAAAeSwNYtqR7vB,https://i.ebayimg.com/images/g/UjAAAeSwNYtqR7vB/s-l225.jpg,juwelierhaeffner,9599,100.0,30.00,EUR,DE,Stuttgart,2026-07-03T13:38:11.000Z
batch_20260729_214347,iuid_d36ea2fc899b4902,rolex_1210_131,Rolex 1210,4,v1,EBAY_DE,2026-07-29T21:44:43+00:00,v1|398145313241|0,Rolex Oyster Precision Zifferblatt Military 23mm Midsize Cal 1210 Ref 6466 X19,139.00,EUR,Gebraucht,3000,FIXED_PRICE|BEST_OFFER,https://www.ebay.de/itm/398145313241?_skw=Rolex+1210&hash=item5cb34f59d9:g:zHsAAeSwYytp3jz~,https://i.ebayimg.com/images/g/zHsAAeSwYytp3jz~/s-l225.jpg,strolchi007,1447,99.4,9.90,EUR,DE,München,2026-07-06T09:23:14.000Z
batch_20260729_214347,iuid_d36ea2fc899b4902,rolex_1210_131,Rolex 1210,4,v1,EBAY_DE,2026-07-29T21:44:43+00:00,v1|117322943912|0,Rolex 1210 Platine,,,Gebraucht,3000,AUCTION|BEST_OFFER,https://www.ebay.de/itm/117322943912?_skw=Rolex+1210&hash=item1b50fe0da8:g:9YcAAeSw7rBqNEae,https://i.ebayimg.com/images/g/9YcAAeSw7rBqNEae/s-l225.jpg,32429,3843,100.0,7.00,EUR,DE,Minden,2026-07-26T12:21:26.000Z
batch_20260729_214347,iuid_d36ea2fc899b4902,rolex_1210_131,Rolex 1210,4,v1,EBAY_DE,2026-07-29T21:44:43+00:00,v1|147381741718|0,"Rolex Oyster Precison, Ref. 6422, Cal. 1210, Patina, 3-6-9, aus II/1957",8990.00,EUR,Gebraucht - Hervorragend,2990,FIXED_PRICE|BEST_OFFER,https://www.ebay.de/itm/147381741718?_skw=Rolex+1210&hash=item2250a2e896:g:GZYAAeSwxiZqMWBm,https://i.ebayimg.com/images/g/GZYAAeSwxiZqMWBm/s-l225.jpg,www.gold-oase,3425,100.0,69.00,EUR,DE,Wuppertal,2026-06-17T18:48:06.000Z
batch_20260729_214347,iuid_d36ea2fc899b4902,rolex_1210_131,Rolex 1210,4,v1,EBAY_DE,2026-07-29T21:44:43+00:00,v1|236882104339|0,Rolex Oysterdate Precision Roulette Ref.6494 1957 original Box sehr gut Vintage,2715.00,EUR,Gebraucht - Gut,3000,FIXED_PRICE,https://www.ebay.de/itm/236882104339?_skw=Rolex+1210&hash=item3727461013:g:fAEAAeSw2OhqXkcQ,https://i.ebayimg.com/images/g/fAEAAeSw2OhqXkcQ/s-l225.jpg,juwelierhaeffner,9599,100.0,30.00,EUR,DE,Stuttgart,2026-06-17T09:11:18.000Z
batch_20260729_214347,iuid_d36ea2fc899b4902,rolex_1210_131,Rolex 1210,4,v1,EBAY_DE,2026-07-29T21:44:43+00:00,v1|117225926692|0,Vintage Rolex Oyster Precision 9k Gold Ref 6427 Cal 1210 Herrenuhr 35mm 1951,4343.94,EUR,Gebraucht - Gut,3000,FIXED_PRICE,https://www.ebay.de/itm/117225926692?_skw=Rolex+1210&hash=item1b4b35b024:g:hewAAeSwTOpqHIZX,https://i.ebayimg.com/images/g/hewAAeSwTOpqHIZX/s-l225.jpg,dimiuk_b933jh98q,1220,100.0,69.29,EUR,GB,,2026-06-01T07:41:17.000Z
batch_20260729_214347,iuid_d36ea2fc899b4902,rolex_1210_131,Rolex 1210,4,v1,EBAY_DE,2026-07-29T21:44:43+00:00,v1|800078594276|0,Rolex Precision 50s 18 kt Gold Ref 8951 Manual Cal 1210 Serviced,5500.00,EUR,Usato - Eccellente,2990,FIXED_PRICE,https://www.ebay.de/itm/800078594276?_skw=Rolex+1210&hash=itemba486680e4:g:xqAAAeSwUg1qFtd6,https://i.ebayimg.com/images/g/xqAAAeSwUg1qFtd6/s-l225.jpg,oro.2000,3528,100.0,0.00,EUR,IT,Bari,2026-05-28T11:37:54.000Z
batch_20260729_214347,iuid_d36ea2fc899b4902,rolex_1210_131,Rolex 1210,4,v1,EBAY_DE,2026-07-29T21:44:43+00:00,v1|800072553717|0,Rolex 1215 1220 1225 1210-7504 / 7590 Center Wheel Centre Wheel Only Original,180.00,EUR,Usato,3000,FIXED_PRICE|BEST_OFFER,https://www.ebay.de/itm/800072553717?_skw=Rolex+1210&hash=itemba480a54f5:g:RooAAeSw8oNqFWvA,https://i.ebayimg.com/images/g/RooAAeSw8oNqFWvA/s-l225.jpg,only_quality_stuff_new2026,57,100.0,12.50,EUR,IT,Teramo,2026-05-26T09:49:55.000Z
batch_20260729_214347,iuid_d36ea2fc899b4902,rolex_1210_131,Rolex 1210,4,v1,EBAY_DE,2026-07-29T21:44:43+00:00,v1|406903032562|0,"#1981 ORIGINAL ROLEX CAL. 1210 27,0mm PRECISION OYSTER ZIFFERBLATT SILVER DIAL",259.99,EUR,Gebraucht,3000,FIXED_PRICE,https://www.ebay.de/itm/406903032562?_skw=Rolex+1210&hash=item5ebd4f8af2:g:VgoAAeSwKuRp-Fdx,https://i.ebayimg.com/images/g/VgoAAeSwKuRp-Fdx/s-l225.jpg,state_of_time,3866,100.0,6.95,EUR,DE,Gersthofen,2026-05-04T08:24:33.000Z
batch_20260729_214347,iuid_d36ea2fc899b4902,rolex_1210_131,Rolex 1210,4,v1,EBAY_DE,2026-07-29T21:44:43+00:00,v1|406867527111|0,Rolex 1210-1215-1225 Original Streifen,70.00,EUR,Usato,3000,FIXED_PRICE|BEST_OFFER,https://www.ebay.de/itm/406867527111?_skw=Rolex+1210&hash=item5ebb31c5c7:g:vqIAAeSwF7Vp48NG,https://i.ebayimg.com/images/g/vqIAAeSwF7Vp48NG/s-l225.jpg,robbed-673,28,100.0,15.00,EUR,RO,,2026-04-18T17:48:32.000Z
batch_20260729_214347,iuid_d36ea2fc899b4902,rolex_1210_131,Rolex 1210,4,v1,EBAY_DE,2026-07-29T21:44:43+00:00,v1|406867511322|0,Rolex 1210- 1215- 1225 Original Aufzugswelle,20.00,EUR,Usato,3000,FIXED_PRICE|BEST_OFFER,https://www.ebay.de/itm/406867511322?_skw=Rolex+1210&hash=item5ebb31881a:g:A18AAeSwiY5p48HJ,https://i.ebayimg.com/images/g/A18AAeSwiY5p48HJ/s-l225.jpg,robbed-673,28,100.0,15.00,EUR,RO,,2026-04-18T17:43:00.000Z
batch_20260729_214347,iuid_d36ea2fc899b4902,rolex_1210_131,Rolex 1210,4,v1,EBAY_DE,2026-07-29T21:44:43+00:00,v1|117091291827|0,"ROLEX Cal. 1200, 1210, 1215 u. 1220 AUFZUGSFEDER PART No. 311  ~NOS~",49.90,EUR,Neu ohne Etikett,1500,FIXED_PRICE,https://www.ebay.de/itm/117091291827?_skw=Rolex+1210&hash=item1b432f52b3:g:~74AAOSwP7FjsEOX,https://i.ebayimg.com/images/g/~74AAOSwP7FjsEOX/s-l225.jpg,horlogerie2012,11503,99.8,0.00,EUR,DE,Mannheim,2026-03-16T17:34:33.000Z
batch_20260729_214347,iuid_d36ea2fc899b4902,rolex_1210_131,Rolex 1210,4,v1,EBAY_DE,2026-07-29T21:44:43+00:00,v1|406741564894|0,#1876 ORIGINAL ROLEX 1210 - 7544 UNRUHWELLE  ERSATZTEIL SPARE PART USED,59.99,EUR,Gebraucht,3000,FIXED_PRICE,https://www.ebay.de/itm/406741564894?_skw=Rolex+1210&hash=item5eb3afbdde:g:6JcAAeSwAvJpqpJX,https://i.ebayimg.com/images/g/6JcAAeSwAvJpqpJX/s-l225.jpg,state_of_time,3866,100.0,6.95,EUR,DE,Gersthofen,2026-03-06T08:38:26.000Z
batch_20260729_214347,iuid_d36ea2fc899b4902,rolex_1210_131,Rolex 1210,4,v1,EBAY_DE,2026-07-29T21:44:43+00:00,v1|406738813495|0,#1876 ROLEX CAL. 1210-7507 ERSATZTEIL WHEEL SPARE PART IM BLISTER SEALED NEU,159.99,EUR,Gebraucht,3000,FIXED_PRICE,https://www.ebay.de/itm/406738813495?_skw=Rolex+1210&hash=item5eb385c237:g:HkYAAeSwPsRpqUl6,https://i.ebayimg.com/images/g/HkYAAeSwPsRpqUl6/s-l225.jpg,state_of_time,3866,100.0,6.95,EUR,DE,Gersthofen,2026-03-05T09:15:09.000Z
batch_20260729_214347,iuid_d36ea2fc899b4902,rolex_1210_131,Rolex 1210,4,v1,EBAY_DE,2026-07-29T21:44:43+00:00,v1|227219995589|0,Rolex 1215 119 Neu NEW Blister X1 Stück Rocchetto Ratchet wheel,108.90,EUR,Nuovo con etichette,1000,FIXED_PRICE|BEST_OFFER,https://www.ebay.de/itm/227219995589?_skw=Rolex+1210&hash=item34e75dfbc5:g:OzsAAeSw1~1qRQ2U,https://i.ebayimg.com/images/g/OzsAAeSw1~1qRQ2U/s-l225.jpg,*rarecollections,1405,100.0,29.00,EUR,IT,,2026-02-16T21:35:06.000Z
batch_20260729_214347,iuid_d36ea2fc899b4902,rolex_1210_131,Rolex 1210,4,v1,EBAY_DE,2026-07-29T21:44:43+00:00,v1|227219995267|0,"Rolex 1215 7599-1 Neu NEW Blister X1 Stück Stundenrad 1,47mm Hour wheel",108.90,EUR,Nuovo con etichette,1000,FIXED_PRICE|BEST_OFFER,https://www.ebay.de/itm/227219995267?_skw=Rolex+1210&hash=item34e75dfa83:g:JGsAAeSwwIhqSFbS,https://i.ebayimg.com/images/g/JGsAAeSwwIhqSFbS/s-l225.jpg,*rarecollections,1405,100.0,29.00,EUR,IT,,2026-02-16T21:34:53.000Z
batch_20260729_214347,iuid_d36ea2fc899b4902,rolex_1210_131,Rolex 1210,4,v1,EBAY_DE,2026-07-29T21:44:43+00:00,v1|227219995236|0,Rolex 1215 7597 Neu NEW Blister X1 Stück Minutenrad Minute wheel,75.90,EUR,Nuovo con etichette,1000,FIXED_PRICE|BEST_OFFER,https://www.ebay.de/itm/227219995236?_skw=Rolex+1210&hash=item34e75dfa64:g:krIAAeSw82lqSFYH,https://i.ebayimg.com/images/g/krIAAeSw82lqSFYH/s-l225.jpg,*rarecollections,1405,100.0,29.00,EUR,IT,,2026-02-16T21:34:52.000Z
batch_20260729_214347,iuid_d36ea2fc899b4902,rolex_1210_131,Rolex 1210,4,v1,EBAY_DE,2026-07-29T21:44:43+00:00,v1|227219995237|0,"Rolex 1215 7598 Neu NEW Blister X1 Stück Stundenrad 1,27mm Hour wheel ht",119.90,EUR,Nuovo con etichette,1000,FIXED_PRICE|BEST_OFFER,https://www.ebay.de/itm/227219995237?_skw=Rolex+1210&hash=item34e75dfa65:g:Eu8AAeSwt8NqSFZv,https://i.ebayimg.com/images/g/Eu8AAeSwt8NqSFZv/s-l225.jpg,*rarecollections,1405,100.0,29.00,EUR,IT,,2026-02-16T21:34:52.000Z
batch_20260729_214347,iuid_d36ea2fc899b4902,rolex_1210_131,Rolex 1210,4,v1,EBAY_DE,2026-07-29T21:44:43+00:00,v1|227219995048|0,Rolex 1220 7619 Neu NEW Blister X1 Stück Center Wheel Cannon,218.90,EUR,Nuovo con etichette,1000,FIXED_PRICE|BEST_OFFER,https://www.ebay.de/itm/227219995048?_skw=Rolex+1210&hash=item34e75df9a8:g:iKMAAeSwcxVqSFgK,https://i.ebayimg.com/images/g/iKMAAeSwcxVqSFgK/s-l225.jpg,*rarecollections,1405,100.0,29.00,EUR,IT,,2026-02-16T21:34:42.000Z
batch_20260729_214347,iuid_d36ea2fc899b4902,rolex_1210_131,Rolex 1210,4,v1,EBAY_DE,2026-07-29T21:44:43+00:00,v1|227219991119|0,Rolex 1220 7627-4 Neu NEW Blister X1 Stück Schrauben Set Screws,218.90,EUR,Nuovo con etichette,1000,FIXED_PRICE|BEST_OFFER,https://www.ebay.de/itm/227219991119?_skw=Rolex+1210&hash=item34e75dea4f:g:rRAAAeSwoshqRRs6,https://i.ebayimg.com/images/g/rRAAAeSwoshqRRs6/s-l225.jpg,*rarecollections,1405,100.0,29.00,EUR,IT,,2026-02-16T21:30:32.000Z
batch_20260729_214347,iuid_d36ea2fc899b4902,rolex_1210_131,Rolex 1210,4,v1,EBAY_DE,2026-07-29T21:44:43+00:00,v1|227219988736|0,Rolex 1220 7633 Neu NEW Blister X1 Stück Tiretto Setting lever,86.90,EUR,Nuovo con etichette,1000,FIXED_PRICE|BEST_OFFER,https://www.ebay.de/itm/227219988736?_skw=Rolex+1210&hash=item34e75de100:g:VJQAAeSwak9qSF4~,https://i.ebayimg.com/images/g/VJQAAeSwak9qSF4~/s-l225.jpg,*rarecollections,1405,100.0,29.00,EUR,IT,,2026-02-16T21:28:13.000Z
batch_20260729_214347,iuid_d36ea2fc899b4902,rolex_1210_131,Rolex 1210,4,v1,EBAY_DE,2026-07-29T21:44:43+00:00,v1|227219987865|0,Rolex 1220 7636 Neu NEW Blister X1 Stück Ratschenschraube Screw Click,31.90,EUR,Nuovo con etichette,1000,FIXED_PRICE|BEST_OFFER,https://www.ebay.de/itm/227219987865?_skw=Rolex+1210&hash=item34e75ddd99:g:0HkAAeSwroZqRR9w,https://i.ebayimg.com/images/g/0HkAAeSwroZqRR9w/s-l225.jpg,*rarecollections,1405,100.0,29.00,EUR,IT,,2026-02-16T21:27:36.000Z
batch_20260729_214347,iuid_d36ea2fc899b4902,rolex_1210_131,Rolex 1210,4,v1,EBAY_DE,2026-07-29T21:44:43+00:00,v1|227219987447|0,Rolex 1240 150 Neu NEW Blister X1 Stück Zifferblattschraube Screw dial,31.90,EUR,Nuovo con etichette,1000,FIXED_PRICE|BEST_OFFER,https://www.ebay.de/itm/227219987447?_skw=Rolex+1210&hash=item34e75ddbf7:g:8rIAAeSw1tJqRSAN,https://i.ebayimg.com/images/g/8rIAAeSw1tJqRSAN/s-l225.jpg,*rarecollections,1405,100.0,29.00,EUR,IT,,2026-02-16T21:27:18.000Z
batch_20260729_214347,iuid_d36ea2fc899b4902,rolex_1210_131,Rolex 1210,4,v1,EBAY_DE,2026-07-29T21:44:43+00:00,v1|227219987055|0,Rolex 1240 5503 Neu NEW Blister X1 Stück Flanschschraube Screw Bridle,31.90,EUR,Nuovo con etichette,1000,FIXED_PRICE|BEST_OFFER,https://www.ebay.de/itm/227219987055?_skw=Rolex+1210&hash=item34e75dda6f:g:GCcAAeSwltBqRSDe,https://i.ebayimg.com/images/g/GCcAAeSwltBqRSDe/s-l225.jpg,*rarecollections,1405,100.0,29.00,EUR,IT,,2026-02-16T21:27:07.000Z
batch_20260729_214347,iuid_d36ea2fc899b4902,rolex_1210_131,Rolex 1210,4,v1,EBAY_DE,2026-07-29T21:44:43+00:00,v1|227219986140|0,Rolex 1240 7505-1 Neu NEW Blister X1 Stück Unruh Einstellschraube,31.90,EUR,Nuovo con etichette,1000,FIXED_PRICE|BEST_OFFER,https://www.ebay.de/itm/227219986140?_skw=Rolex+1210&hash=item34e75dd6dc:g:HJQAAeSwJY1qRSFN,https://i.ebayimg.com/images/g/HJQAAeSwJY1qRSFN/s-l225.jpg,*rarecollections,1405,100.0,29.00,EUR,IT,,2026-02-16T21:26:27.000Z
batch_20260729_214347,iuid_d36ea2fc899b4902,rolex_1210_131,Rolex 1210,4,v1,EBAY_DE,2026-07-29T21:44:43+00:00,v1|227219984498|0,Rolex 1240-110 Neu NEW Blister X1 Stück Krone Rad Kern Schraube,31.90,EUR,Nuovo con etichette,1000,FIXED_PRICE|BEST_OFFER,https://www.ebay.de/itm/227219984498?_skw=Rolex+1210&hash=item34e75dd072:g:~34AAeSwAQ1qRSIn,https://i.ebayimg.com/images/g/~34AAeSwAQ1qRSIn/s-l225.jpg,*rarecollections,1405,100.0,29.00,EUR,IT,,2026-02-16T21:26:02.000Z
batch_20260729_214347,iuid_d36ea2fc899b4902,rolex_1210_131,Rolex 1210,4,v1,EBAY_DE,2026-07-29T21:44:43+00:00,v1|227219983683|0,Rolex 1240-340 Neu NEW Blister X1 Stück Schraube 1240 2130 Screw,20.90,EUR,Nuovo con etichette,1000,FIXED_PRICE|BEST_OFFER,https://www.ebay.de/itm/227219983683?_skw=Rolex+1210&hash=item34e75dcd43:g:EWkAAeSwEZtqRSPM,https://i.ebayimg.com/images/g/EWkAAeSwEZtqRSPM/s-l225.jpg,*rarecollections,1405,100.0,29.00,EUR,IT,,2026-02-16T21:25:45.000Z
batch_20260729_214347,iuid_d36ea2fc899b4902,rolex_1210_131,Rolex 1210,4,v1,EBAY_DE,2026-07-29T21:44:43+00:00,v1|306752564819|0,Rolex Original 1210 7502 Barrel with Arbor Genuine Brand New Sealed,103.30,EUR,Neu mit Etikett,1000,FIXED_PRICE,https://www.ebay.de/itm/306752564819?_skw=Rolex+1210&hash=item476be0ae53:g:QgMAAeSwTaFpGd1I,https://i.ebayimg.com/images/g/QgMAAeSwTaFpGd1I/s-l225.jpg,369watchpartsltd,677,100.0,41.22,EUR,GB,,2026-02-06T20:33:44.000Z
batch_20260729_214347,iuid_d36ea2fc899b4902,rolex_1210_131,Rolex 1210,4,v1,EBAY_DE,2026-07-29T21:44:43+00:00,v1|227196820182|0,Rolex 1240-340 Neu NEW Blister X1 Stück Schraube Tiretto 1240 2130 Screw Setting,31.90,EUR,Nuovo con etichette,1000,FIXED_PRICE|BEST_OFFER,https://www.ebay.de/itm/227196820182?_skw=Rolex+1210&hash=item34e5fc5ad6:g:E~kAAeSwRydqabGL,https://i.ebayimg.com/images/g/E~kAAeSwRydqabGL/s-l225.jpg,*rarecollections,1405,100.0,29.00,EUR,IT,,2026-01-31T16:28:03.000Z
batch_20260729_214347,iuid_d36ea2fc899b4902,rolex_1210_131,Rolex 1210,4,v1,EBAY_DE,2026-07-29T21:44:43+00:00,v1|188009524753|0,Rolex Original 7507 Drittes Radteil für Kaliber 1210 Uhrwerk Neu Ungeöffnet,202.33,EUR,Neu ohne Etikett,1500,FIXED_PRICE,https://www.ebay.de/itm/188009524753?_skw=Rolex+1210&hash=item2bc63dae11:g:EfIAAeSwPA1qS69z,https://i.ebayimg.com/images/g/EfIAAeSwPA1qS69z/s-l225.jpg,mikais0,149,100.0,17.25,EUR,JP,,2026-01-30T18:47:14.000Z
batch_20260729_214347,iuid_d36ea2fc899b4902,rolex_1210_131,Rolex 1210,4,v1,EBAY_DE,2026-07-29T21:44:43+00:00,v1|188009127455|0,Rolex Original 7507 Drittes Radteil für Kaliber 1210 Uhrwerk Neu Ungeöffnet,207.66,EUR,Neu ohne Etikett,1500,FIXED_PRICE,https://www.ebay.de/itm/188009127455?_skw=Rolex+1210&hash=item2bc6379e1f:g:lFIAAeSwLrZpfG7z,https://i.ebayimg.com/images/g/lFIAAeSwLrZpfG7z/s-l225.jpg,mikais0,149,100.0,17.25,EUR,JP,,2026-01-30T15:51:39.000Z
batch_20260729_214347,iuid_d36ea2fc899b4902,rolex_1210_131,Rolex 1210,4,v1,EBAY_DE,2026-07-29T21:44:43+00:00,v1|227189302970|0,Rolex 1215 133 Neu NEW Blister X1 Stück Kronrad Crown wheel,103.40,EUR,Nuovo con etichette,1000,FIXED_PRICE|BEST_OFFER,https://www.ebay.de/itm/227189302970?_skw=Rolex+1210&hash=item34e589a6ba:g:WI8AAeSwuRxqSFGS,https://i.ebayimg.com/images/g/WI8AAeSwuRxqSFGS/s-l225.jpg,*rarecollections,1405,100.0,29.00,EUR,IT,,2026-01-26T05:16:05.000Z
batch_20260729_214347,iuid_d36ea2fc899b4902,rolex_1210_131,Rolex 1210,4,v1,EBAY_DE,2026-07-29T21:44:43+00:00,v1|227185032947|0,Rolex 1220 7623 Neu NEW Blister X1 Stück Median Wheel Third wheel,79.20,EUR,Nuovo con etichette,1000,FIXED_PRICE|BEST_OFFER,https://www.ebay.de/itm/227185032947?_skw=Rolex+1210&hash=item34e5487ef3:g:W78AAeSw6Xlqaasz,https://i.ebayimg.com/images/g/W78AAeSw6Xlqaasz/s-l225.jpg,*rarecollections,1405,100.0,29.00,EUR,IT,,2026-01-22T21:44:49.000Z
batch_20260729_214347,iuid_d36ea2fc899b4902,rolex_1210_131,Rolex 1210,4,v1,EBAY_DE,2026-07-29T21:44:43+00:00,v1|227184814795|0,Rolex 1220 7626-2 Neu NEW Blister X1 Stück Streifenauslöser Jumper Setting,75.90,EUR,Nuovo con etichette,1000,FIXED_PRICE|BEST_OFFER,https://www.ebay.de/itm/227184814795?_skw=Rolex+1210&hash=item34e5452acb:g:3JEAAeSwD-lqaa0Z,https://i.ebayimg.com/images/g/3JEAAeSwD-lqaa0Z/s-l225.jpg,*rarecollections,1405,100.0,29.00,EUR,IT,,2026-01-22T17:34:38.000Z
batch_20260729_214347,iuid_d36ea2fc899b4902,rolex_1210_131,Rolex 1210,4,v1,EBAY_DE,2026-07-29T21:44:43+00:00,v1|227184714301|0,Rolex 1240-110 Neu NEW Blister X1 Stück Schraube Feder-Kupplung Sekundenrad 1240,49.50,EUR,Nuovo con etichette,1000,FIXED_PRICE|BEST_OFFER,https://www.ebay.de/itm/227184714301?_skw=Rolex+1210&hash=item34e543a23d:g:qmEAAeSw77hqM~IT,https://i.ebayimg.com/images/g/qmEAAeSw77hqM~IT/s-l225.jpg,*rarecollections,1405,100.0,29.00,EUR,IT,,2026-01-22T15:58:17.000Z
batch_20260729_214347,iuid_d36ea2fc899b4902,rolex_1210_131,Rolex 1210,4,v1,EBAY_DE,2026-07-29T21:44:43+00:00,v1|227184701508|0,Rolex 1240-335 Neu NEW Blister X1 Stück Schraube Brücke Waage/Fass/Ruotik 1240,24.20,EUR,Nuovo con etichette,1000,FIXED_PRICE|BEST_OFFER,https://www.ebay.de/itm/227184701508?_skw=Rolex+1210&hash=item34e5437044:g:8doAAeSwf55qM~Pz,https://i.ebayimg.com/images/g/8doAAeSwf55qM~Pz/s-l225.jpg,*rarecollections,1405,100.0,29.00,EUR,IT,,2026-01-22T15:41:43.000Z
batch_20260729_214347,iuid_d36ea2fc899b4902,rolex_1210_131,Rolex 1210,4,v1,EBAY_DE,2026-07-29T21:44:43+00:00,v1|198376835744|0,"Gewunden Vorbau 1210-7549 für Rolex 1200, 1210, 1215, 1220, 1225",18.34,EUR,Neu mit Etikett,1000,FIXED_PRICE,https://www.ebay.de/itm/198376835744?_skw=Rolex+1210&hash=item2e302e4aa0:g:VfkAAeSwd39pFQp-,https://i.ebayimg.com/images/g/VfkAAeSwd39pFQp-/s-l225.jpg,maddisonsofdurham,92519,99.8,11.54,EUR,GB,MIDDLESBROUGH,2026-05-24T07:19:03.000Z
batch_20260729_214347,iuid_d36ea2fc899b4902,rolex_1210_131,Rolex 1210,4,v1,EBAY_DE,2026-07-29T21:44:43+00:00,v1|206001167534|0,Genuine Rolex 1210 1225 Winding Pinion 7550 new Condition. Price For 1 (Z843),50.00,EUR,Neu ohne Etikett,1500,FIXED_PRICE,https://www.ebay.de/itm/206001167534?_skw=Rolex+1210&hash=item2ff6a05cae:g:SzgAAeSwZappaRlV,https://i.ebayimg.com/images/g/SzgAAeSwZappaRlV/s-l225.jpg,kian-werke,7774,100.0,6.00,EUR,DE,Hildesheim,2026-01-15T16:45:44.000Z
batch_20260729_214347,iuid_d36ea2fc899b4902,rolex_1210_131,Rolex 1210,4,v1,EBAY_DE,2026-07-29T21:44:43+00:00,v1|206001161719|0,GENUINE ROLEX CAL 1210 1215 1220 1225 SETTING LEVER PART Nb 7881  (Z841),50.00,EUR,Neu ohne Etikett,1500,FIXED_PRICE,https://www.ebay.de/itm/206001161719?_skw=Rolex+1210&hash=item2ff6a045f7:g:qZkAAeSwn6dpaRhN,https://i.ebayimg.com/images/g/qZkAAeSwn6dpaRhN/s-l225.jpg,kian-werke,7774,100.0,6.00,EUR,DE,Hildesheim,2026-01-15T16:40:40.000Z
batch_20260729_214347,iuid_d36ea2fc899b4902,rolex_1210_131,Rolex 1210,4,v1,EBAY_DE,2026-07-29T21:44:43+00:00,v1|206000237166|0,Original Rolex Cal. 1210 Spare Part No 7575 Bridle NOS Sealed (R43C),40.00,EUR,Neu mit Etikett,1000,FIXED_PRICE,https://www.ebay.de/itm/206000237166?_skw=Rolex+1210&hash=item2ff6922a6e:g:Ls8AAeSwb99paKY-,https://i.ebayimg.com/images/g/Ls8AAeSwb99paKY-/s-l225.jpg,kian-werke,7774,100.0,6.00,EUR,DE,Hildesheim,2026-01-15T08:33:52.000Z
batch_20260729_214347,iuid_d36ea2fc899b4902,rolex_1210_131,Rolex 1210,4,v1,EBAY_DE,2026-07-29T21:44:43+00:00,v1|206000232234|0,5 pics in pack New Genuine Rolex Caliber 1210 Part Number 118 Casing Clam (R43B),40.00,EUR,Neu mit Etikett,1000,FIXED_PRICE,https://www.ebay.de/itm/206000232234?_skw=Rolex+1210&hash=item2ff692172a:g:kC0AAeSw4dRpaKWn,https://i.ebayimg.com/images/g/kC0AAeSw4dRpaKWn/s-l225.jpg,kian-werke,7774,100.0,6.00,EUR,DE,Hildesheim,2026-01-15T08:31:23.000Z
batch_20260729_214347,iuid_d36ea2fc899b4902,rolex_1210_131,Rolex 1210,4,v1,EBAY_DE,2026-07-29T21:44:43+00:00,v1|326934719617|0,Original Rolex Ersatzteil 7500-1/620 Hauptfeder für Cal. 1210. Sealed NOS R,151.62,EUR,Gebraucht,3000,FIXED_PRICE,https://www.ebay.de/itm/326934719617?_skw=Rolex+1210&hash=item4c1ed3ec81:g:jkMAAOSwhe9nDfW2,https://i.ebayimg.com/images/g/jkMAAOSwhe9nDfW2/s-l225.jpg,luxurystyl,2430,99.5,0.00,EUR,JO,,2025-12-30T18:39:43.000Z
batch_20260729_214347,iuid_d36ea2fc899b4902,rolex_1210_131,Rolex 1210,4,v1,EBAY_DE,2026-07-29T21:44:43+00:00,v1|397401196132|0,Rolex 1210 - 723 Unruhwelle (einzeln) - Balancer staff pivoted (per unit,23.00,EUR,Occasion,3000,FIXED_PRICE,https://www.ebay.de/itm/397401196132?_skw=Rolex+1210&hash=item5c86f50664:g:YKEAAeSwlelqThms,https://i.ebayimg.com/images/g/YKEAAeSwlelqThms/s-l225.jpg,manz15,8279,99.4,9.00,EUR,FR,Vaux-sur-Mer,2025-12-17T07:20:08.000Z
batch_20260729_214347,iuid_d36ea2fc899b4902,rolex_1210_131,Rolex 1210,4,v1,EBAY_DE,2026-07-29T21:44:43+00:00,v1|317657758334|0,Original Rolex Third Wheel CAL.1210 7507 Uhrwerk Teil ungeöffnet #2,153.41,EUR,Neu ohne Etikett,1500,FIXED_PRICE,https://www.ebay.de/itm/317657758334?_skw=Rolex+1210&hash=item49f5e0ba7e:g:uYYAAeSwjtVpO8is,https://i.ebayimg.com/images/g/uYYAAeSwjtVpO8is/s-l225.jpg,j-style.lx,6082,99.3,0.00,EUR,JP,,2025-12-14T09:24:19.000Z
batch_20260729_214347,iuid_d36ea2fc899b4902,rolex_1210_131,Rolex 1210,4,v1,EBAY_DE,2026-07-29T21:44:43+00:00,v1|267511538600|0,Original Rolex Third Wheel CAL.1210 7507 Uhrwerk Teil ungeöffnet,153.41,EUR,Neu ohne Etikett,1500,FIXED_PRICE,https://www.ebay.de/itm/267511538600?_skw=Rolex+1210&hash=item3e48ee23a8:g:VEkAAeSwOippO8i3,https://i.ebayimg.com/images/g/VEkAAeSwOippO8i3/s-l225.jpg,j-style.lx,6082,99.3,0.00,EUR,JP,,2025-12-14T08:53:32.000Z
batch_20260729_214347,iuid_d36ea2fc899b4902,rolex_1210_131,Rolex 1210,4,v1,EBAY_DE,2026-07-29T21:44:43+00:00,v1|267491750670|567281293597,Uhr Gewunden Vorbau - Variationen - Wählen Sie Von List Viele Kaliber,25.59,EUR,Neu ohne Etikett,1500,FIXED_PRICE,https://www.ebay.de/itm/267491750670?_skw=Rolex+1210&hash=item3e47c0330e:g:OioAAeSw2uJpJuvT,https://i.ebayimg.com/images/g/OioAAeSw2uJpJuvT/s-l225.jpg,swiss.watches,5901,98.9,16.45,EUR,PL,,2025-11-26T13:50:26.000Z
batch_20260729_214347,iuid_d36ea2fc899b4902,rolex_1210_131,Rolex 1210,4,v1,EBAY_DE,2026-07-29T21:44:43+00:00,v1|167944372001|0,Rolex Kaliber 1210 Ref. 7512 Sekundenrad,38.50,EUR,Neuf avec étiquettes,1000,FIXED_PRICE,https://www.ebay.de/itm/167944372001?_skw=Rolex+1210&hash=item271a43bf21:g:11IAAeSw~iNpHyNN,https://i.ebayimg.com/images/g/11IAAeSw~iNpHyNN/s-l225.jpg,videgrenier34,416,100.0,20.00,EUR,FR,Montpellier-,2025-11-20T14:20:19.000Z
batch_20260729_214347,iuid_d36ea2fc899b4902,rolex_1210_131,Rolex 1210 131,1,v1,EBAY_US,2026-07-29T21:44:44+00:00,v1|267703122503|0,Rolex 1210 # 131 Case Clamp Genuine Made New X1 From Pack,26.58,USD,New with tags,1000,FIXED_PRICE,https://www.ebay.com/itm/267703122503?_skw=Rolex+1210+131&hash=item3e54597a47:g:kyUAAeSwb5ZqNCJa,https://i.ebayimg.com/images/g/kyUAAeSwb5ZqNCJa/s-l225.jpg,nwcs84,11806,100.0,17.61,USD,GB,HILLSBOROUGH,2026-06-18T16:53:02.000Z
batch_20260729_214347,iuid_d36ea2fc899b4902,rolex_1210_131,Rolex 1210 131,1,v1,EBAY_US,2026-07-29T21:44:44+00:00,v1|386081162970|0,Rolex Casing Up Clamp 131 Cal 1225 1210 Authentic Original One Piece ,20.00,USD,New without tags,1500,FIXED_PRICE,https://www.ebay.com/itm/386081162970?_skw=Rolex+1210+131&hash=item59e43b06da:g:xjwAAOSwSGJk8Rnv,https://i.ebayimg.com/images/g/xjwAAOSwSGJk8Rnv/s-l225.jpg,watchpart000,3109,100.0,5.00,USD,US,Commerce Township,2023-08-31T22:54:42.000Z
batch_20260729_214347,iuid_d36ea2fc899b4902,rolex_1210_131,Rolex 1210 131,1,v1,EBAY_US,2026-07-29T21:44:44+00:00,v1|295553539679|0,NEW in Package Original Rolex Cal 1210 Part 131  Bridle  5 PIECES,95.00,USD,New with tags,1000,FIXED_PRICE,https://www.ebay.com/itm/295553539679?_skw=Rolex+1210+131&hash=item44d05d1e5f:g:zg0AAOSw3eJkBJOX,https://i.ebayimg.com/images/g/zg0AAOSw3eJkBJOX/s-l225.jpg,vintagewatchparts24,2253,100.0,15.00,USD,AE,,2023-03-05T13:05:31.000Z
batch_20260729_214347,iuid_d36ea2fc899b4902,rolex_1210_131,Rolex 1210 131,1,v1,EBAY_US,2026-07-29T21:44:44+00:00,v1|192889579994|0,Genuine Rolex Calibre 1210 Part #131 Bridle Genuine Rolex Watch Part New,35.00,USD,New without tags,1500,FIXED_PRICE,https://www.ebay.com/itm/192889579994?_skw=Rolex+1210+131&hash=item2ce91d69da:g:pjsAAOSwoJ1a02aY,https://i.ebayimg.com/images/g/pjsAAOSwoJ1a02aY/s-l225.jpg,hubcitytime,4800,100.0,10.80,USD,CA,,2019-04-14T17:19:24.000Z
batch_20260729_214347,iuid_d36ea2fc899b4902,rolex_1210_131,Rolex 1210,4,v1,EBAY_US,2026-07-29T21:44:47+00:00,v1|178353697270|0,"Rolex Watch Crown + Stem for Cal 1210, 6mm X 3.4mm, Tap 10, Used #S802",86.38,USD,Used,3000,FIXED_PRICE,https://www.ebay.com/itm/178353697270?_skw=Rolex+1210&hash=item2986b571f6:g:QbkAAeSwf79qac7w,https://i.ebayimg.com/images/g/QbkAAeSwf79qac7w/s-l225.jpg,little.pieces.of.history,10396,100.0,,,GB,OSWESTRY,2026-07-29T10:02:45.000Z
batch_20260729_214347,iuid_d36ea2fc899b4902,rolex_1210_131,Rolex 1210,4,v1,EBAY_US,2026-07-29T21:44:47+00:00,v1|158130280759|0,Rolex Cal. 1210 1215 Part #7512 Second Wheel - New Factory Sealed Genuine,72.50,USD,New with tags,1000,FIXED_PRICE,https://www.ebay.com/itm/158130280759?_skw=Rolex+1210&hash=item24d14c9937:g:vhkAAeSwnN9qaYnY,https://i.ebayimg.com/images/g/vhkAAeSwnN9qaYnY/s-l225.jpg,boostaholic247,2325,100.0,0.00,USD,US,Franconia,2026-07-29T05:08:17.000Z
batch_20260729_214347,iuid_d36ea2fc899b4902,rolex_1210_131,Rolex 1210,4,v1,EBAY_US,2026-07-29T21:44:47+00:00,v1|158123224154|0,ROLEX Barrel Bridge # 7492  CAL 1210 1215 1220 1225,50.00,USD,Pre-owned,3000,FIXED_PRICE,https://www.ebay.com/itm/158123224154?_skw=Rolex+1210&hash=item24d0e0ec5a:g:0dIAAeSwUr5qZt4U,https://i.ebayimg.com/images/g/0dIAAeSwUr5qZt4U/s-l225.jpg,boostaholic247,2325,100.0,0.00,USD,US,Franconia,2026-07-27T04:27:24.000Z
batch_20260729_214347,iuid_d36ea2fc899b4902,rolex_1210_131,Rolex 1210,4,v1,EBAY_US,2026-07-29T21:44:47+00:00,v1|137553731648|0,Rolex Oyster Date Caliber 1210 6694 Stainless Steel 34mm Black Dial 1965 #DW454,6058.30,USD,Pre-owned - Good,3000,FIXED_PRICE,https://www.ebay.com/itm/137553731648?_skw=Rolex+1210&hash=item2006d76040:g:WAEAAeSwh0NqZlrp,https://i.ebayimg.com/images/g/WAEAAeSwh0NqZlrp/s-l225.jpg,minico_01,11771,99.2,0.00,USD,JP,,2026-07-26T19:06:14.000Z
batch_20260729_214347,iuid_d36ea2fc899b4902,rolex_1210_131,Rolex 1210,4,v1,EBAY_US,2026-07-29T21:44:47+00:00,v1|188691636291|0,"Genuine Rolex Cal. 1210 Part #7500 Mainspring, Strength Standard Factory Sealed",90.00,USD,New with tags,1000,FIXED_PRICE,https://www.ebay.com/itm/188691636291?_skw=Rolex+1210&hash=item2beee5e043:g:AIoAAeSwa3tqY6TG,https://i.ebayimg.com/images/g/AIoAAeSwa3tqY6TG/s-l225.jpg,cibro999,1664,100.0,,,US,New York,2026-07-24T17:48:33.000Z
batch_20260729_214347,iuid_d36ea2fc899b4902,rolex_1210_131,Rolex 1210,4,v1,EBAY_US,2026-07-29T21:44:47+00:00,v1|188691575497|0,Genuine Rolex 1210 7504 Cannon Pinion Without Center Wheel - New In Open Package,75.00,USD,New with tags,1000,FIXED_PRICE,https://www.ebay.com/itm/188691575497?_skw=Rolex+1210&hash=item2beee4f2c9:g:bcQAAeSwydZqY6A~,https://i.ebayimg.com/images/g/bcQAAeSwydZqY6A~/s-l225.jpg,cibro999,1664,100.0,,,US,New York,2026-07-24T17:29:07.000Z
batch_20260729_214347,iuid_d36ea2fc899b4902,rolex_1210_131,Rolex 1210,4,v1,EBAY_US,2026-07-29T21:44:47+00:00,v1|168560576807|0,"WATCH HAND AGED FOR VINTAGE ROLEX 1030,1560 REF:6569,6634,6427 1210 WATCH SILVER",59.95,USD,New with tags,1000,FIXED_PRICE,https://www.ebay.com/itm/168560576807?_skw=Rolex+1210&hash=item273efe4927:g:4KEAAeSwmA5qY2f3,https://i.ebayimg.com/images/g/4KEAAeSwmA5qY2f3/s-l225.jpg,ewatchparts,226582,99.9,0.00,USD,US,Sugar Land,2026-07-24T13:26:16.000Z
batch_20260729_214347,iuid_d36ea2fc899b4902,rolex_1210_131,Rolex 1210,4,v1,EBAY_US,2026-07-29T21:44:47+00:00,v1|318629620211|0,"WATCH HANDS  FOR ROLEX VINTAGE 1200 1210 1215 1225 WATCH ""DAUPHINE"" SILVER",59.95,USD,New with tags,1000,FIXED_PRICE,https://www.ebay.com/itm/318629620211?_skw=Rolex+1210&hash=item4a2fce29f3:g:FfMAAeSwQBhqY2Bs,https://i.ebayimg.com/images/g/FfMAAeSwQBhqY2Bs/s-l225.jpg,ewatchparts,226582,99.9,0.00,USD,US,Sugar Land,2026-07-24T12:54:05.000Z
batch_20260729_214347,iuid_d36ea2fc899b4902,rolex_1210_131,Rolex 1210,4,v1,EBAY_US,2026-07-29T21:44:47+00:00,v1|178340301909|0,WATCH HANDS AGED FOR ROLEX VINTAGE WATCH MOVEMENT 1200 1210 1215 1225 GOLD,59.95,USD,New with tags,1000,FIXED_PRICE,https://www.ebay.com/itm/178340301909?_skw=Rolex+1210&hash=item2985e90c55:g:UYYAAeSwaStqY2AX,https://i.ebayimg.com/images/g/UYYAAeSwaStqY2AX/s-l225.jpg,ewatchparts,226582,99.9,0.00,USD,US,Sugar Land,2026-07-24T12:52:40.000Z
batch_20260729_214347,iuid_d36ea2fc899b4902,rolex_1210_131,Rolex 1210,4,v1,EBAY_US,2026-07-29T21:44:47+00:00,v1|236959384738|0,Rolex Cal.1210 Third Wheel Used,143.07,USD,Pre-owned,3000,FIXED_PRICE|BEST_OFFER,https://www.ebay.com/itm/236959384738?_skw=Rolex+1210&hash=item372be144a2:g:fEoAAeSwahlqYtfS,https://i.ebayimg.com/images/g/fEoAAeSwahlqYtfS/s-l225.jpg,thumb_rise,615,99.7,40.00,USD,JP,,2026-07-24T03:06:14.000Z
batch_20260729_214347,iuid_d36ea2fc899b4902,rolex_1210_131,Rolex 1210,4,v1,EBAY_US,2026-07-29T21:44:47+00:00,v1|158112798113|0,Rolex 1210 1215 7562 setting lever screw NOS price Per screw 1220 1225 Genuine,34.00,USD,New without tags,1500,FIXED_PRICE,https://www.ebay.com/itm/158112798113?_skw=Rolex+1210&hash=item24d041d5a1:g:sRsAAeSwMndqYj9Q,https://i.ebayimg.com/images/g/sRsAAeSwMndqYj9Q/s-l225.jpg,boostaholic247,2325,100.0,0.00,USD,US,Franconia,2026-07-23T16:22:46.000Z
batch_20260729_214347,iuid_d36ea2fc899b4902,rolex_1210_131,Rolex 1210,4,v1,EBAY_US,2026-07-29T21:44:47+00:00,v1|236957639947|0,ROLEX Oyster Date 6694 vintage Cal.1210 Hand Winding Men's Watch R#148348,2534.35,USD,Pre-owned - Good,3000,FIXED_PRICE,https://www.ebay.com/itm/236957639947?_skw=Rolex+1210&hash=item372bc6a50b:g:eyYAAeSw03hqYdnH,https://i.ebayimg.com/images/g/eyYAAeSw03hqYdnH/s-l225.jpg,aonohappa,10991,99.7,0.00,USD,JP,,2026-07-23T09:07:21.000Z
batch_20260729_214347,iuid_d36ea2fc899b4902,rolex_1210_131,Rolex 1210,4,v1,EBAY_US,2026-07-29T21:44:47+00:00,v1|188677358048|0,Rolex Calibers 1200=1215=1220=1225 Part #1210-7505 Jewel for Center Wheel Upper,79.95,USD,New without tags,1500,FIXED_PRICE|BEST_OFFER,https://www.ebay.com/itm/188677358048?_skw=Rolex+1210&hash=item2bee0c01e0:g:rccAAeSwlktqX-q6,https://i.ebayimg.com/images/g/rccAAeSwlktqX-q6/s-l225.jpg,1bwpanda,11812,100.0,7.95,USD,US,Biloxi,2026-07-21T22:01:39.000Z
batch_20260729_214347,iuid_d36ea2fc899b4902,rolex_1210_131,Rolex 1210,4,v1,EBAY_US,2026-07-29T21:44:47+00:00,v1|127985725148|0,"New Sealed Rolex Cal 1210, 1030, 1220 Watch Movement Screws Part - Lot Of 26pcs",1450.00,USD,New with tags,1000,FIXED_PRICE|BEST_OFFER,https://www.ebay.com/itm/127985725148?_skw=Rolex+1210&hash=item1dcc8b2edc:g:a6wAAeSwYlFqXqL4,https://i.ebayimg.com/images/g/a6wAAeSwYlFqXqL4/s-l225.jpg,mix-stuff,413,100.0,20.00,USD,JO,,2026-07-20T22:38:56.000Z
batch_20260729_214347,iuid_d36ea2fc899b4902,rolex_1210_131,Rolex 1210,4,v1,EBAY_US,2026-07-29T21:44:47+00:00,v1|127985717246|0,New Sealed Rolex Cal 1210 Mainspring Watch Movement Part - Lot Of 15pcs,1450.00,USD,New with tags,1000,FIXED_PRICE|BEST_OFFER,https://www.ebay.com/itm/127985717246?_skw=Rolex+1210&hash=item1dcc8b0ffe:g:34kAAeSw4NdqXp9W,https://i.ebayimg.com/images/g/34kAAeSw4NdqXp9W/s-l225.jpg,mix-stuff,413,100.0,20.00,USD,JO,,2026-07-20T22:30:01.000Z
batch_20260729_214347,iuid_d36ea2fc899b4902,rolex_1210_131,Rolex 1210,4,v1,EBAY_US,2026-07-29T21:44:47+00:00,v1|158086999947|0,Rolex 6466 6430 Oysterdate Precision Speedking Second Hand For 30mm 1210,45.00,USD,Pre-owned,3000,FIXED_PRICE,https://www.ebay.com/itm/158086999947?_skw=Rolex+1210&hash=item24ceb82f8b:g:7i8AAeSwYaxqWBle,https://i.ebayimg.com/images/g/7i8AAeSwYaxqWBle/s-l225.jpg,boostaholic247,2325,100.0,0.00,USD,US,Franconia,2026-07-15T23:41:17.000Z
batch_20260729_214347,iuid_d36ea2fc899b4902,rolex_1210_131,Rolex 1210,4,v1,EBAY_US,2026-07-29T21:44:47+00:00,v1|137510649106|0,Rolex Daytona 126503G K18Yellow Gold / Stainless Steel 40mm Black Dial #DW1210,38205.78,USD,Pre-owned - Good,3000,FIXED_PRICE,https://www.ebay.com/itm/137510649106?_skw=Rolex+1210&hash=item200445fd12:g:nTcAAeSwW3hqVY1j,https://i.ebayimg.com/images/g/nTcAAeSwW3hqVY1j/s-l225.jpg,minico_01,11771,99.2,0.00,USD,JP,,2026-07-14T01:11:06.000Z
batch_20260729_214347,iuid_d36ea2fc899b4902,rolex_1210_131,Rolex 1210,4,v1,EBAY_US,2026-07-29T21:44:47+00:00,v1|158077487604|0,Rolex 1210 1215 7521 Escape Wheel NOS Authentic Unopened Package RARE,110.00,USD,New without tags,1500,FIXED_PRICE|BEST_OFFER,https://www.ebay.com/itm/158077487604?_skw=Rolex+1210&hash=item24ce2709f4:g:bHMAAeSwr3RqU-y5,https://i.ebayimg.com/images/g/bHMAAeSwr3RqU-y5/s-l225.jpg,boostaholic247,2325,100.0,0.00,USD,US,Franconia,2026-07-12T19:37:46.000Z
batch_20260729_214347,iuid_d36ea2fc899b4902,rolex_1210_131,Rolex 1210,4,v1,EBAY_US,2026-07-29T21:44:47+00:00,v1|158077483258|0,Rolex 1210 7549 1215 1220 1225 NOS Authentic Stem 1 Per Purchase,22.50,USD,New without tags,1500,FIXED_PRICE,https://www.ebay.com/itm/158077483258?_skw=Rolex+1210&hash=item24ce26f8fa:g:qY0AAeSwdqlqU-vE,https://i.ebayimg.com/images/g/qY0AAeSwdqlqU-vE/s-l225.jpg,boostaholic247,2325,100.0,0.00,USD,US,Franconia,2026-07-12T19:34:25.000Z
batch_20260729_214347,iuid_d36ea2fc899b4902,rolex_1210_131,Rolex 1210,4,v1,EBAY_US,2026-07-29T21:44:47+00:00,v1|147429595217|0,GENUINE Rolex 1210 7494 BALANCE BRIDGE / COCK BRIDGE NEW/SEALED IN BLISTER,255.00,USD,New with tags,1000,FIXED_PRICE,https://www.ebay.com/itm/147429595217?_skw=Rolex+1210&hash=item22537d1851:g:UKcAAeSwQ7dqUWWN,https://i.ebayimg.com/images/g/UKcAAeSwQ7dqUWWN/s-l225.jpg,timelessclassicwatches,14477,99.9,12.35,USD,US,Glendora,2026-07-10T21:36:07.000Z
batch_20260729_214347,iuid_d36ea2fc899b4902,rolex_1210_131,Rolex 1210,4,v1,EBAY_US,2026-07-29T21:44:47+00:00,v1|147429593220|0,Genuine Rolex 1210 7548 Balance Regulator Racket Regulator sealed for watch repa,115.00,USD,New with tags,1000,FIXED_PRICE,https://www.ebay.com/itm/147429593220?_skw=Rolex+1210&hash=item22537d1084:g:UnAAAeSwBFtqUWSS,https://i.ebayimg.com/images/g/UnAAAeSwBFtqUWSS/s-l225.jpg,timelessclassicwatches,14477,99.9,6.35,USD,US,Glendora,2026-07-10T21:33:13.000Z
batch_20260729_214347,iuid_d36ea2fc899b4902,rolex_1210_131,Rolex 1210,4,v1,EBAY_US,2026-07-29T21:44:47+00:00,v1|236928988710|0,ROLEX Oyster Royal 6444 vintage Cal.1210 Hand Winding Boy's Watch P#149090,2859.35,USD,Pre-owned - Good,3000,FIXED_PRICE,https://www.ebay.com/itm/236928988710?_skw=Rolex+1210&hash=item372a117626:g:h8QAAeSwH85qUK9X,https://i.ebayimg.com/images/g/h8QAAeSwH85qUK9X/s-l225.jpg,aonohappa,10991,99.7,0.00,USD,JP,,2026-07-10T08:37:49.000Z
batch_20260729_214347,iuid_d36ea2fc899b4902,rolex_1210_131,Rolex 1210,4,v1,EBAY_US,2026-07-29T21:44:47+00:00,v1|327247417460|0,Rolex Cal 1210 - 2 x New Watch Stems Original in Blister (AR39),26.56,USD,New with tags,1000,FIXED_PRICE,https://www.ebay.com/itm/327247417460?_skw=Rolex+1210&hash=item4c31775074:g:IjkAAeSwr6JqSfTS,https://i.ebayimg.com/images/g/IjkAAeSwr6JqSfTS/s-l225.jpg,vintagewatchpart,17163,100.0,13.55,USD,GB,SHREWSBURY,2026-07-05T06:19:13.000Z
batch_20260729_214347,iuid_d36ea2fc899b4902,rolex_1210_131,Rolex 1210,4,v1,EBAY_US,2026-07-29T21:44:47+00:00,v1|336670616171|0,ROLEX Watch 6426 Oyster Precision Cal.1210 Redial Hand-wound Leather Men's Rare,2436.33,USD,Used,3000,FIXED_PRICE|BEST_OFFER,https://www.ebay.com/itm/336670616171?_skw=Rolex+1210&hash=item4e6321ea6b:g:giIAAeSwGspqSHrQ,https://i.ebayimg.com/images/g/giIAAeSwGspqSHrQ/s-l225.jpg,miyako_sunrise,3091,99.1,367.50,USD,JP,,2026-07-04T03:13:21.000Z
batch_20260729_214347,iuid_d36ea2fc899b4902,rolex_1210_131,Rolex 1210,4,v1,EBAY_US,2026-07-29T21:44:47+00:00,v1|336669765248|0,Rolex 6144 Oyster Royal cal.1210 Manual Winding Boys' Watch Round Dial Accessary,2919.71,USD,Used,3000,FIXED_PRICE|BEST_OFFER,https://www.ebay.com/itm/336669765248?_skw=Rolex+1210&hash=item4e6314ee80:g:PfsAAeSwaYVqR9Ld,https://i.ebayimg.com/images/g/PfsAAeSwaYVqR9Ld/s-l225.jpg,miyako_sunrise,3091,99.1,0.00,USD,JP,,2026-07-03T15:17:43.000Z
batch_20260729_214347,iuid_d36ea2fc899b4902,rolex_1210_131,Rolex 1210,4,v1,EBAY_US,2026-07-29T21:44:47+00:00,v1|800270627462|0,Genuine Rolex 6mm Twinlock Crown 24-600-0 Caliber 1225 1210 Vintage NOS Sealed,349.00,USD,New with tags,1000,FIXED_PRICE|BEST_OFFER,https://www.ebay.com/itm/800270627462?_skw=Rolex+1210&hash=itemba53d8b286:g:cYIAAeSw8HVqQJxq,https://i.ebayimg.com/images/g/cYIAAeSw8HVqQJxq/s-l225.jpg,bigwil_70,477,99.8,,,US,Staten Island,2026-07-01T05:56:22.000Z
batch_20260729_214347,iuid_d36ea2fc899b4902,rolex_1210_131,Rolex 1210,4,v1,EBAY_US,2026-07-29T21:44:47+00:00,v1|327275711402|0,ROLEX Oyster Date 6466 vintage Cal.1210 Hand Winding Boy's Watch N#147018,1949.35,USD,Pre-owned - Good,3000,FIXED_PRICE,https://www.ebay.com/itm/327275711402?_skw=Rolex+1210&hash=item4c33270baa:g:ZXkAAeSwBoRqPOki,https://i.ebayimg.com/images/g/ZXkAAeSwBoRqPOki/s-l225.jpg,aonohappa,10991,99.7,300.00,USD,JP,,2026-07-24T03:11:18.000Z
batch_20260729_214347,iuid_d36ea2fc899b4902,rolex_1210_131,Rolex 1210,4,v1,EBAY_US,2026-07-29T21:44:47+00:00,v1|267703973423|0,Rolex 1210 # 7573 Dial Screw Genuine Made New X1 From Pack,39.87,USD,New with tags,1000,FIXED_PRICE,https://www.ebay.com/itm/267703973423?_skw=Rolex+1210&hash=item3e5466762f:g:NgYAAeSwiXBqNXJb,https://i.ebayimg.com/images/g/NgYAAeSwiXBqNXJb/s-l225.jpg,nwcs84,11806,100.0,17.61,USD,GB,HILLSBOROUGH,2026-06-19T16:47:07.000Z
batch_20260729_214347,iuid_d36ea2fc899b4902,rolex_1210_131,Rolex 1210,4,v1,EBAY_US,2026-07-29T21:44:47+00:00,v1|257575381060|0,Rolex 1210 # 7560 Click Spring X1 From Pack,53.16,USD,New with tags,1000,FIXED_PRICE,https://www.ebay.com/itm/257575381060?_skw=Rolex+1210&hash=item3bf8b06844:g:ex0AAeSwF0pqNW4K,https://i.ebayimg.com/images/g/ex0AAeSwF0pqNW4K/s-l225.jpg,nwcs84,11806,100.0,17.61,USD,GB,HILLSBOROUGH,2026-06-19T16:28:54.000Z
batch_20260729_214347,iuid_d36ea2fc899b4902,rolex_1210_131,Rolex 1210,4,v1,EBAY_US,2026-07-29T21:44:47+00:00,v1|267703948380|0,Rolex 1210 # 7559 Click Screw X1 From Pack,33.22,USD,New with tags,1000,FIXED_PRICE,https://www.ebay.com/itm/267703948380?_skw=Rolex+1210&hash=item3e5466145c:g:lJwAAeSwetZqNWwg,https://i.ebayimg.com/images/g/lJwAAeSwetZqNWwg/s-l225.jpg,nwcs84,11806,100.0,17.61,USD,GB,HILLSBOROUGH,2026-06-19T16:20:46.000Z
batch_20260729_214347,iuid_d36ea2fc899b4902,rolex_1210_131,Rolex 1210,4,v1,EBAY_US,2026-07-29T21:44:47+00:00,v1|267703873815|0,Rolex 1210 # 7538 Regulating Screw For Balance X1 From Pack,53.16,USD,New with tags,1000,FIXED_PRICE,https://www.ebay.com/itm/267703873815?_skw=Rolex+1210&hash=item3e5464f117:g:2osAAeSwWS1qNVSA,https://i.ebayimg.com/images/g/2osAAeSwWS1qNVSA/s-l225.jpg,nwcs84,11806,100.0,17.61,USD,GB,HILLSBOROUGH,2026-06-19T14:39:20.000Z
batch_20260729_214347,iuid_d36ea2fc899b4902,rolex_1210_131,Rolex 1210,4,v1,EBAY_US,2026-07-29T21:44:47+00:00,v1|267703858569|0,Rolex 1210 # 7532 Screw For Balance Barrel & Train Wheel  Bridge  X1 From Pack,59.80,USD,New with tags,1000,FIXED_PRICE,https://www.ebay.com/itm/267703858569?_skw=Rolex+1210&hash=item3e5464b589:g:UmcAAeSw3ZNqNU2p,https://i.ebayimg.com/images/g/UmcAAeSw3ZNqNU2p/s-l225.jpg,nwcs84,11806,100.0,17.61,USD,GB,HILLSBOROUGH,2026-06-19T14:10:31.000Z
batch_20260729_214347,iuid_d36ea2fc899b4902,rolex_1210_131,Rolex 1210,4,v1,EBAY_US,2026-07-29T21:44:47+00:00,v1|257575162975|0,Rolex 1210 # 7520 Screw For Second Pinion Genuine Made New X1 From Pack,59.80,USD,New with tags,1000,FIXED_PRICE,https://www.ebay.com/itm/257575162975?_skw=Rolex+1210&hash=item3bf8ad145f:g:Rd0AAeSwd2NqNUjG,https://i.ebayimg.com/images/g/Rd0AAeSwd2NqNUjG/s-l225.jpg,nwcs84,11806,100.0,17.61,USD,GB,HILLSBOROUGH,2026-06-19T13:49:08.000Z
batch_20260729_214347,iuid_d36ea2fc899b4902,rolex_1210_131,Rolex 1210,4,v1,EBAY_US,2026-07-29T21:44:47+00:00,v1|267703843327|0,Rolex 1210 # 7509 Lower Jewel Genuine Made New X1 From Pack,53.16,USD,New with tags,1000,FIXED_PRICE,https://www.ebay.com/itm/267703843327?_skw=Rolex+1210&hash=item3e546479ff:g:NvkAAeSwX61qNUcQ,https://i.ebayimg.com/images/g/NvkAAeSwX61qNUcQ/s-l225.jpg,nwcs84,11806,100.0,17.61,USD,GB,HILLSBOROUGH,2026-06-19T13:42:00.000Z
batch_20260729_214347,iuid_d36ea2fc899b4902,rolex_1210_131,Rolex 1210,4,v1,EBAY_US,2026-07-29T21:44:47+00:00,v1|267703125310|0,Rolex 1210 # 165 Screw For Bridle Genuine Made New X1 From Pack,33.22,USD,New with tags,1000,FIXED_PRICE,https://www.ebay.com/itm/267703125310?_skw=Rolex+1210&hash=item3e5459853e:g:-FAAAeSw7IhqNCOJ,https://i.ebayimg.com/images/g/-FAAAeSw7IhqNCOJ/s-l225.jpg,nwcs84,11806,100.0,17.61,USD,GB,HILLSBOROUGH,2026-06-18T16:58:18.000Z
batch_20260729_214347,iuid_d36ea2fc899b4902,rolex_1210_131,Rolex 1210,4,v1,EBAY_US,2026-07-29T21:44:47+00:00,v1|267703123611|0,Rolex 1210 # 134 Case Clamp Genuine Made New X1 From Pack,26.58,USD,New with tags,1000,FIXED_PRICE,https://www.ebay.com/itm/267703123611?_skw=Rolex+1210&hash=item3e54597e9b:g:BlMAAeSwMBhqNCMJ,https://i.ebayimg.com/images/g/BlMAAeSwMBhqNCMJ/s-l225.jpg,nwcs84,11806,100.0,17.61,USD,GB,HILLSBOROUGH,2026-06-18T16:55:51.000Z
batch_20260729_214347,iuid_d36ea2fc899b4902,rolex_1210_131,Rolex 1210,4,v1,EBAY_US,2026-07-29T21:44:47+00:00,v1|188519007609|0,"Rolex 1210 7544 Balance Staff Replacement For Rolex Calibre 1210,  1215",24.41,USD,New without tags,1500,FIXED_PRICE,https://www.ebay.com/itm/188519007609?_skw=Rolex+1210&hash=item2be49bc579:g:N7gAAeSwuPpqMRkV,https://i.ebayimg.com/images/g/N7gAAeSwuPpqMRkV/s-l225.jpg,btc.watches.melbourne,176,100.0,24.41,USD,AU,Northcote,2026-06-16T09:38:17.000Z
batch_20260729_214347,iuid_d36ea2fc899b4902,rolex_1210_131,Rolex 1210,4,v1,EBAY_US,2026-07-29T21:44:47+00:00,v1|227384923065|0,ROLEX Oyster Speed King 6418 vintage Cal.1210  Hand Winding Boy's Watch L#148267,2794.35,USD,Pre-owned - Good,3000,FIXED_PRICE,https://www.ebay.com/itm/227384923065?_skw=Rolex+1210&hash=item34f13293b9:g:f2oAAeSwdi1qK8ik,https://i.ebayimg.com/images/g/f2oAAeSwdi1qK8ik/s-l225.jpg,aonohappa,10991,99.7,420.00,USD,JP,,2026-06-12T08:51:50.000Z
batch_20260729_214347,iuid_d36ea2fc899b4902,rolex_1210_131,Rolex 1210,4,v1,EBAY_US,2026-07-29T21:44:47+00:00,v1|137404948348|0,origin Rolex 1210 7572 Hour Wheel new/sealed for watch part/repair,125.00,USD,New with tags,1000,FIXED_PRICE,https://www.ebay.com/itm/137404948348?_skw=Rolex+1210&hash=item1ffdf91f7c:g:WQYAAeSweeRqKyDM,https://i.ebayimg.com/images/g/WQYAAeSweeRqKyDM/s-l225.jpg,timelessclassicwatches,14477,99.9,6.36,USD,US,Glendora,2026-06-11T20:56:15.000Z
batch_20260729_214347,iuid_d36ea2fc899b4902,rolex_1210_131,Rolex 1210,4,v1,EBAY_US,2026-07-29T21:44:47+00:00,v1|117243124479|0,NOS Rolex 1210 Ronda 4074 Balance Staff,26.58,USD,New with tags,1000,FIXED_PRICE|BEST_OFFER,https://www.ebay.com/itm/117243124479?_skw=Rolex+1210&hash=item1b4c3c1aff:g:FlcAAeSwK8dqKnZH,https://i.ebayimg.com/images/g/FlcAAeSwK8dqKnZH/s-l225.jpg,thetimekeeperparts,1953,100.0,18.60,USD,GB,LONDON,2026-06-11T08:49:51.000Z
batch_20260729_214347,iuid_d36ea2fc899b4902,rolex_1210_131,Rolex 1210,4,v1,EBAY_US,2026-07-29T21:44:47+00:00,v1|158000646070|0,Rolex 1210 Movement VG Gear Train 7524 7502 Barrel & Pallet Bridge Main plate,250.00,USD,Pre-owned,3000,FIXED_PRICE,https://www.ebay.com/itm/158000646070?_skw=Rolex+1210&hash=item24c99287b6:g:WXQAAeSwqV1qLz3n,https://i.ebayimg.com/images/g/WXQAAeSwqV1qLz3n/s-l225.jpg,boostaholic247,2325,100.0,0.00,USD,US,Franconia,2026-06-14T23:51:10.000Z
batch_20260729_214347,iuid_d36ea2fc899b4902,rolex_1210_131,Rolex 1210,4,v1,EBAY_US,2026-07-29T21:44:47+00:00,v1|278063609472|0,ROLEX Oysterdate 6694 1964 Alpha Hands Cal.1210 SS Serviced Vintage Mens Watch,4000.00,USD,Pre-owned - Good,3000,FIXED_PRICE|BEST_OFFER,https://www.ebay.com/itm/278063609472?_skw=Rolex+1210&hash=item40bde1f680:g:eegAAeSw0sVqJVeR,https://i.ebayimg.com/images/g/eegAAeSw0sVqJVeR/s-l225.jpg,japan.premium.shop,639,98.7,0.00,USD,JP,,2026-06-07T11:38:56.000Z
batch_20260729_214347,iuid_d36ea2fc899b4902,rolex_1210_131,Rolex 1210,4,v1,EBAY_US,2026-07-29T21:44:47+00:00,v1|117225617129|0,Vintage Rolex Oyster Precision 9k Gold Ref 6427 Cal 1210 Mens Watch 35mm 1951,5010.29,USD,Pre-owned - Good,3000,FIXED_PRICE,https://www.ebay.com/itm/117225617129?_skw=Rolex+1210&hash=item1b4b30f6e9:g:hewAAeSwTOpqHIZX,https://i.ebayimg.com/images/g/hewAAeSwTOpqHIZX/s-l225.jpg,dimiuk_b933jh98q,1220,100.0,79.91,USD,GB,,2026-06-01T02:16:02.000Z
batch_20260729_214347,iuid_d36ea2fc899b4902,rolex_1210_131,Rolex 1210,4,v1,EBAY_US,2026-07-29T21:44:47+00:00,v1|117225147788|0,Vintage Rolex Oyster Precision 9k Gold Ref 6427 Cal 1210 Mens Watch 35mm 1951,4875.73,USD,Pre-owned - Good,3000,FIXED_PRICE,https://www.ebay.com/itm/117225147788?_skw=Rolex+1210&hash=item1b4b29cd8c:g:hewAAeSwTOpqHIZX,https://i.ebayimg.com/images/g/hewAAeSwTOpqHIZX/s-l225.jpg,dimiuk_b933jh98q,1220,100.0,79.73,USD,GB,BRISTOL,2026-05-31T19:29:33.000Z
batch_20260729_214347,iuid_d36ea2fc899b4902,rolex_1210_131,Rolex 1210,4,v1,EBAY_US,2026-07-29T21:44:47+00:00,v1|206307652599|0,Rolex 1210 balance staff by Ronda no. 4074,23.92,USD,Used,3000,FIXED_PRICE,https://www.ebay.com/itm/206307652599?_skw=Rolex+1210&hash=item3008e4f3f7:g:Z7sAAeSwr6pqGbtI,https://i.ebayimg.com/images/g/Z7sAAeSwr6pqGbtI/s-l225.jpg,jenniferjane1976,8211,100.0,,,GB,,2026-05-29T16:17:26.000Z
batch_20260729_214347,iuid_e3738305cb3b4dc9,rolex_1215_119,Rolex 1215 119,1,v1,EBAY_DE,2026-07-29T21:44:48+00:00,v1|227219995589|0,Rolex 1215 119 Neu NEW Blister X1 Stück Rocchetto Ratchet wheel,108.90,EUR,Nuovo con etichette,1000,FIXED_PRICE|BEST_OFFER,https://www.ebay.de/itm/227219995589?_skw=Rolex+1215+119&hash=item34e75dfbc5:g:OzsAAeSw1~1qRQ2U,https://i.ebayimg.com/images/g/OzsAAeSw1~1qRQ2U/s-l225.jpg,*rarecollections,1405,100.0,29.00,EUR,IT,,2026-02-16T21:35:06.000Z
batch_20260729_214347,iuid_e3738305cb3b4dc9,rolex_1215_119,Rolex 1215,4,v1,EBAY_DE,2026-07-29T21:44:50+00:00,v1|298421055581|0,Rolex Uhr Oyster Precision 6424 Dial Reprint CAL 1215 Refurbished 36mm,2499.00,EUR,Usato - Buono,3000,FIXED_PRICE,https://www.ebay.de/itm/298421055581?_skw=Rolex+1215&hash=item457b47f05d:g:gHcAAeSwuMZqMQ4g,https://i.ebayimg.com/images/g/gHcAAeSwuMZqMQ4g/s-l225.jpg,deltaecommerce,2805,99.6,14.00,EUR,IT,Brescia,2026-06-16T08:49:53.000Z
batch_20260729_214347,iuid_e3738305cb3b4dc9,rolex_1215_119,Rolex 1215,4,v1,EBAY_DE,2026-07-29T21:44:50+00:00,v1|800072553717|0,Rolex 1215 1220 1225 1210-7504 / 7590 Center Wheel Centre Wheel Only Original,180.00,EUR,Usato,3000,FIXED_PRICE|BEST_OFFER,https://www.ebay.de/itm/800072553717?_skw=Rolex+1215&hash=itemba480a54f5:g:RooAAeSw8oNqFWvA,https://i.ebayimg.com/images/g/RooAAeSw8oNqFWvA/s-l225.jpg,only_quality_stuff_new2026,57,100.0,12.50,EUR,IT,Teramo,2026-05-26T09:49:55.000Z
batch_20260729_214347,iuid_e3738305cb3b4dc9,rolex_1215_119,Rolex 1215,4,v1,EBAY_DE,2026-07-29T21:44:50+00:00,v1|800072511441|0,Rolex Precision 1225 1215-7591 Ritzel Cannon Pinion Original,69.00,EUR,Usato,3000,FIXED_PRICE|BEST_OFFER,https://www.ebay.de/itm/800072511441?_skw=Rolex+1215&hash=itemba4809afd1:g:gAMAAeSwATdqFWmj,https://i.ebayimg.com/images/g/gAMAAeSwATdqFWmj/s-l225.jpg,only_quality_stuff_new2026,57,100.0,12.50,EUR,IT,Teramo,2026-05-26T09:38:38.000Z
batch_20260729_214347,iuid_e3738305cb3b4dc9,rolex_1215_119,Rolex 1215,4,v1,EBAY_DE,2026-07-29T21:44:50+00:00,v1|406867527111|0,Rolex 1210-1215-1225 Original Streifen,70.00,EUR,Usato,3000,FIXED_PRICE|BEST_OFFER,https://www.ebay.de/itm/406867527111?_skw=Rolex+1215&hash=item5ebb31c5c7:g:vqIAAeSwF7Vp48NG,https://i.ebayimg.com/images/g/vqIAAeSwF7Vp48NG/s-l225.jpg,robbed-673,28,100.0,15.00,EUR,RO,,2026-04-18T17:48:32.000Z
batch_20260729_214347,iuid_e3738305cb3b4dc9,rolex_1215_119,Rolex 1215,4,v1,EBAY_DE,2026-07-29T21:44:50+00:00,v1|406867511322|0,Rolex 1210- 1215- 1225 Original Aufzugswelle,20.00,EUR,Usato,3000,FIXED_PRICE|BEST_OFFER,https://www.ebay.de/itm/406867511322?_skw=Rolex+1215&hash=item5ebb31881a:g:A18AAeSwiY5p48HJ,https://i.ebayimg.com/images/g/A18AAeSwiY5p48HJ/s-l225.jpg,robbed-673,28,100.0,15.00,EUR,RO,,2026-04-18T17:43:00.000Z
batch_20260729_214347,iuid_e3738305cb3b4dc9,rolex_1215_119,Rolex 1215,4,v1,EBAY_DE,2026-07-29T21:44:50+00:00,v1|306833182348|0,Rolex 1215 No Date - Uhrwerk / Movement,1500.00,EUR,Occasion,3000,FIXED_PRICE,https://www.ebay.de/itm/306833182348?_skw=Rolex+1215&hash=item4770aece8c:g:vZ4AAeSwGkFpvVDn,https://i.ebayimg.com/images/g/vZ4AAeSwGkFpvVDn/s-l225.jpg,fmclassic,349,100.0,9.00,EUR,FR,Bouxwiller,2026-03-20T13:52:23.000Z
batch_20260729_214347,iuid_e3738305cb3b4dc9,rolex_1215_119,Rolex 1215,4,v1,EBAY_DE,2026-07-29T21:44:50+00:00,v1|117091291827|0,"ROLEX Cal. 1200, 1210, 1215 u. 1220 AUFZUGSFEDER PART No. 311  ~NOS~",49.90,EUR,Neu ohne Etikett,1500,FIXED_PRICE,https://www.ebay.de/itm/117091291827?_skw=Rolex+1215&hash=item1b432f52b3:g:~74AAOSwP7FjsEOX,https://i.ebayimg.com/images/g/~74AAOSwP7FjsEOX/s-l225.jpg,horlogerie2012,11503,99.8,0.00,EUR,DE,Mannheim,2026-03-16T17:34:33.000Z
batch_20260729_214347,iuid_e3738305cb3b4dc9,rolex_1215_119,Rolex 1215,4,v1,EBAY_DE,2026-07-29T21:44:50+00:00,v1|406741563567|0,#1876 ORIGINAL ROLEX 1215 - 7590 CANON PINION ERSATZTEIL SPARE PART USED,99.99,EUR,Gebraucht,3000,FIXED_PRICE,https://www.ebay.de/itm/406741563567?_skw=Rolex+1215&hash=item5eb3afb8af:g:dKMAAeSw1-NpqpHZ,https://i.ebayimg.com/images/g/dKMAAeSw1-NpqpHZ/s-l225.jpg,state_of_time,3866,100.0,6.95,EUR,DE,Gersthofen,2026-03-06T08:37:22.000Z
batch_20260729_214347,iuid_e3738305cb3b4dc9,rolex_1215_119,Rolex 1215,4,v1,EBAY_DE,2026-07-29T21:44:50+00:00,v1|188102898451|0,"ROLEX 1215 CANON PINION 1215 7591, PASSENDES RITZEL 1215 7591 SWISS MADE",120.00,EUR,Nuovo con etichette,1000,FIXED_PRICE,https://www.ebay.de/itm/188102898451?_skw=Rolex+1215&hash=item2bcbce7313:g:DSAAAeSwAQ5pocYM,https://i.ebayimg.com/images/g/DSAAAeSwAQ5pocYM/s-l225.jpg,watchparts-italy,3520,99.5,13.00,EUR,IT,Nocera Inferiore,2026-02-27T16:24:47.000Z
batch_20260729_214347,iuid_e3738305cb3b4dc9,rolex_1215_119,Rolex 1215,4,v1,EBAY_DE,2026-07-29T21:44:50+00:00,v1|227219995498|0,Rolex 1215 7590 Neu NEW Blister X1 Stück Laufrad Datumsanzeige,108.90,EUR,Nuovo con etichette,1000,FIXED_PRICE|BEST_OFFER,https://www.ebay.de/itm/227219995498?_skw=Rolex+1215&hash=item34e75dfb6a:g:Su4AAeSwBCFqSFOk,https://i.ebayimg.com/images/g/Su4AAeSwBCFqSFOk/s-l225.jpg,*rarecollections,1405,100.0,29.00,EUR,IT,,2026-02-16T21:34:58.000Z
batch_20260729_214347,iuid_e3738305cb3b4dc9,rolex_1215_119,Rolex 1215,4,v1,EBAY_DE,2026-07-29T21:44:50+00:00,v1|227219995267|0,"Rolex 1215 7599-1 Neu NEW Blister X1 Stück Stundenrad 1,47mm Hour wheel",108.90,EUR,Nuovo con etichette,1000,FIXED_PRICE|BEST_OFFER,https://www.ebay.de/itm/227219995267?_skw=Rolex+1215&hash=item34e75dfa83:g:JGsAAeSwwIhqSFbS,https://i.ebayimg.com/images/g/JGsAAeSwwIhqSFbS/s-l225.jpg,*rarecollections,1405,100.0,29.00,EUR,IT,,2026-02-16T21:34:53.000Z
batch_20260729_214347,iuid_e3738305cb3b4dc9,rolex_1215_119,Rolex 1215,4,v1,EBAY_DE,2026-07-29T21:44:50+00:00,v1|227219995236|0,Rolex 1215 7597 Neu NEW Blister X1 Stück Minutenrad Minute wheel,75.90,EUR,Nuovo con etichette,1000,FIXED_PRICE|BEST_OFFER,https://www.ebay.de/itm/227219995236?_skw=Rolex+1215&hash=item34e75dfa64:g:krIAAeSw82lqSFYH,https://i.ebayimg.com/images/g/krIAAeSw82lqSFYH/s-l225.jpg,*rarecollections,1405,100.0,29.00,EUR,IT,,2026-02-16T21:34:52.000Z
batch_20260729_214347,iuid_e3738305cb3b4dc9,rolex_1215_119,Rolex 1215,4,v1,EBAY_DE,2026-07-29T21:44:50+00:00,v1|227219995237|0,"Rolex 1215 7598 Neu NEW Blister X1 Stück Stundenrad 1,27mm Hour wheel ht",119.90,EUR,Nuovo con etichette,1000,FIXED_PRICE|BEST_OFFER,https://www.ebay.de/itm/227219995237?_skw=Rolex+1215&hash=item34e75dfa65:g:Eu8AAeSwt8NqSFZv,https://i.ebayimg.com/images/g/Eu8AAeSwt8NqSFZv/s-l225.jpg,*rarecollections,1405,100.0,29.00,EUR,IT,,2026-02-16T21:34:52.000Z
batch_20260729_214347,iuid_e3738305cb3b4dc9,rolex_1215_119,Rolex 1215,4,v1,EBAY_DE,2026-07-29T21:44:50+00:00,v1|227219995105|0,Rolex 1215 7599-14 Neu NEW Blister X1 Stück Stundenrad Doppelverzahnung,108.90,EUR,Nuovo con etichette,1000,FIXED_PRICE|BEST_OFFER,https://www.ebay.de/itm/227219995105?_skw=Rolex+1215&hash=item34e75df9e1:g:jyAAAeSw5YRqSFbB,https://i.ebayimg.com/images/g/jyAAAeSw5YRqSFbB/s-l225.jpg,*rarecollections,1405,100.0,29.00,EUR,IT,,2026-02-16T21:34:46.000Z
batch_20260729_214347,iuid_e3738305cb3b4dc9,rolex_1215_119,Rolex 1215,4,v1,EBAY_DE,2026-07-29T21:44:50+00:00,v1|227189307390|0,Rolex 1215 7595 Neu NEW Blister X1 Stück Second Wheel,75.90,EUR,Nuovo con etichette,1000,FIXED_PRICE|BEST_OFFER,https://www.ebay.de/itm/227189307390?_skw=Rolex+1215&hash=item34e589b7fe:g:gJkAAeSwrmRqRRFZ,https://i.ebayimg.com/images/g/gJkAAeSwrmRqRRFZ/s-l225.jpg,*rarecollections,1405,100.0,29.00,EUR,IT,,2026-01-26T05:21:40.000Z
batch_20260729_214347,iuid_e3738305cb3b4dc9,rolex_1215_119,Rolex 1215,4,v1,EBAY_DE,2026-07-29T21:44:50+00:00,v1|227189302970|0,Rolex 1215 133 Neu NEW Blister X1 Stück Kronrad Crown wheel,103.40,EUR,Nuovo con etichette,1000,FIXED_PRICE|BEST_OFFER,https://www.ebay.de/itm/227189302970?_skw=Rolex+1215&hash=item34e589a6ba:g:WI8AAeSwuRxqSFGS,https://i.ebayimg.com/images/g/WI8AAeSwuRxqSFGS/s-l225.jpg,*rarecollections,1405,100.0,29.00,EUR,IT,,2026-01-26T05:16:05.000Z
batch_20260729_214347,iuid_e3738305cb3b4dc9,rolex_1215_119,Rolex 1215,4,v1,EBAY_DE,2026-07-29T21:44:50+00:00,v1|227184706078|0,Rolex 1240-201 Neu NEW Blister X1 Stück Schraube für Dial 1240 2130 Screw,49.50,EUR,Nuovo con etichette,1000,FIXED_PRICE|BEST_OFFER,https://www.ebay.de/itm/227184706078?_skw=Rolex+1215&hash=item34e543821e:g:58AAAeSwplVqM~Ld,https://i.ebayimg.com/images/g/58AAAeSwplVqM~Ld/s-l225.jpg,*rarecollections,1405,100.0,29.00,EUR,IT,,2026-01-22T15:48:28.000Z
batch_20260729_214347,iuid_e3738305cb3b4dc9,rolex_1215_119,Rolex 1215,4,v1,EBAY_DE,2026-07-29T21:44:50+00:00,v1|198376835744|0,"Gewunden Vorbau 1210-7549 für Rolex 1200, 1210, 1215, 1220, 1225",18.34,EUR,Neu mit Etikett,1000,FIXED_PRICE,https://www.ebay.de/itm/198376835744?_skw=Rolex+1215&hash=item2e302e4aa0:g:VfkAAeSwd39pFQp-,https://i.ebayimg.com/images/g/VfkAAeSwd39pFQp-/s-l225.jpg,maddisonsofdurham,92519,99.8,11.54,EUR,GB,MIDDLESBROUGH,2026-05-24T07:19:03.000Z
batch_20260729_214347,iuid_e3738305cb3b4dc9,rolex_1215_119,Rolex 1215,4,v1,EBAY_DE,2026-07-29T21:44:50+00:00,v1|206001161719|0,GENUINE ROLEX CAL 1210 1215 1220 1225 SETTING LEVER PART Nb 7881  (Z841),50.00,EUR,Neu ohne Etikett,1500,FIXED_PRICE,https://www.ebay.de/itm/206001161719?_skw=Rolex+1215&hash=item2ff6a045f7:g:qZkAAeSwn6dpaRhN,https://i.ebayimg.com/images/g/qZkAAeSwn6dpaRhN/s-l225.jpg,kian-werke,7774,100.0,6.00,EUR,DE,Hildesheim,2026-01-15T16:40:40.000Z
batch_20260729_214347,iuid_e3738305cb3b4dc9,rolex_1215_119,Rolex 1215,4,v1,EBAY_DE,2026-07-29T21:44:50+00:00,v1|157565266108|0,ROLEX Date Disc Silber-Champagner - Cal 1215 -1225 Model 6694 Neu (nos),130.90,EUR,Neuf sans étiquette,1500,FIXED_PRICE,https://www.ebay.de/itm/157565266108?_skw=Rolex+1215&hash=item24af9f28bc:g:pXQAAeSwnXtpS6tz,https://i.ebayimg.com/images/g/pXQAAeSwnXtpS6tz/s-l225.jpg,hechouche,50,100.0,35.70,EUR,TN,,2025-12-24T09:01:58.000Z
batch_20260729_214347,iuid_e3738305cb3b4dc9,rolex_1215_119,Rolex 1215,4,v1,EBAY_DE,2026-07-29T21:44:50+00:00,v1|267491750670|567281293597,Uhr Gewunden Vorbau - Variationen - Wählen Sie Von List Viele Kaliber,25.59,EUR,Neu ohne Etikett,1500,FIXED_PRICE,https://www.ebay.de/itm/267491750670?_skw=Rolex+1215&hash=item3e47c0330e:g:OioAAeSw2uJpJuvT,https://i.ebayimg.com/images/g/OioAAeSw2uJpJuvT/s-l225.jpg,swiss.watches,5901,98.9,16.45,EUR,PL,,2025-11-26T13:50:26.000Z
batch_20260729_214347,iuid_e3738305cb3b4dc9,rolex_1215_119,Rolex 1215,4,v1,EBAY_DE,2026-07-29T21:44:50+00:00,v1|116847661296|0,"GENERIC kompatible Antriebswelle für ROLEX Cal. 1225 Kaliber: 1210, 1215, 1...",20.00,EUR,Nuovo con etichette,1000,FIXED_PRICE,https://www.ebay.de/itm/116847661296?_skw=Rolex+1215&hash=item1b34a9d0f0:g:rhMAAeSwvqtqM-uE,https://i.ebayimg.com/images/g/rhMAAeSwvqtqM-uE/s-l225.jpg,fornitura_boccacci,4278,99.9,19.00,EUR,IT,Sant Angelo Romano,2025-10-27T10:07:08.000Z
batch_20260729_214347,iuid_e3738305cb3b4dc9,rolex_1215_119,Rolex 1215,4,v1,EBAY_DE,2026-07-29T21:44:50+00:00,v1|177395925940|0,"3 Stück Aufzugsschaft passend für Rolex Kaliber 1200 1210 1215 1220 1225, Uhr...",51.98,EUR,Neu ohne Etikett,1500,FIXED_PRICE,https://www.ebay.de/itm/177395925940?_skw=Rolex+1215&hash=item294d9f03b4:g:P1QAAeSwu-1ovTdH,https://i.ebayimg.com/images/g/P1QAAeSwu-1ovTdH/s-l225.jpg,your.guys.in.cairo,737,100.0,17.75,EUR,EG,,2025-09-07T19:40:58.000Z
batch_20260729_214347,iuid_e3738305cb3b4dc9,rolex_1215_119,Rolex 1215,4,v1,EBAY_DE,2026-07-29T21:44:50+00:00,v1|136416140696|0,Rolex Oysterdate Precision 6694 Silver Date Wheel Calendar Disc (DAMAGED),100.00,EUR,Gebraucht,3000,FIXED_PRICE,https://www.ebay.de/itm/136416140696?_skw=Rolex+1215&hash=item1fc3091d98:g:Y3cAAeSwOCloucWq,https://i.ebayimg.com/images/g/Y3cAAeSwOCloucWq/s-l225.jpg,odder1,672,100.0,22.00,EUR,DK,,2025-09-04T17:32:37.000Z
batch_20260729_214347,iuid_e3738305cb3b4dc9,rolex_1215_119,Rolex 1215,4,v1,EBAY_DE,2026-07-29T21:44:50+00:00,v1|187519404256|0,"Original ROLEX Aufzugwelle 7549 für 1200, 1210, 1215, 1220, 1225",59.95,EUR,Neu mit Etikett,1000,FIXED_PRICE,https://www.ebay.de/itm/187519404256?_skw=Rolex+1215&hash=item2ba90708e0:g:HEEAAeSwc0dow80F,https://i.ebayimg.com/images/g/HEEAAeSwc0dow80F/s-l225.jpg,watchparts24,71561,100.0,0.00,EUR,DE,Hamburg,2025-08-26T10:55:50.000Z
batch_20260729_214347,iuid_e3738305cb3b4dc9,rolex_1215_119,Rolex 1215,4,v1,EBAY_DE,2026-07-29T21:44:50+00:00,v1|177366721056|0,"Original ROLEX Federwelle 7501 für 1200, 1210, 1215, 1220, 1225",99.95,EUR,Neu mit Etikett,1000,FIXED_PRICE,https://www.ebay.de/itm/177366721056?_skw=Rolex+1215&hash=item294be16220:g:u64AAeSwzvporZSc,https://i.ebayimg.com/images/g/u64AAeSwzvporZSc/s-l225.jpg,watchparts24,71561,100.0,0.00,EUR,DE,Hamburg,2025-08-26T10:55:41.000Z
batch_20260729_214347,iuid_e3738305cb3b4dc9,rolex_1215_119,Rolex 1215,4,v1,EBAY_DE,2026-07-29T21:44:50+00:00,v1|406119364999|0,"Aufzugwelle für RLX Uhrwerke Kaliber 1210, 1215, 1220, 1225",16.78,EUR,Neu mit Etikett,1000,FIXED_PRICE,https://www.ebay.de/itm/406119364999?_skw=Rolex+1215&hash=item5e8e99b987:g:yqwAAeSwhtJol5M9,https://i.ebayimg.com/images/g/yqwAAeSwhtJol5M9/s-l225.jpg,www_uhrenwerkzeuge24_de,26159,99.4,0.00,EUR,DE,Rosdorf,2025-08-09T18:24:10.000Z
batch_20260729_214347,iuid_e3738305cb3b4dc9,rolex_1215_119,Rolex 1215,4,v1,EBAY_DE,2026-07-29T21:44:50+00:00,v1|226902741320|0,GEBRAUCHT gebrauchte Rolex Main Plate MAINPLATE 1215 7490 Platine Plate,204.30,EUR,Usato,3000,FIXED_PRICE|BEST_OFFER,https://www.ebay.de/itm/226902741320?_skw=Rolex+1215&hash=item34d4751148:g:g8sAAeSwQ19paKIC,https://i.ebayimg.com/images/g/g8sAAeSwQ19paKIC/s-l225.jpg,*rarecollections,1405,100.0,29.00,EUR,IT,Cesena,2025-08-04T09:27:26.000Z
batch_20260729_214347,iuid_e3738305cb3b4dc9,rolex_1215_119,Rolex 1215,4,v1,EBAY_DE,2026-07-29T21:44:50+00:00,v1|157209431858|0,"Sekundenrad für Rolex 1210, 1215, second wheel, part 7512",59.00,EUR,Gebraucht,3000,FIXED_PRICE|BEST_OFFER,https://www.ebay.de/itm/157209431858?_skw=Rolex+1215&hash=item249a698f32:g:dPMAAeSwbKFoixNd,https://i.ebayimg.com/images/g/dPMAAeSwbKFoixNd/s-l225.jpg,pacardt,4916,100.0,5.90,EUR,DE,Herford,2025-07-31T06:58:08.000Z
batch_20260729_214347,iuid_e3738305cb3b4dc9,rolex_1215_119,Rolex 1215,4,v1,EBAY_DE,2026-07-29T21:44:50+00:00,v1|157203861468|0,"Kupplungstrieb für Rolex 1210, 1215, sliding pinion, clutch wheel, part 7551",59.00,EUR,Gebraucht,3000,FIXED_PRICE|BEST_OFFER,https://www.ebay.de/itm/157203861468?_skw=Rolex+1215&hash=item249a148fdc:g:DsYAAeSwZrVoh3fR,https://i.ebayimg.com/images/g/DsYAAeSwZrVoh3fR/s-l225.jpg,pacardt,4916,100.0,5.90,EUR,DE,Herford,2025-07-28T13:21:57.000Z
batch_20260729_214347,iuid_e3738305cb3b4dc9,rolex_1215_119,Rolex 1215,4,v1,EBAY_DE,2026-07-29T21:44:50+00:00,v1|157203853025|0,"Winkelhebel, Stellhebel für Rolex 1210, 1215, 1220, setting lever, part 7561",79.00,EUR,Gebraucht,3000,FIXED_PRICE|BEST_OFFER,https://www.ebay.de/itm/157203853025?_skw=Rolex+1215&hash=item249a146ee1:g:D-4AAeSwjyNoh3XX,https://i.ebayimg.com/images/g/D-4AAeSwjyNoh3XX/s-l225.jpg,pacardt,4916,100.0,7.50,EUR,DE,Herford,2025-07-28T13:12:09.000Z
batch_20260729_214347,iuid_e3738305cb3b4dc9,rolex_1215_119,Rolex 1215,4,v1,EBAY_DE,2026-07-29T21:44:50+00:00,v1|157203830353|0,"Federwelle für Rolex 1210, 1215, barrel arbor, part 7501, NOS",75.00,EUR,Neu ohne Etikett,1500,FIXED_PRICE|BEST_OFFER,https://www.ebay.de/itm/157203830353?_skw=Rolex+1215&hash=item249a141651:g:Iw0AAeSwRmRoh3NK,https://i.ebayimg.com/images/g/Iw0AAeSwRmRoh3NK/s-l225.jpg,pacardt,4916,100.0,7.50,EUR,DE,Herford,2025-07-28T13:00:06.000Z
batch_20260729_214347,iuid_e3738305cb3b4dc9,rolex_1215_119,Rolex 1215,4,v1,EBAY_DE,2026-07-29T21:44:50+00:00,v1|135944510881|0,Rolex Oysterdate Precision 6694 Champagne (?) Date Wheel Calendar Disc 1215 1225,150.00,EUR,Gebraucht,3000,FIXED_PRICE,https://www.ebay.de/itm/135944510881?_skw=Rolex+1215&hash=item1fa6ec9da1:g:zMAAAOSwwxBoQ3hf,https://i.ebayimg.com/images/g/zMAAAOSwwxBoQ3hf/s-l225.jpg,odder1,672,100.0,22.00,EUR,DK,,2025-06-07T18:26:35.000Z
batch_20260729_214347,iuid_e3738305cb3b4dc9,rolex_1215_119,Rolex 1215,4,v1,EBAY_DE,2026-07-29T21:44:50+00:00,v1|335877238534|0,3 STÜCK VORBAU FÜR ROLEX🇨🇭 UHRWERKE 1200 oder 1210 oder 1215 oder 1220 oder...,46.83,EUR,Neu ohne Etikett,1500,FIXED_PRICE,https://www.ebay.de/itm/335877238534?_skw=Rolex+1215&hash=item4e33d7ef06:g:djoAAOSwJUNkZLaD,https://i.ebayimg.com/images/g/djoAAOSwJUNkZLaD/s-l225.jpg,makram224662,4367,99.6,16.66,EUR,EG,,2025-03-24T06:36:16.000Z
batch_20260729_214347,iuid_e3738305cb3b4dc9,rolex_1215_119,Rolex 1215,4,v1,EBAY_DE,2026-07-29T21:44:50+00:00,v1|116397760184|0,"ROLEX 1210 Barrel Cod. 7502 Calib: 1210, 1215, 1225 (EXCELLENT STATE)",89.00,EUR,Gebraucht,3000,FIXED_PRICE,https://www.ebay.de/itm/116397760184?_skw=Rolex+1215&hash=item1b19d8deb8:g:~oUAAeSwfK5owtnd,https://i.ebayimg.com/images/g/~oUAAeSwfK5owtnd/s-l225.jpg,fornitura_boccacci,4278,99.9,19.00,EUR,IT,Sant Angelo Romano,2024-11-20T11:48:16.000Z
batch_20260729_214347,iuid_e3738305cb3b4dc9,rolex_1215_119,Rolex 1215,4,v1,EBAY_DE,2026-07-29T21:44:50+00:00,v1|116397759988|0,"ROLEX 1210 Cannon Pinion Ht. 2.23mm Cod. 7569 Calib: 1210, 1215, 1225 (EXCELL...",50.00,EUR,Gebraucht,3000,FIXED_PRICE,https://www.ebay.de/itm/116397759988?_skw=Rolex+1215&hash=item1b19d8ddf4:g:zXAAAeSwYb9owtlh,https://i.ebayimg.com/images/g/zXAAAeSwYb9owtlh/s-l225.jpg,fornitura_boccacci,4278,99.9,19.00,EUR,IT,Sant Angelo Romano,2024-11-20T11:48:11.000Z
batch_20260729_214347,iuid_e3738305cb3b4dc9,rolex_1215_119,Rolex 1215,4,v1,EBAY_DE,2026-07-29T21:44:50+00:00,v1|116397759990|0,"ROLEX 1210 Crown Wheel Core Cod. 7553 Calib: 1210, 1215, 1225 (EXCELLENT STATE)",40.00,EUR,Gebraucht,3000,FIXED_PRICE,https://www.ebay.de/itm/116397759990?_skw=Rolex+1215&hash=item1b19d8ddf6:g:keEAAOSwsdpnPc2s,https://i.ebayimg.com/images/g/keEAAOSwsdpnPc2s/s-l225.jpg,fornitura_boccacci,4278,99.9,19.00,EUR,IT,Sant Angelo Romano,2024-11-20T11:48:11.000Z
batch_20260729_214347,iuid_e3738305cb3b4dc9,rolex_1215_119,Rolex 1215,4,v1,EBAY_DE,2026-07-29T21:44:50+00:00,v1|116397759996|0,"ROLEX 1210 Mainplate Cod. 7619 Calib: 1210, 1215, 1225 (EXCELLENT STATE)",349.00,EUR,Gebraucht,3000,FIXED_PRICE,https://www.ebay.de/itm/116397759996?_skw=Rolex+1215&hash=item1b19d8ddfc:g:ux4AAOSwJ9FnPc16,https://i.ebayimg.com/images/g/ux4AAOSwJ9FnPc16/s-l225.jpg,fornitura_boccacci,4278,99.9,19.00,EUR,IT,Sant Angelo Romano,2024-11-20T11:48:11.000Z
batch_20260729_214347,iuid_e3738305cb3b4dc9,rolex_1215_119,Rolex 1215,4,v1,EBAY_DE,2026-07-29T21:44:50+00:00,v1|116397759997|0,"ROLEX 1210 Crown Wheel Seating Cod. 7554 Calib: 1210, 1215, 1225 (EXCELLENT S...",35.00,EUR,Gebraucht,3000,FIXED_PRICE,https://www.ebay.de/itm/116397759997?_skw=Rolex+1215&hash=item1b19d8ddfd:g:2RsAAeSwuG1owtkL,https://i.ebayimg.com/images/g/2RsAAeSwuG1owtkL/s-l225.jpg,fornitura_boccacci,4278,99.9,19.00,EUR,IT,Sant Angelo Romano,2024-11-20T11:48:11.000Z
batch_20260729_214347,iuid_e3738305cb3b4dc9,rolex_1215_119,Rolex 1215,4,v1,EBAY_DE,2026-07-29T21:44:50+00:00,v1|116397759999|0,"ROLEX 1210 Pallet Cock Cod. 7522 Calib: 1210, 1215, 1225 (EXCELLENT STATE)",74.00,EUR,Gebraucht,3000,FIXED_PRICE,https://www.ebay.de/itm/116397759999?_skw=Rolex+1215&hash=item1b19d8ddff:g:JncAAOSw~d1nPcy-,https://i.ebayimg.com/images/g/JncAAOSw~d1nPcy-/s-l225.jpg,fornitura_boccacci,4278,99.9,19.00,EUR,IT,Sant Angelo Romano,2024-11-20T11:48:11.000Z
batch_20260729_214347,iuid_e3738305cb3b4dc9,rolex_1215_119,Rolex 1215,4,v1,EBAY_DE,2026-07-29T21:44:50+00:00,v1|116449482863|0,"ROLEX 1210 Barrel Bridge Cod. 7492 Calib: 1210, 1215, 1225 (EXCELLENT STATE)",129.00,EUR,Gebraucht,3000,FIXED_PRICE,https://www.ebay.de/itm/116449482863?_skw=Rolex+1215&hash=item1b1cee186f:g:D-MAAOSw5jRnPc0e,https://i.ebayimg.com/images/g/D-MAAOSw5jRnPc0e/s-l225.jpg,fornitura_boccacci,4278,99.9,19.00,EUR,IT,Sant Angelo Romano,2025-01-17T12:50:57.000Z
batch_20260729_214347,iuid_e3738305cb3b4dc9,rolex_1215_119,Rolex 1215,4,v1,EBAY_DE,2026-07-29T21:44:50+00:00,v1|116397759915|0,"ROLEX 1210 Setting Lever Spring Cod. 7563 Calib: 1210, 1215, 1225 (EXCELLENT ...",55.00,EUR,Gebraucht,3000,FIXED_PRICE,https://www.ebay.de/itm/116397759915?_skw=Rolex+1215&hash=item1b19d8ddab:g:vfkAAOSwM2xnPc0C,https://i.ebayimg.com/images/g/vfkAAOSwM2xnPc0C/s-l225.jpg,fornitura_boccacci,4278,99.9,19.00,EUR,IT,Sant Angelo Romano,2024-11-20T11:48:06.000Z
batch_20260729_214347,iuid_e3738305cb3b4dc9,rolex_1215_119,Rolex 1215,4,v1,EBAY_DE,2026-07-29T21:44:50+00:00,v1|116397759918|0,"ROLEX 1210 Yoke Spring Cod. 7566 Calib: 1210, 1215, 1225 (EXCELLENT STATE)",30.00,EUR,Gebraucht,3000,FIXED_PRICE,https://www.ebay.de/itm/116397759918?_skw=Rolex+1215&hash=item1b19d8ddae:g:qJIAAeSw-z5owtdU,https://i.ebayimg.com/images/g/qJIAAeSw-z5owtdU/s-l225.jpg,fornitura_boccacci,4278,99.9,19.00,EUR,IT,Sant Angelo Romano,2024-11-20T11:48:07.000Z
batch_20260729_214347,iuid_e3738305cb3b4dc9,rolex_1215_119,Rolex 1215,4,v1,EBAY_DE,2026-07-29T21:44:50+00:00,v1|116397759919|0,"ROLEX 1210 Crown Wheel Cod. 7552 Calib: 1210, 1215, 1225 (EXCELLENT STATE)",55.00,EUR,Gebraucht,3000,FIXED_PRICE,https://www.ebay.de/itm/116397759919?_skw=Rolex+1215&hash=item1b19d8ddaf:g:8cYAAOSwCWVnPc0C,https://i.ebayimg.com/images/g/8cYAAOSwCWVnPc0C/s-l225.jpg,fornitura_boccacci,4278,99.9,19.00,EUR,IT,Sant Angelo Romano,2024-11-20T11:48:07.000Z
batch_20260729_214347,iuid_e3738305cb3b4dc9,rolex_1215_119,Rolex 1215,4,v1,EBAY_DE,2026-07-29T21:44:50+00:00,v1|116397759920|0,"ROLEX 1210 Yoke Cod. 7565 Calib: 1210, 1215, 1225 (EXCELLENT STATE)",40.00,EUR,Gebraucht,3000,FIXED_PRICE,https://www.ebay.de/itm/116397759920?_skw=Rolex+1215&hash=item1b19d8ddb0:g:HxMAAOSw0PVnPc2L,https://i.ebayimg.com/images/g/HxMAAOSw0PVnPc2L/s-l225.jpg,fornitura_boccacci,4278,99.9,19.00,EUR,IT,Sant Angelo Romano,2024-11-20T11:48:07.000Z
batch_20260729_214347,iuid_e3738305cb3b4dc9,rolex_1215_119,Rolex 1215,4,v1,EBAY_DE,2026-07-29T21:44:50+00:00,v1|116397759928|0,"ROLEX 1210 Train Wheel Bridge Cod. 7593 Calib: 1210, 1215, 1225 (EXCELLENT ST...",119.00,EUR,Gebraucht,3000,FIXED_PRICE,https://www.ebay.de/itm/116397759928?_skw=Rolex+1215&hash=item1b19d8ddb8:g:-EoAAOSwTaFnPc2m,https://i.ebayimg.com/images/g/-EoAAOSwTaFnPc2m/s-l225.jpg,fornitura_boccacci,4278,99.9,19.00,EUR,IT,Sant Angelo Romano,2024-11-20T11:48:07.000Z
batch_20260729_214347,iuid_e3738305cb3b4dc9,rolex_1215_119,Rolex 1215,4,v1,EBAY_DE,2026-07-29T21:44:50+00:00,v1|116445495940|0,"ROLEX 1210 Click Cod. 7558 Calib: 1210, 1215, 1225 (EXCELLENT STATE)",60.00,EUR,Gebraucht,3000,FIXED_PRICE,https://www.ebay.de/itm/116445495940?_skw=Rolex+1215&hash=item1b1cb14284:g:UQcAAOSw4B1nPczT,https://i.ebayimg.com/images/g/UQcAAOSw4B1nPczT/s-l225.jpg,fornitura_boccacci,4278,99.9,19.00,EUR,IT,Sant Angelo Romano,2025-01-13T09:20:54.000Z
batch_20260729_214347,iuid_e3738305cb3b4dc9,rolex_1215_119,Rolex 1215,4,v1,EBAY_DE,2026-07-29T21:44:50+00:00,v1|116397759771|0,"ROLEX 1210 Fourth Wheel Cod. 7512 Calib: 1210, 1215 (EXCELLENT STATE)",59.00,EUR,Gebraucht,3000,FIXED_PRICE,https://www.ebay.de/itm/116397759771?_skw=Rolex+1215&hash=item1b19d8dd1b:g:qRUAAeSwuaBowtcq,https://i.ebayimg.com/images/g/qRUAAeSwuaBowtcq/s-l225.jpg,fornitura_boccacci,4278,99.9,19.00,EUR,IT,Sant Angelo Romano,2024-11-20T11:48:02.000Z
batch_20260729_214347,iuid_e3738305cb3b4dc9,rolex_1215_119,Rolex 1215 119,1,v1,EBAY_US,2026-07-29T21:44:51+00:00,v1|227219995598|0,Rolex 1215 119 New Blister X1 Piece X1 Piece Ratchet wheel,125.27,USD,New with tags,1000,FIXED_PRICE|BEST_OFFER,https://www.ebay.com/itm/227219995598?_skw=Rolex+1215+119&hash=item34e75dfbce:g:-Y0AAeSwlnZqOjX0,https://i.ebayimg.com/images/g/-Y0AAeSwlnZqOjX0/s-l225.jpg,*rarecollections,1405,100.0,55.00,USD,IT,,2026-02-16T21:35:07.000Z
batch_20260729_214347,iuid_e3738305cb3b4dc9,rolex_1215_119,Rolex 1215 119,1,v1,EBAY_US,2026-07-29T21:44:51+00:00,v1|227219995589|0,Rolex 1215 119 New NEW Blister X1 Piece Ratchet Wheel Spool,124.00,USD,Nuovo con etichette,1000,FIXED_PRICE|BEST_OFFER,https://www.ebay.com/itm/227219995589?_skw=Rolex+1215+119&hash=item34e75dfbc5:g:OzsAAeSw1~1qRQ2U,https://i.ebayimg.com/images/g/OzsAAeSw1~1qRQ2U/s-l225.jpg,*rarecollections,1405,100.0,51.24,USD,IT,,2026-02-16T21:35:06.000Z
batch_20260729_214347,iuid_e3738305cb3b4dc9,rolex_1215_119,Rolex 1215,4,v1,EBAY_US,2026-07-29T21:44:54+00:00,v1|158130280759|0,Rolex Cal. 1210 1215 Part #7512 Second Wheel - New Factory Sealed Genuine,72.50,USD,New with tags,1000,FIXED_PRICE,https://www.ebay.com/itm/158130280759?_skw=Rolex+1215&hash=item24d14c9937:g:vhkAAeSwnN9qaYnY,https://i.ebayimg.com/images/g/vhkAAeSwnN9qaYnY/s-l225.jpg,boostaholic247,2325,100.0,0.00,USD,US,Franconia,2026-07-29T05:08:17.000Z
batch_20260729_214347,iuid_e3738305cb3b4dc9,rolex_1215_119,Rolex 1215,4,v1,EBAY_US,2026-07-29T21:44:54+00:00,v1|158123224154|0,ROLEX Barrel Bridge # 7492  CAL 1210 1215 1220 1225,50.00,USD,Pre-owned,3000,FIXED_PRICE,https://www.ebay.com/itm/158123224154?_skw=Rolex+1215&hash=item24d0e0ec5a:g:0dIAAeSwUr5qZt4U,https://i.ebayimg.com/images/g/0dIAAeSwUr5qZt4U/s-l225.jpg,boostaholic247,2325,100.0,0.00,USD,US,Franconia,2026-07-27T04:27:24.000Z
batch_20260729_214347,iuid_e3738305cb3b4dc9,rolex_1215_119,Rolex 1215,4,v1,EBAY_US,2026-07-29T21:44:54+00:00,v1|318629620211|0,"WATCH HANDS  FOR ROLEX VINTAGE 1200 1210 1215 1225 WATCH ""DAUPHINE"" SILVER",59.95,USD,New with tags,1000,FIXED_PRICE,https://www.ebay.com/itm/318629620211?_skw=Rolex+1215&hash=item4a2fce29f3:g:FfMAAeSwQBhqY2Bs,https://i.ebayimg.com/images/g/FfMAAeSwQBhqY2Bs/s-l225.jpg,ewatchparts,226582,99.9,0.00,USD,US,Sugar Land,2026-07-24T12:54:05.000Z
batch_20260729_214347,iuid_e3738305cb3b4dc9,rolex_1215_119,Rolex 1215,4,v1,EBAY_US,2026-07-29T21:44:54+00:00,v1|178340301909|0,WATCH HANDS AGED FOR ROLEX VINTAGE WATCH MOVEMENT 1200 1210 1215 1225 GOLD,59.95,USD,New with tags,1000,FIXED_PRICE,https://www.ebay.com/itm/178340301909?_skw=Rolex+1215&hash=item2985e90c55:g:UYYAAeSwaStqY2AX,https://i.ebayimg.com/images/g/UYYAAeSwaStqY2AX/s-l225.jpg,ewatchparts,226582,99.9,0.00,USD,US,Sugar Land,2026-07-24T12:52:40.000Z
batch_20260729_214347,iuid_e3738305cb3b4dc9,rolex_1215_119,Rolex 1215,4,v1,EBAY_US,2026-07-29T21:44:54+00:00,v1|158112798113|0,Rolex 1210 1215 7562 setting lever screw NOS price Per screw 1220 1225 Genuine,34.00,USD,New without tags,1500,FIXED_PRICE,https://www.ebay.com/itm/158112798113?_skw=Rolex+1215&hash=item24d041d5a1:g:sRsAAeSwMndqYj9Q,https://i.ebayimg.com/images/g/sRsAAeSwMndqYj9Q/s-l225.jpg,boostaholic247,2325,100.0,0.00,USD,US,Franconia,2026-07-23T16:22:46.000Z
batch_20260729_214347,iuid_e3738305cb3b4dc9,rolex_1215_119,Rolex 1215,4,v1,EBAY_US,2026-07-29T21:44:54+00:00,v1|188677358048|0,Rolex Calibers 1200=1215=1220=1225 Part #1210-7505 Jewel for Center Wheel Upper,79.95,USD,New without tags,1500,FIXED_PRICE|BEST_OFFER,https://www.ebay.com/itm/188677358048?_skw=Rolex+1215&hash=item2bee0c01e0:g:rccAAeSwlktqX-q6,https://i.ebayimg.com/images/g/rccAAeSwlktqX-q6/s-l225.jpg,1bwpanda,11812,100.0,7.95,USD,US,Biloxi,2026-07-21T22:01:39.000Z
batch_20260729_214347,iuid_e3738305cb3b4dc9,rolex_1215_119,Rolex 1215,4,v1,EBAY_US,2026-07-29T21:44:54+00:00,v1|158087006693|0,Rolex Oysterdate Precision 6694 Manual Wind Vintage 1966 Wristwatch Cal. 1215,3000.00,USD,Pre-owned - Fair,3010,FIXED_PRICE|BEST_OFFER,https://www.ebay.com/itm/158087006693?_skw=Rolex+1215&hash=item24ceb849e5:g:RPcAAeSwzmFqWBiY,https://i.ebayimg.com/images/g/RPcAAeSwzmFqWBiY/s-l225.jpg,sweepseconds,2677,100.0,0.00,USD,US,Sacramento,2026-07-15T23:48:09.000Z
batch_20260729_214347,iuid_e3738305cb3b4dc9,rolex_1215_119,Rolex 1215,4,v1,EBAY_US,2026-07-29T21:44:54+00:00,v1|158077487604|0,Rolex 1210 1215 7521 Escape Wheel NOS Authentic Unopened Package RARE,110.00,USD,New without tags,1500,FIXED_PRICE|BEST_OFFER,https://www.ebay.com/itm/158077487604?_skw=Rolex+1215&hash=item24ce2709f4:g:bHMAAeSwr3RqU-y5,https://i.ebayimg.com/images/g/bHMAAeSwr3RqU-y5/s-l225.jpg,boostaholic247,2325,100.0,0.00,USD,US,Franconia,2026-07-12T19:37:46.000Z
batch_20260729_214347,iuid_e3738305cb3b4dc9,rolex_1215_119,Rolex 1215,4,v1,EBAY_US,2026-07-29T21:44:54+00:00,v1|158077483258|0,Rolex 1210 7549 1215 1220 1225 NOS Authentic Stem 1 Per Purchase,22.50,USD,New without tags,1500,FIXED_PRICE,https://www.ebay.com/itm/158077483258?_skw=Rolex+1215&hash=item24ce26f8fa:g:qY0AAeSwdqlqU-vE,https://i.ebayimg.com/images/g/qY0AAeSwdqlqU-vE/s-l225.jpg,boostaholic247,2325,100.0,0.00,USD,US,Franconia,2026-07-12T19:34:25.000Z
batch_20260729_214347,iuid_e3738305cb3b4dc9,rolex_1215_119,Rolex 1215,4,v1,EBAY_US,2026-07-29T21:44:54+00:00,v1|267703977963|0,Rolex 1215 # 7602 Dial Screw Genuine Made New X1 From Pack,39.87,USD,New with tags,1000,FIXED_PRICE,https://www.ebay.com/itm/267703977963?_skw=Rolex+1215&hash=item3e546687eb:g:m7QAAeSwMWtqNXQl,https://i.ebayimg.com/images/g/m7QAAeSwMWtqNXQl/s-l225.jpg,nwcs84,11806,100.0,17.61,USD,GB,HILLSBOROUGH,2026-06-19T16:54:12.000Z
batch_20260729_214347,iuid_e3738305cb3b4dc9,rolex_1215_119,Rolex 1215,4,v1,EBAY_US,2026-07-29T21:44:54+00:00,v1|188519007609|0,"Rolex 1210 7544 Balance Staff Replacement For Rolex Calibre 1210,  1215",24.41,USD,New without tags,1500,FIXED_PRICE,https://www.ebay.com/itm/188519007609?_skw=Rolex+1215&hash=item2be49bc579:g:N7gAAeSwuPpqMRkV,https://i.ebayimg.com/images/g/N7gAAeSwuPpqMRkV/s-l225.jpg,btc.watches.melbourne,176,100.0,24.41,USD,AU,Northcote,2026-06-16T09:38:17.000Z
batch_20260729_214347,iuid_e3738305cb3b4dc9,rolex_1215_119,Rolex 1215,4,v1,EBAY_US,2026-07-29T21:44:54+00:00,v1|147350792255|0,Rolex Datejust 41 126300 41mm Stainless Steel Blue Wristwatch #WW1215,12470.62,USD,Pre-owned - Good,3000,FIXED_PRICE,https://www.ebay.com/itm/147350792255?_skw=Rolex+1215&hash=item224ecaa83f:g:OX8AAeSwfytqISV3,https://i.ebayimg.com/images/g/OX8AAeSwfytqISV3/s-l225.jpg,minico_01,11771,99.2,0.00,USD,JP,,2026-06-04T07:09:54.000Z
batch_20260729_214347,iuid_e3738305cb3b4dc9,rolex_1215_119,Rolex 1215,4,v1,EBAY_US,2026-07-29T21:44:54+00:00,v1|800072586087|0,Rolex 1215 1220 1225 1210-7504 / 7590 Centre Wheel Only Original,204.66,USD,Pre-owned,3000,FIXED_PRICE|BEST_OFFER,https://www.ebay.com/itm/800072586087?_skw=Rolex+1215&hash=itemba480ad367:g:RooAAeSw8oNqFWvA,https://i.ebayimg.com/images/g/RooAAeSw8oNqFWvA/s-l225.jpg,only_quality_stuff_new2026,57,100.0,18.00,USD,IT,,2026-05-26T10:04:00.000Z
batch_20260729_214347,iuid_e3738305cb3b4dc9,rolex_1215_119,Rolex 1215,4,v1,EBAY_US,2026-07-29T21:44:54+00:00,v1|800072553717|0,Rolex 1215 1220 1225 1210-7504 / 7590 Centre Wheel Only Original,204.97,USD,Usato,3000,FIXED_PRICE|BEST_OFFER,https://www.ebay.com/itm/800072553717?_skw=Rolex+1215&hash=itemba480a54f5:g:RooAAeSw8oNqFWvA,https://i.ebayimg.com/images/g/RooAAeSw8oNqFWvA/s-l225.jpg,only_quality_stuff_new2026,57,100.0,17.08,USD,IT,Teramo,2026-05-26T09:49:55.000Z
batch_20260729_214347,iuid_e3738305cb3b4dc9,rolex_1215_119,Rolex 1215,4,v1,EBAY_US,2026-07-29T21:44:54+00:00,v1|800072512193|0,Rolex Precision 1225 1215-7591 Original Cannon Pinion Fit Sprocket,78.45,USD,Pre-owned,3000,FIXED_PRICE|BEST_OFFER,https://www.ebay.com/itm/800072512193?_skw=Rolex+1215&hash=itemba4809b2c1:g:gAMAAeSwATdqFWmj,https://i.ebayimg.com/images/g/gAMAAeSwATdqFWmj/s-l225.jpg,only_quality_stuff_new2026,57,100.0,18.00,USD,IT,,2026-05-26T09:38:56.000Z
batch_20260729_214347,iuid_e3738305cb3b4dc9,rolex_1215_119,Rolex 1215,4,v1,EBAY_US,2026-07-29T21:44:54+00:00,v1|800072511441|0,Rolex Precision 1225 1215-7591 Original Cannon Pinion Fit Sprocket,78.57,USD,Usato,3000,FIXED_PRICE|BEST_OFFER,https://www.ebay.com/itm/800072511441?_skw=Rolex+1215&hash=itemba4809afd1:g:gAMAAeSwATdqFWmj,https://i.ebayimg.com/images/g/gAMAAeSwATdqFWmj/s-l225.jpg,only_quality_stuff_new2026,57,100.0,17.08,USD,IT,Teramo,2026-05-26T09:38:38.000Z
batch_20260729_214347,iuid_e3738305cb3b4dc9,rolex_1215_119,Rolex 1215,4,v1,EBAY_US,2026-07-29T21:44:54+00:00,v1|127874031148|0,NEW To Fit Rolex 1210/1215  Watch Mainspring SWISS MADE aa,22.99,USD,New with tags,1000,FIXED_PRICE|BEST_OFFER,https://www.ebay.com/itm/127874031148?_skw=Rolex+1215&hash=item1dc5e2de2c:g:vIcAAeSwLGBp6Oy~,https://i.ebayimg.com/images/g/vIcAAeSwLGBp6Oy~/s-l225.jpg,hillscollection,407,97.6,6.49,USD,CN,,2026-05-20T00:32:13.000Z
batch_20260729_214347,iuid_e3738305cb3b4dc9,rolex_1215_119,Rolex 1215,4,v1,EBAY_US,2026-07-29T21:44:54+00:00,v1|127871596256|0,Rolex Caliber 1215 Part Number 7593 (Driving Wheel For Date Star),85.06,USD,New without tags,1500,FIXED_PRICE,https://www.ebay.com/itm/127871596256?_skw=Rolex+1215&hash=item1dc5bdb6e0:g:2-oAAeSwkxNqCzUD,https://i.ebayimg.com/images/g/2-oAAeSwkxNqCzUD/s-l225.jpg,mikeswatchparts,6199,100.0,6.38,USD,CA,,2026-05-18T15:51:55.000Z
batch_20260729_214347,iuid_e3738305cb3b4dc9,rolex_1215_119,Rolex 1215,4,v1,EBAY_US,2026-07-29T21:44:54+00:00,v1|157919646671|0,Rolex NOS Dial Foot Screws 7602 For 1210 1215 1220 1225 6694 6426 1 Per Purchase,22.00,USD,New with tags,1000,FIXED_PRICE,https://www.ebay.com/itm/157919646671?_skw=Rolex+1215&hash=item24c4be93cf:g:u3AAAeSweQNqCmWs,https://i.ebayimg.com/images/g/u3AAAeSweQNqCmWs/s-l225.jpg,boostaholic247,2325,100.0,0.00,USD,US,Franconia,2026-05-18T01:06:52.000Z
batch_20260729_214347,iuid_e3738305cb3b4dc9,rolex_1215_119,Rolex 1215,4,v1,EBAY_US,2026-07-29T21:44:54+00:00,v1|157919484497|0,NOS GENUINE ROLEX Wheel # 7567 FOR CAL 1210 1215 1220 1225 For 6694 6466,30.00,USD,New without tags,1500,FIXED_PRICE|BEST_OFFER,https://www.ebay.com/itm/157919484497?_skw=Rolex+1215&hash=item24c4bc1a51:g:A-kAAeSw7cFqClJw,https://i.ebayimg.com/images/g/A-kAAeSw7cFqClJw/s-l225.jpg,boostaholic247,2325,100.0,0.00,USD,US,Franconia,2026-05-17T23:43:34.000Z
batch_20260729_214347,iuid_e3738305cb3b4dc9,rolex_1215_119,Rolex 1215,4,v1,EBAY_US,2026-07-29T21:44:54+00:00,v1|127870274081|0,Rolex Caliber 1215 Part Number 7593 (Driving Wheel For Date Star),85.06,USD,New without tags,1500,FIXED_PRICE,https://www.ebay.com/itm/127870274081?_skw=Rolex+1215&hash=item1dc5a98a21:g:mKoAAeSw73lqCkpK,https://i.ebayimg.com/images/g/mKoAAeSw73lqCkpK/s-l225.jpg,mikeswatchparts,6199,100.0,6.38,USD,CA,,2026-05-17T23:09:47.000Z
batch_20260729_214347,iuid_e3738305cb3b4dc9,rolex_1215_119,Rolex 1215,4,v1,EBAY_US,2026-07-29T21:44:54+00:00,v1|157919437717|0,NOS GENUINE ROLEX Regulator # 7548 FOR CAL 1210 1215 6694 6466,59.00,USD,New without tags,1500,FIXED_PRICE|BEST_OFFER,https://www.ebay.com/itm/157919437717?_skw=Rolex+1215&hash=item24c4bb6395:g:PrsAAeSwvb1qCkpt,https://i.ebayimg.com/images/g/PrsAAeSwvb1qCkpt/s-l225.jpg,boostaholic247,2325,100.0,0.00,USD,US,Franconia,2026-05-17T23:09:23.000Z
batch_20260729_214347,iuid_e3738305cb3b4dc9,rolex_1215_119,Rolex 1215,4,v1,EBAY_US,2026-07-29T21:44:54+00:00,v1|157919421887|0,NOS GENUINE ROLEX Screw # 7555 FOR CAL 1210 1215 1220 1225 1240,25.00,USD,New without tags,1500,FIXED_PRICE|BEST_OFFER,https://www.ebay.com/itm/157919421887?_skw=Rolex+1215&hash=item24c4bb25bf:g:2k4AAeSw-7BqCkl1,https://i.ebayimg.com/images/g/2k4AAeSw-7BqCkl1/s-l225.jpg,boostaholic247,2325,100.0,0.00,USD,US,Franconia,2026-05-17T23:04:30.000Z
batch_20260729_214347,iuid_e3738305cb3b4dc9,rolex_1215_119,Rolex 1215,4,v1,EBAY_US,2026-07-29T21:44:54+00:00,v1|157919420531|0,NOS GENUINE ROLEX Screw # 7573 FOR CAL 1210 1215 1220 1225 1240,25.00,USD,New without tags,1500,FIXED_PRICE|BEST_OFFER,https://www.ebay.com/itm/157919420531?_skw=Rolex+1215&hash=item24c4bb2073:g:-CgAAeSwWz1qCkjV,https://i.ebayimg.com/images/g/-CgAAeSwWz1qCkjV/s-l225.jpg,boostaholic247,2325,100.0,0.00,USD,US,Franconia,2026-05-17T23:01:53.000Z
batch_20260729_214347,iuid_e3738305cb3b4dc9,rolex_1215_119,Rolex 1215,4,v1,EBAY_US,2026-07-29T21:44:54+00:00,v1|157919414608|0,NOS GENUINE ROLEX Jewel # 7513 FOR CAL 1210 1215 1220 1225 1240,25.00,USD,New without tags,1500,FIXED_PRICE|BEST_OFFER,https://www.ebay.com/itm/157919414608?_skw=Rolex+1215&hash=item24c4bb0950:g:hYgAAeSw5-9qCkdx,https://i.ebayimg.com/images/g/hYgAAeSw5-9qCkdx/s-l225.jpg,boostaholic247,2325,100.0,0.00,USD,US,Franconia,2026-05-17T22:55:54.000Z
batch_20260729_214347,iuid_e3738305cb3b4dc9,rolex_1215_119,Rolex 1215,4,v1,EBAY_US,2026-07-29T21:44:54+00:00,v1|157919414004|0,NOS GENUINE ROLEX Jewel # 7514 FOR CAL 1210 1215 1220 1225 1240,25.00,USD,New without tags,1500,FIXED_PRICE|BEST_OFFER,https://www.ebay.com/itm/157919414004?_skw=Rolex+1215&hash=item24c4bb06f4:g:j5MAAeSw3YRqCkcL,https://i.ebayimg.com/images/g/j5MAAeSw3YRqCkcL/s-l225.jpg,boostaholic247,2325,100.0,0.00,USD,US,Franconia,2026-05-17T22:54:49.000Z
batch_20260729_214347,iuid_e3738305cb3b4dc9,rolex_1215_119,Rolex 1215,4,v1,EBAY_US,2026-07-29T21:44:54+00:00,v1|157919412919|0,NOS GENUINE ROLEX  Wheel # 7567 FOR CAL 1210 1215 1220 1225 1240,40.00,USD,New without tags,1500,FIXED_PRICE|BEST_OFFER,https://www.ebay.com/itm/157919412919?_skw=Rolex+1215&hash=item24c4bb02b7:g:CN0AAeSwFG1qCka9,https://i.ebayimg.com/images/g/CN0AAeSwFG1qCka9/s-l225.jpg,boostaholic247,2325,100.0,0.00,USD,US,Franconia,2026-05-17T22:53:26.000Z
batch_20260729_214347,iuid_e3738305cb3b4dc9,rolex_1215_119,Rolex 1215,4,v1,EBAY_US,2026-07-29T21:44:54+00:00,v1|157919410684|0,NOS GENUINE ROLEX  Click # 7558 FOR CAL 1210 1215 1220 1225 1240,75.00,USD,New with tags,1000,FIXED_PRICE|BEST_OFFER,https://www.ebay.com/itm/157919410684?_skw=Rolex+1215&hash=item24c4baf9fc:g:OYwAAeSwGTpqCkZX,https://i.ebayimg.com/images/g/OYwAAeSwGTpqCkZX/s-l225.jpg,boostaholic247,2325,100.0,0.00,USD,US,Franconia,2026-05-17T22:51:26.000Z
batch_20260729_214347,iuid_e3738305cb3b4dc9,rolex_1215_119,Rolex 1215,4,v1,EBAY_US,2026-07-29T21:44:54+00:00,v1|127870258291|0,Rolex Caliber 1215 Part Number 7593 (Driving Wheel For Date Star),85.06,USD,New without tags,1500,FIXED_PRICE,https://www.ebay.com/itm/127870258291?_skw=Rolex+1215&hash=item1dc5a94c73:g:j2MAAeSwDgxqCkV0,https://i.ebayimg.com/images/g/j2MAAeSwDgxqCkV0/s-l225.jpg,mikeswatchparts,6199,100.0,6.38,USD,CA,,2026-05-17T22:49:57.000Z
batch_20260729_214347,iuid_e3738305cb3b4dc9,rolex_1215_119,Rolex 1215,4,v1,EBAY_US,2026-07-29T21:44:54+00:00,v1|127870228685|0,Rolex Caliber 1215 Part Number 7593 (Driving Wheel For Date Star),83.65,USD,New without tags,1500,FIXED_PRICE,https://www.ebay.com/itm/127870228685?_skw=Rolex+1215&hash=item1dc5a8d8cd:g:TykAAeSwPXpqCj5m,https://i.ebayimg.com/images/g/TykAAeSwPXpqCj5m/s-l225.jpg,mikeswatchparts,6199,100.0,6.38,USD,CA,,2026-05-17T22:22:39.000Z
batch_20260729_214347,iuid_e3738305cb3b4dc9,rolex_1215_119,Rolex 1215,4,v1,EBAY_US,2026-07-29T21:44:54+00:00,v1|287326620447|0,NEW To Fit Rolex 1210/1215  Watch Mainspring SWISS MADE aa,21.15,USD,New with tags,1000,FIXED_PRICE|BEST_OFFER,https://www.ebay.com/itm/287326620447?_skw=Rolex+1215&hash=item42e6004b1f:g:UMQAAeSwqZVp6Oy4,https://i.ebayimg.com/images/g/UMQAAeSwqZVp6Oy4/s-l225.jpg,ruich8600,490,99.1,5.99,USD,CN,,2026-05-12T01:25:44.000Z
batch_20260729_214347,iuid_e3738305cb3b4dc9,rolex_1215_119,Rolex 1215,4,v1,EBAY_US,2026-07-29T21:44:54+00:00,v1|236808284328|0,NEW To Fit Rolex 1210/1215  Watch Mainspring SWISS MADE aa,20.69,USD,New with tags,1000,FIXED_PRICE|BEST_OFFER,https://www.ebay.com/itm/236808284328?_skw=Rolex+1215&hash=item3722dfa8a8:g:KDcAAeSwvSpp6Oy2,https://i.ebayimg.com/images/g/KDcAAeSwvSpp6Oy2/s-l225.jpg,shanmaogs,232,98.3,6.01,USD,CN,,2026-05-10T00:46:39.000Z
batch_20260729_214347,iuid_e3738305cb3b4dc9,rolex_1215_119,Rolex 1215,4,v1,EBAY_US,2026-07-29T21:44:54+00:00,v1|318277213147|0,NEW To Fit Rolex 1210/1215  Watch Mainspring SWISS MADE aa,21.15,USD,New with tags,1000,FIXED_PRICE|BEST_OFFER,https://www.ebay.com/itm/318277213147?_skw=Rolex+1215&hash=item4a1accdbdb:g:Mg8AAeSw8Ghp6Oy2,https://i.ebayimg.com/images/g/Mg8AAeSw8Ghp6Oy2/s-l225.jpg,xunjiadz,453,99.7,5.99,USD,CN,,2026-05-10T00:10:52.000Z
batch_20260729_214347,iuid_e3738305cb3b4dc9,rolex_1215_119,Rolex 1215,4,v1,EBAY_US,2026-07-29T21:44:54+00:00,v1|389967254942|0,NEW To Fit Rolex 1210/1215  Watch Mainspring SWISS MADE aa,22.99,USD,New with tags,1000,FIXED_PRICE|BEST_OFFER,https://www.ebay.com/itm/389967254942?_skw=Rolex+1215&hash=item5acbdc159e:g:Ha0AAeSwHPhp6Oyw,https://i.ebayimg.com/images/g/Ha0AAeSwHPhp6Oyw/s-l225.jpg,shanweishijinqim_0,244,99.5,6.39,USD,CN,,2026-05-03T01:01:08.000Z
batch_20260729_214347,iuid_e3738305cb3b4dc9,rolex_1215_119,Rolex 1215,4,v1,EBAY_US,2026-07-29T21:44:54+00:00,v1|127835115493|0,ROLEX 1200 1210 1215 NIVAFLEX SWISS MADE REPLACEMENT MAINSPRING,24.41,USD,New with tags,1000,FIXED_PRICE,https://www.ebay.com/itm/127835115493?_skw=Rolex+1215&hash=item1dc3910fe5:g:pZQAAeSwQW9p8W1m,https://i.ebayimg.com/images/g/pZQAAeSwQW9p8W1m/s-l225.jpg,2848kerry,9048,100.0,27.90,USD,AU,Marshall Mount,2026-04-29T02:34:20.000Z
batch_20260729_214347,iuid_e3738305cb3b4dc9,rolex_1215_119,Rolex 1215,4,v1,EBAY_US,2026-07-29T21:44:54+00:00,v1|358491693283|0,NEW To Fit Rolex 1210/1215  Watch Mainspring SWISS MADE SS,22.99,USD,New with tags,1000,FIXED_PRICE|BEST_OFFER,https://www.ebay.com/itm/358491693283?_skw=Rolex+1215&hash=item5377c520e3:g:N-wAAeSwsL5p6Oys,https://i.ebayimg.com/images/g/N-wAAeSwsL5p6Oys/s-l225.jpg,beaconseller,243,98.7,5.69,USD,CN,,2026-04-27T08:50:59.000Z
batch_20260729_214347,iuid_e3738305cb3b4dc9,rolex_1215_119,Rolex 1215,4,v1,EBAY_US,2026-07-29T21:44:54+00:00,v1|117157074940|0,Genuine NOS Rolex 1210 1215 1220 1225 Barrel BridgePart 7492,91.69,USD,New without tags,1500,FIXED_PRICE|BEST_OFFER,https://www.ebay.com/itm/117157074940?_skw=Rolex+1215&hash=item1b471b17fc:g:5WwAAeSwnSNp6N-g,https://i.ebayimg.com/images/g/5WwAAeSwnSNp6N-g/s-l225.jpg,thetimekeeperparts,1953,100.0,18.60,USD,GB,LONDON,2026-04-22T14:49:55.000Z
batch_20260729_214347,iuid_e3738305cb3b4dc9,rolex_1215_119,Rolex 1215,4,v1,EBAY_US,2026-07-29T21:44:54+00:00,v1|377069988765|0,Genuine Rolex Date Jumper Cal 1215/1225 Oysterdate Precision #7595 NOS SEALED,115.00,USD,New with tags,1000,FIXED_PRICE,https://www.ebay.com/itm/377069988765?_skw=Rolex+1215&hash=item57cb1f6b9d:g:E2cAAeSwWIVpyEKo,https://i.ebayimg.com/images/g/E2cAAeSwWIVpyEKo/s-l225.jpg,grayjewelers,3618,100.0,10.00,USD,US,Miami Beach,2026-03-28T21:07:13.000Z
batch_20260729_214347,iuid_e3738305cb3b4dc9,rolex_1215_119,Rolex 1215,4,v1,EBAY_US,2026-07-29T21:44:54+00:00,v1|188145169163|0,"Swiss Made Mainspring (1.50 x .095 x 320 x 9 Non-Automatic), Rolex 1210, 1215",37.38,USD,New without tags,1500,FIXED_PRICE,https://www.ebay.com/itm/188145169163?_skw=Rolex+1215&hash=item2bce53730b:g:WF8AAeSwZcJpsT93,https://i.ebayimg.com/images/g/WF8AAeSwZcJpsT93/s-l225.jpg,merrickcollectables,62,100.0,18.60,USD,GB,WARRINGTON,2026-03-11T14:35:15.000Z
batch_20260729_214347,iuid_e3738305cb3b4dc9,rolex_1215_119,Rolex 1215,4,v1,EBAY_US,2026-07-29T21:44:54+00:00,v1|157711546774|0,Rolex 6466 NOS Silver Hands Authentic 1210 1215 Speedking Oysterdate Precision!,275.00,USD,New with tags,1000,FIXED_PRICE|BEST_OFFER,https://www.ebay.com/itm/157711546774?_skw=Rolex+1215&hash=item24b8573996:g:2qkAAeSwv6lpoNeY,https://i.ebayimg.com/images/g/2qkAAeSwv6lpoNeY/s-l225.jpg,boostaholic247,2325,100.0,0.00,USD,US,Franconia,2026-02-26T23:31:26.000Z
batch_20260729_214347,iuid_e3738305cb3b4dc9,rolex_1215_119,Rolex 1215,4,v1,EBAY_US,2026-07-29T21:44:54+00:00,v1|147174190241|0,NEW Genuine Rolex 1210-7519 Second Wheel Friction Spring also Cal 1210 1215 1220,85.00,USD,New with tags,1000,FIXED_PRICE,https://www.ebay.com/itm/147174190241?_skw=Rolex+1215&hash=item224443eca1:g:QHIAAeSwunFpoJhL,https://i.ebayimg.com/images/g/QHIAAeSwunFpoJhL/s-l225.jpg,timelessclassicwatches,14477,99.9,6.55,USD,US,Glendora,2026-02-26T19:03:11.000Z
batch_20260729_214347,iuid_e3738305cb3b4dc9,rolex_1215_119,Rolex 1215,4,v1,EBAY_US,2026-07-29T21:44:54+00:00,v1|157710743096|0,Rolex 1215 Balance Wheel 2 Pallet Forks And NOS pallet Staff 7524 7525 1210 Rare,199.00,USD,Pre-owned,3000,FIXED_PRICE,https://www.ebay.com/itm/157710743096?_skw=Rolex+1215&hash=item24b84af638:g:nm4AAeSwgWtpoG99,https://i.ebayimg.com/images/g/nm4AAeSwgWtpoG99/s-l225.jpg,boostaholic247,2325,100.0,0.00,USD,US,Franconia,2026-02-26T16:06:44.000Z
batch_20260729_214347,iuid_e3738305cb3b4dc9,rolex_1215_119,Rolex 1215,4,v1,EBAY_US,2026-07-29T21:44:54+00:00,v1|227219995523|0,Rolex 1215 7590 New Blister X1 Piece X1 Piece Driving Wheel for date indicator,125.27,USD,New with tags,1000,FIXED_PRICE|BEST_OFFER,https://www.ebay.com/itm/227219995523?_skw=Rolex+1215&hash=item34e75dfb83:g:xnQAAeSwk4BqSBiL,https://i.ebayimg.com/images/g/xnQAAeSwk4BqSBiL/s-l225.jpg,*rarecollections,1405,100.0,55.00,USD,IT,,2026-02-16T21:35:01.000Z
batch_20260729_214347,iuid_e3738305cb3b4dc9,rolex_1215_119,Rolex 1215,4,v1,EBAY_US,2026-07-29T21:44:54+00:00,v1|227219995498|0,Rolex 1215 7590 New NEW Blister X1 Piece Driving Wheel Date Indicator,124.00,USD,Nuovo con etichette,1000,FIXED_PRICE|BEST_OFFER,https://www.ebay.com/itm/227219995498?_skw=Rolex+1215&hash=item34e75dfb6a:g:Su4AAeSwBCFqSFOk,https://i.ebayimg.com/images/g/Su4AAeSwBCFqSFOk/s-l225.jpg,*rarecollections,1405,100.0,51.24,USD,IT,,2026-02-16T21:34:58.000Z
batch_20260729_214347,iuid_e3738305cb3b4dc9,rolex_1215_119,Rolex 1215,4,v1,EBAY_US,2026-07-29T21:44:54+00:00,v1|227219995268|0,"Rolex 1215 7599-1 New Blister X1 Piece X1 Piece Hour wheel ht 1,47mm",125.27,USD,New with tags,1000,FIXED_PRICE|BEST_OFFER,https://www.ebay.com/itm/227219995268?_skw=Rolex+1215&hash=item34e75dfa84:g:gzQAAeSwrLtqSB0t,https://i.ebayimg.com/images/g/gzQAAeSwrLtqSB0t/s-l225.jpg,*rarecollections,1405,100.0,55.00,USD,IT,,2026-02-16T21:34:54.000Z
batch_20260729_214347,iuid_e3738305cb3b4dc9,rolex_1215_119,Rolex 1215,4,v1,EBAY_US,2026-07-29T21:44:54+00:00,v1|227219995267|0,Rolex 1215 7599-1 New NEW Blister X1 Piece Hour Wheel 1.47mm Hour wheel,124.00,USD,Nuovo con etichette,1000,FIXED_PRICE|BEST_OFFER,https://www.ebay.com/itm/227219995267?_skw=Rolex+1215&hash=item34e75dfa83:g:JGsAAeSwwIhqSFbS,https://i.ebayimg.com/images/g/JGsAAeSwwIhqSFbS/s-l225.jpg,*rarecollections,1405,100.0,51.24,USD,IT,,2026-02-16T21:34:53.000Z
batch_20260729_214347,iuid_c71a55e1f4434760,rolex_1220_7556,Rolex 1220 7556,1,v1,EBAY_DE,2026-07-29T21:44:54+00:00,v1|404394806397|0,ORIGINAL ROLEX 1225 7556 RATCHET WHEEL FEDERHAUS SPERR  1210 1220 1200 1215 PART,59.00,EUR,Gebraucht,3000,FIXED_PRICE,https://www.ebay.de/itm/404394806397?_skw=Rolex+1220+7556&hash=item5e27cf0c7d:g:oPYAAOSwF6Fku5TD,https://i.ebayimg.com/images/g/oPYAAOSwF6Fku5TD/s-l225.jpg,state_of_time,3866,100.0,6.95,EUR,DE,Gersthofen,2023-07-22T08:35:53.000Z
batch_20260729_214347,iuid_c71a55e1f4434760,rolex_1220_7556,Rolex 1220,4,v1,EBAY_DE,2026-07-29T21:44:57+00:00,v1|117294755992|0,ROLEX CAL. 1220 u. 1225 AUFZUGSFEDER PART No. 311  ~NOS~,29.90,EUR,Neu ohne Etikett,1500,FIXED_PRICE,https://www.ebay.de/itm/117294755992?_skw=Rolex+1220&hash=item1b4f4ff098:g:fbAAAeSwizZqULAg,https://i.ebayimg.com/images/g/fbAAAeSwizZqULAg/s-l225.jpg,horlogerie2012,11503,99.8,0.00,EUR,DE,Mannheim,2026-07-10T08:43:25.000Z
batch_20260729_214347,iuid_c71a55e1f4434760,rolex_1220_7556,Rolex 1220,4,v1,EBAY_DE,2026-07-29T21:44:57+00:00,v1|257608479109|0,"RARE Rolex CAL 1220 Hauptfeder Molla 7635/900, NOS Original 100%",102.48,EUR,Neu ohne Karton oder Unterlagen,1500,FIXED_PRICE|BEST_OFFER,https://www.ebay.de/itm/257608479109?_skw=Rolex+1220&hash=item3bfaa97185:g:AwUAAeSwIwJqO6ZW,https://i.ebayimg.com/images/g/AwUAAeSwIwJqO6ZW/s-l225.jpg,passionevintagerlx,1222,100.0,15.00,EUR,IT,Castiglion Fiorentino,2026-07-06T14:33:09.000Z
batch_20260729_214347,iuid_c71a55e1f4434760,rolex_1220_7556,Rolex 1220,4,v1,EBAY_DE,2026-07-29T21:44:57+00:00,v1|307045590793|0,Rolex Original Neu 1220 7622 Palettengabel Versiegelt Original Brandneu,183.83,EUR,Neu mit Etikett,1000,FIXED_PRICE,https://www.ebay.de/itm/307045590793?_skw=Rolex+1220&hash=item477d57e709:g:1CMAAeSwDftqS7cw,https://i.ebayimg.com/images/g/1CMAAeSwDftqS7cw/s-l225.jpg,369watchpartsltd,677,100.0,34.64,EUR,GB,,2026-07-07T14:05:44.000Z
batch_20260729_214347,iuid_c71a55e1f4434760,rolex_1220_7556,Rolex 1220,4,v1,EBAY_DE,2026-07-29T21:44:57+00:00,v1|336705712503|0,Vintage 34mm Rolex Oyster Precision für Bastler Cal. 1220,,,Gebraucht - Akzeptabel,3010,AUCTION,https://www.ebay.de/itm/336705712503?_skw=Rolex+1220&hash=item4e65397177:g:xOoAAeSwrLtqR226,https://i.ebayimg.com/images/g/xOoAAeSwrLtqR226/s-l225.jpg,vaumax,268,100.0,6.19,EUR,DE,Ispringen,2026-07-24T08:18:54.000Z
batch_20260729_214347,iuid_c71a55e1f4434760,rolex_1220_7556,Rolex 1220,4,v1,EBAY_DE,2026-07-29T21:44:57+00:00,v1|800072553717|0,Rolex 1215 1220 1225 1210-7504 / 7590 Center Wheel Centre Wheel Only Original,180.00,EUR,Usato,3000,FIXED_PRICE|BEST_OFFER,https://www.ebay.de/itm/800072553717?_skw=Rolex+1220&hash=itemba480a54f5:g:RooAAeSw8oNqFWvA,https://i.ebayimg.com/images/g/RooAAeSw8oNqFWvA/s-l225.jpg,only_quality_stuff_new2026,57,100.0,12.50,EUR,IT,Teramo,2026-05-26T09:49:55.000Z
batch_20260729_214347,iuid_c71a55e1f4434760,rolex_1220_7556,Rolex 1220,4,v1,EBAY_DE,2026-07-29T21:44:57+00:00,v1|377170111297|0,Original Rolex Anker Für Submariner 4000 FT - 1220 M Vintage Aus 80er,199.00,EUR,Gebraucht,3000,FIXED_PRICE,https://www.ebay.de/itm/377170111297?_skw=Rolex+1220&hash=item57d1172b41:g:ft0AAeSwisJp~dLZ,https://i.ebayimg.com/images/g/ft0AAeSwisJp~dLZ/s-l225.jpg,sandtuhr,54661,99.8,0.00,EUR,DE,Albstadt,2026-05-08T12:11:59.000Z
batch_20260729_214347,iuid_c71a55e1f4434760,rolex_1220_7556,Rolex 1220,4,v1,EBAY_DE,2026-07-29T21:44:57+00:00,v1|406864206051|0,Rolex 1220 (1225-1240) Unruh nur.,340.00,EUR,Occasion,3000,FIXED_PRICE,https://www.ebay.de/itm/406864206051?_skw=Rolex+1220&hash=item5ebaff18e3:g:kroAAeSwzp1p4jkG,https://i.ebayimg.com/images/g/kroAAeSwzp1p4jkG/s-l225.jpg,subtinnio,113,100.0,35.00,EUR,FR,Issy-les-Moulineaux,2026-04-17T13:47:49.000Z
batch_20260729_214347,iuid_c71a55e1f4434760,rolex_1220_7556,Rolex 1220,4,v1,EBAY_DE,2026-07-29T21:44:57+00:00,v1|117091291827|0,"ROLEX Cal. 1200, 1210, 1215 u. 1220 AUFZUGSFEDER PART No. 311  ~NOS~",49.90,EUR,Neu ohne Etikett,1500,FIXED_PRICE,https://www.ebay.de/itm/117091291827?_skw=Rolex+1220&hash=item1b432f52b3:g:~74AAOSwP7FjsEOX,https://i.ebayimg.com/images/g/~74AAOSwP7FjsEOX/s-l225.jpg,horlogerie2012,11503,99.8,0.00,EUR,DE,Mannheim,2026-03-16T17:34:33.000Z
batch_20260729_214347,iuid_c71a55e1f4434760,rolex_1220_7556,Rolex 1220,4,v1,EBAY_DE,2026-07-29T21:44:57+00:00,v1|227219995048|0,Rolex 1220 7619 Neu NEW Blister X1 Stück Center Wheel Cannon,218.90,EUR,Nuovo con etichette,1000,FIXED_PRICE|BEST_OFFER,https://www.ebay.de/itm/227219995048?_skw=Rolex+1220&hash=item34e75df9a8:g:iKMAAeSwcxVqSFgK,https://i.ebayimg.com/images/g/iKMAAeSwcxVqSFgK/s-l225.jpg,*rarecollections,1405,100.0,29.00,EUR,IT,,2026-02-16T21:34:42.000Z
batch_20260729_214347,iuid_c71a55e1f4434760,rolex_1220_7556,Rolex 1220,4,v1,EBAY_DE,2026-07-29T21:44:57+00:00,v1|227219991119|0,Rolex 1220 7627-4 Neu NEW Blister X1 Stück Schrauben Set Screws,218.90,EUR,Nuovo con etichette,1000,FIXED_PRICE|BEST_OFFER,https://www.ebay.de/itm/227219991119?_skw=Rolex+1220&hash=item34e75dea4f:g:rRAAAeSwoshqRRs6,https://i.ebayimg.com/images/g/rRAAAeSwoshqRRs6/s-l225.jpg,*rarecollections,1405,100.0,29.00,EUR,IT,,2026-02-16T21:30:32.000Z
batch_20260729_214347,iuid_c71a55e1f4434760,rolex_1220_7556,Rolex 1220,4,v1,EBAY_DE,2026-07-29T21:44:57+00:00,v1|227219988736|0,Rolex 1220 7633 Neu NEW Blister X1 Stück Tiretto Setting lever,86.90,EUR,Nuovo con etichette,1000,FIXED_PRICE|BEST_OFFER,https://www.ebay.de/itm/227219988736?_skw=Rolex+1220&hash=item34e75de100:g:VJQAAeSwak9qSF4~,https://i.ebayimg.com/images/g/VJQAAeSwak9qSF4~/s-l225.jpg,*rarecollections,1405,100.0,29.00,EUR,IT,,2026-02-16T21:28:13.000Z
batch_20260729_214347,iuid_c71a55e1f4434760,rolex_1220_7556,Rolex 1220,4,v1,EBAY_DE,2026-07-29T21:44:57+00:00,v1|227219987865|0,Rolex 1220 7636 Neu NEW Blister X1 Stück Ratschenschraube Screw Click,31.90,EUR,Nuovo con etichette,1000,FIXED_PRICE|BEST_OFFER,https://www.ebay.de/itm/227219987865?_skw=Rolex+1220&hash=item34e75ddd99:g:0HkAAeSwroZqRR9w,https://i.ebayimg.com/images/g/0HkAAeSwroZqRR9w/s-l225.jpg,*rarecollections,1405,100.0,29.00,EUR,IT,,2026-02-16T21:27:36.000Z
batch_20260729_214347,iuid_c71a55e1f4434760,rolex_1220_7556,Rolex 1220,4,v1,EBAY_DE,2026-07-29T21:44:57+00:00,v1|306752583060|0,Rolex Original 1220 7507 Third Wheel Genuine New Old Stock Sealed,95.94,EUR,Neu mit Etikett,1000,FIXED_PRICE,https://www.ebay.de/itm/306752583060?_skw=Rolex+1220&hash=item476be0f594:g:1gcAAeSww9xpGfSF,https://i.ebayimg.com/images/g/1gcAAeSww9xpGfSF/s-l225.jpg,369watchpartsltd,677,100.0,41.22,EUR,GB,,2026-02-05T20:53:17.000Z
batch_20260729_214347,iuid_c71a55e1f4434760,rolex_1220_7556,Rolex 1220,4,v1,EBAY_DE,2026-07-29T21:44:57+00:00,v1|306752576083|0,Rolex Original 1220 7620 Second Wheel Genuine New Old Stock Sealed,95.94,EUR,Neu mit Etikett,1000,FIXED_PRICE,https://www.ebay.de/itm/306752576083?_skw=Rolex+1220&hash=item476be0da53:g:fyYAAeSw1yNpGfO3,https://i.ebayimg.com/images/g/fyYAAeSw1yNpGfO3/s-l225.jpg,369watchpartsltd,677,100.0,41.22,EUR,GB,,2026-02-05T20:46:47.000Z
batch_20260729_214347,iuid_c71a55e1f4434760,rolex_1220_7556,Rolex 1220,4,v1,EBAY_DE,2026-07-29T21:44:57+00:00,v1|306752563231|0,Rolex Original Neu Original 1220 7631 5er Pack Unruhstäbe,158.49,EUR,Neu mit Etikett,1000,FIXED_PRICE,https://www.ebay.de/itm/306752563231?_skw=Rolex+1220&hash=item476be0a81f:g:tBgAAeSwyOJpf27-,https://i.ebayimg.com/images/g/tBgAAeSwyOJpf27-/s-l225.jpg,369watchpartsltd,677,100.0,34.64,EUR,GB,,2026-02-06T20:31:16.000Z
batch_20260729_214347,iuid_c71a55e1f4434760,rolex_1220_7556,Rolex 1220,4,v1,EBAY_DE,2026-07-29T21:44:57+00:00,v1|306752558470|0,Rolex Original Neu 1220 7621 Escape Wheel Original Neu Versiegelt,103.30,EUR,Neu mit Etikett,1000,FIXED_PRICE,https://www.ebay.de/itm/306752558470?_skw=Rolex+1220&hash=item476be09586:g:jzwAAeSwK5FpGfIx,https://i.ebayimg.com/images/g/jzwAAeSwK5FpGfIx/s-l225.jpg,369watchpartsltd,677,100.0,41.22,EUR,GB,,2026-02-05T20:25:19.000Z
batch_20260729_214347,iuid_c71a55e1f4434760,rolex_1220_7556,Rolex 1220,4,v1,EBAY_DE,2026-07-29T21:44:57+00:00,v1|227189307390|0,Rolex 1215 7595 Neu NEW Blister X1 Stück Second Wheel,75.90,EUR,Nuovo con etichette,1000,FIXED_PRICE|BEST_OFFER,https://www.ebay.de/itm/227189307390?_skw=Rolex+1220&hash=item34e589b7fe:g:gJkAAeSwrmRqRRFZ,https://i.ebayimg.com/images/g/gJkAAeSwrmRqRRFZ/s-l225.jpg,*rarecollections,1405,100.0,29.00,EUR,IT,,2026-01-26T05:21:40.000Z
batch_20260729_214347,iuid_c71a55e1f4434760,rolex_1220_7556,Rolex 1220,4,v1,EBAY_DE,2026-07-29T21:44:57+00:00,v1|227185032947|0,Rolex 1220 7623 Neu NEW Blister X1 Stück Median Wheel Third wheel,79.20,EUR,Nuovo con etichette,1000,FIXED_PRICE|BEST_OFFER,https://www.ebay.de/itm/227185032947?_skw=Rolex+1220&hash=item34e5487ef3:g:W78AAeSw6Xlqaasz,https://i.ebayimg.com/images/g/W78AAeSw6Xlqaasz/s-l225.jpg,*rarecollections,1405,100.0,29.00,EUR,IT,,2026-01-22T21:44:49.000Z
batch_20260729_214347,iuid_c71a55e1f4434760,rolex_1220_7556,Rolex 1220,4,v1,EBAY_DE,2026-07-29T21:44:57+00:00,v1|227184814795|0,Rolex 1220 7626-2 Neu NEW Blister X1 Stück Streifenauslöser Jumper Setting,75.90,EUR,Nuovo con etichette,1000,FIXED_PRICE|BEST_OFFER,https://www.ebay.de/itm/227184814795?_skw=Rolex+1220&hash=item34e5452acb:g:3JEAAeSwD-lqaa0Z,https://i.ebayimg.com/images/g/3JEAAeSwD-lqaa0Z/s-l225.jpg,*rarecollections,1405,100.0,29.00,EUR,IT,,2026-01-22T17:34:38.000Z
batch_20260729_214347,iuid_c71a55e1f4434760,rolex_1220_7556,Rolex 1220,4,v1,EBAY_DE,2026-07-29T21:44:57+00:00,v1|227184772778|0,Rolex 1220 7632 Neu NEW Blister X1 Stück Python Halterung Stud Support,75.90,EUR,Nuovo con etichette,1000,FIXED_PRICE|BEST_OFFER,https://www.ebay.de/itm/227184772778?_skw=Rolex+1220&hash=item34e54486aa:g:t28AAeSw3ZNqOZ6C,https://i.ebayimg.com/images/g/t28AAeSw3ZNqOZ6C/s-l225.jpg,*rarecollections,1405,100.0,29.00,EUR,IT,,2026-01-22T16:52:36.000Z
batch_20260729_214347,iuid_c71a55e1f4434760,rolex_1220_7556,Rolex 1220,4,v1,EBAY_DE,2026-07-29T21:44:57+00:00,v1|198376835744|0,"Gewunden Vorbau 1210-7549 für Rolex 1200, 1210, 1215, 1220, 1225",18.34,EUR,Neu mit Etikett,1000,FIXED_PRICE,https://www.ebay.de/itm/198376835744?_skw=Rolex+1220&hash=item2e302e4aa0:g:VfkAAeSwd39pFQp-,https://i.ebayimg.com/images/g/VfkAAeSwd39pFQp-/s-l225.jpg,maddisonsofdurham,92519,99.8,11.54,EUR,GB,MIDDLESBROUGH,2026-05-24T07:19:03.000Z
batch_20260729_214347,iuid_c71a55e1f4434760,rolex_1220_7556,Rolex 1220,4,v1,EBAY_DE,2026-07-29T21:44:57+00:00,v1|206001161719|0,GENUINE ROLEX CAL 1210 1215 1220 1225 SETTING LEVER PART Nb 7881  (Z841),50.00,EUR,Neu ohne Etikett,1500,FIXED_PRICE,https://www.ebay.de/itm/206001161719?_skw=Rolex+1220&hash=item2ff6a045f7:g:qZkAAeSwn6dpaRhN,https://i.ebayimg.com/images/g/qZkAAeSwn6dpaRhN/s-l225.jpg,kian-werke,7774,100.0,6.00,EUR,DE,Hildesheim,2026-01-15T16:40:40.000Z
batch_20260729_214347,iuid_c71a55e1f4434760,rolex_1220_7556,Rolex 1220,4,v1,EBAY_DE,2026-07-29T21:44:57+00:00,v1|306660372209|0,"Rolex Anker Sea-Dweller 1220m / 4000ft, sehr  selten",150.00,EUR,Gebraucht,3000,FIXED_PRICE|BEST_OFFER,https://www.ebay.de/itm/306660372209?_skw=Rolex+1220&hash=item476661eef1:g:NUUAAeSwYo9pQQPy,https://i.ebayimg.com/images/g/NUUAAeSwYo9pQQPy/s-l225.jpg,kultuhri,673,100.0,0.00,EUR,DE,Herrieden,2025-12-16T07:09:24.000Z
batch_20260729_214347,iuid_c71a55e1f4434760,rolex_1220_7556,Rolex 1220,4,v1,EBAY_DE,2026-07-29T21:44:57+00:00,v1|267465873534|0,Rolex Cal 1220-7638 Spring Upper And Lower - Frühling Oben Und Unten 1PC Spare,44.84,EUR,Gebraucht - Gut,3000,FIXED_PRICE|BEST_OFFER,https://www.ebay.de/itm/267465873534?_skw=Rolex+1220&hash=item3e4635587e:g:gKUAAOSwZNNncDwj,https://i.ebayimg.com/images/g/gKUAAOSwZNNncDwj/s-l225.jpg,passionevintagerlx,1222,100.0,15.00,EUR,IT,Castiglion Fiorentino,2025-11-10T13:44:30.000Z
batch_20260729_214347,iuid_c71a55e1f4434760,rolex_1220_7556,Rolex 1220,4,v1,EBAY_DE,2026-07-29T21:44:57+00:00,v1|267465870536|0,Rare Rolex Wickelmulde-Kuschelweich Stem - Tige 1220-7549 (1 Für Order) Neu Ital,44.84,EUR,Neu ohne Karton oder Unterlagen,1500,FIXED_PRICE|BEST_OFFER,https://www.ebay.de/itm/267465870536?_skw=Rolex+1220&hash=item3e46354cc8:g:RMIAAOSwV9VkwP8T,https://i.ebayimg.com/images/g/RMIAAOSwV9VkwP8T/s-l225.jpg,passionevintagerlx,1222,100.0,15.00,EUR,IT,Castiglion Fiorentino,2025-11-10T13:42:25.000Z
batch_20260729_214347,iuid_c71a55e1f4434760,rolex_1220_7556,Rolex 1220,4,v1,EBAY_DE,2026-07-29T21:44:57+00:00,v1|397108807685|0,Rolex 1220 - 7635 Lauffeder - Mainspring,40.25,EUR,Occasion,3000,FIXED_PRICE,https://www.ebay.de/itm/397108807685?_skw=Rolex+1220&hash=item5c75878805:g:E6sAAeSwCpVqHpPS,https://i.ebayimg.com/images/g/E6sAAeSwCpVqHpPS/s-l225.jpg,manz15,8279,99.4,9.00,EUR,FR,Vaux-sur-Mer,2025-09-30T12:20:10.000Z
batch_20260729_214347,iuid_c71a55e1f4434760,rolex_1220_7556,Rolex 1220,4,v1,EBAY_DE,2026-07-29T21:44:57+00:00,v1|177395927613|0,"Rolex Uhr Hauptfeder passend für Rolex Kaliber 1220. New Old Stock, -NOS-",23.91,EUR,Neu mit Etikett,1000,FIXED_PRICE,https://www.ebay.de/itm/177395927613?_skw=Rolex+1220&hash=item294d9f0a3d:g:am4AAeSwph5ovVew,https://i.ebayimg.com/images/g/am4AAeSwph5ovVew/s-l225.jpg,your.guys.in.cairo,737,100.0,32.00,EUR,EG,,2025-09-07T19:42:34.000Z
batch_20260729_214347,iuid_c71a55e1f4434760,rolex_1220_7556,Rolex 1220,4,v1,EBAY_DE,2026-07-29T21:44:57+00:00,v1|177395925940|0,"3 Stück Aufzugsschaft passend für Rolex Kaliber 1200 1210 1215 1220 1225, Uhr...",51.98,EUR,Neu ohne Etikett,1500,FIXED_PRICE,https://www.ebay.de/itm/177395925940?_skw=Rolex+1220&hash=item294d9f03b4:g:P1QAAeSwu-1ovTdH,https://i.ebayimg.com/images/g/P1QAAeSwu-1ovTdH/s-l225.jpg,your.guys.in.cairo,737,100.0,17.75,EUR,EG,,2025-09-07T19:40:58.000Z
batch_20260729_214347,iuid_c71a55e1f4434760,rolex_1220_7556,Rolex 1220,4,v1,EBAY_DE,2026-07-29T21:44:57+00:00,v1|357525024208|0,ROLEX Sea-Dweller Anker 1220/4000ft mit Kette & Stange,125.08,EUR,Neu ohne Etikett,1500,FIXED_PRICE,https://www.ebay.de/itm/357525024208?_skw=Rolex+1220&hash=item533e26edd0:g:ewcAAOSwl3pn0uT5,https://i.ebayimg.com/images/g/ewcAAOSwl3pn0uT5/s-l225.jpg,export_jp,49,100.0,0.00,EUR,JP,,2025-08-27T05:36:59.000Z
batch_20260729_214347,iuid_c71a55e1f4434760,rolex_1220_7556,Rolex 1220,4,v1,EBAY_DE,2026-07-29T21:44:57+00:00,v1|187519412239|0,"Original ROLEX Zugfeder, Stärke-schwach 7635-1/810 für 1220",139.95,EUR,Neu mit Etikett,1000,FIXED_PRICE,https://www.ebay.de/itm/187519412239?_skw=Rolex+1220&hash=item2ba907280f:g:UE8AAeSwU5VorZZj,https://i.ebayimg.com/images/g/UE8AAeSwU5VorZZj/s-l225.jpg,watchparts24,71561,100.0,0.00,EUR,DE,Hamburg,2025-08-26T11:03:19.000Z
batch_20260729_214347,iuid_c71a55e1f4434760,rolex_1220_7556,Rolex 1220,4,v1,EBAY_DE,2026-07-29T21:44:57+00:00,v1|187519404256|0,"Original ROLEX Aufzugwelle 7549 für 1200, 1210, 1215, 1220, 1225",59.95,EUR,Neu mit Etikett,1000,FIXED_PRICE,https://www.ebay.de/itm/187519404256?_skw=Rolex+1220&hash=item2ba90708e0:g:HEEAAeSwc0dow80F,https://i.ebayimg.com/images/g/HEEAAeSwc0dow80F/s-l225.jpg,watchparts24,71561,100.0,0.00,EUR,DE,Hamburg,2025-08-26T10:55:50.000Z
batch_20260729_214347,iuid_c71a55e1f4434760,rolex_1220_7556,Rolex 1220,4,v1,EBAY_DE,2026-07-29T21:44:57+00:00,v1|177366721056|0,"Original ROLEX Federwelle 7501 für 1200, 1210, 1215, 1220, 1225",99.95,EUR,Neu mit Etikett,1000,FIXED_PRICE,https://www.ebay.de/itm/177366721056?_skw=Rolex+1220&hash=item294be16220:g:u64AAeSwzvporZSc,https://i.ebayimg.com/images/g/u64AAeSwzvporZSc/s-l225.jpg,watchparts24,71561,100.0,0.00,EUR,DE,Hamburg,2025-08-26T10:55:41.000Z
batch_20260729_214347,iuid_c71a55e1f4434760,rolex_1220_7556,Rolex 1220,4,v1,EBAY_DE,2026-07-29T21:44:57+00:00,v1|406119364999|0,"Aufzugwelle für RLX Uhrwerke Kaliber 1210, 1215, 1220, 1225",16.78,EUR,Neu mit Etikett,1000,FIXED_PRICE,https://www.ebay.de/itm/406119364999?_skw=Rolex+1220&hash=item5e8e99b987:g:yqwAAeSwhtJol5M9,https://i.ebayimg.com/images/g/yqwAAeSwhtJol5M9/s-l225.jpg,www_uhrenwerkzeuge24_de,26159,99.4,0.00,EUR,DE,Rosdorf,2025-08-09T18:24:10.000Z
batch_20260729_214347,iuid_c71a55e1f4434760,rolex_1220_7556,Rolex 1220,4,v1,EBAY_DE,2026-07-29T21:44:57+00:00,v1|226902741571|0,GEBRAUCHT gebraucht Rolex 1220 Uhrwerk Movement in sehr gutem Zustand. funktioniert.,1924.30,EUR,Usato,3000,FIXED_PRICE|BEST_OFFER,https://www.ebay.de/itm/226902741571?_skw=Rolex+1220&hash=item34d4751243:g:OnsAAeSwpRNpaI6i,https://i.ebayimg.com/images/g/OnsAAeSwpRNpaI6i/s-l225.jpg,*rarecollections,1405,100.0,29.00,EUR,IT,Cesena,2025-08-04T09:27:28.000Z
batch_20260729_214347,iuid_c71a55e1f4434760,rolex_1220_7556,Rolex 1220,4,v1,EBAY_DE,2026-07-29T21:44:57+00:00,v1|157203853025|0,"Winkelhebel, Stellhebel für Rolex 1210, 1215, 1220, setting lever, part 7561",79.00,EUR,Gebraucht,3000,FIXED_PRICE|BEST_OFFER,https://www.ebay.de/itm/157203853025?_skw=Rolex+1220&hash=item249a146ee1:g:D-4AAeSwjyNoh3XX,https://i.ebayimg.com/images/g/D-4AAeSwjyNoh3XX/s-l225.jpg,pacardt,4916,100.0,7.50,EUR,DE,Herford,2025-07-28T13:12:09.000Z
batch_20260729_214347,iuid_c71a55e1f4434760,rolex_1220_7556,Rolex 1220,4,v1,EBAY_DE,2026-07-29T21:44:57+00:00,v1|297222474512|0,Rolex Anker Anchor Deepsea 1220m / 4000ft,300.00,EUR,Gebraucht,3000,FIXED_PRICE|BEST_OFFER,https://www.ebay.de/itm/297222474512?_skw=Rolex+1220&hash=item4533d70b10:g:s0gAAOSwv5tn~9Fr,https://i.ebayimg.com/images/g/s0gAAOSwv5tn~9Fr/s-l225.jpg,herbertz1,282,100.0,6.19,EUR,DE,Hamburg,2025-04-16T15:50:47.000Z
batch_20260729_214347,iuid_c71a55e1f4434760,rolex_1220_7556,Rolex 1220,4,v1,EBAY_DE,2026-07-29T21:44:57+00:00,v1|187124757409|0,Original ROLEX Unruhwelle B7631-Y5 für Cal. 1220,119.95,EUR,Neu mit Etikett,1000,FIXED_PRICE,https://www.ebay.de/itm/187124757409?_skw=Rolex+1220&hash=item2b918133a1:g:vhYAAeSw131ow7n3,https://i.ebayimg.com/images/g/vhYAAeSw131ow7n3/s-l225.jpg,watchparts24,71561,100.0,0.00,EUR,DE,Hamburg,2025-04-08T19:58:44.000Z
batch_20260729_214347,iuid_c71a55e1f4434760,rolex_1220_7556,Rolex 1220,4,v1,EBAY_DE,2026-07-29T21:44:57+00:00,v1|335877238534|0,3 STÜCK VORBAU FÜR ROLEX🇨🇭 UHRWERKE 1200 oder 1210 oder 1215 oder 1220 oder...,46.83,EUR,Neu ohne Etikett,1500,FIXED_PRICE,https://www.ebay.de/itm/335877238534?_skw=Rolex+1220&hash=item4e33d7ef06:g:djoAAOSwJUNkZLaD,https://i.ebayimg.com/images/g/djoAAOSwJUNkZLaD/s-l225.jpg,makram224662,4367,99.6,16.66,EUR,EG,,2025-03-24T06:36:16.000Z
batch_20260729_214347,iuid_c71a55e1f4434760,rolex_1220_7556,Rolex 1220,4,v1,EBAY_DE,2026-07-29T21:44:57+00:00,v1|176928636654|0,"Original ROLEX Zentralsekundenrad B7620-Y1 für 1220, 1225",249.95,EUR,Neu mit Etikett,1000,FIXED_PRICE,https://www.ebay.de/itm/176928636654?_skw=Rolex+1220&hash=item2931c4beee:g:73QAAeSws-FonJa5,https://i.ebayimg.com/images/g/73QAAeSws-FonJa5/s-l225.jpg,watchparts24,71561,100.0,0.00,EUR,DE,Hamburg,2025-03-16T20:32:38.000Z
batch_20260729_214347,iuid_c71a55e1f4434760,rolex_1220_7556,Rolex 1220,4,v1,EBAY_DE,2026-07-29T21:44:57+00:00,v1|256851811343|0,MUELLE REAL-MAINSPRING ROLEX 1220,52.90,EUR,Nuevo con etiquetas,1000,FIXED_PRICE,https://www.ebay.de/itm/256851811343?_skw=Rolex+1220&hash=item3bcd8f9c0f:g:3uEAAOSwchBnz0U7,https://i.ebayimg.com/images/g/3uEAAOSwchBnz0U7/s-l225.jpg,torna-sol,54,100.0,29.95,EUR,ES,San Román,2025-03-10T20:19:17.000Z
batch_20260729_214347,iuid_c71a55e1f4434760,rolex_1220_7556,Rolex 1220,4,v1,EBAY_DE,2026-07-29T21:44:57+00:00,v1|336578909783|0,Rolex 1220 7501 Arbor Lauf,75.00,EUR,Neuf avec étiquettes,1000,FIXED_PRICE|BEST_OFFER,https://www.ebay.de/itm/336578909783?_skw=Rolex+1220&hash=item4e5daa9657:g:FjsAAOSw-51nSZJs,https://i.ebayimg.com/images/g/FjsAAOSw-51nSZJs/s-l225.jpg,trit42,1637,100.0,25.00,EUR,FR,Grenoble-,2026-05-11T19:37:28.000Z
batch_20260729_214347,iuid_c71a55e1f4434760,rolex_1220_7556,Rolex 1220,4,v1,EBAY_DE,2026-07-29T21:44:57+00:00,v1|116397759985|0,"ROLEX 1225 Mainplate Cod. 7619 Calib: 1220, 1225 (EXCELLENT STATE)",349.00,EUR,Gebraucht,3000,FIXED_PRICE,https://www.ebay.de/itm/116397759985?_skw=Rolex+1220&hash=item1b19d8ddf1:g:bZ4AAOSwtwJnPc2r,https://i.ebayimg.com/images/g/bZ4AAOSwtwJnPc2r/s-l225.jpg,fornitura_boccacci,4278,99.9,19.00,EUR,IT,Sant Angelo Romano,2024-11-20T11:48:11.000Z
batch_20260729_214347,iuid_c71a55e1f4434760,rolex_1220_7556,Rolex 1220,4,v1,EBAY_DE,2026-07-29T21:44:57+00:00,v1|116397615861|0,"ROLEX 1520 Cod. 8061 Regulator Calib: 1220, 1225 (EXCELLENT STATE)",79.00,EUR,Gebraucht,3000,FIXED_PRICE,https://www.ebay.de/itm/116397615861?_skw=Rolex+1220&hash=item1b19d6aaf5:g:gnoAAOSwBpZnPaFM,https://i.ebayimg.com/images/g/gnoAAOSwBpZnPaFM/s-l225.jpg,fornitura_boccacci,4278,99.9,19.00,EUR,IT,Sant Angelo Romano,2024-11-20T08:40:16.000Z
batch_20260729_214347,iuid_c71a55e1f4434760,rolex_1220_7556,Rolex 1220,4,v1,EBAY_DE,2026-07-29T21:44:57+00:00,v1|186766332752|0,"ROLEX Precision 1210 1220 Zugfeder kompatibel Swiss Made, Rolex 1225 nie",16.00,EUR,Usato,3000,FIXED_PRICE,https://www.ebay.de/itm/186766332752?_skw=Rolex+1220&hash=item2b7c241350:g:wcoAAeSwZ~lppW1o,https://i.ebayimg.com/images/g/wcoAAeSwZ~lppW1o/s-l225.jpg,watchparts-italy,3520,99.5,13.00,EUR,IT,Nocera Inferiore,2024-11-06T15:17:31.000Z
batch_20260729_214347,iuid_c71a55e1f4434760,rolex_1220_7556,Rolex 1220,4,v1,EBAY_DE,2026-07-29T21:44:57+00:00,v1|405288121130|0,#1405 ROLEX CAL. 1220 - 7635 ERSATZTEIL ZUGFEDER BARREL SPRING NEU IN OVP NOS,89.99,EUR,Gebraucht,3000,FIXED_PRICE,https://www.ebay.de/itm/405288121130?_skw=Rolex+1220&hash=item5e5d0df32a:g:imIAAOSww~VnDqGn,https://i.ebayimg.com/images/g/imIAAOSww~VnDqGn/s-l225.jpg,state_of_time,3866,100.0,6.95,EUR,DE,Gersthofen,2024-10-15T17:09:39.000Z
batch_20260729_214347,iuid_c71a55e1f4434760,rolex_1220_7556,Rolex 1220,4,v1,EBAY_DE,2026-07-29T21:44:57+00:00,v1|116224773055|0,"ROLEX 1225 Platine Cod. 7619 Calib: 1220, 1225 (TOP ZUSTAND)",349.00,EUR,Usato,3000,FIXED_PRICE,https://www.ebay.de/itm/116224773055?_skw=Rolex+1220&hash=item1b0f894bbf:g:gDUAAOSwS4dnNNmu,https://i.ebayimg.com/images/g/gDUAAOSwS4dnNNmu/s-l225.jpg,fornitura_boccacci,4278,99.9,19.00,EUR,IT,Sant Angelo Romano,2024-06-20T13:43:58.000Z
batch_20260729_214347,iuid_c71a55e1f4434760,rolex_1220_7556,Rolex 1220,4,v1,EBAY_DE,2026-07-29T21:44:57+00:00,v1|186507381143|0,Rolex Anker Anker Anker 1220 4000 ft mt,280.00,EUR,Usato - Buono,3000,FIXED_PRICE|BEST_OFFER,https://www.ebay.de/itm/186507381143?_skw=Rolex+1220&hash=item2b6cb4c997:g:Ye0AAOSwBbtmKBdF,https://i.ebayimg.com/images/g/Ye0AAOSwBbtmKBdF/s-l225.jpg,the-watchmaker,2450,99.7,30.00,EUR,IT,Napoli,2024-06-20T14:42:34.000Z
batch_20260729_214347,iuid_c71a55e1f4434760,rolex_1220_7556,Rolex 1220,4,v1,EBAY_DE,2026-07-29T21:44:57+00:00,v1|395125822712|0,AUFZUGSWELLE STEM Rolex KALIBER 1210-1215-1220-1225 Premium Qualität,11.99,EUR,Neu mit Etikett,1000,FIXED_PRICE,https://www.ebay.de/itm/395125822712?_skw=Rolex+1220&hash=item5bff5594f8:g:cjEAAeSwlcZpxD9v,https://i.ebayimg.com/images/g/cjEAAeSwlcZpxD9v/s-l225.jpg,dreamuniversesari,1234,100.0,0.00,EUR,DE,Neuss,2024-01-10T17:44:28.000Z
batch_20260729_214347,iuid_c71a55e1f4434760,rolex_1220_7556,Rolex 1220,4,v1,EBAY_DE,2026-07-29T21:44:57+00:00,v1|115922653568|0,"ROLEX 1520 Cod. 8061 Schläger Kaliber: 1220, 1225 (TOP ZUSTAND)",79.00,EUR,Usato,3000,FIXED_PRICE,https://www.ebay.de/itm/115922653568?_skw=Rolex+1220&hash=item1afd875180:g:-PAAAOSwO69nIQmK,https://i.ebayimg.com/images/g/-PAAAOSwO69nIQmK/s-l225.jpg,fornitura_boccacci,4278,99.9,19.00,EUR,IT,Sant Angelo Romano,2023-09-22T17:19:56.000Z
batch_20260729_214347,iuid_c71a55e1f4434760,rolex_1220_7556,Rolex 1220 7556,1,v1,EBAY_US,2026-07-29T21:44:58+00:00,v1|117011323988|0,"#1 Genuine ROLEX Ratchet Wheel.  Calibre 1210, 1215, 1220 & 1225 Part No: 7556",59.80,USD,Used,3000,FIXED_PRICE,https://www.ebay.com/itm/117011323988?_skw=Rolex+1220+7556&hash=item1b3e6b1c54:g:uOYAAeSwV2dpfkQ-,https://i.ebayimg.com/images/g/uOYAAeSwV2dpfkQ-/s-l225.jpg,pro_enforcer,4932,100.0,,,GB,LONDON,2026-01-31T18:05:19.000Z
batch_20260729_214347,iuid_c71a55e1f4434760,rolex_1220_7556,Rolex 1220 7556,1,v1,EBAY_US,2026-07-29T21:44:58+00:00,v1|136302840959|0,NOS Rolex Cal 1210 - Cal 1215 - Cal 1220 - Cal 1225 - 7556 Ratchet Wheel,86.37,USD,New with tags,1000,FIXED_PRICE,https://www.ebay.com/itm/136302840959?_skw=Rolex+1220+7556&hash=item1fbc484c7f:g:pVQAAeSwAfJomiHb,https://i.ebayimg.com/images/g/pVQAAeSwAfJomiHb/s-l225.jpg,macquid,853,100.0,40.86,USD,CH,,2025-08-11T17:04:46.000Z
batch_20260729_214347,iuid_c71a55e1f4434760,rolex_1220_7556,Rolex 1220 7556,1,v1,EBAY_US,2026-07-29T21:44:58+00:00,v1|405966487302|0,GENUINE ROLEX CAL 1210 1215 1220 1225 RATCHET WHEEL  WITH SCREW PART Nb 7556,99.99,USD,Pre-owned,3000,FIXED_PRICE|BEST_OFFER,https://www.ebay.com/itm/405966487302?_skw=Rolex+1220+7556&hash=item5e857cff06:g:FDkAAOSwyWZoTvwL,https://i.ebayimg.com/images/g/FDkAAOSwyWZoTvwL/s-l225.jpg,evintagewatches4u,825,99.6,30.00,USD,LB,,2025-06-15T17:04:39.000Z
batch_20260729_214347,iuid_c71a55e1f4434760,rolex_1220_7556,Rolex 1220 7556,1,v1,EBAY_US,2026-07-29T21:44:58+00:00,v1|305491809784|0,ORIGINAL ROLEX MOVEMENT 1210 -7556 RATCHET WHEEL SCREW MOVT 1200 1215 1220 1225,99.95,USD,Pre-owned,3000,FIXED_PRICE|BEST_OFFER,https://www.ebay.com/itm/305491809784?_skw=Rolex+1220+7556&hash=item4720bb15f8:g:20wAAOSwcxNmDmak,https://i.ebayimg.com/images/g/20wAAOSwcxNmDmak/s-l225.jpg,tonyfay_watches_and_watch_parts,5765,99.7,10.00,USD,PH,,2024-04-04T08:43:45.000Z
batch_20260729_214347,iuid_c71a55e1f4434760,rolex_1220_7556,Rolex 1220 7556,1,v1,EBAY_US,2026-07-29T21:44:58+00:00,v1|176238155593|0,CLEAN GENUINE ROLEX RATCHET WHEEL W/SCREW #7556 & 7557 CAL 1210 1215 1220 1225,75.00,USD,Pre-owned,3000,FIXED_PRICE,https://www.ebay.com/itm/176238155593?_skw=Rolex+1220+7556&hash=item29089cd749:g:cUkAAOSw8NBly5X4,https://i.ebayimg.com/images/g/cUkAAOSw8NBly5X4/s-l225.jpg,diamondhead4,25959,99.9,4.95,USD,US,Port Charlotte,2024-02-13T16:18:16.000Z
batch_20260729_214347,iuid_c71a55e1f4434760,rolex_1220_7556,Rolex 1220 7556,1,v1,EBAY_US,2026-07-29T21:44:58+00:00,v1|314606634216|0,"Genuine Rolex 1210, 1215, 1220, 1225 7556 ratchet wheel Excellent Condition ",55.00,USD,Pre-owned,3000,FIXED_PRICE,https://www.ebay.com/itm/314606634216?_skw=Rolex+1220+7556&hash=item49400444e8:g:UqwAAeSwBaFoLewC,https://i.ebayimg.com/images/g/UqwAAeSwBaFoLewC/s-l225.jpg,dchu-86,492,100.0,,,US,Bayside,2023-05-22T22:01:57.000Z
batch_20260729_214347,iuid_c71a55e1f4434760,rolex_1220_7556,Rolex 1220 7556,1,v1,EBAY_US,2026-07-29T21:44:58+00:00,v1|304351219586|0,ROLEX-NEW RATCHET WHEEL- FACTORY SEALED- CALIBRE 1220 PART 7556,90.00,USD,New without tags,1500,FIXED_PRICE,https://www.ebay.com/itm/304351219586?_skw=Rolex+1220+7556&hash=item46dcbf0f82:g:qbkAAOSw~adiA9By,https://i.ebayimg.com/images/g/qbkAAOSw~adiA9By/s-l225.jpg,brokenchrono,1814,99.7,0.00,USD,US,Miami,2022-02-09T14:32:19.000Z
batch_20260729_214347,iuid_c71a55e1f4434760,rolex_1220_7556,Rolex 1220 7556,1,v1,EBAY_US,2026-07-29T21:44:58+00:00,v1|133514327712|0,Original sealed genuine Rolex Ratchet wheel CAL.1220 part 7556,131.56,USD,New with tags,1000,FIXED_PRICE|BEST_OFFER,https://www.ebay.com/itm/133514327712?_skw=Rolex+1220+7556&hash=item1f1612f6a0:g:byMAAOSw-nRfV7BM,https://i.ebayimg.com/images/g/byMAAOSw-nRfV7BM/s-l225.jpg,swisstime1,411,100.0,26.58,USD,GB,LONDON,2020-09-08T16:29:29.000Z
batch_20260729_214347,iuid_cda1e5e867af48a7,rolex_1225_7559,Rolex 1225,4,v1,EBAY_DE,2026-07-29T21:45:01+00:00,v1|398227019599|0,Rolex Oysterdate Precision Silver Dial Stahl Handaufzug Herrenuhr Ref. 6694,3550.00,EUR,Gebraucht - Hervorragend,2990,FIXED_PRICE|BEST_OFFER,https://www.ebay.de/itm/398227019599?_skw=Rolex+1225&hash=item5cb82e174f:g:1N8AAeSwRXVqaeBW,https://i.ebayimg.com/images/g/1N8AAeSwRXVqaeBW/s-l225.jpg,zeitauktion,34689,99.7,0.00,EUR,DE,,2026-07-29T11:09:17.000Z
batch_20260729_214347,iuid_cda1e5e867af48a7,rolex_1225_7559,Rolex 1225,4,v1,EBAY_DE,2026-07-29T21:45:01+00:00,v1|298501607406|0,Rolex Oysterdate Precision Ref.6694 1978 LC 100 Full Set Original Vintage Unp...,6115.00,EUR,Gebraucht - Gut,3000,FIXED_PRICE,https://www.ebay.de/itm/298501607406?_skw=Rolex+1225&hash=item4580150fee:g:l1IAAeSw8QJqWQhM,https://i.ebayimg.com/images/g/l1IAAeSw8QJqWQhM/s-l225.jpg,juwelierhaeffner,9599,100.0,30.00,EUR,DE,Stuttgart,2026-07-13T11:55:18.000Z
batch_20260729_214347,iuid_cda1e5e867af48a7,rolex_1225_7559,Rolex 1225,4,v1,EBAY_DE,2026-07-29T21:45:01+00:00,v1|117294755992|0,ROLEX CAL. 1220 u. 1225 AUFZUGSFEDER PART No. 311  ~NOS~,29.90,EUR,Neu ohne Etikett,1500,FIXED_PRICE,https://www.ebay.de/itm/117294755992?_skw=Rolex+1225&hash=item1b4f4ff098:g:fbAAAeSwizZqULAg,https://i.ebayimg.com/images/g/fbAAAeSwizZqULAg/s-l225.jpg,horlogerie2012,11503,99.8,0.00,EUR,DE,Mannheim,2026-07-10T08:43:25.000Z
batch_20260729_214347,iuid_cda1e5e867af48a7,rolex_1225_7559,Rolex 1225,4,v1,EBAY_DE,2026-07-29T21:45:01+00:00,v1|298484342478|0,Rolex Oysterdate Precision Ref.6466 1967 original Box original Vntage Unpoliert,2940.00,EUR,Gebraucht - Gut,3000,FIXED_PRICE,https://www.ebay.de/itm/298484342478?_skw=Rolex+1225&hash=item457f0d9ece:g:JwoAAeSwp21qS6F5,https://i.ebayimg.com/images/g/JwoAAeSwp21qS6F5/s-l225.jpg,juwelierhaeffner,9599,100.0,30.00,EUR,DE,Stuttgart,2026-07-06T12:36:09.000Z
batch_20260729_214347,iuid_cda1e5e867af48a7,rolex_1225_7559,Rolex 1225,4,v1,EBAY_DE,2026-07-29T21:45:01+00:00,v1|800072553717|0,Rolex 1215 1220 1225 1210-7504 / 7590 Center Wheel Centre Wheel Only Original,180.00,EUR,Usato,3000,FIXED_PRICE|BEST_OFFER,https://www.ebay.de/itm/800072553717?_skw=Rolex+1225&hash=itemba480a54f5:g:RooAAeSw8oNqFWvA,https://i.ebayimg.com/images/g/RooAAeSw8oNqFWvA/s-l225.jpg,only_quality_stuff_new2026,57,100.0,12.50,EUR,IT,Teramo,2026-05-26T09:49:55.000Z
batch_20260729_214347,iuid_cda1e5e867af48a7,rolex_1225_7559,Rolex 1225,4,v1,EBAY_DE,2026-07-29T21:45:01+00:00,v1|800072511441|0,Rolex Precision 1225 1215-7591 Ritzel Cannon Pinion Original,69.00,EUR,Usato,3000,FIXED_PRICE|BEST_OFFER,https://www.ebay.de/itm/800072511441?_skw=Rolex+1225&hash=itemba4809afd1:g:gAMAAeSwATdqFWmj,https://i.ebayimg.com/images/g/gAMAAeSwATdqFWmj/s-l225.jpg,only_quality_stuff_new2026,57,100.0,12.50,EUR,IT,Teramo,2026-05-26T09:38:38.000Z
batch_20260729_214347,iuid_cda1e5e867af48a7,rolex_1225_7559,Rolex 1225,4,v1,EBAY_DE,2026-07-29T21:45:01+00:00,v1|397935128551|0,Rolex Oysterdate 31 Oyster Edelstahl Handaufzug Damenuhr Ref. 6466 Klassiker,2750.00,EUR,Gebraucht - Gut,3000,FIXED_PRICE|BEST_OFFER,https://www.ebay.de/itm/397935128551?_skw=Rolex+1225&hash=item5ca6c82fe7:g:BhcAAeSwaTJqYK7Z,https://i.ebayimg.com/images/g/BhcAAeSwaTJqYK7Z/s-l225.jpg,zeitauktion,34689,99.7,0.00,EUR,DE,,2026-05-11T08:38:24.000Z
batch_20260729_214347,iuid_cda1e5e867af48a7,rolex_1225_7559,Rolex 1225,4,v1,EBAY_DE,2026-07-29T21:45:01+00:00,v1|298269517356|0,Rolex Oysterdate Precision Ref.6694 1969 original Box sehr gut Vintage,3287.00,EUR,Gebraucht - Gut,3000,FIXED_PRICE,https://www.ebay.de/itm/298269517356?_skw=Rolex+1225&hash=item45723fa62c:g:f1MAAeSwdtRqKqQI,https://i.ebayimg.com/images/g/f1MAAeSwdtRqKqQI/s-l225.jpg,juwelierhaeffner,9599,100.0,30.00,EUR,DE,Stuttgart,2026-04-28T11:29:23.000Z
batch_20260729_214347,iuid_cda1e5e867af48a7,rolex_1225_7559,Rolex 1225,4,v1,EBAY_DE,2026-07-29T21:45:01+00:00,v1|406867527111|0,Rolex 1210-1215-1225 Original Streifen,70.00,EUR,Usato,3000,FIXED_PRICE|BEST_OFFER,https://www.ebay.de/itm/406867527111?_skw=Rolex+1225&hash=item5ebb31c5c7:g:vqIAAeSwF7Vp48NG,https://i.ebayimg.com/images/g/vqIAAeSwF7Vp48NG/s-l225.jpg,robbed-673,28,100.0,15.00,EUR,RO,,2026-04-18T17:48:32.000Z
batch_20260729_214347,iuid_cda1e5e867af48a7,rolex_1225_7559,Rolex 1225,4,v1,EBAY_DE,2026-07-29T21:45:01+00:00,v1|406867511322|0,Rolex 1210- 1215- 1225 Original Aufzugswelle,20.00,EUR,Usato,3000,FIXED_PRICE|BEST_OFFER,https://www.ebay.de/itm/406867511322?_skw=Rolex+1225&hash=item5ebb31881a:g:A18AAeSwiY5p48HJ,https://i.ebayimg.com/images/g/A18AAeSwiY5p48HJ/s-l225.jpg,robbed-673,28,100.0,15.00,EUR,RO,,2026-04-18T17:43:00.000Z
batch_20260729_214347,iuid_cda1e5e867af48a7,rolex_1225_7559,Rolex 1225,4,v1,EBAY_DE,2026-07-29T21:45:01+00:00,v1|406864206051|0,Rolex 1220 (1225-1240) Unruh nur.,340.00,EUR,Occasion,3000,FIXED_PRICE,https://www.ebay.de/itm/406864206051?_skw=Rolex+1225&hash=item5ebaff18e3:g:kroAAeSwzp1p4jkG,https://i.ebayimg.com/images/g/kroAAeSwzp1p4jkG/s-l225.jpg,subtinnio,113,100.0,35.00,EUR,FR,Issy-les-Moulineaux,2026-04-17T13:47:49.000Z
batch_20260729_214347,iuid_cda1e5e867af48a7,rolex_1225_7559,Rolex 1225,4,v1,EBAY_DE,2026-07-29T21:45:01+00:00,v1|336528803172|0,Rolex Uhr Oyster Royal 6427 Cal.1225 Edelstahl 34mm Silber Handaufzug,3948.83,EUR,Gebraucht - Gut,3000,FIXED_PRICE,https://www.ebay.de/itm/336528803172?_skw=Rolex+1225&hash=item4e5aae0564:g:LsMAAeSw7pFp2a1Z,https://i.ebayimg.com/images/g/LsMAAeSw7pFp2a1Z/s-l225.jpg,miyako_sunrise,3091,99.1,0.00,EUR,JP,,2026-04-11T06:24:02.000Z
batch_20260729_214347,iuid_cda1e5e867af48a7,rolex_1225_7559,Rolex 1225,4,v1,EBAY_DE,2026-07-29T21:45:01+00:00,v1|298095302240|0,Rolex Oysterdate Precision Ref.6694 1975 Box&Beschreibung sehr gut Vintage,3512.00,EUR,Gebraucht - Gut,3000,FIXED_PRICE,https://www.ebay.de/itm/298095302240?_skw=Rolex+1225&hash=item4567dd5660:g:1vcAAeSwEMtqKqHn,https://i.ebayimg.com/images/g/1vcAAeSwEMtqKqHn/s-l225.jpg,juwelierhaeffner,9599,100.0,30.00,EUR,DE,Stuttgart,2026-03-06T17:14:06.000Z
batch_20260729_214347,iuid_cda1e5e867af48a7,rolex_1225_7559,Rolex 1225,4,v1,EBAY_DE,2026-07-29T21:45:01+00:00,v1|298514927246|0,Rolex Org. Zeiger Cal. 1225,850.00,EUR,Gebraucht - Hervorragend,2990,FIXED_PRICE|BEST_OFFER,https://www.ebay.de/itm/298514927246?_skw=Rolex+1225&hash=item4580e04e8e:g:V90AAeSwP9hplE3-,https://i.ebayimg.com/images/g/V90AAeSwP9hplE3-/s-l225.jpg,bernmlle82,73,100.0,8.18,EUR,DE,Konstanz,2026-07-19T14:08:40.000Z
batch_20260729_214347,iuid_cda1e5e867af48a7,rolex_1225_7559,Rolex 1225,4,v1,EBAY_DE,2026-07-29T21:45:01+00:00,v1|198376835744|0,"Gewunden Vorbau 1210-7549 für Rolex 1200, 1210, 1215, 1220, 1225",18.34,EUR,Neu mit Etikett,1000,FIXED_PRICE,https://www.ebay.de/itm/198376835744?_skw=Rolex+1225&hash=item2e302e4aa0:g:VfkAAeSwd39pFQp-,https://i.ebayimg.com/images/g/VfkAAeSwd39pFQp-/s-l225.jpg,maddisonsofdurham,92519,99.8,11.54,EUR,GB,MIDDLESBROUGH,2026-05-24T07:19:03.000Z
batch_20260729_214347,iuid_cda1e5e867af48a7,rolex_1225_7559,Rolex 1225,4,v1,EBAY_DE,2026-07-29T21:45:01+00:00,v1|206001167534|0,Genuine Rolex 1210 1225 Winding Pinion 7550 new Condition. Price For 1 (Z843),50.00,EUR,Neu ohne Etikett,1500,FIXED_PRICE,https://www.ebay.de/itm/206001167534?_skw=Rolex+1225&hash=item2ff6a05cae:g:SzgAAeSwZappaRlV,https://i.ebayimg.com/images/g/SzgAAeSwZappaRlV/s-l225.jpg,kian-werke,7774,100.0,6.00,EUR,DE,Hildesheim,2026-01-15T16:45:44.000Z
batch_20260729_214347,iuid_cda1e5e867af48a7,rolex_1225_7559,Rolex 1225,4,v1,EBAY_DE,2026-07-29T21:45:01+00:00,v1|206001161719|0,GENUINE ROLEX CAL 1210 1215 1220 1225 SETTING LEVER PART Nb 7881  (Z841),50.00,EUR,Neu ohne Etikett,1500,FIXED_PRICE,https://www.ebay.de/itm/206001161719?_skw=Rolex+1225&hash=item2ff6a045f7:g:qZkAAeSwn6dpaRhN,https://i.ebayimg.com/images/g/qZkAAeSwn6dpaRhN/s-l225.jpg,kian-werke,7774,100.0,6.00,EUR,DE,Hildesheim,2026-01-15T16:40:40.000Z
batch_20260729_214347,iuid_cda1e5e867af48a7,rolex_1225_7559,Rolex 1225,4,v1,EBAY_DE,2026-07-29T21:45:01+00:00,v1|157565266108|0,ROLEX Date Disc Silber-Champagner - Cal 1215 -1225 Model 6694 Neu (nos),130.90,EUR,Neuf sans étiquette,1500,FIXED_PRICE,https://www.ebay.de/itm/157565266108?_skw=Rolex+1225&hash=item24af9f28bc:g:pXQAAeSwnXtpS6tz,https://i.ebayimg.com/images/g/pXQAAeSwnXtpS6tz/s-l225.jpg,hechouche,50,100.0,35.70,EUR,TN,,2025-12-24T09:01:58.000Z
batch_20260729_214347,iuid_cda1e5e867af48a7,rolex_1225_7559,Rolex 1225,4,v1,EBAY_DE,2026-07-29T21:45:01+00:00,v1|167944603144|0,ROLEX 1225 Schaft + Propeller + Schieber in 1 Set verkauft,30.00,EUR,Occasion,3000,FIXED_PRICE,https://www.ebay.de/itm/167944603144?_skw=Rolex+1225&hash=item271a474608:g:eQEAAeSwfk5pH0KA,https://i.ebayimg.com/images/g/eQEAAeSwfk5pH0KA/s-l225.jpg,videgrenier34,416,100.0,30.00,EUR,FR,Montpellier-,2025-11-20T16:35:10.000Z
batch_20260729_214347,iuid_cda1e5e867af48a7,rolex_1225_7559,Rolex 1225,4,v1,EBAY_DE,2026-07-29T21:45:01+00:00,v1|236471983164|0,Rolex Oysterdate Precision open 6/9 Ref.6694 1969 Box&Beschreibung sehr gut V...,2827.00,EUR,Gebraucht - Gut,3000,FIXED_PRICE,https://www.ebay.de/itm/236471983164?_skw=Rolex+1225&hash=item370ed41c3c:g:dnQAAeSw8VxqKqCf,https://i.ebayimg.com/images/g/dnQAAeSw8VxqKqCf/s-l225.jpg,juwelierhaeffner,9599,100.0,30.00,EUR,DE,Stuttgart,2025-11-18T12:13:25.000Z
batch_20260729_214347,iuid_cda1e5e867af48a7,rolex_1225_7559,Rolex 1225,4,v1,EBAY_DE,2026-07-29T21:45:01+00:00,v1|257200751894|0,ULTRA RARE ROLEX GEHÄUSE-SPANNKLAMMER BRAUT 1225-116 Neu Blister Echt 100%,102.48,EUR,Neu ohne Karton oder Unterlagen,1500,FIXED_PRICE|BEST_OFFER,https://www.ebay.de/itm/257200751894?_skw=Rolex+1225&hash=item3be25c0516:g:tQIAAOSwrQVkwPiL,https://i.ebayimg.com/images/g/tQIAAOSwrQVkwPiL/s-l225.jpg,passionevintagerlx,1222,100.0,15.00,EUR,IT,Castiglion Fiorentino,2025-11-10T13:42:30.000Z
batch_20260729_214347,iuid_cda1e5e867af48a7,rolex_1225_7559,Rolex 1225,4,v1,EBAY_DE,2026-07-29T21:45:01+00:00,v1|116847661296|0,"GENERIC kompatible Antriebswelle für ROLEX Cal. 1225 Kaliber: 1210, 1215, 1...",20.00,EUR,Nuovo con etichette,1000,FIXED_PRICE,https://www.ebay.de/itm/116847661296?_skw=Rolex+1225&hash=item1b34a9d0f0:g:rhMAAeSwvqtqM-uE,https://i.ebayimg.com/images/g/rhMAAeSwvqtqM-uE/s-l225.jpg,fornitura_boccacci,4278,99.9,19.00,EUR,IT,Sant Angelo Romano,2025-10-27T10:07:08.000Z
batch_20260729_214347,iuid_cda1e5e867af48a7,rolex_1225_7559,Rolex 1225,4,v1,EBAY_DE,2026-07-29T21:45:01+00:00,v1|297615335906|0,Rolex Oysterdate Precision Medium Ref.6466 1973 original Box sehr gut Vintage,2715.00,EUR,Gebraucht - Gut,3000,FIXED_PRICE,https://www.ebay.de/itm/297615335906?_skw=Rolex+1225&hash=item454b41a1e2:g:W4QAAeSwkuFqKqAD,https://i.ebayimg.com/images/g/W4QAAeSwkuFqKqAD/s-l225.jpg,juwelierhaeffner,9599,100.0,30.00,EUR,DE,Stuttgart,2025-09-16T16:24:11.000Z
batch_20260729_214347,iuid_cda1e5e867af48a7,rolex_1225_7559,Rolex 1225,4,v1,EBAY_DE,2026-07-29T21:45:01+00:00,v1|177395925940|0,"3 Stück Aufzugsschaft passend für Rolex Kaliber 1200 1210 1215 1220 1225, Uhr...",51.98,EUR,Neu ohne Etikett,1500,FIXED_PRICE,https://www.ebay.de/itm/177395925940?_skw=Rolex+1225&hash=item294d9f03b4:g:P1QAAeSwu-1ovTdH,https://i.ebayimg.com/images/g/P1QAAeSwu-1ovTdH/s-l225.jpg,your.guys.in.cairo,737,100.0,17.75,EUR,EG,,2025-09-07T19:40:58.000Z
batch_20260729_214347,iuid_cda1e5e867af48a7,rolex_1225_7559,Rolex 1225,4,v1,EBAY_DE,2026-07-29T21:45:01+00:00,v1|187519404256|0,"Original ROLEX Aufzugwelle 7549 für 1200, 1210, 1215, 1220, 1225",59.95,EUR,Neu mit Etikett,1000,FIXED_PRICE,https://www.ebay.de/itm/187519404256?_skw=Rolex+1225&hash=item2ba90708e0:g:HEEAAeSwc0dow80F,https://i.ebayimg.com/images/g/HEEAAeSwc0dow80F/s-l225.jpg,watchparts24,71561,100.0,0.00,EUR,DE,Hamburg,2025-08-26T10:55:50.000Z
batch_20260729_214347,iuid_cda1e5e867af48a7,rolex_1225_7559,Rolex 1225,4,v1,EBAY_DE,2026-07-29T21:45:01+00:00,v1|177366721056|0,"Original ROLEX Federwelle 7501 für 1200, 1210, 1215, 1220, 1225",99.95,EUR,Neu mit Etikett,1000,FIXED_PRICE,https://www.ebay.de/itm/177366721056?_skw=Rolex+1225&hash=item294be16220:g:u64AAeSwzvporZSc,https://i.ebayimg.com/images/g/u64AAeSwzvporZSc/s-l225.jpg,watchparts24,71561,100.0,0.00,EUR,DE,Hamburg,2025-08-26T10:55:41.000Z
batch_20260729_214347,iuid_cda1e5e867af48a7,rolex_1225_7559,Rolex 1225,4,v1,EBAY_DE,2026-07-29T21:45:01+00:00,v1|406119364999|0,"Aufzugwelle für RLX Uhrwerke Kaliber 1210, 1215, 1220, 1225",16.78,EUR,Neu mit Etikett,1000,FIXED_PRICE,https://www.ebay.de/itm/406119364999?_skw=Rolex+1225&hash=item5e8e99b987:g:yqwAAeSwhtJol5M9,https://i.ebayimg.com/images/g/yqwAAeSwhtJol5M9/s-l225.jpg,www_uhrenwerkzeuge24_de,26159,99.4,0.00,EUR,DE,Rosdorf,2025-08-09T18:24:10.000Z
batch_20260729_214347,iuid_cda1e5e867af48a7,rolex_1225_7559,Rolex 1225,4,v1,EBAY_DE,2026-07-29T21:45:01+00:00,v1|135944510881|0,Rolex Oysterdate Precision 6694 Champagne (?) Date Wheel Calendar Disc 1215 1225,150.00,EUR,Gebraucht,3000,FIXED_PRICE,https://www.ebay.de/itm/135944510881?_skw=Rolex+1225&hash=item1fa6ec9da1:g:zMAAAOSwwxBoQ3hf,https://i.ebayimg.com/images/g/zMAAAOSwwxBoQ3hf/s-l225.jpg,odder1,672,100.0,22.00,EUR,DK,,2025-06-07T18:26:35.000Z
batch_20260729_214347,iuid_cda1e5e867af48a7,rolex_1225_7559,Rolex 1225,4,v1,EBAY_DE,2026-07-29T21:45:01+00:00,v1|326568892053|0,Rolex cal. 1200-1225 original werkhalter,80.00,EUR,Gebraucht,3000,FIXED_PRICE,https://www.ebay.de/itm/326568892053?_skw=Rolex+1225&hash=item4c0905d695:g:AJoAAOSwmUFoG03T,https://i.ebayimg.com/images/g/AJoAAOSwmUFoG03T/s-l225.jpg,misser10,483,100.0,20.00,EUR,DK,,2025-05-07T12:13:44.000Z
batch_20260729_214347,iuid_cda1e5e867af48a7,rolex_1225_7559,Rolex 1225,4,v1,EBAY_DE,2026-07-29T21:45:01+00:00,v1|335877238534|0,3 STÜCK VORBAU FÜR ROLEX🇨🇭 UHRWERKE 1200 oder 1210 oder 1215 oder 1220 oder...,46.83,EUR,Neu ohne Etikett,1500,FIXED_PRICE,https://www.ebay.de/itm/335877238534?_skw=Rolex+1225&hash=item4e33d7ef06:g:djoAAOSwJUNkZLaD,https://i.ebayimg.com/images/g/djoAAOSwJUNkZLaD/s-l225.jpg,makram224662,4367,99.6,16.66,EUR,EG,,2025-03-24T06:36:16.000Z
batch_20260729_214347,iuid_cda1e5e867af48a7,rolex_1225_7559,Rolex 1225,4,v1,EBAY_DE,2026-07-29T21:45:01+00:00,v1|176928636654|0,"Original ROLEX Zentralsekundenrad B7620-Y1 für 1220, 1225",249.95,EUR,Neu mit Etikett,1000,FIXED_PRICE,https://www.ebay.de/itm/176928636654?_skw=Rolex+1225&hash=item2931c4beee:g:73QAAeSws-FonJa5,https://i.ebayimg.com/images/g/73QAAeSws-FonJa5/s-l225.jpg,watchparts24,71561,100.0,0.00,EUR,DE,Hamburg,2025-03-16T20:32:38.000Z
batch_20260729_214347,iuid_cda1e5e867af48a7,rolex_1225_7559,Rolex 1225,4,v1,EBAY_DE,2026-07-29T21:45:01+00:00,v1|256851811771|0,MUELLE REAL-MAINSPRING ROLEX 1225,52.90,EUR,Nuevo con etiquetas,1000,FIXED_PRICE,https://www.ebay.de/itm/256851811771?_skw=Rolex+1225&hash=item3bcd8f9dbb:g:3uEAAOSwchBnz0U7,https://i.ebayimg.com/images/g/3uEAAOSwchBnz0U7/s-l225.jpg,torna-sol,54,100.0,29.95,EUR,ES,San Román,2025-03-10T20:19:49.000Z
batch_20260729_214347,iuid_cda1e5e867af48a7,rolex_1225_7559,Rolex 1225,4,v1,EBAY_DE,2026-07-29T21:45:01+00:00,v1|116397760184|0,"ROLEX 1210 Barrel Cod. 7502 Calib: 1210, 1215, 1225 (EXCELLENT STATE)",89.00,EUR,Gebraucht,3000,FIXED_PRICE,https://www.ebay.de/itm/116397760184?_skw=Rolex+1225&hash=item1b19d8deb8:g:~oUAAeSwfK5owtnd,https://i.ebayimg.com/images/g/~oUAAeSwfK5owtnd/s-l225.jpg,fornitura_boccacci,4278,99.9,19.00,EUR,IT,Sant Angelo Romano,2024-11-20T11:48:16.000Z
batch_20260729_214347,iuid_cda1e5e867af48a7,rolex_1225_7559,Rolex 1225,4,v1,EBAY_DE,2026-07-29T21:45:01+00:00,v1|116397760190|0,ROLEX 1225 Regulator Cod. 7632 Calib: 1225 (EXCELLENT STATE),55.00,EUR,Gebraucht,3000,FIXED_PRICE,https://www.ebay.de/itm/116397760190?_skw=Rolex+1225&hash=item1b19d8debe:g:sWYAAOSwBjxnPczi,https://i.ebayimg.com/images/g/sWYAAOSwBjxnPczi/s-l225.jpg,fornitura_boccacci,4278,99.9,19.00,EUR,IT,Sant Angelo Romano,2024-11-20T11:48:16.000Z
batch_20260729_214347,iuid_cda1e5e867af48a7,rolex_1225_7559,Rolex 1225,4,v1,EBAY_DE,2026-07-29T21:45:01+00:00,v1|116397759985|0,"ROLEX 1225 Mainplate Cod. 7619 Calib: 1220, 1225 (EXCELLENT STATE)",349.00,EUR,Gebraucht,3000,FIXED_PRICE,https://www.ebay.de/itm/116397759985?_skw=Rolex+1225&hash=item1b19d8ddf1:g:bZ4AAOSwtwJnPc2r,https://i.ebayimg.com/images/g/bZ4AAOSwtwJnPc2r/s-l225.jpg,fornitura_boccacci,4278,99.9,19.00,EUR,IT,Sant Angelo Romano,2024-11-20T11:48:11.000Z
batch_20260729_214347,iuid_cda1e5e867af48a7,rolex_1225_7559,Rolex 1225,4,v1,EBAY_DE,2026-07-29T21:45:01+00:00,v1|116397759988|0,"ROLEX 1210 Cannon Pinion Ht. 2.23mm Cod. 7569 Calib: 1210, 1215, 1225 (EXCELL...",50.00,EUR,Gebraucht,3000,FIXED_PRICE,https://www.ebay.de/itm/116397759988?_skw=Rolex+1225&hash=item1b19d8ddf4:g:zXAAAeSwYb9owtlh,https://i.ebayimg.com/images/g/zXAAAeSwYb9owtlh/s-l225.jpg,fornitura_boccacci,4278,99.9,19.00,EUR,IT,Sant Angelo Romano,2024-11-20T11:48:11.000Z
batch_20260729_214347,iuid_cda1e5e867af48a7,rolex_1225_7559,Rolex 1225,4,v1,EBAY_DE,2026-07-29T21:45:01+00:00,v1|116397759990|0,"ROLEX 1210 Crown Wheel Core Cod. 7553 Calib: 1210, 1215, 1225 (EXCELLENT STATE)",40.00,EUR,Gebraucht,3000,FIXED_PRICE,https://www.ebay.de/itm/116397759990?_skw=Rolex+1225&hash=item1b19d8ddf6:g:keEAAOSwsdpnPc2s,https://i.ebayimg.com/images/g/keEAAOSwsdpnPc2s/s-l225.jpg,fornitura_boccacci,4278,99.9,19.00,EUR,IT,Sant Angelo Romano,2024-11-20T11:48:11.000Z
batch_20260729_214347,iuid_cda1e5e867af48a7,rolex_1225_7559,Rolex 1225,4,v1,EBAY_DE,2026-07-29T21:45:01+00:00,v1|116397759996|0,"ROLEX 1210 Mainplate Cod. 7619 Calib: 1210, 1215, 1225 (EXCELLENT STATE)",349.00,EUR,Gebraucht,3000,FIXED_PRICE,https://www.ebay.de/itm/116397759996?_skw=Rolex+1225&hash=item1b19d8ddfc:g:ux4AAOSwJ9FnPc16,https://i.ebayimg.com/images/g/ux4AAOSwJ9FnPc16/s-l225.jpg,fornitura_boccacci,4278,99.9,19.00,EUR,IT,Sant Angelo Romano,2024-11-20T11:48:11.000Z
batch_20260729_214347,iuid_cda1e5e867af48a7,rolex_1225_7559,Rolex 1225,4,v1,EBAY_DE,2026-07-29T21:45:01+00:00,v1|116397759997|0,"ROLEX 1210 Crown Wheel Seating Cod. 7554 Calib: 1210, 1215, 1225 (EXCELLENT S...",35.00,EUR,Gebraucht,3000,FIXED_PRICE,https://www.ebay.de/itm/116397759997?_skw=Rolex+1225&hash=item1b19d8ddfd:g:2RsAAeSwuG1owtkL,https://i.ebayimg.com/images/g/2RsAAeSwuG1owtkL/s-l225.jpg,fornitura_boccacci,4278,99.9,19.00,EUR,IT,Sant Angelo Romano,2024-11-20T11:48:11.000Z
batch_20260729_214347,iuid_cda1e5e867af48a7,rolex_1225_7559,Rolex 1225,4,v1,EBAY_DE,2026-07-29T21:45:01+00:00,v1|116397759999|0,"ROLEX 1210 Pallet Cock Cod. 7522 Calib: 1210, 1215, 1225 (EXCELLENT STATE)",74.00,EUR,Gebraucht,3000,FIXED_PRICE,https://www.ebay.de/itm/116397759999?_skw=Rolex+1225&hash=item1b19d8ddff:g:JncAAOSw~d1nPcy-,https://i.ebayimg.com/images/g/JncAAOSw~d1nPcy-/s-l225.jpg,fornitura_boccacci,4278,99.9,19.00,EUR,IT,Sant Angelo Romano,2024-11-20T11:48:11.000Z
batch_20260729_214347,iuid_cda1e5e867af48a7,rolex_1225_7559,Rolex 1225,4,v1,EBAY_DE,2026-07-29T21:45:01+00:00,v1|116449482863|0,"ROLEX 1210 Barrel Bridge Cod. 7492 Calib: 1210, 1215, 1225 (EXCELLENT STATE)",129.00,EUR,Gebraucht,3000,FIXED_PRICE,https://www.ebay.de/itm/116449482863?_skw=Rolex+1225&hash=item1b1cee186f:g:D-MAAOSw5jRnPc0e,https://i.ebayimg.com/images/g/D-MAAOSw5jRnPc0e/s-l225.jpg,fornitura_boccacci,4278,99.9,19.00,EUR,IT,Sant Angelo Romano,2025-01-17T12:50:57.000Z
batch_20260729_214347,iuid_cda1e5e867af48a7,rolex_1225_7559,Rolex 1225,4,v1,EBAY_DE,2026-07-29T21:45:01+00:00,v1|116397759915|0,"ROLEX 1210 Setting Lever Spring Cod. 7563 Calib: 1210, 1215, 1225 (EXCELLENT ...",55.00,EUR,Gebraucht,3000,FIXED_PRICE,https://www.ebay.de/itm/116397759915?_skw=Rolex+1225&hash=item1b19d8ddab:g:vfkAAOSwM2xnPc0C,https://i.ebayimg.com/images/g/vfkAAOSwM2xnPc0C/s-l225.jpg,fornitura_boccacci,4278,99.9,19.00,EUR,IT,Sant Angelo Romano,2024-11-20T11:48:06.000Z
batch_20260729_214347,iuid_cda1e5e867af48a7,rolex_1225_7559,Rolex 1225,4,v1,EBAY_DE,2026-07-29T21:45:01+00:00,v1|116397759918|0,"ROLEX 1210 Yoke Spring Cod. 7566 Calib: 1210, 1215, 1225 (EXCELLENT STATE)",30.00,EUR,Gebraucht,3000,FIXED_PRICE,https://www.ebay.de/itm/116397759918?_skw=Rolex+1225&hash=item1b19d8ddae:g:qJIAAeSw-z5owtdU,https://i.ebayimg.com/images/g/qJIAAeSw-z5owtdU/s-l225.jpg,fornitura_boccacci,4278,99.9,19.00,EUR,IT,Sant Angelo Romano,2024-11-20T11:48:07.000Z
batch_20260729_214347,iuid_cda1e5e867af48a7,rolex_1225_7559,Rolex 1225,4,v1,EBAY_DE,2026-07-29T21:45:01+00:00,v1|116397759919|0,"ROLEX 1210 Crown Wheel Cod. 7552 Calib: 1210, 1215, 1225 (EXCELLENT STATE)",55.00,EUR,Gebraucht,3000,FIXED_PRICE,https://www.ebay.de/itm/116397759919?_skw=Rolex+1225&hash=item1b19d8ddaf:g:8cYAAOSwCWVnPc0C,https://i.ebayimg.com/images/g/8cYAAOSwCWVnPc0C/s-l225.jpg,fornitura_boccacci,4278,99.9,19.00,EUR,IT,Sant Angelo Romano,2024-11-20T11:48:07.000Z
batch_20260729_214347,iuid_cda1e5e867af48a7,rolex_1225_7559,Rolex 1225,4,v1,EBAY_DE,2026-07-29T21:45:01+00:00,v1|116397759920|0,"ROLEX 1210 Yoke Cod. 7565 Calib: 1210, 1215, 1225 (EXCELLENT STATE)",40.00,EUR,Gebraucht,3000,FIXED_PRICE,https://www.ebay.de/itm/116397759920?_skw=Rolex+1225&hash=item1b19d8ddb0:g:HxMAAOSw0PVnPc2L,https://i.ebayimg.com/images/g/HxMAAOSw0PVnPc2L/s-l225.jpg,fornitura_boccacci,4278,99.9,19.00,EUR,IT,Sant Angelo Romano,2024-11-20T11:48:07.000Z
batch_20260729_214347,iuid_cda1e5e867af48a7,rolex_1225_7559,Rolex 1225,4,v1,EBAY_DE,2026-07-29T21:45:01+00:00,v1|116397759928|0,"ROLEX 1210 Train Wheel Bridge Cod. 7593 Calib: 1210, 1215, 1225 (EXCELLENT ST...",119.00,EUR,Gebraucht,3000,FIXED_PRICE,https://www.ebay.de/itm/116397759928?_skw=Rolex+1225&hash=item1b19d8ddb8:g:-EoAAOSwTaFnPc2m,https://i.ebayimg.com/images/g/-EoAAOSwTaFnPc2m/s-l225.jpg,fornitura_boccacci,4278,99.9,19.00,EUR,IT,Sant Angelo Romano,2024-11-20T11:48:07.000Z
batch_20260729_214347,iuid_cda1e5e867af48a7,rolex_1225_7559,Rolex 1225,4,v1,EBAY_DE,2026-07-29T21:45:01+00:00,v1|116445495940|0,"ROLEX 1210 Click Cod. 7558 Calib: 1210, 1215, 1225 (EXCELLENT STATE)",60.00,EUR,Gebraucht,3000,FIXED_PRICE,https://www.ebay.de/itm/116445495940?_skw=Rolex+1225&hash=item1b1cb14284:g:UQcAAOSw4B1nPczT,https://i.ebayimg.com/images/g/UQcAAOSw4B1nPczT/s-l225.jpg,fornitura_boccacci,4278,99.9,19.00,EUR,IT,Sant Angelo Romano,2025-01-13T09:20:54.000Z
batch_20260729_214347,iuid_cda1e5e867af48a7,rolex_1225_7559,Rolex 1225,4,v1,EBAY_DE,2026-07-29T21:45:01+00:00,v1|116397615861|0,"ROLEX 1520 Cod. 8061 Regulator Calib: 1220, 1225 (EXCELLENT STATE)",79.00,EUR,Gebraucht,3000,FIXED_PRICE,https://www.ebay.de/itm/116397615861?_skw=Rolex+1225&hash=item1b19d6aaf5:g:gnoAAOSwBpZnPaFM,https://i.ebayimg.com/images/g/gnoAAOSwBpZnPaFM/s-l225.jpg,fornitura_boccacci,4278,99.9,19.00,EUR,IT,Sant Angelo Romano,2024-11-20T08:40:16.000Z
batch_20260729_214347,iuid_cda1e5e867af48a7,rolex_1225_7559,Rolex 1225,4,v1,EBAY_DE,2026-07-29T21:45:01+00:00,v1|186766332752|0,"ROLEX Precision 1210 1220 Zugfeder kompatibel Swiss Made, Rolex 1225 nie",16.00,EUR,Usato,3000,FIXED_PRICE,https://www.ebay.de/itm/186766332752?_skw=Rolex+1225&hash=item2b7c241350:g:wcoAAeSwZ~lppW1o,https://i.ebayimg.com/images/g/wcoAAeSwZ~lppW1o/s-l225.jpg,watchparts-italy,3520,99.5,13.00,EUR,IT,Nocera Inferiore,2024-11-06T15:17:31.000Z
batch_20260729_214347,iuid_cda1e5e867af48a7,rolex_1225_7559,Rolex 1225,4,v1,EBAY_DE,2026-07-29T21:45:01+00:00,v1|186717011083|0,ROLEX 1210 1225 7562 Schraube Tiretto Generic Rolex Schraube für Einstellhebel swiss,20.00,EUR,Nuovo con etichette,1000,FIXED_PRICE,https://www.ebay.de/itm/186717011083?_skw=Rolex+1225&hash=item2b79337c8b:g:4MYAAeSwcD1pceeC,https://i.ebayimg.com/images/g/4MYAAeSwcD1pceeC/s-l225.jpg,watchparts-italy,3520,99.5,13.00,EUR,IT,Nocera Inferiore,2024-10-05T13:14:07.000Z
batch_20260729_214347,iuid_cda1e5e867af48a7,rolex_1225_7559,Rolex 1225 7559,1,v1,EBAY_US,2026-07-29T21:45:02+00:00,v1|177843635588|477417524872,CLEAN VINTAGE GENUINE ROLEX CALIBER 1225 NO DATE WRIST WATCH PARTS,65.00,USD,Pre-owned,3000,FIXED_PRICE,https://www.ebay.com/itm/177843635588?_skw=Rolex+1225+7559&hash=item29684e8584:g:p-AAAeSwl2Nph2KG,https://i.ebayimg.com/images/g/p-AAAeSwl2Nph2KG/s-l225.jpg,diamondhead4,25959,99.9,4.95,USD,US,Port Charlotte,2026-02-07T16:54:11.000Z
batch_20260729_214347,iuid_cda1e5e867af48a7,rolex_1225_7559,Rolex 1225 7559,1,v1,EBAY_US,2026-07-29T21:45:02+00:00,v1|406404622456|676725051108,GENUINE ROLEX CALIBER 1225 WITH DATE WRIST WATCH PARTS,65.00,USD,Pre-owned,3000,FIXED_PRICE,https://www.ebay.com/itm/406404622456?_skw=Rolex+1225+7559&hash=item5e9f9a6878:g:328AAeSwXXlpHyIP,https://i.ebayimg.com/images/g/328AAeSwXXlpHyIP/s-l225.jpg,diamondhead4,25959,99.9,4.95,USD,US,Port Charlotte,2025-11-20T15:51:29.000Z
batch_20260729_214347,iuid_cda1e5e867af48a7,rolex_1225_7559,Rolex 1225 7559,1,v1,EBAY_US,2026-07-29T21:45:02+00:00,v1|404796934557|0,CLEAN VINTAGE GENUINE ROLEX  CLICK & SCREW # 7558 & 7559 CAL 1210 1215 1220 1225,65.00,USD,Pre-owned,3000,FIXED_PRICE,https://www.ebay.com/itm/404796934557?_skw=Rolex+1225+7559&hash=item5e3fc7099d:g:bIYAAOSwcgtly5Wz,https://i.ebayimg.com/images/g/bIYAAOSwcgtly5Wz/s-l225.jpg,diamondhead4,25959,99.9,4.95,USD,US,Port Charlotte,2024-02-13T16:16:32.000Z
batch_20260729_214347,iuid_cda1e5e867af48a7,rolex_1225_7559,Rolex 1225,4,v1,EBAY_US,2026-07-29T21:45:06+00:00,v1|336714225899|0,c1969 Serviced ROLEX Vintage Oyster 6426 sand-textured 34mm cal.1225 #1601,3145.00,USD,Pre-owned - Good,3000,FIXED_PRICE,https://www.ebay.com/itm/336714225899?_skw=Rolex+1225&hash=item4e65bb58eb:g:CLAAAeSw3mlqaWXV,https://i.ebayimg.com/images/g/CLAAAeSw3mlqaWXV/s-l225.jpg,hiroyuki.japan,577,100.0,0.00,USD,JP,,2026-07-29T02:36:20.000Z
batch_20260729_214347,iuid_cda1e5e867af48a7,rolex_1225_7559,Rolex 1225,4,v1,EBAY_US,2026-07-29T21:45:06+00:00,v1|236968801874|0,Vintage gents ROLEX Precision Cal 1225 watch Movement dial,790.70,USD,Pre-owned - Good,3000,FIXED_PRICE,https://www.ebay.com/itm/236968801874?_skw=Rolex+1225&hash=item372c70f652:g:f9EAAeSw1stqaM~6,https://i.ebayimg.com/images/g/f9EAAeSw1stqaM~6/s-l225.jpg,leeboywales,3510,100.0,,,GB,SWANSEA,2026-07-28T15:54:49.000Z
batch_20260729_214347,iuid_cda1e5e867af48a7,rolex_1225_7559,Rolex 1225,4,v1,EBAY_US,2026-07-29T21:45:06+00:00,v1|227449545625|0,ROLEX Oyster Date Precision 6694 vintage Cal.1225 Hand Winding Men's R#149382,2664.35,USD,Pre-owned - Good,3000,FIXED_PRICE,https://www.ebay.com/itm/227449545625?_skw=Rolex+1225&hash=item34f50ca399:g:Bw0AAeSwlYhqZv6z,https://i.ebayimg.com/images/g/Bw0AAeSwlYhqZv6z/s-l225.jpg,aonohappa,10991,99.7,0.00,USD,JP,,2026-07-27T06:46:13.000Z
batch_20260729_214347,iuid_cda1e5e867af48a7,rolex_1225_7559,Rolex 1225,4,v1,EBAY_US,2026-07-29T21:45:06+00:00,v1|336710221832|0,c1967 Serviced ROLEX Vintage OysterDate 6694 Blue Dial 34mm cal.1225 #1602,3060.00,USD,Pre-owned - Good,3000,FIXED_PRICE,https://www.ebay.com/itm/336710221832?_skw=Rolex+1225&hash=item4e657e4008:g:zFcAAeSwYlFqZuY6,https://i.ebayimg.com/images/g/zFcAAeSwYlFqZuY6/s-l225.jpg,hiroyuki.japan,577,100.0,0.00,USD,JP,,2026-07-27T05:07:50.000Z
batch_20260729_214347,iuid_cda1e5e867af48a7,rolex_1225_7559,Rolex 1225,4,v1,EBAY_US,2026-07-29T21:45:06+00:00,v1|158123224154|0,ROLEX Barrel Bridge # 7492  CAL 1210 1215 1220 1225,50.00,USD,Pre-owned,3000,FIXED_PRICE,https://www.ebay.com/itm/158123224154?_skw=Rolex+1225&hash=item24d0e0ec5a:g:0dIAAeSwUr5qZt4U,https://i.ebayimg.com/images/g/0dIAAeSwUr5qZt4U/s-l225.jpg,boostaholic247,2325,100.0,0.00,USD,US,Franconia,2026-07-27T04:27:24.000Z
batch_20260729_214347,iuid_cda1e5e867af48a7,rolex_1225_7559,Rolex 1225,4,v1,EBAY_US,2026-07-29T21:45:06+00:00,v1|236960513006|0,Vintage Rolex Oyster Precision 6426 Cal. 1225 Mechanical 34mm Wristwatch LW-75,,,Pre-owned - Good,3000,AUCTION,https://www.ebay.com/itm/236960513006?_skw=Rolex+1225&hash=item372bf27bee:g:X7YAAeSwBDpqY49A,https://i.ebayimg.com/images/g/X7YAAeSwBDpqY49A/s-l225.jpg,treasures_rediscovered,3285,99.7,17.99,USD,US,Saint Louis,2026-07-24T17:00:01.000Z
batch_20260729_214347,iuid_cda1e5e867af48a7,rolex_1225_7559,Rolex 1225,4,v1,EBAY_US,2026-07-29T21:45:06+00:00,v1|318630248878|0,FLUTED BEZEL FOR 34MM ROLEX DATE 6423 6424 6426 1005 1225 OYSTER PRECISION,74.95,USD,New with tags,1000,FIXED_PRICE,https://www.ebay.com/itm/318630248878?_skw=Rolex+1225&hash=item4a2fd7c1ae:g:TAQAAeSw2MxqY4XK,https://i.ebayimg.com/images/g/TAQAAeSw2MxqY4XK/s-l225.jpg,ewatchparts,226582,99.9,0.00,USD,US,Sugar Land,2026-07-24T15:33:31.000Z
batch_20260729_214347,iuid_cda1e5e867af48a7,rolex_1225_7559,Rolex 1225,4,v1,EBAY_US,2026-07-29T21:45:06+00:00,v1|168560643052|0,GOLD WATCH HANDS FOR 35MM ROLEX MIDSIZE 6694 OYSTERDATE PRECISION CALIBER 1225,24.95,USD,New with tags,1000,FIXED_PRICE,https://www.ebay.com/itm/168560643052?_skw=Rolex+1225&hash=item273eff4bec:g:49IAAeSwt4FqY3Co,https://i.ebayimg.com/images/g/49IAAeSwt4FqY3Co/s-l225.jpg,ewatchparts,226582,99.9,0.00,USD,US,Sugar Land,2026-07-24T14:03:20.000Z
batch_20260729_214347,iuid_cda1e5e867af48a7,rolex_1225_7559,Rolex 1225,4,v1,EBAY_US,2026-07-29T21:45:06+00:00,v1|168560642716|0,WATCH HAND FOR 35MM ROLEX OYSTERDATE PRECISION 6694 6426 CALIBER 1225 REF:9659 S,24.95,USD,New with tags,1000,FIXED_PRICE,https://www.ebay.com/itm/168560642716?_skw=Rolex+1225&hash=item273eff4a9c:g:4nIAAeSw4oNqY3Cb,https://i.ebayimg.com/images/g/4nIAAeSw4oNqY3Cb/s-l225.jpg,ewatchparts,226582,99.9,0.00,USD,US,Sugar Land,2026-07-24T14:03:07.000Z
batch_20260729_214347,iuid_cda1e5e867af48a7,rolex_1225_7559,Rolex 1225,4,v1,EBAY_US,2026-07-29T21:45:06+00:00,v1|168560608851|0,12 PLASTIC PLEXI ACRYLIC WATCH CRYSTAL FOR 34MM ROLEX # 6694 25-108  CAL.1225,149.95,USD,New with tags,1000,FIXED_PRICE,https://www.ebay.com/itm/168560608851?_skw=Rolex+1225&hash=item273efec653:g:rHoAAeSw9apqY2wk,https://i.ebayimg.com/images/g/rHoAAeSw9apqY2wk/s-l225.jpg,ewatchparts,226582,99.9,0.00,USD,US,Sugar Land,2026-07-24T13:44:05.000Z
batch_20260729_214347,iuid_cda1e5e867af48a7,rolex_1225_7559,Rolex 1225,4,v1,EBAY_US,2026-07-29T21:45:06+00:00,v1|318629620211|0,"WATCH HANDS  FOR ROLEX VINTAGE 1200 1210 1215 1225 WATCH ""DAUPHINE"" SILVER",59.95,USD,New with tags,1000,FIXED_PRICE,https://www.ebay.com/itm/318629620211?_skw=Rolex+1225&hash=item4a2fce29f3:g:FfMAAeSwQBhqY2Bs,https://i.ebayimg.com/images/g/FfMAAeSwQBhqY2Bs/s-l225.jpg,ewatchparts,226582,99.9,0.00,USD,US,Sugar Land,2026-07-24T12:54:05.000Z
batch_20260729_214347,iuid_cda1e5e867af48a7,rolex_1225_7559,Rolex 1225,4,v1,EBAY_US,2026-07-29T21:45:06+00:00,v1|178340301909|0,WATCH HANDS AGED FOR ROLEX VINTAGE WATCH MOVEMENT 1200 1210 1215 1225 GOLD,59.95,USD,New with tags,1000,FIXED_PRICE,https://www.ebay.com/itm/178340301909?_skw=Rolex+1225&hash=item2985e90c55:g:UYYAAeSwaStqY2AX,https://i.ebayimg.com/images/g/UYYAAeSwaStqY2AX/s-l225.jpg,ewatchparts,226582,99.9,0.00,USD,US,Sugar Land,2026-07-24T12:52:40.000Z
batch_20260729_214347,iuid_cda1e5e867af48a7,rolex_1225_7559,Rolex 1225,4,v1,EBAY_US,2026-07-29T21:45:06+00:00,v1|168560438788|0,3 PLASTIC PLEXI ACRYLIC WATCH CRYSTAL FOR ROLEX 6694 25-108 CAL.1225 TOP QUALITY,39.95,USD,New with tags,1000,FIXED_PRICE,https://www.ebay.com/itm/168560438788?_skw=Rolex+1225&hash=item273efc2e04:g:N0MAAeSwOzFqY1nJ,https://i.ebayimg.com/images/g/N0MAAeSwOzFqY1nJ/s-l225.jpg,ewatchparts,226582,99.9,0.00,USD,US,Sugar Land,2026-07-24T12:25:45.000Z
batch_20260729_214347,iuid_cda1e5e867af48a7,rolex_1225_7559,Rolex 1225,4,v1,EBAY_US,2026-07-29T21:45:06+00:00,v1|236959817876|0,ROLEX Oyster Speed King 6430 vintage Cal.1225 Hand Winding Boy's Watch R#149372,2274.35,USD,Pre-owned - Good,3000,FIXED_PRICE,https://www.ebay.com/itm/236959817876?_skw=Rolex+1225&hash=item372be7e094:g:YvAAAeSw2MxqYyhn,https://i.ebayimg.com/images/g/YvAAAeSw2MxqYyhn/s-l225.jpg,aonohappa,10991,99.7,0.00,USD,JP,,2026-07-24T08:55:04.000Z
batch_20260729_214347,iuid_cda1e5e867af48a7,rolex_1225_7559,Rolex 1225,4,v1,EBAY_US,2026-07-29T21:45:06+00:00,v1|158112798113|0,Rolex 1210 1215 7562 setting lever screw NOS price Per screw 1220 1225 Genuine,34.00,USD,New without tags,1500,FIXED_PRICE,https://www.ebay.com/itm/158112798113?_skw=Rolex+1225&hash=item24d041d5a1:g:sRsAAeSwMndqYj9Q,https://i.ebayimg.com/images/g/sRsAAeSwMndqYj9Q/s-l225.jpg,boostaholic247,2325,100.0,0.00,USD,US,Franconia,2026-07-23T16:22:46.000Z
batch_20260729_214347,iuid_cda1e5e867af48a7,rolex_1225_7559,Rolex 1225,4,v1,EBAY_US,2026-07-29T21:45:06+00:00,v1|227443781167|0,ROLEX Oyster Precision 6426 vintage Cal.1225 Hand Winding Men's Watch R#148898,2729.35,USD,Pre-owned - Good,3000,FIXED_PRICE,https://www.ebay.com/itm/227443781167?_skw=Rolex+1225&hash=item34f4b4ae2f:g:FaIAAeSwdNVqYdh~,https://i.ebayimg.com/images/g/FaIAAeSwdNVqYdh~/s-l225.jpg,aonohappa,10991,99.7,0.00,USD,JP,,2026-07-23T09:01:53.000Z
batch_20260729_214347,iuid_cda1e5e867af48a7,rolex_1225_7559,Rolex 1225,4,v1,EBAY_US,2026-07-29T21:45:06+00:00,v1|178334360018|0,Vintage Rolex Oysterdate Precision 6694 Cal 1225 17Jewels  Manual Winding Watch,2800.00,USD,Pre-owned - Excellent,2990,FIXED_PRICE|BEST_OFFER,https://www.ebay.com/itm/178334360018?_skw=Rolex+1225&hash=item29858e61d2:g:ngYAAeSwo9lqYFED,https://i.ebayimg.com/images/g/ngYAAeSwo9lqYFED/s-l225.jpg,jsej0024,1397,99.5,89.00,USD,KR,,2026-07-22T12:10:53.000Z
batch_20260729_214347,iuid_cda1e5e867af48a7,rolex_1225_7559,Rolex 1225,4,v1,EBAY_US,2026-07-29T21:45:06+00:00,v1|188677358048|0,Rolex Calibers 1200=1215=1220=1225 Part #1210-7505 Jewel for Center Wheel Upper,79.95,USD,New without tags,1500,FIXED_PRICE|BEST_OFFER,https://www.ebay.com/itm/188677358048?_skw=Rolex+1225&hash=item2bee0c01e0:g:rccAAeSwlktqX-q6,https://i.ebayimg.com/images/g/rccAAeSwlktqX-q6/s-l225.jpg,1bwpanda,11812,100.0,7.95,USD,US,Biloxi,2026-07-21T22:01:39.000Z
batch_20260729_214347,iuid_cda1e5e867af48a7,rolex_1225_7559,Rolex 1225,4,v1,EBAY_US,2026-07-29T21:45:06+00:00,v1|206421810515|0,Rolex Oysterdate Precision Ref. 6694 | 1970 | Original Silver Dial | Cal. 1225,4674.98,USD,Pre-owned - Good,3000,FIXED_PRICE|BEST_OFFER,https://www.ebay.com/itm/206421810515?_skw=Rolex+1225&hash=item300fb2dd53:g:wvgAAeSwrBNqWm3b,https://i.ebayimg.com/images/g/wvgAAeSwrBNqWm3b/s-l225.jpg,maot-9484,287,100.0,,,CA,,2026-07-17T18:22:11.000Z
batch_20260729_214347,iuid_cda1e5e867af48a7,rolex_1225_7559,Rolex 1225,4,v1,EBAY_US,2026-07-29T21:45:06+00:00,v1|147442304626|0,ROLEX Datejust 41 126331 41mm Gold Watch OKW1225,16521.25,USD,Pre-owned - Good,3000,FIXED_PRICE,https://www.ebay.com/itm/147442304626?_skw=Rolex+1225&hash=item22543f0672:g:c2AAAeSwdJpqWfiT,https://i.ebayimg.com/images/g/c2AAAeSwdJpqWfiT/s-l225.jpg,minico_01,11771,99.2,0.00,USD,JP,,2026-07-17T09:37:26.000Z
batch_20260729_214347,iuid_cda1e5e867af48a7,rolex_1225_7559,Rolex 1225,4,v1,EBAY_US,2026-07-29T21:45:06+00:00,v1|227433580849|0,ROLEX Oyster Precision 6426 vintage Cal.1225 Hand Winding Men's Watch Q#148134,2534.35,USD,Pre-owned - Good,3000,FIXED_PRICE,https://www.ebay.com/itm/227433580849?_skw=Rolex+1225&hash=item34f4190931:g:9TcAAeSwygVqWJwV,https://i.ebayimg.com/images/g/9TcAAeSwygVqWJwV/s-l225.jpg,aonohappa,10991,99.7,0.00,USD,JP,,2026-07-16T08:53:45.000Z
batch_20260729_214347,iuid_cda1e5e867af48a7,rolex_1225_7559,Rolex 1225,4,v1,EBAY_US,2026-07-29T21:45:06+00:00,v1|227451283121|0,ROLEX Oyster Precision 6426 vintage Cal.1225 Hand Winding Men's Watch Q#147667,2729.35,USD,Pre-owned - Good,3000,FIXED_PRICE,https://www.ebay.com/itm/227451283121?_skw=Rolex+1225&hash=item34f52726b1:g:ZksAAeSw~oJqV0c5,https://i.ebayimg.com/images/g/ZksAAeSw~oJqV0c5/s-l225.jpg,aonohappa,10991,99.7,420.00,USD,JP,,2026-07-28T02:27:41.000Z
batch_20260729_214347,iuid_cda1e5e867af48a7,rolex_1225_7559,Rolex 1225,4,v1,EBAY_US,2026-07-29T21:45:06+00:00,v1|236934348375|0,ROLEX Oyster Precision 6426 vintage Cal.1225 Hand Winding Men's Watch L#147358,2599.35,USD,Pre-owned - Good,3000,FIXED_PRICE,https://www.ebay.com/itm/236934348375?_skw=Rolex+1225&hash=item372a633e57:g:2TkAAeSwjF1qVGXj,https://i.ebayimg.com/images/g/2TkAAeSwjF1qVGXj/s-l225.jpg,aonohappa,10991,99.7,390.00,USD,JP,,2026-07-13T04:13:28.000Z
batch_20260729_214347,iuid_cda1e5e867af48a7,rolex_1225_7559,Rolex 1225,4,v1,EBAY_US,2026-07-29T21:45:06+00:00,v1|158077483258|0,Rolex 1210 7549 1215 1220 1225 NOS Authentic Stem 1 Per Purchase,22.50,USD,New without tags,1500,FIXED_PRICE,https://www.ebay.com/itm/158077483258?_skw=Rolex+1225&hash=item24ce26f8fa:g:qY0AAeSwdqlqU-vE,https://i.ebayimg.com/images/g/qY0AAeSwdqlqU-vE/s-l225.jpg,boostaholic247,2325,100.0,0.00,USD,US,Franconia,2026-07-12T19:34:25.000Z
batch_20260729_214347,iuid_cda1e5e867af48a7,rolex_1225_7559,Rolex 1225,4,v1,EBAY_US,2026-07-29T21:45:06+00:00,v1|227423586254|0,ROLEX Oyster Date Precision 6694 Cal.1225 Hand Winding Men's Watch P#149106,2989.35,USD,Pre-owned - Good,3000,FIXED_PRICE,https://www.ebay.com/itm/227423586254?_skw=Rolex+1225&hash=item34f38087ce:g:Vt0AAeSwpEhqT19y,https://i.ebayimg.com/images/g/Vt0AAeSwpEhqT19y/s-l225.jpg,aonohappa,10991,99.7,0.00,USD,JP,,2026-07-09T08:44:39.000Z
batch_20260729_214347,iuid_cda1e5e867af48a7,rolex_1225_7559,Rolex 1225,4,v1,EBAY_US,2026-07-29T21:45:06+00:00,v1|227445012504|0,ROLEX Oyster Date Precision 6694 vintage Cal.1225 Hand Winding Men's O#148815,2859.35,USD,Pre-owned - Good,3000,FIXED_PRICE,https://www.ebay.com/itm/227445012504?_skw=Rolex+1225&hash=item34f4c77818:g:omkAAeSwyeRqRib0,https://i.ebayimg.com/images/g/omkAAeSwyeRqRib0/s-l225.jpg,aonohappa,10991,99.7,0.00,USD,JP,,2026-07-24T03:11:23.000Z
batch_20260729_214347,iuid_cda1e5e867af48a7,rolex_1225_7559,Rolex 1225,4,v1,EBAY_US,2026-07-29T21:45:06+00:00,v1|800270627462|0,Genuine Rolex 6mm Twinlock Crown 24-600-0 Caliber 1225 1210 Vintage NOS Sealed,349.00,USD,New with tags,1000,FIXED_PRICE|BEST_OFFER,https://www.ebay.com/itm/800270627462?_skw=Rolex+1225&hash=itemba53d8b286:g:cYIAAeSw8HVqQJxq,https://i.ebayimg.com/images/g/cYIAAeSw8HVqQJxq/s-l225.jpg,bigwil_70,477,99.8,,,US,Staten Island,2026-07-01T05:56:22.000Z
batch_20260729_214347,iuid_cda1e5e867af48a7,rolex_1225_7559,Rolex 1225,4,v1,EBAY_US,2026-07-29T21:45:06+00:00,v1|236908646051|0,ROLEX Oyster Date Precision 6694 vintage Cal.1225 Hand Winding Men's O#148135,2664.35,USD,Pre-owned - Good,3000,FIXED_PRICE,https://www.ebay.com/itm/236908646051?_skw=Rolex+1225&hash=item3728db0ea3:g:R3wAAeSw~VhqRF5E,https://i.ebayimg.com/images/g/R3wAAeSw~VhqRF5E/s-l225.jpg,aonohappa,10991,99.7,0.00,USD,JP,,2026-07-01T00:24:37.000Z
batch_20260729_214347,iuid_cda1e5e867af48a7,rolex_1225_7559,Rolex 1225,4,v1,EBAY_US,2026-07-29T21:45:06+00:00,v1|137462005452|0,Rolex Cosmograph Daytona 116520 40mm Automatic Box and Papers Unisex #TFW1225,30886.47,USD,Pre-owned - Good,3000,FIXED_PRICE,https://www.ebay.com/itm/137462005452?_skw=Rolex+1225&hash=item20015fbecc:g:KlQAAeSwsv9qQXEe,https://i.ebayimg.com/images/g/KlQAAeSwsv9qQXEe/s-l225.jpg,minico_01,11771,99.2,0.00,USD,JP,,2026-06-28T19:05:01.000Z
batch_20260729_214347,iuid_cda1e5e867af48a7,rolex_1225_7559,Rolex 1225,4,v1,EBAY_US,2026-07-29T21:45:06+00:00,v1|327233227515|0,with paper ROLEX Oyster Date Precision 6694 Cal.1225 Men's Watch N#148346,3444.35,USD,Pre-owned - Good,3000,FIXED_PRICE,https://www.ebay.com/itm/327233227515?_skw=Rolex+1225&hash=item4c309ecafb:g:j8AAAeSwp91qPj3y,https://i.ebayimg.com/images/g/j8AAAeSwp91qPj3y/s-l225.jpg,aonohappa,10991,99.7,0.00,USD,JP,,2026-06-26T08:53:07.000Z
batch_20260729_214347,iuid_cda1e5e867af48a7,rolex_1225_7559,Rolex 1225,4,v1,EBAY_US,2026-07-29T21:45:06+00:00,v1|117251910756|0,Genuine NOS Rolex 1225 Complete balance wheel With Bridge,530.23,USD,New without tags,1500,FIXED_PRICE|BEST_OFFER,https://www.ebay.com/itm/117251910756?_skw=Rolex+1225&hash=item1b4cc22c64:g:SMcAAeSwIwJqMUfD,https://i.ebayimg.com/images/g/SMcAAeSwIwJqMUfD/s-l225.jpg,thetimekeeperparts,1953,100.0,18.60,USD,GB,LONDON,2026-06-16T12:56:30.000Z
batch_20260729_214347,iuid_cda1e5e867af48a7,rolex_1225_7559,Rolex 1225,4,v1,EBAY_US,2026-07-29T21:45:06+00:00,v1|278065583847|0,ROLEX 6694 Oysterdate 1966 Heavy Patina Cal.1225 Manual Vintage Men's,3800.00,USD,Pre-owned - Good,3000,FIXED_PRICE|BEST_OFFER,https://www.ebay.com/itm/278065583847?_skw=Rolex+1225&hash=item40be0016e7:g:ldEAAeSwoQxqJhS5,https://i.ebayimg.com/images/g/ldEAAeSwoQxqJhS5/s-l225.jpg,japan.premium.shop,639,98.7,0.00,USD,JP,,2026-06-08T01:04:33.000Z
batch_20260729_214347,iuid_cda1e5e867af48a7,rolex_1225_7559,Rolex 1225,4,v1,EBAY_US,2026-07-29T21:45:06+00:00,v1|278063555547|0,Vintage Rolex 6427 Oyster Precision 1969 Cal.1225 Engine Turned Serviced,3500.00,USD,Pre-owned - Good,3000,FIXED_PRICE|BEST_OFFER,https://www.ebay.com/itm/278063555547?_skw=Rolex+1225&hash=item40bde123db:g:wHoAAeSwxFJqJVHJ,https://i.ebayimg.com/images/g/wHoAAeSwxFJqJVHJ/s-l225.jpg,japan.premium.shop,639,98.7,0.00,USD,JP,,2026-06-07T11:14:34.000Z
batch_20260729_214347,iuid_cda1e5e867af48a7,rolex_1225_7559,Rolex 1225,4,v1,EBAY_US,2026-07-29T21:45:06+00:00,v1|327284059927|0,ROLEX Oyster Date Precision 6694 vintage Cal.1225 Hand Winding Men's J#147979,2924.35,USD,Pre-owned - Good,3000,FIXED_PRICE,https://www.ebay.com/itm/327284059927?_skw=Rolex+1225&hash=item4c33a66f17:g:jRQAAeSwEYZqHnoW,https://i.ebayimg.com/images/g/jRQAAeSwEYZqHnoW/s-l225.jpg,aonohappa,10991,99.7,450.00,USD,JP,,2026-07-29T01:58:13.000Z
batch_20260729_214347,iuid_cda1e5e867af48a7,rolex_1225_7559,Rolex 1225,4,v1,EBAY_US,2026-07-29T21:45:06+00:00,v1|236954889187|0,with paper ROLEX Oyster Date Precision 6694 Cal.1225 Hand Winding Men's J#147899,3444.35,USD,Pre-owned - Good,3000,FIXED_PRICE,https://www.ebay.com/itm/236954889187?_skw=Rolex+1225&hash=item372b9cabe3:g:urQAAeSwFLlqGVIC,https://i.ebayimg.com/images/g/urQAAeSwFLlqGVIC/s-l225.jpg,aonohappa,10991,99.7,0.00,USD,JP,,2026-07-22T05:52:29.000Z
batch_20260729_214347,iuid_cda1e5e867af48a7,rolex_1225_7559,Rolex 1225,4,v1,EBAY_US,2026-07-29T21:45:06+00:00,v1|227363181436|0,ROLEX Oyster Precision 6426 Cal.1225 SLV Mosaic Dial Hand Winding Men's J#148133,2274.35,USD,Pre-owned - Good,3000,FIXED_PRICE,https://www.ebay.com/itm/227363181436?_skw=Rolex+1225&hash=item34efe6d37c:g:UGoAAeSweVhqGVFT,https://i.ebayimg.com/images/g/UGoAAeSweVhqGVFT/s-l225.jpg,aonohappa,10991,99.7,0.00,USD,JP,,2026-05-29T08:41:57.000Z
batch_20260729_214347,iuid_cda1e5e867af48a7,rolex_1225_7559,Rolex 1225,4,v1,EBAY_US,2026-07-29T21:45:06+00:00,v1|236842568540|0,ROLEX Oyster Precision 6426 vintage Cal.1225 Hand Winding Men's Watch J#147751,2989.35,USD,Pre-owned - Good,3000,FIXED_PRICE,https://www.ebay.com/itm/236842568540?_skw=Rolex+1225&hash=item3724eacb5c:g:4pkAAeSwIiFqGAJo,https://i.ebayimg.com/images/g/4pkAAeSwIiFqGAJo/s-l225.jpg,aonohappa,10991,99.7,0.00,USD,JP,,2026-05-28T08:46:27.000Z
batch_20260729_214347,iuid_cda1e5e867af48a7,rolex_1225_7559,Rolex 1225,4,v1,EBAY_US,2026-07-29T21:45:06+00:00,v1|800072586087|0,Rolex 1215 1220 1225 1210-7504 / 7590 Centre Wheel Only Original,204.66,USD,Pre-owned,3000,FIXED_PRICE|BEST_OFFER,https://www.ebay.com/itm/800072586087?_skw=Rolex+1225&hash=itemba480ad367:g:RooAAeSw8oNqFWvA,https://i.ebayimg.com/images/g/RooAAeSw8oNqFWvA/s-l225.jpg,only_quality_stuff_new2026,57,100.0,18.00,USD,IT,,2026-05-26T10:04:00.000Z
batch_20260729_214347,iuid_cda1e5e867af48a7,rolex_1225_7559,Rolex 1225,4,v1,EBAY_US,2026-07-29T21:45:06+00:00,v1|800072553717|0,Rolex 1215 1220 1225 1210-7504 / 7590 Centre Wheel Only Original,204.97,USD,Usato,3000,FIXED_PRICE|BEST_OFFER,https://www.ebay.com/itm/800072553717?_skw=Rolex+1225&hash=itemba480a54f5:g:RooAAeSw8oNqFWvA,https://i.ebayimg.com/images/g/RooAAeSw8oNqFWvA/s-l225.jpg,only_quality_stuff_new2026,57,100.0,17.08,USD,IT,Teramo,2026-05-26T09:49:55.000Z
batch_20260729_214347,iuid_cda1e5e867af48a7,rolex_1225_7559,Rolex 1225,4,v1,EBAY_US,2026-07-29T21:45:06+00:00,v1|800072512193|0,Rolex Precision 1225 1215-7591 Original Cannon Pinion Fit Sprocket,78.45,USD,Pre-owned,3000,FIXED_PRICE|BEST_OFFER,https://www.ebay.com/itm/800072512193?_skw=Rolex+1225&hash=itemba4809b2c1:g:gAMAAeSwATdqFWmj,https://i.ebayimg.com/images/g/gAMAAeSwATdqFWmj/s-l225.jpg,only_quality_stuff_new2026,57,100.0,18.00,USD,IT,,2026-05-26T09:38:56.000Z
batch_20260729_214347,iuid_cda1e5e867af48a7,rolex_1225_7559,Rolex 1225,4,v1,EBAY_US,2026-07-29T21:45:06+00:00,v1|800072511441|0,Rolex Precision 1225 1215-7591 Original Cannon Pinion Fit Sprocket,78.57,USD,Usato,3000,FIXED_PRICE|BEST_OFFER,https://www.ebay.com/itm/800072511441?_skw=Rolex+1225&hash=itemba4809afd1:g:gAMAAeSwATdqFWmj,https://i.ebayimg.com/images/g/gAMAAeSwATdqFWmj/s-l225.jpg,only_quality_stuff_new2026,57,100.0,17.08,USD,IT,Teramo,2026-05-26T09:38:38.000Z
batch_20260729_214347,iuid_cda1e5e867af48a7,rolex_1225_7559,Rolex 1225,4,v1,EBAY_US,2026-07-29T21:45:06+00:00,v1|267677629143|0,Authentic - Rolex Date indicator seating part ref. 7598 for Cal. 1225,350.00,USD,Pre-owned,3000,FIXED_PRICE,https://www.ebay.com/itm/267677629143?_skw=Rolex+1225&hash=item3e52d47ad7:g:VtkAAeSwWz1qB3Fj,https://i.ebayimg.com/images/g/VtkAAeSwWz1qB3Fj/s-l225.jpg,thillier_time,300,99.2,35.00,USD,CA,,2026-05-22T14:45:13.000Z
batch_20260729_214347,iuid_cda1e5e867af48a7,rolex_1225_7559,Rolex 1225,4,v1,EBAY_US,2026-07-29T21:45:06+00:00,v1|327172146006|0,ROLEX Oyster Precision 6426 vintage Cal.1225 Hand Winding Men's Watch I#147672,3054.35,USD,Pre-owned - Good,3000,FIXED_PRICE,https://www.ebay.com/itm/327172146006?_skw=Rolex+1225&hash=item4c2cfac356:g:nVAAAeSwB3FqEBpA,https://i.ebayimg.com/images/g/nVAAAeSwB3FqEBpA/s-l225.jpg,aonohappa,10991,99.7,0.00,USD,JP,,2026-05-22T08:56:33.000Z
batch_20260729_214347,iuid_cda1e5e867af48a7,rolex_1225_7559,Rolex 1225,4,v1,EBAY_US,2026-07-29T21:45:06+00:00,v1|157919646671|0,Rolex NOS Dial Foot Screws 7602 For 1210 1215 1220 1225 6694 6426 1 Per Purchase,22.00,USD,New with tags,1000,FIXED_PRICE,https://www.ebay.com/itm/157919646671?_skw=Rolex+1225&hash=item24c4be93cf:g:u3AAAeSweQNqCmWs,https://i.ebayimg.com/images/g/u3AAAeSweQNqCmWs/s-l225.jpg,boostaholic247,2325,100.0,0.00,USD,US,Franconia,2026-05-18T01:06:52.000Z
batch_20260729_214347,iuid_cda1e5e867af48a7,rolex_1225_7559,Rolex 1225,4,v1,EBAY_US,2026-07-29T21:45:06+00:00,v1|157919484497|0,NOS GENUINE ROLEX Wheel # 7567 FOR CAL 1210 1215 1220 1225 For 6694 6466,30.00,USD,New without tags,1500,FIXED_PRICE|BEST_OFFER,https://www.ebay.com/itm/157919484497?_skw=Rolex+1225&hash=item24c4bc1a51:g:A-kAAeSw7cFqClJw,https://i.ebayimg.com/images/g/A-kAAeSw7cFqClJw/s-l225.jpg,boostaholic247,2325,100.0,0.00,USD,US,Franconia,2026-05-17T23:43:34.000Z
batch_20260729_214347,iuid_cda1e5e867af48a7,rolex_1225_7559,Rolex 1225,4,v1,EBAY_US,2026-07-29T21:45:06+00:00,v1|157919424867|0,NOS GENUINE ROLEX Screw Stud & Regulator # 7630 7632 7633 FOR CAL 1220 1225,125.00,USD,New without tags,1500,FIXED_PRICE|BEST_OFFER,https://www.ebay.com/itm/157919424867?_skw=Rolex+1225&hash=item24c4bb3163:g:xJUAAeSwfLxqCkoX,https://i.ebayimg.com/images/g/xJUAAeSwfLxqCkoX/s-l225.jpg,boostaholic247,2325,100.0,0.00,USD,US,Franconia,2026-05-17T23:07:11.000Z
batch_20260729_214347,iuid_cda1e5e867af48a7,rolex_1225_7559,Rolex 1225,4,v1,EBAY_US,2026-07-29T21:45:06+00:00,v1|157919421887|0,NOS GENUINE ROLEX Screw # 7555 FOR CAL 1210 1215 1220 1225 1240,25.00,USD,New without tags,1500,FIXED_PRICE|BEST_OFFER,https://www.ebay.com/itm/157919421887?_skw=Rolex+1225&hash=item24c4bb25bf:g:2k4AAeSw-7BqCkl1,https://i.ebayimg.com/images/g/2k4AAeSw-7BqCkl1/s-l225.jpg,boostaholic247,2325,100.0,0.00,USD,US,Franconia,2026-05-17T23:04:30.000Z
batch_20260729_214347,iuid_0191338de8a94692,rolex_1240_7551,Rolex 1240,4,v1,EBAY_DE,2026-07-29T21:45:09+00:00,v1|406864206051|0,Rolex 1220 (1225-1240) Unruh nur.,340.00,EUR,Occasion,3000,FIXED_PRICE,https://www.ebay.de/itm/406864206051?_skw=Rolex+1240&hash=item5ebaff18e3:g:kroAAeSwzp1p4jkG,https://i.ebayimg.com/images/g/kroAAeSwzp1p4jkG/s-l225.jpg,subtinnio,113,100.0,35.00,EUR,FR,Issy-les-Moulineaux,2026-04-17T13:47:49.000Z
batch_20260729_214347,iuid_0191338de8a94692,rolex_1240_7551,Rolex 1240,4,v1,EBAY_DE,2026-07-29T21:45:09+00:00,v1|227230179716|0,Rolex 2130-340 Neu NEW Blister X1 Third Wheel Stück 1240 2130 2135 Third Wheel,68.20,EUR,Nuovo con etichette,1000,FIXED_PRICE|BEST_OFFER,https://www.ebay.de/itm/227230179716?_skw=Rolex+1240&hash=item34e7f96184:g:q-QAAeSwUypqRRyq,https://i.ebayimg.com/images/g/q-QAAeSwUypqRRyq/s-l225.jpg,*rarecollections,1405,100.0,29.00,EUR,IT,,2026-02-24T08:09:15.000Z
batch_20260729_214347,iuid_0191338de8a94692,rolex_1240_7551,Rolex 1240,4,v1,EBAY_DE,2026-07-29T21:45:09+00:00,v1|227219987447|0,Rolex 1240 150 Neu NEW Blister X1 Stück Zifferblattschraube Screw dial,31.90,EUR,Nuovo con etichette,1000,FIXED_PRICE|BEST_OFFER,https://www.ebay.de/itm/227219987447?_skw=Rolex+1240&hash=item34e75ddbf7:g:8rIAAeSw1tJqRSAN,https://i.ebayimg.com/images/g/8rIAAeSw1tJqRSAN/s-l225.jpg,*rarecollections,1405,100.0,29.00,EUR,IT,,2026-02-16T21:27:18.000Z
batch_20260729_214347,iuid_0191338de8a94692,rolex_1240_7551,Rolex 1240,4,v1,EBAY_DE,2026-07-29T21:45:09+00:00,v1|227219987055|0,Rolex 1240 5503 Neu NEW Blister X1 Stück Flanschschraube Screw Bridle,31.90,EUR,Nuovo con etichette,1000,FIXED_PRICE|BEST_OFFER,https://www.ebay.de/itm/227219987055?_skw=Rolex+1240&hash=item34e75dda6f:g:GCcAAeSwltBqRSDe,https://i.ebayimg.com/images/g/GCcAAeSwltBqRSDe/s-l225.jpg,*rarecollections,1405,100.0,29.00,EUR,IT,,2026-02-16T21:27:07.000Z
batch_20260729_214347,iuid_0191338de8a94692,rolex_1240_7551,Rolex 1240,4,v1,EBAY_DE,2026-07-29T21:45:09+00:00,v1|227219986140|0,Rolex 1240 7505-1 Neu NEW Blister X1 Stück Unruh Einstellschraube,31.90,EUR,Nuovo con etichette,1000,FIXED_PRICE|BEST_OFFER,https://www.ebay.de/itm/227219986140?_skw=Rolex+1240&hash=item34e75dd6dc:g:HJQAAeSwJY1qRSFN,https://i.ebayimg.com/images/g/HJQAAeSwJY1qRSFN/s-l225.jpg,*rarecollections,1405,100.0,29.00,EUR,IT,,2026-02-16T21:26:27.000Z
batch_20260729_214347,iuid_0191338de8a94692,rolex_1240_7551,Rolex 1240,4,v1,EBAY_DE,2026-07-29T21:45:09+00:00,v1|227219984498|0,Rolex 1240-110 Neu NEW Blister X1 Stück Krone Rad Kern Schraube,31.90,EUR,Nuovo con etichette,1000,FIXED_PRICE|BEST_OFFER,https://www.ebay.de/itm/227219984498?_skw=Rolex+1240&hash=item34e75dd072:g:~34AAeSwAQ1qRSIn,https://i.ebayimg.com/images/g/~34AAeSwAQ1qRSIn/s-l225.jpg,*rarecollections,1405,100.0,29.00,EUR,IT,,2026-02-16T21:26:02.000Z
batch_20260729_214347,iuid_0191338de8a94692,rolex_1240_7551,Rolex 1240,4,v1,EBAY_DE,2026-07-29T21:45:09+00:00,v1|227219983683|0,Rolex 1240-340 Neu NEW Blister X1 Stück Schraube 1240 2130 Screw,20.90,EUR,Nuovo con etichette,1000,FIXED_PRICE|BEST_OFFER,https://www.ebay.de/itm/227219983683?_skw=Rolex+1240&hash=item34e75dcd43:g:EWkAAeSwEZtqRSPM,https://i.ebayimg.com/images/g/EWkAAeSwEZtqRSPM/s-l225.jpg,*rarecollections,1405,100.0,29.00,EUR,IT,,2026-02-16T21:25:45.000Z
batch_20260729_214347,iuid_0191338de8a94692,rolex_1240_7551,Rolex 1240,4,v1,EBAY_DE,2026-07-29T21:45:09+00:00,v1|227216717548|0,Rolex 2135-360 Neu NEW Blister X1 Stück Sekundenrad 1240 2130 2135,108.90,EUR,Nuovo con etichette,1000,FIXED_PRICE|BEST_OFFER,https://www.ebay.de/itm/227216717548?_skw=Rolex+1240&hash=item34e72bf6ec:g:FVkAAeSwtTNqSFS9,https://i.ebayimg.com/images/g/FVkAAeSwtTNqSFS9/s-l225.jpg,*rarecollections,1405,100.0,29.00,EUR,IT,,2026-02-14T09:50:12.000Z
batch_20260729_214347,iuid_0191338de8a94692,rolex_1240_7551,Rolex 1240,4,v1,EBAY_DE,2026-07-29T21:45:09+00:00,v1|227196820182|0,Rolex 1240-340 Neu NEW Blister X1 Stück Schraube Tiretto 1240 2130 Screw Setting,31.90,EUR,Nuovo con etichette,1000,FIXED_PRICE|BEST_OFFER,https://www.ebay.de/itm/227196820182?_skw=Rolex+1240&hash=item34e5fc5ad6:g:E~kAAeSwRydqabGL,https://i.ebayimg.com/images/g/E~kAAeSwRydqabGL/s-l225.jpg,*rarecollections,1405,100.0,29.00,EUR,IT,,2026-01-31T16:28:03.000Z
batch_20260729_214347,iuid_0191338de8a94692,rolex_1240_7551,Rolex 1240,4,v1,EBAY_DE,2026-07-29T21:45:09+00:00,v1|227196795276|0,Rolex 2130-311 Neu NEW Blister X1 Stück Lauffeder Normalkraft 1240,163.90,EUR,Nuovo con etichette,1000,FIXED_PRICE|BEST_OFFER,https://www.ebay.de/itm/227196795276?_skw=Rolex+1240&hash=item34e5fbf98c:i:227196795276,,*rarecollections,1405,100.0,29.00,EUR,IT,,2026-01-31T16:01:55.000Z
batch_20260729_214347,iuid_0191338de8a94692,rolex_1240_7551,Rolex 1240,4,v1,EBAY_DE,2026-07-29T21:45:09+00:00,v1|227186992491|0,Rolex 2130-105 Wie Neu Laufbrücke 1240 2130 2135 Barrel Bridge,207.90,EUR,Usato,3000,FIXED_PRICE|BEST_OFFER,https://www.ebay.de/itm/227186992491?_skw=Rolex+1240&hash=item34e566656b:g:V1wAAeSw~fxqMTD5,https://i.ebayimg.com/images/g/V1wAAeSw~fxqMTD5/s-l225.jpg,*rarecollections,1405,100.0,29.00,EUR,IT,,2026-01-24T10:09:46.000Z
batch_20260729_214347,iuid_0191338de8a94692,rolex_1240_7551,Rolex 1240,4,v1,EBAY_DE,2026-07-29T21:45:09+00:00,v1|227184714301|0,Rolex 1240-110 Neu NEW Blister X1 Stück Schraube Feder-Kupplung Sekundenrad 1240,49.50,EUR,Nuovo con etichette,1000,FIXED_PRICE|BEST_OFFER,https://www.ebay.de/itm/227184714301?_skw=Rolex+1240&hash=item34e543a23d:g:qmEAAeSw77hqM~IT,https://i.ebayimg.com/images/g/qmEAAeSw77hqM~IT/s-l225.jpg,*rarecollections,1405,100.0,29.00,EUR,IT,,2026-01-22T15:58:17.000Z
batch_20260729_214347,iuid_0191338de8a94692,rolex_1240_7551,Rolex 1240,4,v1,EBAY_DE,2026-07-29T21:45:09+00:00,v1|227184706078|0,Rolex 1240-201 Neu NEW Blister X1 Stück Schraube für Dial 1240 2130 Screw,49.50,EUR,Nuovo con etichette,1000,FIXED_PRICE|BEST_OFFER,https://www.ebay.de/itm/227184706078?_skw=Rolex+1240&hash=item34e543821e:g:58AAAeSwplVqM~Ld,https://i.ebayimg.com/images/g/58AAAeSwplVqM~Ld/s-l225.jpg,*rarecollections,1405,100.0,29.00,EUR,IT,,2026-01-22T15:48:28.000Z
batch_20260729_214347,iuid_0191338de8a94692,rolex_1240_7551,Rolex 1240,4,v1,EBAY_DE,2026-07-29T21:45:09+00:00,v1|227184701508|0,Rolex 1240-335 Neu NEW Blister X1 Stück Schraube Brücke Waage/Fass/Ruotik 1240,24.20,EUR,Nuovo con etichette,1000,FIXED_PRICE|BEST_OFFER,https://www.ebay.de/itm/227184701508?_skw=Rolex+1240&hash=item34e5437044:g:8doAAeSwf55qM~Pz,https://i.ebayimg.com/images/g/8doAAeSwf55qM~Pz/s-l225.jpg,*rarecollections,1405,100.0,29.00,EUR,IT,,2026-01-22T15:41:43.000Z
batch_20260729_214347,iuid_0191338de8a94692,rolex_1240_7551,Rolex 1240,4,v1,EBAY_DE,2026-07-29T21:45:09+00:00,v1|126031669005|0,ULTRA RARE ROLEX 1240 - 150 GEHÄUSEKLEMME - ZAUM ERSATZTEILE ORIGINAL,80.00,EUR,Usato - Buono,3000,FIXED_PRICE|BEST_OFFER,https://www.ebay.de/itm/126031669005?_skw=Rolex+1240&hash=item1d5812a70d:g:0NEAAOSw~jRkw93b,https://i.ebayimg.com/images/g/0NEAAOSw~jRkw93b/s-l225.jpg,sales-watch-parts,450,100.0,15.00,EUR,IT,Castiglion Fiorentino,2023-07-28T15:25:22.000Z
batch_20260729_214347,iuid_0191338de8a94692,rolex_1240_7551,Rolex 1240,4,v1,EBAY_DE,2026-07-29T21:45:09+00:00,v1|404187256391|0,ONE NEW Original Rolex part number 1240-7932  Shock Absorber for Balance,50.00,EUR,Nuevo sin etiquetas,1500,FIXED_PRICE,https://www.ebay.de/itm/404187256391?_skw=Rolex+1240&hash=item5e1b701647:g:0nIAAOSwXGVkAiVa,https://i.ebayimg.com/images/g/0nIAAOSwXGVkAiVa/s-l225.jpg,17jewelswatches,261,97.2,20.00,EUR,ES,Boo,2023-03-03T16:51:45.000Z
batch_20260729_214347,iuid_0191338de8a94692,rolex_1240_7551,Rolex 1240 7551,1,v1,EBAY_US,2026-07-29T21:45:10+00:00,v1|133516833030|0,Original sealed genuine Rolex Sliding pinion CAL.1240 part 7551,132.89,USD,New with tags,1000,FIXED_PRICE|BEST_OFFER,https://www.ebay.com/itm/133516833030?_skw=Rolex+1240+7551&hash=item1f16393106:g:l94AAOSwVRBfW6Lm,https://i.ebayimg.com/images/g/l94AAOSwVRBfW6Lm/s-l225.jpg,swisstime1,411,100.0,26.58,USD,GB,LONDON,2020-09-11T16:24:44.000Z
batch_20260729_214347,iuid_0191338de8a94692,rolex_1240_7551,Rolex 1240,4,v1,EBAY_US,2026-07-29T21:45:13+00:00,v1|147460965361|0,Rolex 1908 52509 39mm White Gold Black Wristwatch #UW1240,25985.75,USD,Pre-owned - Good,3000,FIXED_PRICE,https://www.ebay.com/itm/147460965361?_skw=Rolex+1240&hash=item22555bc3f1:g:4Y4AAeSwQw5qZPYT,https://i.ebayimg.com/images/g/4Y4AAeSwQw5qZPYT/s-l225.jpg,minico_01,11771,99.2,0.00,USD,JP,,2026-07-25T17:39:44.000Z
batch_20260729_214347,iuid_0191338de8a94692,rolex_1240_7551,Rolex 1240,4,v1,EBAY_US,2026-07-29T21:45:13+00:00,v1|257581001907|0,Rolex 1240 # 165 Case Clamp Screw Genuine Made New X1 From Pack,39.87,USD,New with tags,1000,FIXED_PRICE,https://www.ebay.com/itm/257581001907?_skw=Rolex+1240&hash=item3bf9062cb3:g:3DIAAeSw2hxqOWAX,https://i.ebayimg.com/images/g/3DIAAeSw2hxqOWAX/s-l225.jpg,nwcs84,11806,100.0,17.61,USD,GB,HILLSBOROUGH,2026-06-22T16:18:15.000Z
batch_20260729_214347,iuid_0191338de8a94692,rolex_1240_7551,Rolex 1240,4,v1,EBAY_US,2026-07-29T21:45:13+00:00,v1|147373969067|0,Rolex Datejust 69173G Stainless Steel / Yellow Gold 26mm Champagne Dial #DW1240,8458.24,USD,Pre-owned - Good,3000,FIXED_PRICE,https://www.ebay.com/itm/147373969067?_skw=Rolex+1240&hash=item22502c4eab:g:uLkAAeSwCeVqLveC,https://i.ebayimg.com/images/g/uLkAAeSwCeVqLveC/s-l225.jpg,minico_01,11771,99.2,0.00,USD,JP,,2026-06-14T18:45:33.000Z
batch_20260729_214347,iuid_0191338de8a94692,rolex_1240_7551,Rolex 1240,4,v1,EBAY_US,2026-07-29T21:45:13+00:00,v1|157919421887|0,NOS GENUINE ROLEX Screw # 7555 FOR CAL 1210 1215 1220 1225 1240,25.00,USD,New without tags,1500,FIXED_PRICE|BEST_OFFER,https://www.ebay.com/itm/157919421887?_skw=Rolex+1240&hash=item24c4bb25bf:g:2k4AAeSw-7BqCkl1,https://i.ebayimg.com/images/g/2k4AAeSw-7BqCkl1/s-l225.jpg,boostaholic247,2325,100.0,0.00,USD,US,Franconia,2026-05-17T23:04:30.000Z
batch_20260729_214347,iuid_0191338de8a94692,rolex_1240_7551,Rolex 1240,4,v1,EBAY_US,2026-07-29T21:45:13+00:00,v1|157919420531|0,NOS GENUINE ROLEX Screw # 7573 FOR CAL 1210 1215 1220 1225 1240,25.00,USD,New without tags,1500,FIXED_PRICE|BEST_OFFER,https://www.ebay.com/itm/157919420531?_skw=Rolex+1240&hash=item24c4bb2073:g:-CgAAeSwWz1qCkjV,https://i.ebayimg.com/images/g/-CgAAeSwWz1qCkjV/s-l225.jpg,boostaholic247,2325,100.0,0.00,USD,US,Franconia,2026-05-17T23:01:53.000Z
batch_20260729_214347,iuid_0191338de8a94692,rolex_1240_7551,Rolex 1240,4,v1,EBAY_US,2026-07-29T21:45:13+00:00,v1|157919414608|0,NOS GENUINE ROLEX Jewel # 7513 FOR CAL 1210 1215 1220 1225 1240,25.00,USD,New without tags,1500,FIXED_PRICE|BEST_OFFER,https://www.ebay.com/itm/157919414608?_skw=Rolex+1240&hash=item24c4bb0950:g:hYgAAeSw5-9qCkdx,https://i.ebayimg.com/images/g/hYgAAeSw5-9qCkdx/s-l225.jpg,boostaholic247,2325,100.0,0.00,USD,US,Franconia,2026-05-17T22:55:54.000Z
batch_20260729_214347,iuid_0191338de8a94692,rolex_1240_7551,Rolex 1240,4,v1,EBAY_US,2026-07-29T21:45:13+00:00,v1|157919414004|0,NOS GENUINE ROLEX Jewel # 7514 FOR CAL 1210 1215 1220 1225 1240,25.00,USD,New without tags,1500,FIXED_PRICE|BEST_OFFER,https://www.ebay.com/itm/157919414004?_skw=Rolex+1240&hash=item24c4bb06f4:g:j5MAAeSw3YRqCkcL,https://i.ebayimg.com/images/g/j5MAAeSw3YRqCkcL/s-l225.jpg,boostaholic247,2325,100.0,0.00,USD,US,Franconia,2026-05-17T22:54:49.000Z
batch_20260729_214347,iuid_0191338de8a94692,rolex_1240_7551,Rolex 1240,4,v1,EBAY_US,2026-07-29T21:45:13+00:00,v1|157919412919|0,NOS GENUINE ROLEX  Wheel # 7567 FOR CAL 1210 1215 1220 1225 1240,40.00,USD,New without tags,1500,FIXED_PRICE|BEST_OFFER,https://www.ebay.com/itm/157919412919?_skw=Rolex+1240&hash=item24c4bb02b7:g:CN0AAeSwFG1qCka9,https://i.ebayimg.com/images/g/CN0AAeSwFG1qCka9/s-l225.jpg,boostaholic247,2325,100.0,0.00,USD,US,Franconia,2026-05-17T22:53:26.000Z
batch_20260729_214347,iuid_0191338de8a94692,rolex_1240_7551,Rolex 1240,4,v1,EBAY_US,2026-07-29T21:45:13+00:00,v1|157919410684|0,NOS GENUINE ROLEX  Click # 7558 FOR CAL 1210 1215 1220 1225 1240,75.00,USD,New with tags,1000,FIXED_PRICE|BEST_OFFER,https://www.ebay.com/itm/157919410684?_skw=Rolex+1240&hash=item24c4baf9fc:g:OYwAAeSwGTpqCkZX,https://i.ebayimg.com/images/g/OYwAAeSwGTpqCkZX/s-l225.jpg,boostaholic247,2325,100.0,0.00,USD,US,Franconia,2026-05-17T22:51:26.000Z
batch_20260729_214347,iuid_0191338de8a94692,rolex_1240_7551,Rolex 1240,4,v1,EBAY_US,2026-07-29T21:45:13+00:00,v1|227230179723|0,Rolex 2130-340 New Blister X1 Piece X1 Piece Third Wheel 1240 2130 2135,78.30,USD,New with tags,1000,FIXED_PRICE|BEST_OFFER,https://www.ebay.com/itm/227230179723?_skw=Rolex+1240&hash=item34e7f9618b:g:nuYAAeSw2hxqMVPv,https://i.ebayimg.com/images/g/nuYAAeSw2hxqMVPv/s-l225.jpg,*rarecollections,1405,100.0,55.00,USD,IT,,2026-02-24T08:09:17.000Z
batch_20260729_214347,iuid_0191338de8a94692,rolex_1240_7551,Rolex 1240,4,v1,EBAY_US,2026-07-29T21:45:13+00:00,v1|227230179716|0,Rolex 2130-340 New NEW Blister X1 Piece Third Wheel 1240 2130 2135 Third Wheel,77.66,USD,Nuovo con etichette,1000,FIXED_PRICE|BEST_OFFER,https://www.ebay.com/itm/227230179716?_skw=Rolex+1240&hash=item34e7f96184:g:q-QAAeSwUypqRRyq,https://i.ebayimg.com/images/g/q-QAAeSwUypqRRyq/s-l225.jpg,*rarecollections,1405,100.0,51.24,USD,IT,,2026-02-24T08:09:15.000Z
batch_20260729_214347,iuid_0191338de8a94692,rolex_1240_7551,Rolex 1240,4,v1,EBAY_US,2026-07-29T21:45:13+00:00,v1|227230179579|0,Rolex 2130-335 New Blister X1 Piece X1 Piece Minute Pinion with cannon 1240 2130,145.51,USD,New with tags,1000,FIXED_PRICE|BEST_OFFER,https://www.ebay.com/itm/227230179579?_skw=Rolex+1240&hash=item34e7f960fb:g:bXUAAeSwxMpqZor0,https://i.ebayimg.com/images/g/bXUAAeSwxMpqZor0/s-l225.jpg,*rarecollections,1405,100.0,55.00,USD,IT,,2026-02-24T08:09:06.000Z
batch_20260729_214347,iuid_0191338de8a94692,rolex_1240_7551,Rolex 1240,4,v1,EBAY_US,2026-07-29T21:45:13+00:00,v1|227219987447|0,Rolex 1240 150 New NEW Blister X1 Piece Dial Screw Screw Screw Dial,36.32,USD,Nuovo con etichette,1000,FIXED_PRICE|BEST_OFFER,https://www.ebay.com/itm/227219987447?_skw=Rolex+1240&hash=item34e75ddbf7:g:8rIAAeSw1tJqRSAN,https://i.ebayimg.com/images/g/8rIAAeSw1tJqRSAN/s-l225.jpg,*rarecollections,1405,100.0,51.24,USD,IT,,2026-02-16T21:27:18.000Z
batch_20260729_214347,iuid_0191338de8a94692,rolex_1240_7551,Rolex 1240,4,v1,EBAY_US,2026-07-29T21:45:13+00:00,v1|227219987460|0,Rolex 1240 150 New Blister X1 Piece X1 Piece Screw for dial,36.66,USD,New with tags,1000,FIXED_PRICE|BEST_OFFER,https://www.ebay.com/itm/227219987460?_skw=Rolex+1240&hash=item34e75ddc04:g:Y4AAAeSwQERqM~B1,https://i.ebayimg.com/images/g/Y4AAAeSwQERqM~B1/s-l225.jpg,*rarecollections,1405,100.0,55.00,USD,IT,,2026-02-16T21:27:18.000Z
batch_20260729_214347,iuid_0191338de8a94692,rolex_1240_7551,Rolex 1240,4,v1,EBAY_US,2026-07-29T21:45:13+00:00,v1|227219987053|0,Rolex 1240 5503 New Blister X1 Piece X1 Piece Screw for Bridle,36.66,USD,New with tags,1000,FIXED_PRICE|BEST_OFFER,https://www.ebay.com/itm/227219987053?_skw=Rolex+1240&hash=item34e75dda6d:g:XjEAAeSwWtdqM~GZ,https://i.ebayimg.com/images/g/XjEAAeSwWtdqM~GZ/s-l225.jpg,*rarecollections,1405,100.0,55.00,USD,IT,,2026-02-16T21:27:07.000Z
batch_20260729_214347,iuid_0191338de8a94692,rolex_1240_7551,Rolex 1240,4,v1,EBAY_US,2026-07-29T21:45:13+00:00,v1|227219987055|0,Rolex 1240 5503 New NEW Blister X1 Piece Flange Screw Screw Bridle,36.32,USD,Nuovo con etichette,1000,FIXED_PRICE|BEST_OFFER,https://www.ebay.com/itm/227219987055?_skw=Rolex+1240&hash=item34e75dda6f:g:GCcAAeSwltBqRSDe,https://i.ebayimg.com/images/g/GCcAAeSwltBqRSDe/s-l225.jpg,*rarecollections,1405,100.0,51.24,USD,IT,,2026-02-16T21:27:07.000Z
batch_20260729_214347,iuid_0191338de8a94692,rolex_1240_7551,Rolex 1240,4,v1,EBAY_US,2026-07-29T21:45:13+00:00,v1|227219986169|0,Rolex 1240 7505-1 New Blister X1 Piece X1 Piece Screw for regulating the balance,36.66,USD,New with tags,1000,FIXED_PRICE|BEST_OFFER,https://www.ebay.com/itm/227219986169?_skw=Rolex+1240&hash=item34e75dd6f9:g:fxUAAeSwGN5qM~Gl,https://i.ebayimg.com/images/g/fxUAAeSwGN5qM~Gl/s-l225.jpg,*rarecollections,1405,100.0,55.00,USD,IT,,2026-02-16T21:26:29.000Z
batch_20260729_214347,iuid_0191338de8a94692,rolex_1240_7551,Rolex 1240,4,v1,EBAY_US,2026-07-29T21:45:13+00:00,v1|227219986140|0,Rolex 1240 7505-1 New NEW Blister X1 Piece Barbell Adjustment Screw,36.32,USD,Nuovo con etichette,1000,FIXED_PRICE|BEST_OFFER,https://www.ebay.com/itm/227219986140?_skw=Rolex+1240&hash=item34e75dd6dc:g:HJQAAeSwJY1qRSFN,https://i.ebayimg.com/images/g/HJQAAeSwJY1qRSFN/s-l225.jpg,*rarecollections,1405,100.0,51.24,USD,IT,,2026-02-16T21:26:27.000Z
batch_20260729_214347,iuid_0191338de8a94692,rolex_1240_7551,Rolex 1240,4,v1,EBAY_US,2026-07-29T21:45:13+00:00,v1|227219984533|0,Rolex 1240-110 New Blister X1 Piece X1 Piece Screw for crown wheel core 1240 213,36.66,USD,New with tags,1000,FIXED_PRICE|BEST_OFFER,https://www.ebay.com/itm/227219984533?_skw=Rolex+1240&hash=item34e75dd095:g:ef8AAeSwnudqM~MX,https://i.ebayimg.com/images/g/ef8AAeSwnudqM~MX/s-l225.jpg,*rarecollections,1405,100.0,55.00,USD,IT,,2026-02-16T21:26:03.000Z
batch_20260729_214347,iuid_0191338de8a94692,rolex_1240_7551,Rolex 1240,4,v1,EBAY_US,2026-07-29T21:45:13+00:00,v1|227219984498|0,Rolex 1240-110 New NEW Blister X1 Piece Screw Crown Wheel Core,36.32,USD,Nuovo con etichette,1000,FIXED_PRICE|BEST_OFFER,https://www.ebay.com/itm/227219984498?_skw=Rolex+1240&hash=item34e75dd072:g:~34AAeSwAQ1qRSIn,https://i.ebayimg.com/images/g/~34AAeSwAQ1qRSIn/s-l225.jpg,*rarecollections,1405,100.0,51.24,USD,IT,,2026-02-16T21:26:02.000Z
batch_20260729_214347,iuid_0191338de8a94692,rolex_1240_7551,Rolex 1240,4,v1,EBAY_US,2026-07-29T21:45:13+00:00,v1|227219983718|0,Rolex 1240-340 New Blister X1 Piece X1 Piece Screw 1240 2130,24.02,USD,New with tags,1000,FIXED_PRICE|BEST_OFFER,https://www.ebay.com/itm/227219983718?_skw=Rolex+1240&hash=item34e75dcd66:g:-T8AAeSw0Q9qOjdd,https://i.ebayimg.com/images/g/-T8AAeSw0Q9qOjdd/s-l225.jpg,*rarecollections,1405,100.0,55.00,USD,IT,,2026-02-16T21:25:46.000Z
batch_20260729_214347,iuid_0191338de8a94692,rolex_1240_7551,Rolex 1240,4,v1,EBAY_US,2026-07-29T21:45:13+00:00,v1|227219983683|0,Rolex 1240-340 New NEW Blister X1 Piece Screw 1240 2130 Screw,23.80,USD,Nuovo con etichette,1000,FIXED_PRICE|BEST_OFFER,https://www.ebay.com/itm/227219983683?_skw=Rolex+1240&hash=item34e75dcd43:g:EWkAAeSwEZtqRSPM,https://i.ebayimg.com/images/g/EWkAAeSwEZtqRSPM/s-l225.jpg,*rarecollections,1405,100.0,51.24,USD,IT,,2026-02-16T21:25:45.000Z
batch_20260729_214347,iuid_0191338de8a94692,rolex_1240_7551,Rolex 1240,4,v1,EBAY_US,2026-07-29T21:45:13+00:00,v1|227216717586|0,Rolex 2135-360 New Blister X1 Piece X1 Piece Second Wheel 1240 2130 2135,125.27,USD,New with tags,1000,FIXED_PRICE|BEST_OFFER,https://www.ebay.com/itm/227216717586?_skw=Rolex+1240&hash=item34e72bf712:g:wcAAAeSw5ehqSBlg,https://i.ebayimg.com/images/g/wcAAAeSw5ehqSBlg/s-l225.jpg,*rarecollections,1405,100.0,55.00,USD,IT,,2026-02-14T09:50:18.000Z
batch_20260729_214347,iuid_0191338de8a94692,rolex_1240_7551,Rolex 1240,4,v1,EBAY_US,2026-07-29T21:45:13+00:00,v1|227216717548|0,Rolex 2135-360 New NEW Blister X1 Piece Second Wheel 1240 2130 2135,124.00,USD,Nuovo con etichette,1000,FIXED_PRICE|BEST_OFFER,https://www.ebay.com/itm/227216717548?_skw=Rolex+1240&hash=item34e72bf6ec:g:FVkAAeSwtTNqSFS9,https://i.ebayimg.com/images/g/FVkAAeSwtTNqSFS9/s-l225.jpg,*rarecollections,1405,100.0,51.24,USD,IT,,2026-02-14T09:50:12.000Z
batch_20260729_214347,iuid_0191338de8a94692,rolex_1240_7551,Rolex 1240,4,v1,EBAY_US,2026-07-29T21:45:13+00:00,v1|157666916872|0,Rolex 1210 1215 1220 1225 1240 Barrel Bridge Crown Wheel Core Ratchet 7552 7553,119.00,USD,Pre-owned,3000,FIXED_PRICE|BEST_OFFER,https://www.ebay.com/itm/157666916872?_skw=Rolex+1240&hash=item24b5ae3a08:g:TxQAAeSwWaZph5M6,https://i.ebayimg.com/images/g/TxQAAeSwWaZph5M6/s-l225.jpg,boostaholic247,2325,100.0,0.00,USD,US,Franconia,2026-02-07T19:34:05.000Z
batch_20260729_214347,iuid_0191338de8a94692,rolex_1240_7551,Rolex 1240,4,v1,EBAY_US,2026-07-29T21:45:13+00:00,v1|157666819280|0,Rolex 1220 1225 1240 Train Wheel Bridge Great Shape 7493,145.00,USD,Pre-owned,3000,FIXED_PRICE,https://www.ebay.com/itm/157666819280?_skw=Rolex+1240&hash=item24b5acbcd0:g:Cr4AAeSwvh5ph4~d,https://i.ebayimg.com/images/g/Cr4AAeSwvh5ph4~d/s-l225.jpg,boostaholic247,2325,100.0,0.00,USD,US,Franconia,2026-02-07T19:19:32.000Z
batch_20260729_214347,iuid_0191338de8a94692,rolex_1240_7551,Rolex 1240,4,v1,EBAY_US,2026-07-29T21:45:13+00:00,v1|157666812137|0,Rolex 1220 1225 1240 Balance Bridge Complete Excellent Shape 7632 7633 Regulator,125.00,USD,Pre-owned,3000,FIXED_PRICE,https://www.ebay.com/itm/157666812137?_skw=Rolex+1240&hash=item24b5aca0e9:g:NRMAAeSw22Rph47J,https://i.ebayimg.com/images/g/NRMAAeSw22Rph47J/s-l225.jpg,boostaholic247,2325,100.0,0.00,USD,US,Franconia,2026-02-07T19:15:31.000Z
batch_20260729_214347,iuid_0191338de8a94692,rolex_1240_7551,Rolex 1240,4,v1,EBAY_US,2026-07-29T21:45:13+00:00,v1|227196820182|0,Rolex 1240-340 New NEW Blister X1 Piece Screw Pull 1240 2130 Screw Setting,36.32,USD,Nuovo con etichette,1000,FIXED_PRICE|BEST_OFFER,https://www.ebay.com/itm/227196820182?_skw=Rolex+1240&hash=item34e5fc5ad6:g:E~kAAeSwRydqabGL,https://i.ebayimg.com/images/g/E~kAAeSwRydqabGL/s-l225.jpg,*rarecollections,1405,100.0,51.24,USD,IT,,2026-01-31T16:28:03.000Z
batch_20260729_214347,iuid_0191338de8a94692,rolex_1240_7551,Rolex 1240,4,v1,EBAY_US,2026-07-29T21:45:13+00:00,v1|227196820188|0,Rolex 1240-340 New Blister X1 Piece X1 Piece Screw for setting lever 1240 2130,36.62,USD,New with tags,1000,FIXED_PRICE|BEST_OFFER,https://www.ebay.com/itm/227196820188?_skw=Rolex+1240&hash=item34e5fc5adc:g:NJwAAeSw6Z5qaa15,https://i.ebayimg.com/images/g/NJwAAeSw6Z5qaa15/s-l225.jpg,*rarecollections,1405,100.0,55.00,USD,IT,,2026-01-31T16:28:03.000Z
batch_20260729_214347,iuid_0191338de8a94692,rolex_1240_7551,Rolex 1240,4,v1,EBAY_US,2026-07-29T21:45:13+00:00,v1|227196795285|0,Rolex 2130-311 New Blister X1 Piece X1 Piece Mainspring Strenght Standard 1240 2,188.53,USD,New with tags,1000,FIXED_PRICE|BEST_OFFER,https://www.ebay.com/itm/227196795285?_skw=Rolex+1240&hash=item34e5fbf995:i:227196795285,,*rarecollections,1405,100.0,55.00,USD,IT,,2026-01-31T16:01:58.000Z
batch_20260729_214347,iuid_0191338de8a94692,rolex_1240_7551,Rolex 1240,4,v1,EBAY_US,2026-07-29T21:45:13+00:00,v1|227196795276|0,Rolex 2130-311 New NEW Blister X1 Piece Barrel Spring Normal Force 1240,186.63,USD,Nuovo con etichette,1000,FIXED_PRICE|BEST_OFFER,https://www.ebay.com/itm/227196795276?_skw=Rolex+1240&hash=item34e5fbf98c:i:227196795276,,*rarecollections,1405,100.0,51.24,USD,IT,,2026-01-31T16:01:55.000Z
batch_20260729_214347,iuid_0191338de8a94692,rolex_1240_7551,Rolex 1240,4,v1,EBAY_US,2026-07-29T21:45:13+00:00,v1|227186992491|0,Rolex 2130-105 Equal to New Barile Bridge 1240 2130 2135 Barrel Bridge,236.74,USD,Usato,3000,FIXED_PRICE|BEST_OFFER,https://www.ebay.com/itm/227186992491?_skw=Rolex+1240&hash=item34e566656b:g:V1wAAeSw~fxqMTD5,https://i.ebayimg.com/images/g/V1wAAeSw~fxqMTD5/s-l225.jpg,*rarecollections,1405,100.0,51.24,USD,IT,,2026-01-24T10:09:46.000Z
batch_20260729_214347,iuid_0191338de8a94692,rolex_1240_7551,Rolex 1240,4,v1,EBAY_US,2026-07-29T21:45:13+00:00,v1|227186992503|0,Rolex 2130-105 Excellent Condition Barrel Bridge 1240 2130 2135,239.15,USD,Pre-owned,3000,FIXED_PRICE,https://www.ebay.com/itm/227186992503?_skw=Rolex+1240&hash=item34e5666577:g:n80AAeSwKXpqM9TX,https://i.ebayimg.com/images/g/n80AAeSwKXpqM9TX/s-l225.jpg,*rarecollections,1405,100.0,55.00,USD,IT,,2026-01-24T10:09:46.000Z
batch_20260729_214347,iuid_0191338de8a94692,rolex_1240_7551,Rolex 1240,4,v1,EBAY_US,2026-07-29T21:45:13+00:00,v1|227184714301|0,Rolex 1240-110 New NEW Blister X1 Piece Screw Spring-Clutch Wheel Seconds 1240,56.37,USD,Nuovo con etichette,1000,FIXED_PRICE|BEST_OFFER,https://www.ebay.com/itm/227184714301?_skw=Rolex+1240&hash=item34e543a23d:g:qmEAAeSw77hqM~IT,https://i.ebayimg.com/images/g/qmEAAeSw77hqM~IT/s-l225.jpg,*rarecollections,1405,100.0,51.24,USD,IT,,2026-01-22T15:58:17.000Z
batch_20260729_214347,iuid_0191338de8a94692,rolex_1240_7551,Rolex 1240,4,v1,EBAY_US,2026-07-29T21:45:13+00:00,v1|227184711767|0,Rolex 1240-110 New Blister X1 Piece X1 Piece Screw for second pinion friction sp,56.83,USD,New with tags,1000,FIXED_PRICE,https://www.ebay.com/itm/227184711767?_skw=Rolex+1240&hash=item34e5439857:g:jUwAAeSwHk1qM~LO,https://i.ebayimg.com/images/g/jUwAAeSwHk1qM~LO/s-l225.jpg,*rarecollections,1405,100.0,55.00,USD,IT,,2026-01-22T15:53:58.000Z
batch_20260729_214347,iuid_0191338de8a94692,rolex_1240_7551,Rolex 1240,4,v1,EBAY_US,2026-07-29T21:45:13+00:00,v1|227184706077|0,Rolex 1240-201 New Blister X1 Piece X1 Piece Screw for dial 1240 2130,56.88,USD,New with tags,1000,FIXED_PRICE,https://www.ebay.com/itm/227184706077?_skw=Rolex+1240&hash=item34e543821d:g:dEAAAeSwdi1qM~Lf,https://i.ebayimg.com/images/g/dEAAAeSwdi1qM~Lf/s-l225.jpg,*rarecollections,1405,100.0,55.00,USD,IT,,2026-01-22T15:48:29.000Z
batch_20260729_214347,iuid_0191338de8a94692,rolex_1240_7551,Rolex 1240,4,v1,EBAY_US,2026-07-29T21:45:13+00:00,v1|227184706078|0,Rolex 1240-201 New NEW Blister X1 Piece Screw for Dial 1240 2130 Screw,56.37,USD,Nuovo con etichette,1000,FIXED_PRICE|BEST_OFFER,https://www.ebay.com/itm/227184706078?_skw=Rolex+1240&hash=item34e543821e:g:58AAAeSwplVqM~Ld,https://i.ebayimg.com/images/g/58AAAeSwplVqM~Ld/s-l225.jpg,*rarecollections,1405,100.0,51.24,USD,IT,,2026-01-22T15:48:28.000Z
batch_20260729_214347,iuid_0191338de8a94692,rolex_1240_7551,Rolex 1240,4,v1,EBAY_US,2026-07-29T21:45:13+00:00,v1|227184701508|0,Rolex 1240-335 New NEW Blister X1 Piece Screw Bridge Balance/Barrel/Rutism 1240,27.56,USD,Nuovo con etichette,1000,FIXED_PRICE|BEST_OFFER,https://www.ebay.com/itm/227184701508?_skw=Rolex+1240&hash=item34e5437044:g:8doAAeSwf55qM~Pz,https://i.ebayimg.com/images/g/8doAAeSwf55qM~Pz/s-l225.jpg,*rarecollections,1405,100.0,51.24,USD,IT,,2026-01-22T15:41:43.000Z
batch_20260729_214347,iuid_0191338de8a94692,rolex_1240_7551,Rolex 1240,4,v1,EBAY_US,2026-07-29T21:45:13+00:00,v1|227183441510|0,Rolex 1240-335 New Blister X1 Piece X1 Piece Screw for barrel bridge train 1240,27.78,USD,New with tags,1000,FIXED_PRICE,https://www.ebay.com/itm/227183441510?_skw=Rolex+1240&hash=item34e5303666:g:rgQAAeSwcRJqM~OP,https://i.ebayimg.com/images/g/rgQAAeSwcRJqM~OP/s-l225.jpg,*rarecollections,1405,100.0,55.00,USD,IT,,2026-01-21T17:06:12.000Z
batch_20260729_214347,iuid_0191338de8a94692,rolex_1240_7551,Rolex 1240,4,v1,EBAY_US,2026-07-29T21:45:13+00:00,v1|306598027489|0,"Benrus CZ 401/60 WINDING STEM BestFit 200/326F, 0.90, 11.0mm, FEF 270 Read List!",10.99,USD,New without tags,1500,FIXED_PRICE,https://www.ebay.com/itm/306598027489?_skw=Rolex+1240&hash=item4762aaa0e1:g:1rsAAeSwd29pFIxc,https://i.ebayimg.com/images/g/1rsAAeSwd29pFIxc/s-l225.jpg,1dcflipper,3941,100.0,6.99,USD,US,Washington,2025-11-12T13:32:13.000Z
batch_20260729_214347,iuid_0191338de8a94692,rolex_1240_7551,Rolex 1240,4,v1,EBAY_US,2026-07-29T21:45:13+00:00,v1|306589233379|0,"FEF 270 401/146 WINDING STEM BestFit 200/326F, 0.90, 10.3mm Rolex 374 Read List!",10.99,USD,New without tags,1500,FIXED_PRICE,https://www.ebay.com/itm/306589233379?_skw=Rolex+1240&hash=item47622470e3:g:G-8AAeSwtQhpG3nR,https://i.ebayimg.com/images/g/G-8AAeSwtQhpG3nR/s-l225.jpg,1dcflipper,3941,100.0,6.99,USD,US,Washington,2025-11-07T13:17:26.000Z
batch_20260729_214347,iuid_0191338de8a94692,rolex_1240_7551,Rolex 1240,4,v1,EBAY_US,2026-07-29T21:45:13+00:00,v1|306589207654|0,"FEF 370 401/144 WINDING STEM BestFit 200/326F, 0.90, 11.8mm Read List!",10.99,USD,New without tags,1500,FIXED_PRICE,https://www.ebay.com/itm/306589207654?_skw=Rolex+1240&hash=item4762240c66:g:qbEAAeSwLRFpG3oV,https://i.ebayimg.com/images/g/qbEAAeSwLRFpG3oV/s-l225.jpg,1dcflipper,3941,100.0,6.99,USD,US,Washington,2025-11-07T13:06:29.000Z
batch_20260729_214347,iuid_0191338de8a94692,rolex_1240_7551,Rolex 1240,4,v1,EBAY_US,2026-07-29T21:45:13+00:00,v1|157384512793|0,Rolex 1240 Cellini Small Seconds movement with hands  ,2650.50,USD,New with tags,1000,FIXED_PRICE|BEST_OFFER,https://www.ebay.com/itm/157384512793?_skw=Rolex+1240&hash=item24a4d91519:g:7LgAAeSwZp9o6x98,https://i.ebayimg.com/images/g/7LgAAeSwZp9o6x98/s-l225.jpg,seadweller7,478,100.0,,,AU,Schofields,2025-10-12T03:25:17.000Z
batch_20260729_214347,iuid_0191338de8a94692,rolex_1240_7551,Rolex 1240,4,v1,EBAY_US,2026-07-29T21:45:13+00:00,v1|146811027307|0,Rolex 1240-335 Center Wheel With Cannon Pinion Genuine New Factory Sealed,175.00,USD,New with tags,1000,FIXED_PRICE,https://www.ebay.com/itm/146811027307?_skw=Rolex+1240&hash=item222e9e7f6b:g:k-kAAeSwL3douHbS,https://i.ebayimg.com/images/g/k-kAAeSwL3douHbS/s-l225.jpg,timelessclassicwatches,14477,99.9,9.00,USD,US,Glendora,2025-09-03T17:12:22.000Z
batch_20260729_214347,iuid_0191338de8a94692,rolex_1240_7551,Rolex 1240,4,v1,EBAY_US,2026-07-29T21:45:13+00:00,v1|146543939430|0,Brand New Rolex 1240 7932 In Setting for Balance Upper/Lower Sealed Pkg w/5 PCs,235.00,USD,New with tags,1000,FIXED_PRICE,https://www.ebay.com/itm/146543939430?_skw=Rolex+1240&hash=item221eb30f66:g:Be0AAOSw1ttoC7nU,https://i.ebayimg.com/images/g/Be0AAOSw1ttoC7nU/s-l225.jpg,timelessclassicwatches,14477,99.9,11.00,USD,US,Glendora,2025-04-25T16:40:06.000Z
batch_20260729_214347,iuid_0191338de8a94692,rolex_1240_7551,Rolex 1240,4,v1,EBAY_US,2026-07-29T21:45:13+00:00,v1|176936981166|0,Authentic ROLEX Datejust 36mm 16013 16233 - Gold Diamond DIAL [Damage] - OC#1240,315.00,USD,Pre-owned,3000,FIXED_PRICE|BEST_OFFER,https://www.ebay.com/itm/176936981166?_skw=Rolex+1240&hash=item29324412ae:g:lwIAAeSweBhn2wq6,https://i.ebayimg.com/images/g/lwIAAeSweBhn2wq6/s-l225.jpg,oc_watch_collection,6374,99.7,6.95,USD,US,Westminster,2025-03-19T19:31:15.000Z
batch_20260729_214347,iuid_0191338de8a94692,rolex_1240_7551,Rolex 1240,4,v1,EBAY_US,2026-07-29T21:45:13+00:00,v1|226159346606|0,Genuine Rolex Cal. 1210 1215 1220 1225 1240 Part #7621 Escape Wheel Sealed,145.00,USD,New with tags,1000,FIXED_PRICE,https://www.ebay.com/itm/226159346606?_skw=Rolex+1240&hash=item34a825c3ae:g:hqsAAOSw3stmT5BV,https://i.ebayimg.com/images/g/hqsAAOSw3stmT5BV/s-l225.jpg,only-genuine-parts,3736,100.0,0.00,USD,US,Los Angeles,2024-05-23T18:54:04.000Z
batch_20260729_214347,iuid_0191338de8a94692,rolex_1240_7551,Rolex 1240,4,v1,EBAY_US,2026-07-29T21:45:13+00:00,v1|166690439199|466339195946,for Rolex Submariner Royal Watch Skin Watch Protection Film,109.99,USD,New with tags,1000,FIXED_PRICE,https://www.ebay.com/itm/166690439199?_skw=Rolex+1240&hash=item26cf86401f:g:k2kAAOSwFHdmDlES,https://i.ebayimg.com/images/g/k2kAAOSwFHdmDlES/s-l225.jpg,royaltrend,340,99.6,0.00,USD,US,Los Angeles,2024-04-04T07:20:32.000Z
batch_20260729_214347,iuid_0191338de8a94692,rolex_1240_7551,Rolex 1240,4,v1,EBAY_US,2026-07-29T21:45:13+00:00,v1|276293121367|0,GENUINE Authentic Rolex 1240 B314-5240 Ring New Sealed,250.00,USD,New with tags,1000,FIXED_PRICE,https://www.ebay.com/itm/276293121367?_skw=Rolex+1240&hash=item40545a7557:g:BFcAAOSwwEZlqrFN,https://i.ebayimg.com/images/g/BFcAAOSwwEZlqrFN/s-l225.jpg,rojamalex,3920,99.9,0.00,USD,US,New York,2024-01-19T17:30:19.000Z
batch_20260729_214347,iuid_c32b71ac918c4b65,rolex_13_72_6610b,"Rolex 13""72",4,v1,EBAY_DE,2026-07-29T21:45:16+00:00,v1|205817877281|0,"ROLEX Stundenzähler Trieb cal 13"" 72A part 8630A hour counter driving pinion O88",79.00,EUR,Gebraucht,3000,FIXED_PRICE,https://www.ebay.de/itm/205817877281?_skw=Rolex+13%2272&hash=item2febb39321:g:wCwAAeSwipFpBIqa,https://i.ebayimg.com/images/g/wCwAAeSwipFpBIqa/s-l225.jpg,kian-werke,7774,100.0,5.00,EUR,DE,Hildesheim,2025-10-31T10:09:08.000Z
batch_20260729_214347,iuid_c32b71ac918c4b65,rolex_13_72_6610b,"Rolex 13""72",4,v1,EBAY_DE,2026-07-29T21:45:16+00:00,v1|187051929180|0,Original ROLEX Aufzugrad 410A Cal. 13''72A,119.95,EUR,Neu mit Etikett,1000,FIXED_PRICE,https://www.ebay.de/itm/187051929180?_skw=Rolex+13%2272&hash=item2b8d29ee5c:g:sqYAAOSwqjFn100Q,https://i.ebayimg.com/images/g/sqYAAOSwqjFn100Q/s-l225.jpg,watchparts24,71561,100.0,0.00,EUR,DE,Hamburg,2025-03-16T22:01:33.000Z
batch_20260729_214347,iuid_c32b71ac918c4b65,rolex_13_72_6610b,"Rolex 13""72",4,v1,EBAY_DE,2026-07-29T21:45:16+00:00,v1|116454324218|0,"ROLEX 13’’ 72a Cod. 225 Rad der Sekunde Kaliber: 13"" 72A (IM BLISTER)",179.00,EUR,Nuovo senza etichette,1500,FIXED_PRICE,https://www.ebay.de/itm/116454324218?_skw=Rolex+13%2272&hash=item1b1d37f7fa:g:R08AAeSwTy5qX4sp,https://i.ebayimg.com/images/g/R08AAeSwTy5qX4sp/s-l225.jpg,fornitura_boccacci,4278,99.9,19.00,EUR,IT,Sant Angelo Romano,2025-01-22T16:32:33.000Z
batch_20260729_214347,iuid_c32b71ac918c4b65,rolex_13_72_6610b,"Rolex 13""72",4,v1,EBAY_DE,2026-07-29T21:45:16+00:00,v1|116454278510|0,"ROLEX 13’’ 72a Cod. 205 Crown Wheel Calib: 13"" 72a (EXCELLENT STATE)",199.00,EUR,Gebraucht,3000,FIXED_PRICE,https://www.ebay.de/itm/116454278510?_skw=Rolex+13%2272&hash=item1b1d37456e:g:haoAAOSwC0VnkRBt,https://i.ebayimg.com/images/g/haoAAOSwC0VnkRBt/s-l225.jpg,fornitura_boccacci,4278,99.9,19.00,EUR,IT,Sant Angelo Romano,2025-01-22T15:35:06.000Z
batch_20260729_214347,iuid_c32b71ac918c4b65,rolex_13_72_6610b,"Rolex 13""72",4,v1,EBAY_DE,2026-07-29T21:45:16+00:00,v1|116454278521|0,"ROLEX 13’’ 72a Cod. 205 Mittelrad Kaliber: 13"" 72A (IM BLISTER)",199.00,EUR,Nuovo senza etichette,1500,FIXED_PRICE,https://www.ebay.de/itm/116454278521?_skw=Rolex+13%2272&hash=item1b1d374579:g:VugAAeSwqNloxBik,https://i.ebayimg.com/images/g/VugAAeSwqNloxBik/s-l225.jpg,fornitura_boccacci,4278,99.9,19.00,EUR,IT,Sant Angelo Romano,2025-01-22T15:35:08.000Z
batch_20260729_214347,iuid_c32b71ac918c4b65,rolex_13_72_6610b,"Rolex 13""72",4,v1,EBAY_DE,2026-07-29T21:45:16+00:00,v1|116454278428|0,"ROLEX 13’’ 72a Cod. 730 Roller Calib: 13"" 72a (EXCELLENT STATE)",149.00,EUR,Gebraucht,3000,FIXED_PRICE,https://www.ebay.de/itm/116454278428?_skw=Rolex+13%2272&hash=item1b1d37451c:g:3eYAAOSwLvVnkREz,https://i.ebayimg.com/images/g/3eYAAOSwLvVnkREz/s-l225.jpg,fornitura_boccacci,4278,99.9,19.00,EUR,IT,Sant Angelo Romano,2025-01-22T15:34:55.000Z
batch_20260729_214347,iuid_c32b71ac918c4b65,rolex_13_72_6610b,"Rolex 13""72",4,v1,EBAY_DE,2026-07-29T21:45:16+00:00,v1|116454278450|0,"ROLEX 13’’ 72a Cod. 730 Plateau Calib: 13"" 72A (IM BLISTER)",149.00,EUR,Nuovo senza etichette,1500,FIXED_PRICE,https://www.ebay.de/itm/116454278450?_skw=Rolex+13%2272&hash=item1b1d374532:g:V8MAAOSw-bhnkR~w,https://i.ebayimg.com/images/g/V8MAAOSw-bhnkR~w/s-l225.jpg,fornitura_boccacci,4278,99.9,19.00,EUR,IT,Sant Angelo Romano,2025-01-22T15:34:57.000Z
batch_20260729_214347,iuid_c32b71ac918c4b65,rolex_13_72_6610b,"Rolex 13""72",4,v1,EBAY_DE,2026-07-29T21:45:16+00:00,v1|116454278331|0,"ROLEX 13’’ 72a Cod. 770a Ladefeder Calib: 13"" 72A (IM BLISTER)",194.00,EUR,Nuovo senza etichette,1500,FIXED_PRICE,https://www.ebay.de/itm/116454278331?_skw=Rolex+13%2272&hash=item1b1d3744bb:g:RpYAAeSwoqtoxBiz,https://i.ebayimg.com/images/g/RpYAAeSwoqtoxBiz/s-l225.jpg,fornitura_boccacci,4278,99.9,19.00,EUR,IT,Sant Angelo Romano,2025-01-22T15:34:35.000Z
batch_20260729_214347,iuid_c32b71ac918c4b65,rolex_13_72_6610b,"Rolex 13""72",4,v1,EBAY_DE,2026-07-29T21:45:16+00:00,v1|116454278305|0,"ROLEX 13’’ 72a Cod. 770a Mainspring Calib: 13"" 72a (EXCELLENT STATE)",194.00,EUR,Gebraucht,3000,FIXED_PRICE,https://www.ebay.de/itm/116454278305?_skw=Rolex+13%2272&hash=item1b1d3744a1:g:VSgAAeSwhQNoxBhl,https://i.ebayimg.com/images/g/VSgAAeSwhQNoxBhl/s-l225.jpg,fornitura_boccacci,4278,99.9,19.00,EUR,IT,Sant Angelo Romano,2025-01-22T15:34:31.000Z
batch_20260729_214347,iuid_c32b71ac918c4b65,rolex_13_72_6610b,"Rolex 13""72",4,v1,EBAY_DE,2026-07-29T21:45:16+00:00,v1|405351180386|0,"#1431 ORIGINAL ROLEX CAL. 13 """" 72A 410A WINDING PINION WHEEL NEW NOS BLIST",259.99,EUR,Gebraucht,3000,FIXED_PRICE,https://www.ebay.de/itm/405351180386?_skw=Rolex+13%2272&hash=item5e60d02862:g:pRcAAOSwi1lnNN~J,https://i.ebayimg.com/images/g/pRcAAOSwi1lnNN~J/s-l225.jpg,state_of_time,3866,100.0,6.95,EUR,DE,Gersthofen,2024-11-13T17:20:40.000Z
batch_20260729_214347,iuid_c32b71ac918c4b65,rolex_13_72_6610b,"Rolex 13""72",4,v1,EBAY_DE,2026-07-29T21:45:16+00:00,v1|405351137570|0,"#1431 ORIGINAL ROLEX CAL. 13 """" 72a - 8020A MINUTE RECORD  WHEEL NEW NOS BLIST",439.99,EUR,Gebraucht,3000,FIXED_PRICE,https://www.ebay.de/itm/405351137570?_skw=Rolex+13%2272&hash=item5e60cf8122:g:l6AAAOSw34lnNNri,https://i.ebayimg.com/images/g/l6AAAOSw34lnNNri/s-l225.jpg,state_of_time,3866,100.0,6.95,EUR,DE,Gersthofen,2024-11-13T17:00:00.000Z
batch_20260729_214347,iuid_c32b71ac918c4b65,rolex_13_72_6610b,"Rolex 13""72",4,v1,EBAY_DE,2026-07-29T21:45:16+00:00,v1|405351134211|0,"#1431 ORIGINAL ROLEX CAL. 13 """" 72A - 8060A DRIVING WHEEL NEW NOS BLIST",239.99,EUR,Gebraucht,3000,FIXED_PRICE,https://www.ebay.de/itm/405351134211?_skw=Rolex+13%2272&hash=item5e60cf7403:g:A8wAAOSwGidnNNpN,https://i.ebayimg.com/images/g/A8wAAOSwGidnNNpN/s-l225.jpg,state_of_time,3866,100.0,6.95,EUR,DE,Gersthofen,2024-11-13T16:57:13.000Z
batch_20260729_214347,iuid_c32b71ac918c4b65,rolex_13_72_6610b,"Rolex 13""72",4,v1,EBAY_DE,2026-07-29T21:45:16+00:00,v1|405351132723|0,"#1431 ORIGINAL ROLEX CAL. 13 """" 72A - 225 SEKUNDENRAD FOURTH WHEEL NEW NOS BLIST",239.99,EUR,Gebraucht,3000,FIXED_PRICE,https://www.ebay.de/itm/405351132723?_skw=Rolex+13%2272&hash=item5e60cf6e33:g:YhYAAOSwj99nNNkw,https://i.ebayimg.com/images/g/YhYAAOSwj99nNNkw/s-l225.jpg,state_of_time,3866,100.0,6.95,EUR,DE,Gersthofen,2024-11-13T16:56:00.000Z
batch_20260729_214347,iuid_c32b71ac918c4b65,rolex_13_72_6610b,"Rolex 13""72",4,v1,EBAY_DE,2026-07-29T21:45:16+00:00,v1|405337761595|0,"#A47 ORIGINAL ROLEX CAL. 13 """" 72A - 401A AUFZUGSWELLE TIGE PRICE PER PIECE",89.99,EUR,Gebraucht,3000,FIXED_PRICE,https://www.ebay.de/itm/405337761595?_skw=Rolex+13%2272&hash=item5e6003673b:g:yTcAAOSwhP5nLkfE,https://i.ebayimg.com/images/g/yTcAAOSwhP5nLkfE/s-l225.jpg,state_of_time,3866,100.0,6.95,EUR,DE,Gersthofen,2024-11-08T17:18:30.000Z
batch_20260729_214347,iuid_c32b71ac918c4b65,rolex_13_72_6610b,"Rolex 13""72",4,v1,EBAY_DE,2026-07-29T21:45:16+00:00,v1|405337760858|0,"#A47 ORIGINAL ROLEX CAL. 13 """" 72A - 58345A SCHRAUBE SCREW PRICE PER PIECE",39.99,EUR,Gebraucht,3000,FIXED_PRICE,https://www.ebay.de/itm/405337760858?_skw=Rolex+13%2272&hash=item5e6003645a:g:H28AAOSwUcVnLkdP,https://i.ebayimg.com/images/g/H28AAOSwUcVnLkdP/s-l225.jpg,state_of_time,3866,100.0,6.95,EUR,DE,Gersthofen,2024-11-08T17:17:29.000Z
batch_20260729_214347,iuid_c32b71ac918c4b65,rolex_13_72_6610b,"Rolex 13""72",4,v1,EBAY_DE,2026-07-29T21:45:16+00:00,v1|326119963533|0,"Rolex Cal. 727 / 13""72A 205A Minutenrad mit minutenrohr NEU",160.00,EUR,Neu mit Etikett,1000,FIXED_PRICE,https://www.ebay.de/itm/326119963533?_skw=Rolex+13%2272&hash=item4bee43bb8d:g:9qMAAOSwS7dmDqOT,https://i.ebayimg.com/images/g/9qMAAOSwS7dmDqOT/s-l225.jpg,misser10,483,100.0,20.00,EUR,DK,,2024-05-08T16:30:46.000Z
batch_20260729_214347,iuid_c32b71ac918c4b65,rolex_13_72_6610b,"Rolex 13""72",4,v1,EBAY_DE,2026-07-29T21:45:16+00:00,v1|326119968762|0,"Rolex Cal. 727 / 13""72A 710A Anker NEU",180.00,EUR,Neu mit Etikett,1000,FIXED_PRICE,https://www.ebay.de/itm/326119968762?_skw=Rolex+13%2272&hash=item4bee43cffa:g:o6IAAOSw8LJmDqH7,https://i.ebayimg.com/images/g/o6IAAOSw8LJmDqH7/s-l225.jpg,misser10,483,100.0,20.00,EUR,DK,,2024-05-08T16:34:24.000Z
batch_20260729_214347,iuid_c32b71ac918c4b65,rolex_13_72_6610b,"Rolex 13""72",4,v1,EBAY_DE,2026-07-29T21:45:16+00:00,v1|326119966858|0,"Rolex Cal. 13""72A 705A Hemmungsrad NEU",190.00,EUR,Neu mit Etikett,1000,FIXED_PRICE,https://www.ebay.de/itm/326119966858?_skw=Rolex+13%2272&hash=item4bee43c88a:g:1agAAOSwaS5mDp1N,https://i.ebayimg.com/images/g/1agAAOSwaS5mDp1N/s-l225.jpg,misser10,483,100.0,20.00,EUR,DK,,2024-05-08T16:33:40.000Z
batch_20260729_214347,iuid_c32b71ac918c4b65,rolex_13_72_6610b,"Rolex 13""72",4,v1,EBAY_DE,2026-07-29T21:45:16+00:00,v1|326119965306|0,"Rolex Cal. 727 / 13""72A 180A Federhaus NEU",220.00,EUR,Neu mit Etikett,1000,FIXED_PRICE,https://www.ebay.de/itm/326119965306?_skw=Rolex+13%2272&hash=item4bee43c27a:g:a-IAAOSw9Q1mDpYS,https://i.ebayimg.com/images/g/a-IAAOSw9Q1mDpYS/s-l225.jpg,misser10,483,100.0,20.00,EUR,DK,,2024-05-08T16:32:20.000Z
batch_20260729_214347,iuid_c32b71ac918c4b65,rolex_13_72_6610b,"Rolex 13""72",4,v1,EBAY_DE,2026-07-29T21:45:16+00:00,v1|296132355154|0,"ROLEX Kleinbodenrad cal 13"" 72A part 210A third wheel original",150.00,EUR,Gebraucht,3000,FIXED_PRICE|BEST_OFFER,https://www.ebay.de/itm/296132355154?_skw=Rolex+13%2272&hash=item44f2dd2452:g:YY8AAOSwkpdljVcn,https://i.ebayimg.com/images/g/YY8AAOSwkpdljVcn/s-l225.jpg,luxini_hamburg,3989,100.0,7.00,EUR,DE,Hamburg,2023-12-28T11:10:34.000Z
batch_20260729_214347,iuid_c32b71ac918c4b65,rolex_13_72_6610b,"Rolex 13""72",4,v1,EBAY_DE,2026-07-29T21:45:16+00:00,v1|296122537306|0,"ROLEX Stundenzähler Trieb cal 13"" 72A part 8630A hour counter driving pinion",159.00,EUR,Gebraucht,3000,FIXED_PRICE|BEST_OFFER,https://www.ebay.de/itm/296122537306?_skw=Rolex+13%2272&hash=item44f247555a:g:B0QAAOSwQ2tlhayU,https://i.ebayimg.com/images/g/B0QAAOSwQ2tlhayU/s-l225.jpg,luxini_hamburg,3989,100.0,7.00,EUR,DE,Hamburg,2023-12-22T15:37:02.000Z
batch_20260729_214347,iuid_c32b71ac918c4b65,rolex_13_72_6610b,"Rolex 13""72",4,v1,EBAY_DE,2026-07-29T21:45:16+00:00,v1|295801143293|0,ROLEX cal 13-72 Uhrwerk Halter Pre Daytona Movement Holder Tool original vintage,1750.00,EUR,Gebraucht,3000,FIXED_PRICE|BEST_OFFER,https://www.ebay.de/itm/295801143293?_skw=Rolex+13%2272&hash=item44df1f3ffd:g:YCoAAOSwZVRjRrZq,https://i.ebayimg.com/images/g/YCoAAOSwZVRjRrZq/s-l225.jpg,luxini_hamburg,3989,100.0,22.00,EUR,DE,Hamburg,2023-07-05T13:33:40.000Z
batch_20260729_214347,iuid_c32b71ac918c4b65,rolex_13_72_6610b,"Rolex 13""72",4,v1,EBAY_DE,2026-07-29T21:45:16+00:00,v1|295426675482|0,"ROLEX Raste für Schaltrad cal 13"" 72A movement part 8355 jumper for column wheel",139.00,EUR,Gebraucht,3000,FIXED_PRICE|BEST_OFFER,https://www.ebay.de/itm/295426675482?_skw=Rolex+13%2272&hash=item44c8cd531a:g:Q1IAAOSwKXpjoEyI,https://i.ebayimg.com/images/g/Q1IAAOSwKXpjoEyI/s-l225.jpg,luxini_hamburg,3989,100.0,7.00,EUR,DE,Hamburg,2022-12-19T11:36:17.000Z
batch_20260729_214347,iuid_c32b71ac918c4b65,rolex_13_72_6610b,"Rolex 13""72",4,v1,EBAY_DE,2026-07-29T21:45:16+00:00,v1|304744167287|0,"ROLEX Feder für Schalhebel cal 13"" 72A part 8335 A operating lever spring",199.00,EUR,Gebraucht,3000,FIXED_PRICE|BEST_OFFER,https://www.ebay.de/itm/304744167287?_skw=Rolex+13%2272&hash=item46f42af777:g:WKIAAOSwz8ljoEqW,https://i.ebayimg.com/images/g/WKIAAOSwz8ljoEqW/s-l225.jpg,luxini_hamburg,3989,100.0,7.00,EUR,DE,Hamburg,2022-12-19T11:31:18.000Z
batch_20260729_214347,iuid_c32b71ac918c4b65,rolex_13_72_6610b,"Rolex 13""72",4,v1,EBAY_DE,2026-07-29T21:45:16+00:00,v1|385654508484|0,"Rolex Original Federhaus Federwelle cal 13""  72A 180A Barrel Arbor",220.00,EUR,Neu ohne Etikett,1500,FIXED_PRICE,https://www.ebay.de/itm/385654508484?_skw=Rolex+13%2272&hash=item59cacccbc4:g:WakAAOSwB49jSvim,https://i.ebayimg.com/images/g/WakAAOSwB49jSvim/s-l225.jpg,sekowatchworld,1145,99.2,6.00,EUR,DE,Garching b.München,2023-06-02T07:50:03.000Z
batch_20260729_214347,iuid_c32b71ac918c4b65,rolex_13_72_6610b,"Rolex 13""72",4,v1,EBAY_DE,2026-07-29T21:45:16+00:00,v1|304742112747|0,"ROLEX Raste für Schaltrad cal 13"" 72A movement part 8355 jumper for column wheel",135.00,EUR,Gebraucht,3000,FIXED_PRICE|BEST_OFFER,https://www.ebay.de/itm/304742112747?_skw=Rolex+13%2272&hash=item46f40b9deb:g:Ia8AAOSwv-5i6S7n,https://i.ebayimg.com/images/g/Ia8AAOSwv-5i6S7n/s-l225.jpg,luxini_hamburg,3989,100.0,7.00,EUR,DE,Hamburg,2022-12-17T09:31:14.000Z
batch_20260729_214347,iuid_c32b71ac918c4b65,rolex_13_72_6610b,"Rolex 13""72",4,v1,EBAY_DE,2026-07-29T21:45:16+00:00,v1|295423060240|0,ROLEX cal 13 72A Valjoux 725 726 part 8740 Feder für Schalthebel Chrono Spring,39.00,EUR,Gebraucht,3000,FIXED_PRICE,https://www.ebay.de/itm/295423060240?_skw=Rolex+13%2272&hash=item44c8962910:g:9rEAAOSwlFFdxCW~,https://i.ebayimg.com/images/g/9rEAAOSwlFFdxCW~/s-l225.jpg,luxini_hamburg,3989,100.0,7.00,EUR,DE,Hamburg,2022-12-17T09:12:31.000Z
