collection_batch_id,inventory_uid,canonical_inventory_id,query_text,query_tier,query_template_version,marketplace_id,fetched_at,item_id,title,price_value,price_currency,condition,condition_id,buying_options,item_web_url,image_url,seller_username,seller_feedback_score,seller_feedback_percentage,shipping_cost_value,shipping_cost_currency,item_location_country,item_location_city,item_creation_date
batch_20260710_090257,iuid_0036028630784b76,rolex_32_557b,Rolex 32 557B,1,v1,EBAY_DE,2026-07-10T09:02:58+00:00,v1|227232248285|0,Rolex 32-557B-0 Neu NEW Blister X1 Stück Endpaar 78350 Pair End Pieces,383.90,EUR,Nuovo con etichette,1000,FIXED_PRICE|BEST_OFFER,https://www.ebay.de/itm/227232248285?_skw=Rolex+32+557B&hash=item34e818f1dd:g:USAAAeSwoZlqSDwP,https://i.ebayimg.com/images/g/USAAAeSwoZlqSDwP/s-l225.jpg,*rarecollections,1382,100.0,29.00,EUR,IT,,2026-02-25T17:53:52.000Z
batch_20260710_090257,iuid_0036028630784b76,rolex_32_557b,Rolex 32,4,v1,EBAY_DE,2026-07-10T09:03:01+00:00,v1|366531081961|0,Rolex Uhrenbox Gehäuse 32.00.08 Wave Large Grün Original r80708002,110.37,EUR,Gebraucht,3000,FIXED_PRICE,https://www.ebay.de/itm/366531081961?_skw=Rolex+32&hash=item5556f476e9:g:uIkAAeSwcK9qTt-d,https://i.ebayimg.com/images/g/uIkAAeSwcK9qTt-d/s-l225.jpg,dsjapan_4783,2996,99.8,33.34,EUR,JP,,2026-07-08T23:37:08.000Z
batch_20260710_090257,iuid_0036028630784b76,rolex_32_557b,Rolex 32,4,v1,EBAY_DE,2026-07-10T09:03:01+00:00,v1|358771689507|0,Echter ROLEX Vol.32 Rolex Kauf- Und Verkaufsleitfaden Japanisches BUCH,42.84,EUR,Neu,1000,FIXED_PRICE|BEST_OFFER,https://www.ebay.de/itm/358771689507?_skw=Rolex+32&hash=item5388758823:g:xE8AAeSwfE5qUGyQ,https://i.ebayimg.com/images/g/xE8AAeSwfE5qUGyQ/s-l225.jpg,yujab-2,2766,99.8,14.13,EUR,JP,,2026-07-08T13:17:48.000Z
batch_20260710_090257,iuid_0036028630784b76,rolex_32_557b,Rolex 32,4,v1,EBAY_DE,2026-07-10T09:03:01+00:00,v1|168521214330|0,Vintage ROLEX Cherini 3727 Herren Hand Taschenuhr 32mm 18K 0750 19J,4810.30,EUR,Gebraucht - Hervorragend,2990,FIXED_PRICE,https://www.ebay.de/itm/168521214330?_skw=Rolex+32&hash=item273ca5a97a:g:aOIAAeSw18BqTXKo,https://i.ebayimg.com/images/g/aOIAAeSw18BqTXKo/s-l225.jpg,watch_jp,881,100.0,35.02,EUR,JP,,2026-07-07T21:38:57.000Z
batch_20260710_090257,iuid_0036028630784b76,rolex_32_557b,Rolex 32,4,v1,EBAY_DE,2026-07-10T09:03:01+00:00,v1|188611611071|0,Rolex Band Schraube 1x für Link Glied 32-33187 Neu und Original!,29.99,EUR,Neu ohne Etikett,1500,FIXED_PRICE|BEST_OFFER,https://www.ebay.de/itm/188611611071?_skw=Rolex+32&hash=item2bea20c9bf:g:f6cAAeSwt8NqTOcG,https://i.ebayimg.com/images/g/f6cAAeSwt8NqTOcG/s-l225.jpg,alles.auf.rot,488,100.0,1.10,EUR,DE,Köln,2026-07-07T11:48:02.000Z
batch_20260710_090257,iuid_0036028630784b76,rolex_32_557b,Rolex 32,4,v1,EBAY_DE,2026-07-10T09:03:01+00:00,v1|278161576326|0,NEU Rolex 32-33442 Schraube Mesh 69200 Jubile GMT 126710 Original im Blister x1pc,22.00,EUR,Nuovo con etichette,1000,FIXED_PRICE,https://www.ebay.de/itm/278161576326?_skw=Rolex+32&hash=item40c3b8d186:g:wpUAAeSwq0pqTPnu,https://i.ebayimg.com/images/g/wpUAAeSwq0pqTPnu/s-l225.jpg,millerighetime_by_arriwatch,912,100.0,25.00,EUR,IT,Roma,2026-07-07T08:28:37.000Z
batch_20260710_090257,iuid_0036028630784b76,rolex_32_557b,Rolex 32,4,v1,EBAY_DE,2026-07-10T09:03:01+00:00,v1|147420514684|0,ROLEX Uhrenbox 32.00.71 (Polster fehlt),99.00,EUR,Gebraucht,3000,FIXED_PRICE|BEST_OFFER,https://www.ebay.de/itm/147420514684?_skw=Rolex+32&hash=item2252f2897c:g:g18AAeSwWtdqMQ-~,https://i.ebayimg.com/images/g/g18AAeSwWtdqMQ-~/s-l225.jpg,manvstime,2081,100.0,25.00,EUR,FR,Cannes,2026-07-06T18:27:06.000Z
batch_20260710_090257,iuid_0036028630784b76,rolex_32_557b,Rolex 32,4,v1,EBAY_DE,2026-07-10T09:03:01+00:00,v1|278159504230|0,NEU Rolex 32-23058 Springbar Original im Blister x1pc,22.00,EUR,Nuovo con etichette,1000,FIXED_PRICE,https://www.ebay.de/itm/278159504230?_skw=Rolex+32&hash=item40c3993366:g:2u8AAeSwSGtqS8LJ,https://i.ebayimg.com/images/g/2u8AAeSwSGtqS8LJ/s-l225.jpg,millerighetime_by_arriwatch,912,100.0,25.00,EUR,IT,Roma,2026-07-06T14:54:14.000Z
batch_20260710_090257,iuid_0036028630784b76,rolex_32_557b,Rolex 32,4,v1,EBAY_DE,2026-07-10T09:03:01+00:00,v1|227416039952|0,"Rolex B32-20730-N1 Neu NEW Clasp 93150 5512, 5513, 1680, 16800, 168000, 166 X1",878.90,EUR,Nuovo con etichette,1000,FIXED_PRICE|BEST_OFFER,https://www.ebay.de/itm/227416039952?_skw=Rolex+32&hash=item34f30d6210:g:toQAAeSwsUZqSNDp,https://i.ebayimg.com/images/g/toQAAeSwsUZqSNDp/s-l225.jpg,*rarecollections,1382,100.0,29.00,EUR,IT,,2026-07-04T09:13:53.000Z
batch_20260710_090257,iuid_0036028630784b76,rolex_32_557b,Rolex 32,4,v1,EBAY_DE,2026-07-10T09:03:01+00:00,v1|336670767046|0,Rolex Uhr Oyster Date Precision Silber Handaufzug 32mm Auth Selten Herren,2612.29,EUR,Gebraucht,3000,FIXED_PRICE,https://www.ebay.de/itm/336670767046?_skw=Rolex+32&hash=item4e632437c6:g:9QAAAeSw0iNqSJbq,https://i.ebayimg.com/images/g/9QAAAeSw0iNqSJbq/s-l225.jpg,miyako_sunrise,3023,99.3,0.00,EUR,JP,,2026-07-04T06:20:34.000Z
batch_20260710_090257,iuid_0036028630784b76,rolex_32_557b,Rolex 32,4,v1,EBAY_DE,2026-07-10T09:03:01+00:00,v1|278146472645|0,Michael Köckritz / Crazy about Rolex,90.00,EUR,Neu,1000,FIXED_PRICE,https://www.ebay.de/itm/278146472645?_skw=Rolex+32&hash=item40c2d25ac5:g:7EMAAeSwyk1qSety,https://i.ebayimg.com/images/g/7EMAAeSwyk1qSety/s-l225.jpg,bms_buchmusikspiel,29794,97.7,4.95,EUR,DE,Füssen,2026-07-02T06:33:12.000Z
batch_20260710_090257,iuid_0036028630784b76,rolex_32_557b,Rolex 32,4,v1,EBAY_DE,2026-07-10T09:03:01+00:00,v1|318517521340|0,Rolex Cellini Selini Herren Münzuhr 4112 weißes Zifferblatt 32mm Medium 157506128 [U],6375.43,EUR,Usato - Buono,3000,FIXED_PRICE,https://www.ebay.de/itm/318517521340?_skw=Rolex+32&hash=item4a291fabbc:g:YqkAAeSwkvxqTmRn,https://i.ebayimg.com/images/g/YqkAAeSwkvxqTmRn/s-l225.jpg,trenbeit,116,98.3,0.00,EUR,KR,금천구,2026-06-29T01:35:41.000Z
batch_20260710_090257,iuid_0036028630784b76,rolex_32_557b,Rolex 32,4,v1,EBAY_DE,2026-07-10T09:03:01+00:00,v1|366509848607|0,Rolex Cellini Selini Herren Münz Uhr 4112 Weiß Zifferblatt 32mm Medium [U],6375.43,EUR,Gebraucht - Gut,3000,FIXED_PRICE,https://www.ebay.de/itm/366509848607?_skw=Rolex+32&hash=item5555b0781f:g:EJ4AAeSwTQpqTo2~,https://i.ebayimg.com/images/g/EJ4AAeSwTQpqTo2~/s-l225.jpg,trenbe,275,96.0,0.00,EUR,KR,금천구,2026-06-29T01:33:56.000Z
batch_20260710_090257,iuid_0036028630784b76,rolex_32_557b,Rolex 32,4,v1,EBAY_DE,2026-07-10T09:03:01+00:00,v1|307027010449|0,ECHTE ROLEX Vol.32 Magazin Japan Uhr Mode Daytona Submariner Thunder Bird,32.66,EUR,Neu,1000,FIXED_PRICE,https://www.ebay.de/itm/307027010449?_skw=Rolex+32&hash=item477c3c6391:g:mpEAAeSwRkZqPs66,https://i.ebayimg.com/images/g/mpEAAeSwRkZqPs66/s-l225.jpg,life_is_beautiful_japan,3479,100.0,14.94,EUR,JP,,2026-06-26T19:08:44.000Z
batch_20260710_090257,iuid_0036028630784b76,rolex_32_557b,Rolex 32,4,v1,EBAY_DE,2026-07-10T09:03:01+00:00,v1|318502946126|0,"Original Rolex Vintage Spiegel Größe 26,4 x 32 cm - top Zustand",550.00,EUR,Gebraucht,3000,FIXED_PRICE|BEST_OFFER,https://www.ebay.de/itm/318502946126?_skw=Rolex+32&hash=item4a2841454e:g:TcMAAeSw2MlqPSfE,https://i.ebayimg.com/images/g/TcMAAeSw2MlqPSfE/s-l225.jpg,yilken933,2,100.0,7.69,EUR,DE,Rödermark,2026-06-26T13:19:16.000Z
batch_20260710_090257,iuid_0036028630784b76,rolex_32_557b,Rolex 32,4,v1,EBAY_DE,2026-07-10T09:03:01+00:00,v1|318502944939|0,"Original Rolex Vintage Spiegel Größe 26,4 x 32 cm",430.00,EUR,Gebraucht,3000,FIXED_PRICE|BEST_OFFER,https://www.ebay.de/itm/318502944939?_skw=Rolex+32&hash=item4a284140ab:g:F5gAAeSwx8pqPSeV,https://i.ebayimg.com/images/g/F5gAAeSwx8pqPSeV/s-l225.jpg,yilken933,2,100.0,7.69,EUR,DE,Rödermark,2026-06-26T13:05:48.000Z
batch_20260710_090257,iuid_0036028630784b76,rolex_32_557b,Rolex 32,4,v1,EBAY_DE,2026-07-10T09:03:01+00:00,v1|318488413657|0,ROLEX Flat Back 2765 Gold Gehäusegröße 32mm x 32mm Herrenuhr gebraucht #61012,5134.98,EUR,Gebraucht - Gut,3000,FIXED_PRICE,https://www.ebay.de/itm/318488413657?_skw=Rolex+32&hash=item4a276385d9:g:ezQAAeSwXQNqK3LB,https://i.ebayimg.com/images/g/ezQAAeSwXQNqK3LB/s-l225.jpg,japans.watch.shop,11179,99.5,0.00,EUR,JP,,2026-06-22T05:32:09.000Z
batch_20260710_090257,iuid_0036028630784b76,rolex_32_557b,Rolex 32,4,v1,EBAY_DE,2026-07-10T09:03:01+00:00,v1|127931271689|0,"ROLEX Mesh OYSTER Stahl 15,5 mm Original",156.54,EUR,Usato,3000,FIXED_PRICE,https://www.ebay.de/itm/127931271689?_skw=Rolex+32&hash=item1dc94c4a09:g:jHAAAeSwx8pqNWZl,https://i.ebayimg.com/images/g/jHAAAeSwx8pqNWZl/s-l225.jpg,myclock.it_aude,346,98.5,24.00,EUR,IT,Alessandria,2026-06-19T15:56:14.000Z
batch_20260710_090257,iuid_0036028630784b76,rolex_32_557b,Rolex 32,4,v1,EBAY_DE,2026-07-10T09:03:01+00:00,v1|147377941489|0,ROLEX Uhrenbox - 32.00.71 (Kissen fehlt),99.00,EUR,Occasion - Très bon état,3000,FIXED_PRICE|BEST_OFFER,https://www.ebay.de/itm/147377941489?_skw=Rolex+32&hash=item225068ebf1:g:g18AAeSwWtdqMQ-~,https://i.ebayimg.com/images/g/g18AAeSwWtdqMQ-~/s-l225.jpg,manvstime,2081,100.0,25.00,EUR,FR,Cannes,2026-06-16T09:01:06.000Z
batch_20260710_090257,iuid_0036028630784b76,rolex_32_557b,Rolex 32,4,v1,EBAY_DE,2026-07-10T09:03:01+00:00,v1|800164741640|0,Rolex Jubilee Roman 32mm Gelbgold Handaufzug AA64327 157026424 [U],5735.73,EUR,Occasion - Très bon état,3000,FIXED_PRICE,https://www.ebay.de/itm/800164741640?_skw=Rolex+32&hash=itemba4d890208:g:R1YAAeSw4ulqTtki,https://i.ebayimg.com/images/g/R1YAAeSw4ulqTtki/s-l225.jpg,trenbefr,81,98.8,0.00,EUR,KR,금천구,2026-06-12T06:05:54.000Z
batch_20260710_090257,iuid_0036028630784b76,rolex_32_557b,Rolex 32,4,v1,EBAY_DE,2026-07-10T09:03:01+00:00,v1|318444283845|0,Rolex Jubilee Roman Manual 32mm Herren Lederband Uhr AA64327 157026424 [U],5735.73,EUR,Usato - Buono,3000,FIXED_PRICE,https://www.ebay.de/itm/318444283845?_skw=Rolex+32&hash=item4a24c227c5:g:ZdUAAeSwqptqThOM,https://i.ebayimg.com/images/g/ZdUAAeSwqptqThOM/s-l225.jpg,trenbeit,116,98.3,0.00,EUR,KR,금천구,2026-06-12T06:05:45.000Z
batch_20260710_090257,iuid_0036028630784b76,rolex_32_557b,Rolex 32,4,v1,EBAY_DE,2026-07-10T09:03:01+00:00,v1|366473638417|0,Rolex Jubilee Manuelles 32mm Lederband Uhr aa64327 157026424 [U],5735.73,EUR,Gebraucht - Gut,3000,FIXED_PRICE,https://www.ebay.de/itm/366473638417?_skw=Rolex+32&hash=item555387f211:g:~a8AAeSwSl5qThQf,https://i.ebayimg.com/images/g/~a8AAeSwSl5qThQf/s-l225.jpg,trenbe,275,96.0,0.00,EUR,KR,금천구,2026-06-12T06:05:39.000Z
batch_20260710_090257,iuid_0036028630784b76,rolex_32_557b,Rolex 32,4,v1,EBAY_DE,2026-07-10T09:03:01+00:00,v1|278077413993|0,NEU Rolex 32-3379 Original Oyster Submariner Mesh Schraube im Blister x1pc,22.00,EUR,Nuovo con etichette,1000,FIXED_PRICE,https://www.ebay.de/itm/278077413993?_skw=Rolex+32&hash=item40beb49a69:g:zJ4AAeSwcxVqTLmB,https://i.ebayimg.com/images/g/zJ4AAeSwcxVqTLmB/s-l225.jpg,millerighetime_by_arriwatch,912,100.0,25.00,EUR,IT,Roma,2026-06-11T10:24:30.000Z
batch_20260710_090257,iuid_0036028630784b76,rolex_32_557b,Rolex 32,4,v1,EBAY_DE,2026-07-10T09:03:01+00:00,v1|800156144173|0,"Rolex 32-20562 Glieder Stahl und Gold Jubilee Steel/Gold Links, 15,5mm 62523H",349.00,EUR,Usato,3000,FIXED_PRICE|BEST_OFFER,https://www.ebay.de/itm/800156144173?_skw=Rolex+32&hash=itemba4d05d22d:g:P-AAAeSwmKtqKZlP,https://i.ebayimg.com/images/g/P-AAAeSwmKtqKZlP/s-l225.jpg,only_quality_stuff_new2026,48,100.0,21.00,EUR,IT,Teramo,2026-06-10T17:11:26.000Z
batch_20260710_090257,iuid_0036028630784b76,rolex_32_557b,Rolex 32,4,v1,EBAY_DE,2026-07-10T09:03:01+00:00,v1|800154144063|0,"Rolex 32-20684 Stahlgitter Oyster Steel Link 16710 | 16570, 15,5mm Original",115.00,EUR,Usato,3000,FIXED_PRICE|BEST_OFFER,https://www.ebay.de/itm/800154144063?_skw=Rolex+32&hash=itemba4ce74d3f:g:-qMAAeSwNwVqKSvP,https://i.ebayimg.com/images/g/-qMAAeSwNwVqKSvP/s-l225.jpg,only_quality_stuff_new2026,48,100.0,12.50,EUR,IT,Teramo,2026-06-10T09:22:42.000Z
batch_20260710_090257,iuid_0036028630784b76,rolex_32_557b,Rolex 32,4,v1,EBAY_DE,2026-07-10T09:03:01+00:00,v1|227381622287|0,Rolex Uhrenbox Gehäuse Grün Leder Holz 32.00.71 Original,226.85,EUR,Gebraucht,3000,FIXED_PRICE,https://www.ebay.de/itm/227381622287?_skw=Rolex+32&hash=item34f100360f:g:njYAAeSwnIhqKNc8,https://i.ebayimg.com/images/g/njYAAeSwnIhqKNc8/s-l225.jpg,japan-wrist,152,97.1,0.00,EUR,JP,,2026-06-10T08:13:50.000Z
batch_20260710_090257,iuid_0036028630784b76,rolex_32_557b,Rolex 32,4,v1,EBAY_DE,2026-07-10T09:03:01+00:00,v1|278070490431|0,NEU Rolex B32-501B-0 Endlinks Submariner Stahl Original Blister (A Pair),388.00,EUR,Nuovo con etichette,1000,FIXED_PRICE,https://www.ebay.de/itm/278070490431?_skw=Rolex+32&hash=item40be4af53f:g:790AAeSwcGJqKIua,https://i.ebayimg.com/images/g/790AAeSwcGJqKIua/s-l225.jpg,millerighetime_by_arriwatch,912,100.0,25.00,EUR,IT,Roma,2026-06-09T09:51:56.000Z
batch_20260710_090257,iuid_0036028630784b76,rolex_32_557b,Rolex 32,4,v1,EBAY_DE,2026-07-10T09:03:01+00:00,v1|278070490268|0,NEU Rolex B32-23182-N1 Verschluss Verschluss Oyster SEL Full Sticker GMT Daytona,2388.00,EUR,Nuovo con etichette,1000,FIXED_PRICE,https://www.ebay.de/itm/278070490268?_skw=Rolex+32&hash=item40be4af49c:g:5XMAAeSwNB9qJ-Li,https://i.ebayimg.com/images/g/5XMAAeSwNB9qJ-Li/s-l225.jpg,millerighetime_by_arriwatch,912,100.0,25.00,EUR,IT,Roma,2026-06-09T09:51:37.000Z
batch_20260710_090257,iuid_0036028630784b76,rolex_32_557b,Rolex 32,4,v1,EBAY_DE,2026-07-10T09:03:01+00:00,v1|278070486180|0,NEU Rolex B32-468B-3 Endlinks Datejust Stahl/Gold Original im Blister,388.00,EUR,Nuovo con etichette,1000,FIXED_PRICE,https://www.ebay.de/itm/278070486180?_skw=Rolex+32&hash=item40be4ae4a4:g:OfEAAeSwwxtqKIYw,https://i.ebayimg.com/images/g/OfEAAeSwwxtqKIYw/s-l225.jpg,millerighetime_by_arriwatch,912,100.0,25.00,EUR,IT,Roma,2026-06-09T09:50:59.000Z
batch_20260710_090257,iuid_0036028630784b76,rolex_32_557b,Rolex 32,4,v1,EBAY_DE,2026-07-10T09:03:01+00:00,v1|278070485558|0,NEU Rolex Flip Lock 32-23167 Submariner Explorer Original Teilverschluss,648.00,EUR,Nuovo con etichette,1000,FIXED_PRICE,https://www.ebay.de/itm/278070485558?_skw=Rolex+32&hash=item40be4ae236:g:BV0AAeSw6RNqKH8Y,https://i.ebayimg.com/images/g/BV0AAeSw6RNqKH8Y/s-l225.jpg,millerighetime_by_arriwatch,912,100.0,25.00,EUR,IT,Roma,2026-06-09T09:50:55.000Z
batch_20260710_090257,iuid_0036028630784b76,rolex_32_557b,Rolex 32,4,v1,EBAY_DE,2026-07-10T09:03:01+00:00,v1|398027970708|0,Rolex Cellini Men  9ct  Oro solido    32mm  Hallmarks,3900.00,EUR,De segunda mano - Bueno,3000,FIXED_PRICE|BEST_OFFER,https://www.ebay.de/itm/398027970708?_skw=Rolex+32&hash=item5cac50d894:g:0xUAAeSwTYtqKwGU,https://i.ebayimg.com/images/g/0xUAAeSwTYtqKwGU/s-l225.jpg,a-ca_92,126,100.0,60.00,EUR,ES,Carrizal,2026-06-04T23:49:24.000Z
batch_20260710_090257,iuid_0036028630784b76,rolex_32_557b,Rolex 32,4,v1,EBAY_DE,2026-07-10T09:03:01+00:00,v1|127898254847|0,ROLEX OYSTER Glied aus Edelstahl 15.5 MM Silbersatiniert poliert seitlich,197.63,EUR,Gebraucht,3000,FIXED_PRICE,https://www.ebay.de/itm/127898254847?_skw=Rolex+32&hash=item1dc7547dff:g:UukAAeSwDrZphNtx,https://i.ebayimg.com/images/g/UukAAeSwDrZphNtx/s-l225.jpg,myclock.it_aude,346,98.5,0.00,EUR,IT,Alessandria,2026-06-02T00:05:01.000Z
batch_20260710_090257,iuid_0036028630784b76,rolex_32_557b,Rolex 32,4,v1,EBAY_DE,2026-07-10T09:03:01+00:00,v1|406966603163|0,"Vintage Uhren Werbung, Rolex Datejust, Blatt 32x22cm,",4.00,EUR,Gebraucht,3000,FIXED_PRICE|BEST_OFFER,https://www.ebay.de/itm/406966603163?_skw=Rolex+32&hash=item5ec1198d9b:g:PTEAAeSwqqJqDuEu,https://i.ebayimg.com/images/g/PTEAAeSwqqJqDuEu/s-l225.jpg,kmicja_0,133,99.3,1.80,EUR,DE,Berlin,2026-06-01T16:48:44.000Z
batch_20260710_090257,iuid_0036028630784b76,rolex_32_557b,Rolex 32,4,v1,EBAY_DE,2026-07-10T09:03:01+00:00,v1|406966602217|0,"Vintage Uhren Werbung, Rolex Datejust, Blatt 32x22cm,",4.00,EUR,Gebraucht,3000,FIXED_PRICE|BEST_OFFER,https://www.ebay.de/itm/406966602217?_skw=Rolex+32&hash=item5ec11989e9:g:RXAAAeSw5ApqGcBa,https://i.ebayimg.com/images/g/RXAAAeSw5ApqGcBa/s-l225.jpg,kmicja_0,133,99.3,1.80,EUR,DE,Berlin,2026-06-01T16:48:00.000Z
batch_20260710_090257,iuid_0036028630784b76,rolex_32_557b,Rolex 32,4,v1,EBAY_DE,2026-07-10T09:03:01+00:00,v1|178169430956|0,Original ROLEX Federstege B32-23239-F5,149.95,EUR,Neu mit Etikett,1000,FIXED_PRICE,https://www.ebay.de/itm/178169430956?_skw=Rolex+32&hash=item297bb9c3ac:g:1v4AAeSwyk1qFt8k,https://i.ebayimg.com/images/g/1v4AAeSwyk1qFt8k/s-l225.jpg,watchparts24,71293,100.0,0.00,EUR,DE,Hamburg,2026-05-27T11:57:38.000Z
batch_20260710_090257,iuid_0036028630784b76,rolex_32_557b,Rolex 32,4,v1,EBAY_DE,2026-07-10T09:03:01+00:00,v1|127886455860|0,Rolex Clasp - B32-20850-N1,700.00,EUR,Neu mit Mängeln,1750,FIXED_PRICE,https://www.ebay.de/itm/127886455860?_skw=Rolex+32&hash=item1dc6a07434:g:xc8AAeSw0lVqFbSX,https://i.ebayimg.com/images/g/xc8AAeSw0lVqFbSX/s-l225.jpg,chronext_shop,542,97.9,0.00,EUR,DE,Köln,2026-05-27T14:57:31.000Z
batch_20260710_090257,iuid_0036028630784b76,rolex_32_557b,Rolex 32,4,v1,EBAY_DE,2026-07-10T09:03:01+00:00,v1|127886453003|0,Rolex Clasp - B32-20760-N1,800.00,EUR,Neu mit Mängeln,1750,FIXED_PRICE,https://www.ebay.de/itm/127886453003?_skw=Rolex+32&hash=item1dc6a0690b:g:TCcAAeSw12VqFbPU,https://i.ebayimg.com/images/g/TCcAAeSw12VqFbPU/s-l225.jpg,chronext_shop,542,97.9,0.00,EUR,DE,Köln,2026-05-26T14:54:47.000Z
batch_20260710_090257,iuid_0036028630784b76,rolex_32_557b,Rolex 32,4,v1,EBAY_DE,2026-07-10T09:03:01+00:00,v1|127886448278|0,Rolex Clasp - 126331 - B32-33172 - USED,700.00,EUR,Gebraucht - Gut,3000,FIXED_PRICE,https://www.ebay.de/itm/127886448278?_skw=Rolex+32&hash=item1dc6a05696:g:DvwAAeSwlKlqFbMC,https://i.ebayimg.com/images/g/DvwAAeSwlKlqFbMC/s-l225.jpg,chronext_shop,542,97.9,0.00,EUR,DE,Köln,2026-05-26T14:52:00.000Z
batch_20260710_090257,iuid_0036028630784b76,rolex_32_557b,Rolex 32,4,v1,EBAY_DE,2026-07-10T09:03:01+00:00,v1|127886441122|0,Rolex Clasp - B32-20830-N1,850.00,EUR,Neu mit Mängeln,1750,FIXED_PRICE,https://www.ebay.de/itm/127886441122?_skw=Rolex+32&hash=item1dc6a03aa2:g:FeIAAeSwHPhqFbGh,https://i.ebayimg.com/images/g/FeIAAeSwHPhqFbGh/s-l225.jpg,chronext_shop,542,97.9,0.00,EUR,DE,Köln,2026-05-27T14:47:55.000Z
batch_20260710_090257,iuid_0036028630784b76,rolex_32_557b,Rolex 32,4,v1,EBAY_DE,2026-07-10T09:03:01+00:00,v1|406941573844|0,"Vintage Uhren Werbung, Rolex GMT - Master  Blatt 32x22cm,",4.00,EUR,Gebraucht,3000,FIXED_PRICE|BEST_OFFER,https://www.ebay.de/itm/406941573844?_skw=Rolex+32&hash=item5ebf9ba2d4:g:tOgAAeSwEJpqDuMp,https://i.ebayimg.com/images/g/tOgAAeSwEJpqDuMp/s-l225.jpg,kmicja_0,133,99.3,1.80,EUR,DE,Berlin,2026-05-21T10:49:51.000Z
batch_20260710_090257,iuid_0036028630784b76,rolex_32_557b,Rolex 32,4,v1,EBAY_DE,2026-07-10T09:03:01+00:00,v1|406941560536|0,"Vintage Uhren Werbung, Rolex Lady-Datejust, Kiri Te Kanawa  Blatt 32x22cm,",4.00,EUR,Gebraucht,3000,FIXED_PRICE|BEST_OFFER,https://www.ebay.de/itm/406941560536?_skw=Rolex+32&hash=item5ebf9b6ed8:g:PTEAAeSwqqJqDuEu,https://i.ebayimg.com/images/g/PTEAAeSwqqJqDuEu/s-l225.jpg,kmicja_0,133,99.3,1.80,EUR,DE,Berlin,2026-05-21T10:41:38.000Z
batch_20260710_090257,iuid_0036028630784b76,rolex_32_557b,Rolex 32,4,v1,EBAY_DE,2026-07-10T09:03:01+00:00,v1|406941547360|0,"Vintage Uhren Werbung, Rolex Lady-Datejust, Cecile Bartoli  Blatt 32x22cm,",4.00,EUR,Gebraucht,3000,FIXED_PRICE|BEST_OFFER,https://www.ebay.de/itm/406941547360?_skw=Rolex+32&hash=item5ebf9b3b60:g:gOcAAeSw3YRqDt9M,https://i.ebayimg.com/images/g/gOcAAeSw3YRqDt9M/s-l225.jpg,kmicja_0,133,99.3,1.80,EUR,DE,Berlin,2026-05-21T10:34:53.000Z
batch_20260710_090257,iuid_0036028630784b76,rolex_32_557b,Rolex 32,4,v1,EBAY_DE,2026-07-10T09:03:01+00:00,v1|227352262668|0,Rolex 25-32 Neu NEW Blister X1 Stück Kunststoffglas 1019 Plexy Glass,323.40,EUR,Nuovo con etichette,1000,FIXED_PRICE|BEST_OFFER,https://www.ebay.de/itm/227352262668?_skw=Rolex+32&hash=item34ef40380c:g:wkMAAeSwP3hqSGVh,https://i.ebayimg.com/images/g/wkMAAeSwP3hqSGVh/s-l225.jpg,*rarecollections,1382,100.0,29.00,EUR,IT,,2026-05-21T05:10:23.000Z
batch_20260710_090257,iuid_0036028630784b76,rolex_32_557b,Rolex 32,4,v1,EBAY_DE,2026-07-10T09:03:01+00:00,v1|318326781472|0,"Rolex Daytona Link Oyster B32-23042-D1, 15,5mm",120.00,EUR,Gebraucht,3000,FIXED_PRICE,https://www.ebay.de/itm/318326781472?_skw=Rolex+32&hash=item4a1dc13620:g:KXgAAeSwpZhqDEJj,https://i.ebayimg.com/images/g/KXgAAeSwpZhqDEJj/s-l225.jpg,aswatches_parts,1018,99.8,16.00,EUR,ES,,2026-05-19T11:54:19.000Z
batch_20260710_090257,iuid_0036028630784b76,rolex_32_557b,Rolex 32,4,v1,EBAY_DE,2026-07-10T09:03:01+00:00,v1|147349074589|0,"Rolex Saphirglas 25-315 Original - 32,6mm - Sapphire Sapphire Explorer 39mm",38.00,EUR,Usato,3000,FIXED_PRICE,https://www.ebay.de/itm/147349074589?_skw=Rolex+32&hash=item224eb0729d:g:7-UAAeSwCy1qCLCl,https://i.ebayimg.com/images/g/7-UAAeSwCy1qCLCl/s-l225.jpg,aderaldo_time,1,100.0,15.00,EUR,IT,Melissa,2026-06-04T12:12:16.000Z
batch_20260710_090257,iuid_0036028630784b76,rolex_32_557b,Rolex 32,4,v1,EBAY_DE,2026-07-10T09:03:01+00:00,v1|358613167626|0,NEU - ROLEX Stainless Steel Oyster Link Element GMT DAYTONA B32-23042-D1,197.00,EUR,Neu mit Etikett,1000,FIXED_PRICE|BEST_OFFER,https://www.ebay.de/itm/358613167626?_skw=Rolex+32&hash=item537f02ae0a:g:mjEAAeSwoslqBC-G,https://i.ebayimg.com/images/g/mjEAAeSwoslqBC-G/s-l225.jpg,worldwide-5041,41,100.0,6.19,EUR,DE,Lübeck,2026-05-29T08:51:00.000Z
batch_20260710_090257,iuid_0036028630784b76,rolex_32_557b,Rolex 32,4,v1,EBAY_DE,2026-07-10T09:03:01+00:00,v1|318291939964|0,"Rolex Daytona Link Oyster B32-23042-D1, 15,5mm",90.00,EUR,Gebraucht,3000,FIXED_PRICE,https://www.ebay.de/itm/318291939964?_skw=Rolex+32&hash=item4a1bad927c:g:6ugAAeSwag5qLtdO,https://i.ebayimg.com/images/g/6ugAAeSwag5qLtdO/s-l225.jpg,aswatches_parts,1018,99.8,16.00,EUR,ES,,2026-05-12T16:33:35.000Z
batch_20260710_090257,iuid_0036028630784b76,rolex_32_557b,Rolex 32,4,v1,EBAY_DE,2026-07-10T09:03:01+00:00,v1|800009492953|0,"Rolex 32-20518 Stahlgitter Jubilee Steel Link Datejust 31mm, 12mm Original",39.99,EUR,Usato,3000,FIXED_PRICE|BEST_OFFER,https://www.ebay.de/itm/800009492953?_skw=Rolex+32&hash=itemba444819d9:g:oOoAAeSwd-5qAz7i,https://i.ebayimg.com/images/g/oOoAAeSwd-5qAz7i/s-l225.jpg,only_quality_stuff_new2026,48,100.0,12.50,EUR,IT,Teramo,2026-05-12T14:56:56.000Z
batch_20260710_090257,iuid_0036028630784b76,rolex_32_557b,Rolex 32,4,v1,EBAY_DE,2026-07-10T09:03:01+00:00,v1|389999702031|0,Jaeger-LeCoultre 889 | 888-32.030 Antriebsrad Drive Wheel Original,99.00,EUR,Usato,3000,FIXED_PRICE|BEST_OFFER,https://www.ebay.de/itm/389999702031?_skw=Rolex+32&hash=item5acdcb300f:g:jCgAAeSwvsRqADo5,https://i.ebayimg.com/images/g/jCgAAeSwvsRqADo5/s-l225.jpg,only_quality_stuff_new2026,48,100.0,12.50,EUR,IT,Teramo,2026-05-10T07:58:11.000Z
batch_20260710_090257,iuid_0036028630784b76,rolex_32_557b,Rolex 32,4,v1,EBAY_DE,2026-07-10T09:03:01+00:00,v1|389993333924|0,Rolex 32-23042 Stahlstrick Steel Link Oyster 116710 | 116520 Original,99.00,EUR,Usato,3000,FIXED_PRICE|BEST_OFFER,https://www.ebay.de/itm/389993333924?_skw=Rolex+32&hash=item5acd6a04a4:g:5rYAAeSwXbZp~hB9,https://i.ebayimg.com/images/g/5rYAAeSwXbZp~hB9/s-l225.jpg,only_quality_stuff_new2026,48,100.0,12.50,EUR,IT,Teramo,2026-05-08T16:37:28.000Z
batch_20260710_090257,iuid_0036028630784b76,rolex_32_557b,Rolex 32,4,v1,EBAY_DE,2026-07-10T09:03:01+00:00,v1|389993212256|0,Rolex 32-20695 Stahl / Gold Steel / Gold Link 16713 | 16523 Original,289.00,EUR,Usato,3000,FIXED_PRICE|BEST_OFFER,https://www.ebay.de/itm/389993212256?_skw=Rolex+32&hash=item5acd682960:g:ziEAAeSwEmJqHa~-,https://i.ebayimg.com/images/g/ziEAAeSwEmJqHa~-/s-l225.jpg,only_quality_stuff_new2026,48,100.0,12.50,EUR,IT,Teramo,2026-05-08T16:08:47.000Z
batch_20260710_090257,iuid_0036028630784b76,rolex_32_557b,Rolex 32 557B,1,v1,EBAY_US,2026-07-10T09:03:01+00:00,v1|227232248294|0,Rolex 32-557B-0 New Blister X1 Piece X1 Piece Pair of End Pieces 78350,442.18,USD,New with tags,1000,FIXED_PRICE|BEST_OFFER,https://www.ebay.com/itm/227232248294?_skw=Rolex+32+557B&hash=item34e818f1e6:g:P60AAeSwq0dqR~gW,https://i.ebayimg.com/images/g/P60AAeSwq0dqR~gW/s-l225.jpg,*rarecollections,1382,100.0,55.00,USD,IT,,2026-02-25T17:53:52.000Z
batch_20260710_090257,iuid_0036028630784b76,rolex_32_557b,Rolex 32,4,v1,EBAY_US,2026-07-10T09:03:04+00:00,v1|127966091189|0,Vintage 1995 Rolex Cellini 4112/8 18K Yellow Gold White Roman Dial Manual 32mm,9699.99,USD,Pre-owned - Excellent,2990,FIXED_PRICE|BEST_OFFER,https://www.ebay.com/itm/127966091189?_skw=Rolex+32&hash=item1dcb5f97b5:g:BzcAAeSwB-dqT7fX,https://i.ebayimg.com/images/g/BzcAAeSwB-dqT7fX/s-l225.jpg,dannysvintagewatches,596,98.1,0.00,USD,US,New York,2026-07-09T14:57:39.000Z
batch_20260710_090257,iuid_0036028630784b76,rolex_32_557b,Rolex 32,4,v1,EBAY_US,2026-07-10T09:03:04+00:00,v1|287449392473|0,DEATH NYC ltd ed FRAMED art print 45x32cm Rolex Oyster Cosmograph Watch,219.99,USD,New,1000,FIXED_PRICE,https://www.ebay.com/itm/287449392473?_skw=Rolex+32&hash=item42ed51a559:g:CkEAAeSwKEZqT3LX,https://i.ebayimg.com/images/g/CkEAAeSwKEZqT3LX/s-l225.jpg,quadar_miller,3008,100.0,33.00,USD,US,Seattle,2026-07-09T10:08:08.000Z
batch_20260710_090257,iuid_0036028630784b76,rolex_32_557b,Rolex 32,4,v1,EBAY_US,2026-07-10T09:03:04+00:00,v1|398155419705|0,Auth. Rolex Oyster Stainless Steel 14mm Bracelet Link 32-20634,207.54,USD,New without tags,1500,FIXED_PRICE|BEST_OFFER,https://www.ebay.com/itm/398155419705?_skw=Rolex+32&hash=item5cb3e99039:g:MlEAAeSwoZhqTuG0,https://i.ebayimg.com/images/g/MlEAAeSwoZhqTuG0/s-l225.jpg,hnco,36082,99.8,69.38,USD,AU,Woolloongabba,2026-07-08T23:48:07.000Z
batch_20260710_090257,iuid_0036028630784b76,rolex_32_557b,Rolex 32,4,v1,EBAY_US,2026-07-10T09:03:04+00:00,v1|358772706253|0,Genuine Vintage Rolex 15mm S/S Jubilee End Link & Clasp #32-20546,65.00,USD,Pre-owned,3000,FIXED_PRICE,https://www.ebay.com/itm/358772706253?_skw=Rolex+32&hash=item5388850bcd:g:F3sAAeSwzI5qTpWw,https://i.ebayimg.com/images/g/F3sAAeSwzI5qTpWw/s-l225.jpg,baubleb_59,541,99.7,0.00,USD,US,Boca Raton,2026-07-08T18:26:44.000Z
batch_20260710_090257,iuid_0036028630784b76,rolex_32_557b,Rolex 32,4,v1,EBAY_US,2026-07-10T09:03:04+00:00,v1|358772624963|0,Genuine Rolex Clasp & Blade Pin 32-20734,30.00,USD,New with tags,1000,FIXED_PRICE,https://www.ebay.com/itm/358772624963?_skw=Rolex+32&hash=item538883ce43:g:hMwAAeSw3ehqTo5i,https://i.ebayimg.com/images/g/hMwAAeSw3ehqTo5i/s-l225.jpg,baubleb_59,541,99.7,0.00,USD,US,Boca Raton,2026-07-08T17:59:18.000Z
batch_20260710_090257,iuid_0036028630784b76,rolex_32_557b,Rolex 32,4,v1,EBAY_US,2026-07-10T09:03:04+00:00,v1|307050217646|0,Genuine Rolex Oyster Bracelet Link B32-23042-D1 15.5mm Daytona GMT Yacht-Master ,341.90,USD,New with tags,1000,FIXED_PRICE|BEST_OFFER,https://www.ebay.com/itm/307050217646?_skw=Rolex+32&hash=item477d9e80ae:g:R2sAAeSwXWBqTm0b,https://i.ebayimg.com/images/g/R2sAAeSwXWBqTm0b/s-l225.jpg,watchking1980,212,100.0,,,GB,NOTTINGHAM,2026-07-08T15:31:29.000Z
batch_20260710_090257,iuid_0036028630784b76,rolex_32_557b,Rolex 32,4,v1,EBAY_US,2026-07-10T09:03:04+00:00,v1|267721330735|0,Rolex Oyster Speedking Bubbleback 32mm Silver Dial Mens Watch 2940,,,Pre-owned - Good,3000,AUCTION,https://www.ebay.com/itm/267721330735?_skw=Rolex+32&hash=item3e556f502f:g:CrsAAeSwXWBqTmZP,https://i.ebayimg.com/images/g/CrsAAeSwXWBqTmZP/s-l225.jpg,roadshowconcepts,14705,99.7,,,US,Bartlett,2026-07-09T15:18:27.000Z
batch_20260710_090257,iuid_0036028630784b76,rolex_32_557b,Rolex 32,4,v1,EBAY_US,2026-07-10T09:03:04+00:00,v1|178293542877|0,ROLEX Cellini Ladies Watch 5115 32mm Vintage 18K 750 White Gold Hand-Wind,8013.39,USD,Pre-owned - Good,3000,FIXED_PRICE|BEST_OFFER,https://www.ebay.com/itm/178293542877?_skw=Rolex+32&hash=item29831f8fdd:g:c~4AAeSwS~5pnJks,https://i.ebayimg.com/images/g/c~4AAeSwS~5pnJks/s-l225.jpg,uhrenatelier-halle-gmbh,9131,99.7,0.00,USD,DE,Halle,2026-07-08T10:15:45.000Z
batch_20260710_090257,iuid_0036028630784b76,rolex_32_557b,Rolex 32,4,v1,EBAY_US,2026-07-10T09:03:04+00:00,v1|178293542881|0,ROLEX Cellini Ladies Watch 5115 32mm Vintage 18K 750 White Gold Manual Wind,8013.39,USD,Pre-owned - Good,3000,FIXED_PRICE|BEST_OFFER,https://www.ebay.com/itm/178293542881?_skw=Rolex+32&hash=item29831f8fe1:g:desAAeSwDwtpnJwu,https://i.ebayimg.com/images/g/desAAeSwDwtpnJwu/s-l225.jpg,uhrenatelier-halle-gmbh,9131,99.7,0.00,USD,DE,Halle,2026-07-08T10:15:45.000Z
batch_20260710_090257,iuid_0036028630784b76,rolex_32_557b,Rolex 32,4,v1,EBAY_US,2026-07-10T09:03:04+00:00,v1|168521151898|0,Vintage ROLEX Cherini 3727 Men's Manual Pocket Watch 32mm 18K 0750 19J,5500.00,USD,Pre-owned - Excellent,2990,FIXED_PRICE,https://www.ebay.com/itm/168521151898?_skw=Rolex+32&hash=item273ca4b59a:g:PLQAAeSwEBRqTWrX,https://i.ebayimg.com/images/g/PLQAAeSwEBRqTWrX/s-l225.jpg,watch_jp,881,100.0,1230.00,USD,JP,,2026-07-07T21:03:40.000Z
batch_20260710_090257,iuid_0036028630784b76,rolex_32_557b,Rolex 32,4,v1,EBAY_US,2026-07-10T09:03:04+00:00,v1|307047457970|0,Genuine Rolex Bracelet Link B32-20738-D1 Oyster 93250 20mm Submariner OEM Sealed,382.13,USD,New with tags,1000,FIXED_PRICE|BEST_OFFER,https://www.ebay.com/itm/307047457970?_skw=Rolex+32&hash=item477d7464b2:g:tQ4AAeSwJS5qTQNg,https://i.ebayimg.com/images/g/tQ4AAeSwJS5qTQNg/s-l225.jpg,watchking1980,212,100.0,,,GB,NOTTINGHAM,2026-07-07T13:47:46.000Z
batch_20260710_090257,iuid_0036028630784b76,rolex_32_557b,Rolex 32,4,v1,EBAY_US,2026-07-10T09:03:04+00:00,v1|307047452425|0,Genuine Rolex D32-23042-D1 Oyster Bracelet Link New Sealed Submariner GMT - BNIB,294.98,USD,New with tags,1000,FIXED_PRICE|BEST_OFFER,https://www.ebay.com/itm/307047452425?_skw=Rolex+32&hash=item477d744f09:g:j0IAAeSwPA1qTQIf,https://i.ebayimg.com/images/g/j0IAAeSwPA1qTQIf/s-l225.jpg,watchking1980,212,100.0,,,GB,NOTTINGHAM,2026-07-07T13:42:50.000Z
batch_20260710_090257,iuid_0036028630784b76,rolex_32_557b,Rolex 32,4,v1,EBAY_US,2026-07-10T09:03:04+00:00,v1|227420817466|0,Genuine Rolex 32.00.01 Watch Box GMT Submariner Daytona,241.33,USD,Used,3000,FIXED_PRICE,https://www.ebay.com/itm/227420817466?_skw=Rolex+32&hash=item34f356483a:g:aZ0AAeSw23FqS9Du,https://i.ebayimg.com/images/g/aZ0AAeSw23FqS9Du/s-l225.jpg,kronograph,1059,99.6,,,GB,IVER,2026-07-07T12:26:47.000Z
batch_20260710_090257,iuid_0036028630784b76,rolex_32_557b,Rolex 32,4,v1,EBAY_US,2026-07-10T09:03:04+00:00,v1|377323680045|0,"Vintage 14K Rose Gold Rolex Bubble Back Oyster Perpetual Watch, 32mm Case",16500.00,USD,Pre-owned - Good,3000,FIXED_PRICE|BEST_OFFER,https://www.ebay.com/itm/377323680045?_skw=Rolex+32&hash=item57da3e712d:g:5f4AAeSwWbdqTBMc,https://i.ebayimg.com/images/g/5f4AAeSwWbdqTBMc/s-l225.jpg,uscoins.com,67638,99.9,9.00,USD,US,Garden City,2026-07-06T20:46:47.000Z
batch_20260710_090257,iuid_0036028630784b76,rolex_32_557b,Rolex 32,4,v1,EBAY_US,2026-07-10T09:03:04+00:00,v1|206398789726|0,"Vintage 14K Gold Rolex White Dial Bubble Back Oyster Perpetual Watch, 32mm Case",15000.00,USD,Pre-owned - Good,3000,FIXED_PRICE|BEST_OFFER,https://www.ebay.com/itm/206398789726?_skw=Rolex+32&hash=item300e53985e:g:-kMAAeSwFH9qTBGO,https://i.ebayimg.com/images/g/-kMAAeSwFH9qTBGO/s-l225.jpg,uscoins.com,67638,99.9,9.00,USD,US,Garden City,2026-07-06T20:41:24.000Z
batch_20260710_090257,iuid_0036028630784b76,rolex_32_557b,Rolex 32,4,v1,EBAY_US,2026-07-10T09:03:04+00:00,v1|188598928588|0,Rolex EZ Link 32-23043 Bracelet Extension 16mm Clasp Adjuster – OEM Upgrade,280.99,USD,New with tags,1000,FIXED_PRICE|BEST_OFFER,https://www.ebay.com/itm/188598928588?_skw=Rolex+32&hash=item2be95f44cc:g:D7MAAOSwFzdoVZDb,https://i.ebayimg.com/images/g/D7MAAOSwFzdoVZDb/s-l225.jpg,seooe-0,0,0.0,0.00,USD,US,,2026-07-06T03:05:17.000Z
batch_20260710_090257,iuid_0036028630784b76,rolex_32_557b,Rolex 32,4,v1,EBAY_US,2026-07-10T09:03:04+00:00,v1|188598928188|0,"Hard to Find Rolex EasyLink OEM Extension – Submariner, OP, DJ, 14060, 116000",280.99,USD,New with tags,1000,FIXED_PRICE|BEST_OFFER,https://www.ebay.com/itm/188598928188?_skw=Rolex+32&hash=item2be95f433c:g:MXQAAOSwhxZoVZDe,https://i.ebayimg.com/images/g/MXQAAOSwhxZoVZDe/s-l225.jpg,seooe-0,0,0.0,0.00,USD,US,,2026-07-06T03:05:07.000Z
batch_20260710_090257,iuid_0036028630784b76,rolex_32_557b,Rolex 32,4,v1,EBAY_US,2026-07-10T09:03:04+00:00,v1|188598924030|0,"Rolex EasyLink 32-23043 for Submariner 14060, Explorer, OP 116000, 114300 OEM",280.99,USD,New with tags,1000,FIXED_PRICE|BEST_OFFER,https://www.ebay.com/itm/188598924030?_skw=Rolex+32&hash=item2be95f32fe:g:K9EAAOSw0jtoVZDb,https://i.ebayimg.com/images/g/K9EAAOSw0jtoVZDb/s-l225.jpg,seooe-0,0,0.0,0.00,USD,US,,2026-07-06T03:03:49.000Z
batch_20260710_090257,iuid_0036028630784b76,rolex_32_557b,Rolex 32,4,v1,EBAY_US,2026-07-10T09:03:04+00:00,v1|227416039995|0,"Rolex B32-20730-N1 New Blister X1 Piece Clasp 93150 5512, 5513, 1680, 16800, 168",1012.32,USD,New with tags,1000,FIXED_PRICE|BEST_OFFER,https://www.ebay.com/itm/227416039995?_skw=Rolex+32&hash=item34f30d623b:g:1SgAAeSwjvNqSNkO,https://i.ebayimg.com/images/g/1SgAAeSwjvNqSNkO/s-l225.jpg,*rarecollections,1382,100.0,55.00,USD,IT,,2026-07-04T09:13:54.000Z
batch_20260710_090257,iuid_0036028630784b76,rolex_32_557b,Rolex 32,4,v1,EBAY_US,2026-07-10T09:03:04+00:00,v1|336670708738|0,Rolex Watch Oyster Date Precision Silver Manual-Winding 32mm Auth Rare Men's,2982.45,USD,Used,3000,FIXED_PRICE|BEST_OFFER,https://www.ebay.com/itm/336670708738?_skw=Rolex+32&hash=item4e63235402:g:9QAAAeSw0iNqSJbq,https://i.ebayimg.com/images/g/9QAAAeSw0iNqSJbq/s-l225.jpg,miyako_sunrise,3023,99.3,0.00,USD,JP,,2026-07-04T05:14:18.000Z
batch_20260710_090257,iuid_0036028630784b76,rolex_32_557b,Rolex 32,4,v1,EBAY_US,2026-07-10T09:03:04+00:00,v1|287436878632|0,DEATH NYC ltd ed signed FRAMED art print 45x32cm Rolex Oyster Cosmograph x Hirst,219.99,USD,New,1000,FIXED_PRICE,https://www.ebay.com/itm/287436878632?_skw=Rolex+32&hash=item42ec92b328:g:JYcAAeSw1w5qSHeU,https://i.ebayimg.com/images/g/JYcAAeSw1w5qSHeU/s-l225.jpg,quadar_miller,3008,100.0,33.00,USD,US,Seattle,2026-07-04T03:02:22.000Z
batch_20260710_090257,iuid_0036028630784b76,rolex_32_557b,Rolex 32,4,v1,EBAY_US,2026-07-10T09:03:04+00:00,v1|198473219808|0,"Genuine OEM ROLEX Link for Submariner 126610 watch bracelet,  B32-33781-D1",298.00,USD,New with tags,1000,FIXED_PRICE,https://www.ebay.com/itm/198473219808?_skw=Rolex+32&hash=item2e35ecfee0:g:4WcAAeSw9gVqPWrA,https://i.ebayimg.com/images/g/4WcAAeSw9gVqPWrA/s-l225.jpg,goya53,668,100.0,12.00,USD,US,Arlington,2026-07-03T17:50:58.000Z
batch_20260710_090257,iuid_0036028630784b76,rolex_32_557b,Rolex 32,4,v1,EBAY_US,2026-07-10T09:03:04+00:00,v1|257601483460|0,Men's Rolex Oyster Perpetual 32mm Gold Filled Champagne Dial Watch #W304609-1,,,Pre-owned - Good,3000,AUCTION,https://www.ebay.com/itm/257601483460?_skw=Rolex+32&hash=item3bfa3eb2c4:g:o2kAAeSwy1BqRunh,https://i.ebayimg.com/images/g/o2kAAeSwy1BqRunh/s-l225.jpg,nationalrarities,51413,99.8,17.99,USD,US,Saint Louis,2026-07-03T02:45:00.000Z
batch_20260710_090257,iuid_0036028630784b76,rolex_32_557b,Rolex 32,4,v1,EBAY_US,2026-07-10T09:03:04+00:00,v1|336668306207|0,OEM Rolex Oyster Link B32-23042-D1 Stainless Steel Watch Band Link,215.00,USD,New with tags,1000,FIXED_PRICE,https://www.ebay.com/itm/336668306207?_skw=Rolex+32&hash=item4e62feab1f:g:m1YAAeSwTlFqIHBU,https://i.ebayimg.com/images/g/m1YAAeSwTlFqIHBU/s-l225.jpg,marshallsbands,188,99.5,,,US,Sierra Madre,2026-07-02T20:51:22.000Z
batch_20260710_090257,iuid_0036028630784b76,rolex_32_557b,Rolex 32,4,v1,EBAY_US,2026-07-10T09:03:04+00:00,v1|358746881362|0,"Rolex Oyster Royal ‘1948’ Gents Ref 6044 Vintage 32mm Gents Watch, Dial Patina",2480.48,USD,Pre-owned - Good,3000,FIXED_PRICE|BEST_OFFER,https://www.ebay.com/itm/358746881362?_skw=Rolex+32&hash=item5386fafd52:g:F3AAAeSw-15qRmMt,https://i.ebayimg.com/images/g/F3AAAeSw-15qRmMt/s-l225.jpg,oldwatchcompany,1451,100.0,67.04,USD,GB,BIRMINGHAM,2026-07-02T13:32:04.000Z
batch_20260710_090257,iuid_0036028630784b76,rolex_32_557b,Rolex 32,4,v1,EBAY_US,2026-07-10T09:03:04+00:00,v1|267715391126|0,Customizable strap; 32/22,130.99,USD,New without tags,1500,FIXED_PRICE,https://www.ebay.com/itm/267715391126?_skw=Rolex+32&hash=item3e5514ae96:g:2OkAAeSwwUJpCwVG,https://i.ebayimg.com/images/g/2OkAAeSwwUJpCwVG/s-l225.jpg,vn_handmade,773,100.0,15.99,USD,VN,,2026-07-03T05:21:17.000Z
batch_20260710_090257,iuid_0036028630784b76,rolex_32_557b,Rolex 32,4,v1,EBAY_US,2026-07-10T09:03:04+00:00,v1|318530398440|0,Rolex Watch Cellini 14k Gold Case Swiss Manual Wind Black Leather Band 32mm,3799.99,USD,Pre-owned - Good,3000,FIXED_PRICE,https://www.ebay.com/itm/318530398440?_skw=Rolex+32&hash=item4a29e428e8:g:8r0AAeSwKIVqRXqh,https://i.ebayimg.com/images/g/8r0AAeSwKIVqRXqh/s-l225.jpg,rkstarwars,72234,99.9,,,US,Forked River,2026-07-01T20:43:19.000Z
batch_20260710_090257,iuid_0036028630784b76,rolex_32_557b,Rolex 32,4,v1,EBAY_US,2026-07-10T09:03:04+00:00,v1|407039453034|0,"Original Rolex Apple Watch strap, leather, beige, 32mm, with box.",155.00,USD,Used,3000,FIXED_PRICE|BEST_OFFER,https://www.ebay.com/itm/407039453034?_skw=Rolex+32&hash=item5ec571276a:g:vP0AAeSwst9qRJ6J,https://i.ebayimg.com/images/g/vP0AAeSwst9qRJ6J/s-l225.jpg,albatross_88,803,99.5,0.00,USD,JP,,2026-07-01T04:55:46.000Z
batch_20260710_090257,iuid_0036028630784b76,rolex_32_557b,Rolex 32,4,v1,EBAY_US,2026-07-10T09:03:04+00:00,v1|307035563894|0,Rolex Oyster Perpetual Date 34MM Silver Dial For 15200 15210 - JP32,220.00,USD,Pre-owned,3000,FIXED_PRICE,https://www.ebay.com/itm/307035563894?_skw=Rolex+32&hash=item477cbee776:g:eIEAAeSwPdtqKJGg,https://i.ebayimg.com/images/g/eIEAAeSwPdtqKJGg/s-l225.jpg,nycsales212,2231,100.0,0.00,USD,US,Forest Hills,2026-07-01T01:49:50.000Z
batch_20260710_090257,iuid_0036028630784b76,rolex_32_557b,Rolex 32,4,v1,EBAY_US,2026-07-10T09:03:04+00:00,v1|267714047273|0,Genuine ROLEX bracelet link B32-20684-D1 for Oyster bracelet 78360 78790A 20 mm,195.00,USD,New with defects,1750,FIXED_PRICE|BEST_OFFER,https://www.ebay.com/itm/267714047273?_skw=Rolex+32&hash=item3e55002d29:g:PToAAeSwa09qREqa,https://i.ebayimg.com/images/g/PToAAeSwa09qREqa/s-l225.jpg,bts-of-nc,493,100.0,,,US,Fayetteville,2026-06-30T23:01:22.000Z
batch_20260710_090257,iuid_0036028630784b76,rolex_32_557b,Rolex 32,4,v1,EBAY_US,2026-07-10T09:03:04+00:00,v1|147407825002|0,ROLEX CELLINI 3806 32mm WG Silver #C18546,5027.87,USD,Pre-owned - Good,3000,FIXED_PRICE,https://www.ebay.com/itm/147407825002?_skw=Rolex+32&hash=item225230e86a:g:4ZIAAeSw6sVqREis,https://i.ebayimg.com/images/g/4ZIAAeSw6sVqREis/s-l225.jpg,minico_01,11727,99.0,0.00,USD,JP,,2026-06-30T22:49:22.000Z
batch_20260710_090257,iuid_0036028630784b76,rolex_32_557b,Rolex 32,4,v1,EBAY_US,2026-07-10T09:03:04+00:00,v1|206384150567|0,NEW Genuine Rolex Daytona Stainless Steel Oyster Link 32-23042,140.78,USD,New with box and papers,1000,FIXED_PRICE|BEST_OFFER,https://www.ebay.com/itm/206384150567?_skw=Rolex+32&hash=item300d743827:g:Q7gAAeSw4kdqQ~Gi,https://i.ebayimg.com/images/g/Q7gAAeSw4kdqQ~Gi/s-l225.jpg,bon7tee,876,100.0,,,GB,BATH,2026-06-30T16:43:23.000Z
batch_20260710_090257,iuid_0036028630784b76,rolex_32_557b,Rolex 32,4,v1,EBAY_US,2026-07-10T09:03:04+00:00,v1|127949865146|0,Vintage 1976 Rolex Cellini 5116 18K YG Champagne Bullseye Dial Manual 32mm,9599.99,USD,Pre-owned - Good,3000,FIXED_PRICE|BEST_OFFER,https://www.ebay.com/itm/127949865146?_skw=Rolex+32&hash=item1dca6800ba:g:vE4AAeSwBoFqQ~EX,https://i.ebayimg.com/images/g/vE4AAeSwBoFqQ~EX/s-l225.jpg,dannysvintagewatches,596,98.1,0.00,USD,US,New York,2026-06-30T16:36:33.000Z
batch_20260710_090257,iuid_0036028630784b76,rolex_32_557b,Rolex 32,4,v1,EBAY_US,2026-07-10T09:03:04+00:00,v1|358738311691|0,REAL ROLEX vol.32 Rolex buying and selling guidebook Japanese BOOK,49.23,USD,Brand New,1000,FIXED_PRICE|BEST_OFFER,https://www.ebay.com/itm/358738311691?_skw=Rolex+32&hash=item5386783a0b:g:xE8AAeSwfE5qUGyQ,https://i.ebayimg.com/images/g/xE8AAeSwfE5qUGyQ/s-l225.jpg,yujab-2,2766,99.8,15.51,USD,JP,,2026-06-30T11:47:35.000Z
batch_20260710_090257,iuid_0036028630784b76,rolex_32_557b,Rolex 32,4,v1,EBAY_US,2026-07-10T09:03:04+00:00,v1|307048075787|0,Rolex Precision 9k Gold Mens 32mm 1950s Vintage dress watch (needs repair),2495.00,USD,Pre-owned - Good,3000,FIXED_PRICE|BEST_OFFER,https://www.ebay.com/itm/307048075787?_skw=Rolex+32&hash=item477d7dd20b:g:JooAAeSw~DVqQEqm,https://i.ebayimg.com/images/g/JooAAeSw~DVqQEqm/s-l225.jpg,simons_pawn,360,100.0,,,US,Lemon Grove,2026-07-07T18:41:19.000Z
batch_20260710_090257,iuid_0036028630784b76,rolex_32_557b,Rolex 32,4,v1,EBAY_US,2026-07-10T09:03:04+00:00,v1|147403691337|0,Rolex 18K White Gold Cellini 32mm 5116 Silver Roman Dial Manual Wind Watch,4795.00,USD,Pre-owned - Good,3000,FIXED_PRICE|BEST_OFFER,https://www.ebay.com/itm/147403691337?_skw=Rolex+32&hash=item2251f1d549:g:rYAAAeSwWc5qUFag,https://i.ebayimg.com/images/g/rYAAAeSwWc5qUFag/s-l225.jpg,signaturewatches,4643,100.0,0.00,USD,US,New York,2026-06-29T00:02:57.000Z
batch_20260710_090257,iuid_0036028630784b76,rolex_32_557b,Rolex 32,4,v1,EBAY_US,2026-07-10T09:03:04+00:00,v1|168498982644|0,⌚Rolex 32mm Bubble Back Mid Size Wrist  Watch 14k Y. Gold 5015 Vintage Automatic,7500.00,USD,Pre-owned - Good,3000,FIXED_PRICE,https://www.ebay.com/itm/168498982644?_skw=Rolex+32&hash=item273b526ef4:g:yTMAAeSwpRhqQWgM,https://i.ebayimg.com/images/g/yTMAAeSwpRhqQWgM/s-l225.jpg,portablewealth,1496,99.3,0.00,USD,US,Beverly Hills,2026-06-28T16:46:35.000Z
batch_20260710_090257,iuid_0036028630784b76,rolex_32_557b,Rolex 32,4,v1,EBAY_US,2026-07-10T09:03:04+00:00,v1|168498982554|0,Rolex Watch  32mm Bubble Back Mid Size 14k Rose Gold 3130 Vintage Auto,9999.99,USD,Pre-owned - Good,3000,FIXED_PRICE,https://www.ebay.com/itm/168498982554?_skw=Rolex+32&hash=item273b526e9a:g:7e4AAOSwCcNmo-dh,https://i.ebayimg.com/images/g/7e4AAOSwCcNmo-dh/s-l225.jpg,portablewealth,1496,99.3,0.00,USD,US,Beverly Hills,2026-06-28T16:46:34.000Z
batch_20260710_090257,iuid_0036028630784b76,rolex_32_557b,Rolex 32,4,v1,EBAY_US,2026-07-10T09:03:04+00:00,v1|298460817255|0,1994 Rolex Cellini 32mm 18K Yellow Gold Watch&Buckle. Rolex Box. Great Condition,6495.00,USD,Pre-owned - Good,3000,FIXED_PRICE|BEST_OFFER,https://www.ebay.com/itm/298460817255?_skw=Rolex+32&hash=item457da6a767:g:xKwAAeSwAslqQI8m,https://i.ebayimg.com/images/g/xKwAAeSwAslqQI8m/s-l225.jpg,timepiececurator,6,100.0,0.00,USD,US,Spring,2026-06-28T16:14:12.000Z
batch_20260710_090257,iuid_0036028630784b76,rolex_32_557b,Rolex 32,4,v1,EBAY_US,2026-07-10T09:03:04+00:00,v1|178261217237|0,BBR P18195-1V 1/18 Ferrari 488 Challenge 2018 Rolex 24H Daytona Racing Ltd 32pcs,579.00,USD,New,1000,FIXED_PRICE,https://www.ebay.com/itm/178261217237?_skw=Rolex+32&hash=item2981324fd5:g:VgEAAeSwLLxqP9QN,https://i.ebayimg.com/images/g/VgEAAeSwLLxqP9QN/s-l225.jpg,sozupro,681,99.6,79.99,USD,JP,,2026-06-28T00:51:39.000Z
batch_20260710_090257,iuid_0036028630784b76,rolex_32_557b,Rolex 32,4,v1,EBAY_US,2026-07-10T09:03:04+00:00,v1|198456190274|0,Rolex Cellini 32mm vintage 3804 18k yellow gold champagne dial 1976 box Mint,6903.78,USD,Pre-owned - Good,3000,FIXED_PRICE,https://www.ebay.com/itm/198456190274?_skw=Rolex+32&hash=item2e34e92542:g:N3kAAeSwQMdp~dse,https://i.ebayimg.com/images/g/N3kAAeSwQMdp~dse/s-l225.jpg,ogcollectionsltd,25,100.0,132.74,USD,GB,ST. ALBANS,2026-06-26T19:40:32.000Z
batch_20260710_090257,iuid_0036028630784b76,rolex_32_557b,Rolex 32,4,v1,EBAY_US,2026-07-10T09:03:04+00:00,v1|307026848971|0,REAL ROLEX vol.32 Magazine Japan Watch Fashion Daytona Submariner Thunder Bird,33.97,USD,New,1000,FIXED_PRICE,https://www.ebay.com/itm/307026848971?_skw=Rolex+32&hash=item477c39eccb:g:d2IAAOSwoQBmg5WA,https://i.ebayimg.com/images/g/d2IAAOSwoQBmg5WA/s-l225.jpg,life_is_beautiful_japan,3479,100.0,10.00,USD,JP,,2026-06-26T17:42:03.000Z
batch_20260710_090257,iuid_0036028630784b76,rolex_32_557b,Rolex 32,4,v1,EBAY_US,2026-07-10T09:03:04+00:00,v1|336656512916|0,Rod Skidmore Signed 1991 Rolex Gold Cup Polo Ltd Ed 130/250 Framed 32x24,355.50,USD,Used,3000,FIXED_PRICE|BEST_OFFER,https://www.ebay.com/itm/336656512916?_skw=Rolex+32&hash=item4e624ab794:g:BfYAAeSw8ShqPVuH,https://i.ebayimg.com/images/g/BfYAAeSw8ShqPVuH/s-l225.jpg,moonstruckestate,2075,100.0,0.00,USD,US,North Arlington,2026-06-25T16:59:18.000Z
batch_20260710_090257,iuid_0036028630784b76,rolex_32_557b,Rolex 32,4,v1,EBAY_US,2026-07-10T09:03:04+00:00,v1|800240876342|0,"Rolex 32-20562 Jubilee Steel and Gold Links 15,5mm 62523H ",399.00,USD,Pre-owned,3000,FIXED_PRICE|BEST_OFFER,https://www.ebay.com/itm/800240876342?_skw=Rolex+32&hash=itemba5212bb36:g:0~4AAeSw3XhqPPQa,https://i.ebayimg.com/images/g/0~4AAeSw3XhqPPQa/s-l225.jpg,only_quality_stuff_new2026,48,100.0,29.00,USD,IT,Teramo,2026-06-25T09:27:19.000Z
batch_20260710_090257,iuid_0036028630784b76,rolex_32_557b,Rolex 32,4,v1,EBAY_US,2026-07-10T09:03:04+00:00,v1|198452770677|0,Rolex New Blister Jersey B32-20738-D1,341.76,USD,Usato,3000,FIXED_PRICE|BEST_OFFER,https://www.ebay.com/itm/198452770677?_skw=Rolex+32&hash=item2e34b4f775:g:PgYAAeSwyxBqPOt7,https://i.ebayimg.com/images/g/PgYAAeSwyxBqPOt7/s-l225.jpg,luxury-bags-watch,269,100.0,44.58,USD,IT,Alessandria,2026-06-25T08:50:19.000Z
batch_20260710_090257,iuid_0036028630784b76,rolex_32_557b,Rolex 32,4,v1,EBAY_US,2026-07-10T09:03:04+00:00,v1|407024878620|0,REAL ROLEX vol.32 (CARTOP MOOK) book form JP,44.60,USD,Very Good,4000,FIXED_PRICE,https://www.ebay.com/itm/407024878620?_skw=Rolex+32&hash=item5ec492c41c:g:sKsAAeSw6PpqT5XJ,https://i.ebayimg.com/images/g/sKsAAeSw6PpqT5XJ/s-l225.jpg,good_japan,3594,100.0,5.04,USD,JP,,2026-06-24T19:45:57.000Z
batch_20260710_090257,iuid_0036028630784b76,rolex_32_557b,Rolex 32,4,v1,EBAY_US,2026-07-10T09:03:04+00:00,v1|127940159647|0,Vintage 1995 Rolex Cellini 5112 18K Yellow Gold Champagne Dial Manual 32mm,8399.99,USD,Pre-owned - Good,3000,FIXED_PRICE|BEST_OFFER,https://www.ebay.com/itm/127940159647?_skw=Rolex+32&hash=item1dc9d3e89f:g:vj0AAeSwsv9qPCKa,https://i.ebayimg.com/images/g/vj0AAeSwsv9qPCKa/s-l225.jpg,dannysvintagewatches,596,98.1,0.00,USD,US,New York,2026-06-24T18:26:53.000Z
batch_20260710_090257,iuid_00b3d2d35b204354,rolex_2030_4458,Rolex 2030 4458,1,v1,EBAY_DE,2026-07-10T09:03:05+00:00,v1|298069089907|0,ROLEX Ersatzteil Stundenrad Uhrwerk cal 2030 2035 part 4458 Hour wheel original,50.00,EUR,Gebraucht,3000,FIXED_PRICE,https://www.ebay.de/itm/298069089907?_skw=Rolex+2030+4458&hash=item45664d5e73:g:~2EAAeSwcSZpoHma,https://i.ebayimg.com/images/g/~2EAAeSwcSZpoHma/s-l225.jpg,luxini_hamburg,3972,100.0,7.00,EUR,DE,Hamburg,2026-02-26T16:52:10.000Z
batch_20260710_090257,iuid_00b3d2d35b204354,rolex_2030_4458,Rolex 2030 4458,1,v1,EBAY_DE,2026-07-10T09:03:05+00:00,v1|227220001057|0,Rolex 2030 4458 Neu NEW Blister X1 Stück Stundenrad Hour Wheel,97.90,EUR,Nuovo con etichette,1000,FIXED_PRICE|BEST_OFFER,https://www.ebay.de/itm/227220001057?_skw=Rolex+2030+4458&hash=item34e75e1121:g:irwAAeSw5nRqSFcw,https://i.ebayimg.com/images/g/irwAAeSw5nRqSFcw/s-l225.jpg,*rarecollections,1382,100.0,29.00,EUR,IT,,2026-02-16T21:41:00.000Z
batch_20260710_090257,iuid_00b3d2d35b204354,rolex_2030_4458,Rolex 2030 4458,1,v1,EBAY_DE,2026-07-10T09:03:05+00:00,v1|227196813785|0,Guter Zustand Rolex 2030 4458 gebraucht Stundenrad Hour Wheel,49.50,EUR,Usato,3000,FIXED_PRICE|BEST_OFFER,https://www.ebay.de/itm/227196813785?_skw=Rolex+2030+4458&hash=item34e5fc41d9:g:fcMAAeSwI1xqRROy,https://i.ebayimg.com/images/g/fcMAAeSwI1xqRROy/s-l225.jpg,*rarecollections,1382,100.0,29.00,EUR,IT,,2026-01-31T16:20:56.000Z
batch_20260710_090257,iuid_00b3d2d35b204354,rolex_2030_4458,Rolex 2030 4458,1,v1,EBAY_DE,2026-07-10T09:03:05+00:00,v1|127420835723|0,Rolex 2030 - 4458 - Stundenrad,40.00,EUR,Usato - Eccellente,2990,FIXED_PRICE,https://www.ebay.de/itm/127420835723?_skw=Rolex+2030+4458&hash=item1daadfa78b:g:FIEAAeSwoO5o5xGZ,https://i.ebayimg.com/images/g/FIEAAeSwoO5o5xGZ/s-l225.jpg,borr_8855,133,100.0,20.00,EUR,IT,Spilimbergo,2025-10-10T01:37:43.000Z
batch_20260710_090257,iuid_00b3d2d35b204354,rolex_2030_4458,Rolex 2030 4458,1,v1,EBAY_DE,2026-07-10T09:03:05+00:00,v1|116397616061|0,ROLEX 2030 Cod. 4458 Hour Wheel Calib: 2030 (EXCELLENT STATE),49.00,EUR,Gebraucht,3000,FIXED_PRICE,https://www.ebay.de/itm/116397616061?_skw=Rolex+2030+4458&hash=item1b19d6abbd:g:jxoAAeSwYlBowYNs,https://i.ebayimg.com/images/g/jxoAAeSwYlBowYNs/s-l225.jpg,fornitura_boccacci,4072,99.9,19.00,EUR,IT,Sant Angelo Romano,2024-11-20T08:40:25.000Z
batch_20260710_090257,iuid_00b3d2d35b204354,rolex_2030_4458,Rolex 2030 4458,1,v1,EBAY_DE,2026-07-10T09:03:05+00:00,v1|116140534669|0,ROLEX 2030 Cod. 4458 Stundenrad Kaliber: 2030 (IM BLISTER),75.00,EUR,Nuovo senza etichette,1500,FIXED_PRICE,https://www.ebay.de/itm/116140534669?_skw=Rolex+2030+4458&hash=item1b0a83eb8d:g:BiIAAeSwypZowraA,https://i.ebayimg.com/images/g/BiIAAeSwypZowraA/s-l225.jpg,fornitura_boccacci,4072,99.9,19.00,EUR,IT,Sant Angelo Romano,2024-04-10T16:08:54.000Z
batch_20260710_090257,iuid_00b3d2d35b204354,rolex_2030_4458,Rolex 2030 4458,1,v1,EBAY_DE,2026-07-10T09:03:05+00:00,v1|115924870731|0,Rolex 2030 Stundenrad Ref. 4458 Calib: 2030 (TOP ZUSTAND),49.00,EUR,Usato,3000,FIXED_PRICE,https://www.ebay.de/itm/115924870731?_skw=Rolex+2030+4458&hash=item1afda9264b:g:j9kAAeSwWetowYN8,https://i.ebayimg.com/images/g/j9kAAeSwWetowYN8/s-l225.jpg,fornitura_boccacci,4072,99.9,19.00,EUR,IT,Sant Angelo Romano,2023-09-25T15:52:51.000Z
batch_20260710_090257,iuid_00b3d2d35b204354,rolex_2030_4458,Rolex 2030 4458,1,v1,EBAY_DE,2026-07-10T09:03:05+00:00,v1|185949119285|693954267396,ROLEX ORIGINAL 20xx - PIEZAS INDIVIDUALES / INDIVIDUAL PARTS NOS,55.00,EUR,Nuevo sin etiquetas,1500,FIXED_PRICE,https://www.ebay.de/itm/185949119285?_skw=Rolex+2030+4458&hash=item2b4b6e6335:g:IKoAAOSwi~1iDBVw,https://i.ebayimg.com/images/g/IKoAAOSwi~1iDBVw/s-l225.jpg,joseherrero.eu,433,100.0,18.00,EUR,ES,Las Palmas de Gran Canaria,2023-06-19T11:21:28.000Z
batch_20260710_090257,iuid_00b3d2d35b204354,rolex_2030_4458,Rolex 2030 4458,1,v1,EBAY_DE,2026-07-10T09:03:05+00:00,v1|204254034101|0,Rolex 2030 - 4458 Stundenrad - Hour wheel,51.75,EUR,Occasion,3000,FIXED_PRICE,https://www.ebay.de/itm/204254034101?_skw=Rolex+2030+4458&hash=item2f8e7d38b5:g:0DcAAeSwCPFqIWCv,https://i.ebayimg.com/images/g/0DcAAeSwCPFqIWCv/s-l225.jpg,manz15,8225,99.5,9.00,EUR,FR,Vaux-sur-Mer,2023-02-23T15:50:16.000Z
batch_20260710_090257,iuid_00b3d2d35b204354,rolex_2030_4458,Rolex 2030 4458,1,v1,EBAY_DE,2026-07-10T09:03:05+00:00,v1|127953149071|0,ROLEX ORIGINAL UHRWERK 2030 SET 4457 UND 4458 KANONE RITZEL HOUR WHEEL,,,Occasion,3000,AUCTION,https://www.ebay.de/itm/127953149071?_skw=Rolex+2030+4458&hash=item1dca9a1c8f:g:ZLYAAOSwWEBiSwre,https://i.ebayimg.com/images/g/ZLYAAOSwWEBiSwre/s-l225.jpg,horloge03-2013,638,100.0,18.90,EUR,FR,Saint-Germain-des-Fossés,2026-07-02T08:59:27.000Z
batch_20260710_090257,iuid_00b3d2d35b204354,rolex_2030_4458,Rolex 2030 4458,1,v1,EBAY_DE,2026-07-10T09:03:05+00:00,v1|304742098767|0,ROLEX Ersatzteil Stundenrad Uhrwerk cal 2030 2035 part 4458 Hour wheel original,50.00,EUR,Gebraucht,3000,FIXED_PRICE,https://www.ebay.de/itm/304742098767?_skw=Rolex+2030+4458&hash=item46f40b674f:g:B9IAAOSwmRNar-kN,https://i.ebayimg.com/images/g/B9IAAOSwmRNar-kN/s-l225.jpg,luxini_hamburg,3972,100.0,7.00,EUR,DE,Hamburg,2022-12-17T09:14:24.000Z
batch_20260710_090257,iuid_00b3d2d35b204354,rolex_2030_4458,Rolex 2030 4458,1,v1,EBAY_US,2026-07-10T09:03:06+00:00,v1|327012376871|0,Rolex 2030 #4458 Hour Wheel Authentic Genuine ,69.99,USD,New without tags,1500,FIXED_PRICE|BEST_OFFER,https://www.ebay.com/itm/327012376871?_skw=Rolex+2030+4458&hash=item4c2374e127:g:~IkAAeSwAB5pmfPI,https://i.ebayimg.com/images/g/~IkAAeSwAB5pmfPI/s-l225.jpg,discoveryjewelry,1277,99.8,15.00,USD,US,Lewisville,2026-02-21T18:07:05.000Z
batch_20260710_090257,iuid_00b3d2d35b204354,rolex_2030_4458,Rolex 2030 4458,1,v1,EBAY_US,2026-07-10T09:03:06+00:00,v1|227220001060|0,Rolex 2030 4458 New Blister X1 Piece X1 Piece Hour Wheel,113.07,USD,New with tags,1000,FIXED_PRICE|BEST_OFFER,https://www.ebay.com/itm/227220001060?_skw=Rolex+2030+4458&hash=item34e75e1124:g:trEAAeSwmo9qSB61,https://i.ebayimg.com/images/g/trEAAeSwmo9qSB61/s-l225.jpg,*rarecollections,1382,100.0,55.00,USD,IT,,2026-02-16T21:41:00.000Z
batch_20260710_090257,iuid_00b3d2d35b204354,rolex_2030_4458,Rolex 2030 4458,1,v1,EBAY_US,2026-07-10T09:03:06+00:00,v1|227210897293|0,Rolex 2030 4458 Used Hour Wheel,58.50,USD,Pre-owned,3000,FIXED_PRICE|BEST_OFFER,https://www.ebay.com/itm/227210897293?_skw=Rolex+2030+4458&hash=item34e6d3278d:g:OqcAAeSwQ6JqUJPl,https://i.ebayimg.com/images/g/OqcAAeSwQ6JqUJPl/s-l225.jpg,*rarecollections,1382,100.0,55.00,USD,IT,,2026-02-10T05:56:59.000Z
batch_20260710_090257,iuid_00b3d2d35b204354,rolex_2030_4458,Rolex 2030 4458,1,v1,EBAY_US,2026-07-10T09:03:06+00:00,v1|306350522825|0,ROLEX-HOUR WHEEL-FACTORY SEALED-CAL 2030 PART 4458,53.00,USD,New without tags,1500,FIXED_PRICE,https://www.ebay.com/itm/306350522825?_skw=Rolex+2030+4458&hash=item4753ea01c9:g:9PwAAOSwxxJoTF82,https://i.ebayimg.com/images/g/9PwAAOSwxxJoTF82/s-l225.jpg,brokenchrono,1777,99.7,0.00,USD,US,Miami,2025-06-13T17:26:16.000Z
batch_20260710_090257,iuid_00b3d2d35b204354,rolex_2030_4458,Rolex 2030 4458,1,v1,EBAY_US,2026-07-10T09:03:06+00:00,v1|226418950711|0,Genuine Rolex 2030-4458 Hour Wheel - New Factory Sealed,69.95,USD,New with tags,1000,FIXED_PRICE,https://www.ebay.com/itm/226418950711?_skw=Rolex+2030+4458&hash=item34b79f0237:g:834AAOSwkFBnHVLl,https://i.ebayimg.com/images/g/834AAOSwkFBnHVLl/s-l225.jpg,only-genuine-parts,3708,100.0,0.00,USD,US,Los Angeles,2024-10-26T20:39:29.000Z
batch_20260710_090257,iuid_00b3d2d35b204354,rolex_2030_4458,Rolex 2030 4458,1,v1,EBAY_US,2026-07-10T09:03:06+00:00,v1|335470163656|0,Rolex 2030 #4458 Hour Wheel Authentic Genuine Sealed,99.00,USD,New with tags,1000,FIXED_PRICE|BEST_OFFER,https://www.ebay.com/itm/335470163656?_skw=Rolex+2030+4458&hash=item4e1b9476c8:g:jfgAAOSw8exmheep,https://i.ebayimg.com/images/g/jfgAAOSw8exmheep/s-l225.jpg,hessfineauctions,143283,99.8,,,US,Saint Petersburg,2024-07-04T00:04:04.000Z
batch_20260710_090257,iuid_00b3d2d35b204354,rolex_2030_4458,Rolex 2030 4458,1,v1,EBAY_US,2026-07-10T09:03:06+00:00,v1|116140534695|0,ROLEX 2030 Cod. 4458 Hour Wheel Calib: 2030 (IN BLISTER),79.50,USD,New without tags,1500,FIXED_PRICE,https://www.ebay.com/itm/116140534695?_skw=Rolex+2030+4458&hash=item1b0a83eba7:g:CkYAAeSwtYhowrdw,https://i.ebayimg.com/images/g/CkYAAeSwtYhowrdw/s-l225.jpg,fornitura_boccacci,4072,99.9,19.90,USD,IT,Sant Angelo Romano,2024-04-10T16:08:57.000Z
batch_20260710_090257,iuid_00b3d2d35b204354,rolex_2030_4458,Rolex 2030 4458,1,v1,EBAY_US,2026-07-10T09:03:06+00:00,v1|116131441545|0,ROLEX 2030 Cod. 4458 Hour Wheel Calib: 2030 (EXCELLENT STATE),51.94,USD,Pre-owned,3000,FIXED_PRICE,https://www.ebay.com/itm/116131441545?_skw=Rolex+2030+4458&hash=item1b09f92b89:g:H8EAAeSwRtNowYNr,https://i.ebayimg.com/images/g/H8EAAeSwRtNowYNr/s-l225.jpg,fornitura_boccacci,4072,99.9,19.90,USD,IT,Sant Angelo Romano,2024-04-04T11:53:40.000Z
batch_20260710_090257,iuid_00b3d2d35b204354,rolex_2030_4458,Rolex 2030 4458,1,v1,EBAY_US,2026-07-10T09:03:06+00:00,v1|156094131393|0,"Rolex  Hour  Wheel  No Calendar Mov.,Cal 2030  4458,  New Old Stock ",58.00,USD,New without tags,1500,FIXED_PRICE,https://www.ebay.com/itm/156094131393?_skw=Rolex+2030+4458&hash=item2457ef6cc1:g:2DsAAeSwhRhoTltg,https://i.ebayimg.com/images/g/2DsAAeSwhRhoTltg/s-l225.jpg,crown369,3119,100.0,7.00,USD,US,San Diego,2024-03-02T19:24:07.000Z
batch_20260710_090257,iuid_00b3d2d35b204354,rolex_2030_4458,Rolex 2030 4458,1,v1,EBAY_US,2026-07-10T09:03:06+00:00,v1|144935048787|0,Rolex 2030 4458 Hour Wheel. Sealed. Genuine New Old Stock,72.50,USD,New with tags,1000,FIXED_PRICE,https://www.ebay.com/itm/144935048787?_skw=Rolex+2030+4458&hash=item21becd5653:g:kUMAAOSwPKdj0Y4b,https://i.ebayimg.com/images/g/kUMAAOSwPKdj0Y4b/s-l225.jpg,volunteertime,23273,100.0,3.00,USD,US,Knoxville,2023-02-07T20:35:38.000Z
batch_20260710_090257,iuid_00b3d2d35b204354,rolex_2030_4458,Rolex 2030 4458,1,v1,EBAY_US,2026-07-10T09:03:06+00:00,v1|256474392849|0,Rolex Caliber 2030 4458 JR-03 Hour Wheel New Sealed Package Watch Part,85.00,USD,New with tags,1000,FIXED_PRICE,https://www.ebay.com/itm/256474392849?_skw=Rolex+2030+4458&hash=item3bb710a911:g:AMIAAOSwyyRjk7Ck,https://i.ebayimg.com/images/g/AMIAAOSwyyRjk7Ck/s-l225.jpg,diamondjewelryoutlet,251,100.0,12.00,USD,US,Southfield,2024-04-09T16:57:59.000Z
batch_20260710_090257,iuid_00b3d2d35b204354,rolex_2030_4458,Rolex 2030 4458,1,v1,EBAY_US,2026-07-10T09:03:06+00:00,v1|384980573077|0,Rolex Hour Wheel 4458 Authentic Original New Cal 2030 ,80.00,USD,New with tags,1000,FIXED_PRICE,https://www.ebay.com/itm/384980573077?_skw=Rolex+2030+4458&hash=item59a2a15b95:g:BYgAAOSwYEpivexG,https://i.ebayimg.com/images/g/BYgAAOSwYEpivexG/s-l225.jpg,watchpart000,3027,100.0,8.00,USD,US,Commerce Township,2022-06-30T18:33:07.000Z
batch_20260710_090257,iuid_00b3d2d35b204354,rolex_2030_4458,Rolex 2030 4458,1,v1,EBAY_US,2026-07-10T09:03:06+00:00,v1|134157114552|0,Genuine Rolex Factory Sealed Cal. 2030 Hour Wheel Part # 4458,79.00,USD,New with tags,1000,FIXED_PRICE,https://www.ebay.com/itm/134157114552?_skw=Rolex+2030+4458&hash=item1f3c631cb8:g:aYgAAOSwC19iuQPZ,https://i.ebayimg.com/images/g/aYgAAOSwC19iuQPZ/s-l225.jpg,luckyloupe,9106,100.0,0.00,USD,US,Highland Park,2022-06-27T01:12:35.000Z
batch_20260710_090257,iuid_00b3d2d35b204354,rolex_2030_4458,Rolex 2030 4458,1,v1,EBAY_US,2026-07-10T09:03:06+00:00,v1|134017096426|0,Rolex 2030 watch movement part hour wheel h = 1.2 mm * no calendar movement 4458,50.00,USD,Pre-owned,3000,FIXED_PRICE,https://www.ebay.com/itm/134017096426?_skw=Rolex+2030+4458&hash=item1f340a9aea:g:okkAAOSw6IdiAGAM,https://i.ebayimg.com/images/g/okkAAOSw6IdiAGAM/s-l225.jpg,francis.antictac,35791,100.0,6.95,USD,US,Miami,2022-02-06T23:57:38.000Z
batch_20260710_090257,iuid_00b3d2d35b204354,rolex_2030_4458,Rolex 2030 4458,1,v1,EBAY_US,2026-07-10T09:03:06+00:00,v1|124791991948|0,"Rolex Caliber 2030 Part Number 4458 (Hour Wheel, Height 1.19mm)",70.58,USD,New without tags,1500,FIXED_PRICE,https://www.ebay.com/itm/124791991948?_skw=Rolex+2030+4458&hash=item1d0e2eae8c:g:4asAAOSwtElg25Hn,https://i.ebayimg.com/images/g/4asAAOSwtElg25Hn/s-l225.jpg,mikeswatchparts,6143,100.0,6.35,USD,CA,,2021-06-29T21:36:51.000Z
batch_20260710_090257,iuid_00b3d2d35b204354,rolex_2030_4458,Rolex 2030 4458,1,v1,EBAY_US,2026-07-10T09:03:06+00:00,v1|143943754249|0,Genuine Rolex 2030 4458 Hour Wheel new/open for watch repair. package opened,75.00,USD,New without tags,1500,FIXED_PRICE,https://www.ebay.com/itm/143943754249?_skw=Rolex+2030+4458&hash=item2183b76209:g:~rwAAOSwzhlgIweK,https://i.ebayimg.com/images/g/~rwAAOSwzhlgIweK/s-l225.jpg,timelessclassicwatches,14353,99.9,0.00,USD,US,Glendora,2021-02-09T22:07:56.000Z
batch_20260710_090257,iuid_00b3d2d35b204354,rolex_2030_4458,Rolex 2030 4458,1,v1,EBAY_US,2026-07-10T09:03:06+00:00,v1|274456385335|0,Authentic Unused Rolex Part 2030-4458 Hour Wheel Open Pkg.,75.00,USD,New without tags,1500,FIXED_PRICE,https://www.ebay.com/itm/274456385335?_skw=Rolex+2030+4458&hash=item3fe6e01737:g:gfYAAOSwFWhfMwar,https://i.ebayimg.com/images/g/gfYAAOSwFWhfMwar/s-l225.jpg,gre8tprice,1245,99.1,0.00,USD,US,Baltimore,2020-08-12T20:00:21.000Z
batch_20260710_090257,iuid_00b3d2d35b204354,rolex_2030_4458,Rolex 2030 4458,1,v1,EBAY_US,2026-07-10T09:03:06+00:00,v1|254164669950|553992726602,Rolex 2030-2035 Genuine Movement Parts - Various - Sealed - New,107.26,USD,New with tags,1000,FIXED_PRICE,https://www.ebay.com/itm/254164669950?_skw=Rolex+2030+4458&hash=item3b2d6515fe:g:j58AAOSw8AlcXfFf,https://i.ebayimg.com/images/g/j58AAOSw8AlcXfFf/s-l225.jpg,allaboutwatches,614,100.0,17.43,USD,GB,WINSFORD,2019-03-15T15:28:53.000Z
batch_20260710_090257,iuid_00b3d2d35b204354,rolex_2030_4458,Rolex 2030 4458,1,v1,EBAY_US,2026-07-10T09:03:06+00:00,v1|171242179398|0,ROLEX FACTORY NEW SEALED HOUR WHEEL 2030 4458,278.00,USD,New with tags,1000,FIXED_PRICE,https://www.ebay.com/itm/171242179398?_skw=Rolex+2030+4458&hash=item27ded44b46:g:xPoAAOxy0bRS~R4M,https://i.ebayimg.com/images/g/xPoAAOxy0bRS~R4M/s-l225.jpg,1000rolexparts,1413,100.0,45.00,USD,US,Burlingame,2014-02-13T19:36:13.000Z
batch_20260710_090257,iuid_00d3c1054da0478a,rolex_32_23042,Rolex 32 23042,1,v1,EBAY_DE,2026-07-10T09:03:07+00:00,v1|318211222754|0,"Rolex Daytona Link Oyster B32-23042-D1, 15,5mm",105.00,EUR,Gebraucht,3000,FIXED_PRICE,https://www.ebay.de/itm/318211222754?_skw=Rolex+32+23042&hash=item4a16ddece2:g:qIwAAeSw60hqPTq7,https://i.ebayimg.com/images/g/qIwAAeSw60hqPTq7/s-l225.jpg,aswatches_parts,1018,99.8,16.00,EUR,ES,,2026-04-27T14:46:05.000Z
batch_20260710_090257,iuid_00d3c1054da0478a,rolex_32_23042,Rolex 32 23042,1,v1,EBAY_DE,2026-07-10T09:03:07+00:00,v1|127667576072|0,"ROLEX Mesh OYSTER Stahl 15,5 mm mittig satiniert, poliert NAS LATERAIS ORIG",156.54,EUR,Usato,3000,FIXED_PRICE,https://www.ebay.de/itm/127667576072?_skw=Rolex+32+23042&hash=item1db9949d08:g:UukAAeSwDrZphNtx,https://i.ebayimg.com/images/g/UukAAeSwDrZphNtx/s-l225.jpg,myclock.it_aude,346,98.5,24.00,EUR,IT,Alessandria,2026-02-05T18:07:55.000Z
batch_20260710_090257,iuid_00d3c1054da0478a,rolex_32_23042,Rolex 32 23042,1,v1,EBAY_US,2026-07-10T09:03:07+00:00,v1|127898254364|0,ROLEX OYSTER Link Stainless Steel 15.5 MM Silver Satin Center Polished Sides,193.53,USD,Pre-owned,3000,FIXED_PRICE,https://www.ebay.com/itm/127898254364?_skw=Rolex+32+23042&hash=item1dc7547c1c:g:UukAAeSwDrZphNtx,https://i.ebayimg.com/images/g/UukAAeSwDrZphNtx/s-l225.jpg,myclock.it_aude,346,98.5,45.87,USD,IT,Alessandria,2026-06-02T00:04:54.000Z
batch_20260710_090257,iuid_00d3c1054da0478a,rolex_32_23042,Rolex 32 23042,1,v1,EBAY_US,2026-07-10T09:03:07+00:00,v1|318326718497|0,"Rolex Daytona Link Oyster B32-23042-D1, 15.5mm",137.50,USD,Pre-owned,3000,FIXED_PRICE,https://www.ebay.com/itm/318326718497?_skw=Rolex+32+23042&hash=item4a1dc04021:g:KXgAAeSwpZhqDEJj,https://i.ebayimg.com/images/g/KXgAAeSwpZhqDEJj/s-l225.jpg,aswatches_parts,1018,99.8,52.28,USD,ES,,2026-05-19T11:33:03.000Z
batch_20260710_090257,iuid_00d3c1054da0478a,rolex_32_23042,Rolex 32 23042,1,v1,EBAY_US,2026-07-10T09:03:07+00:00,v1|318291459630|0,"Rolex Daytona Link Oyster B32-23042-D1, 15.5mm",104.54,USD,Pre-owned,3000,FIXED_PRICE,https://www.ebay.com/itm/318291459630?_skw=Rolex+32+23042&hash=item4a1ba63e2e:g:u1wAAeSwetZqMDOG,https://i.ebayimg.com/images/g/u1wAAeSwetZqMDOG/s-l225.jpg,aswatches_parts,1018,99.8,52.28,USD,ES,,2026-05-12T14:43:45.000Z
batch_20260710_090257,iuid_00d3c1054da0478a,rolex_32_23042,Rolex 32 23042,1,v1,EBAY_US,2026-07-10T09:03:07+00:00,v1|389993873773|0,Rolex 32-23042 Steel Link Oyster Jersey 116710 | 116520 Original,112.98,USD,Pre-owned,3000,FIXED_PRICE|BEST_OFFER,https://www.ebay.com/itm/389993873773?_skw=Rolex+32+23042&hash=item5acd72416d:g:5rYAAeSwXbZp~hB9,https://i.ebayimg.com/images/g/5rYAAeSwXbZp~hB9/s-l225.jpg,only_quality_stuff_new2026,48,100.0,18.00,USD,IT,,2026-05-08T19:03:13.000Z
batch_20260710_090257,iuid_00d3c1054da0478a,rolex_32_23042,Rolex 32 23042,1,v1,EBAY_US,2026-07-10T09:03:07+00:00,v1|317449785384|0,"Rolex Daytona Link Oyster B32-23042-D1, 15.5mm",120.38,USD,Pre-owned,3000,FIXED_PRICE,https://www.ebay.com/itm/317449785384?_skw=Rolex+32+23042&hash=item49e97b5028:g:CG8AAeSw269qPTkO,https://i.ebayimg.com/images/g/CG8AAeSw269qPTkO/s-l225.jpg,aswatches_parts,1018,99.8,52.28,USD,ES,,2025-10-22T13:06:44.000Z
batch_20260710_090257,iuid_00d3c1054da0478a,rolex_32_23042,Rolex 32 23042,1,v1,EBAY_US,2026-07-10T09:03:07+00:00,v1|388073065627|0,Rolex Link 32-23042 For 72200 78200 Authentic Original New ,140.00,USD,New with tags,1000,FIXED_PRICE,https://www.ebay.com/itm/388073065627?_skw=Rolex+32+23042&hash=item5a5af50c9b:g:cp8AAeSw8bpn0hMR,https://i.ebayimg.com/images/g/cp8AAeSw8bpn0hMR/s-l225.jpg,watchpart000,3027,100.0,,,US,Commerce Township,2025-03-12T23:05:44.000Z
batch_20260710_090257,iuid_00ec9ef847ee4630,rolex_25_104,Rolex 25 104,1,v1,EBAY_DE,2026-07-10T09:03:15+00:00,v1|157840319869|459233782289,"Swiss Uhrenglas kompatibel Rolex / Tudor Cyclope Ø 21,5mm bis 29,7mm - Acryl",27.20,EUR,Neu ohne Etikett,1500,FIXED_PRICE,https://www.ebay.de/itm/157840319869?_skw=Rolex+25+104&hash=item24c004257d:g:QQMAAeSwrclp4itO,https://i.ebayimg.com/images/g/QQMAAeSwrclp4itO/s-l225.jpg,timed_horlogerie,270,80.3,6.95,EUR,FR,,2026-04-17T12:40:58.000Z
batch_20260710_090257,iuid_00ec9ef847ee4630,rolex_25_104,Rolex 25 104,1,v1,EBAY_DE,2026-07-10T09:03:15+00:00,v1|277833456619|0,Rolex Kunststoffglas Plexiglas 25-104 mit DATA Top Quality,38.00,EUR,Neu mit Etikett,1000,FIXED_PRICE,https://www.ebay.de/itm/277833456619?_skw=Rolex+25+104&hash=item40b02a1beb:g:NOQAAeSwM~Rp5uxI,https://i.ebayimg.com/images/g/NOQAAeSwM~Rp5uxI/s-l225.jpg,millerighetime_by_arriwatch,912,100.0,25.00,EUR,IT,,2026-03-25T10:25:43.000Z
batch_20260710_090257,iuid_00ec9ef847ee4630,rolex_25_104,Rolex 25 104,1,v1,EBAY_DE,2026-07-10T09:03:15+00:00,v1|277833440837|0,Rolex Kunststoffglas Plexiglas 25-104 mit DATUM Top Qualität,38.00,EUR,Nuovo con etichette,1000,FIXED_PRICE,https://www.ebay.de/itm/277833440837?_skw=Rolex+25+104&hash=item40b029de45:g:NOQAAeSwM~Rp5uxI,https://i.ebayimg.com/images/g/NOQAAeSwM~Rp5uxI/s-l225.jpg,millerighetime_by_arriwatch,912,100.0,25.00,EUR,IT,Roma,2026-03-25T10:21:05.000Z
batch_20260710_090257,iuid_00ec9ef847ee4630,rolex_25_104,Rolex 25 104,1,v1,EBAY_DE,2026-07-10T09:03:15+00:00,v1|116997524348|0,GENERIC Kompatibel Acrylglas 25-104 Für Rolex. 31mm 6466 6624 6625 6627...,25.00,EUR,Nuovo con etichette,1000,FIXED_PRICE,https://www.ebay.de/itm/116997524348?_skw=Rolex+25+104&hash=item1b3d988b7c:g:3VgAAeSwSX9qL~61,https://i.ebayimg.com/images/g/3VgAAeSwSX9qL~61/s-l225.jpg,fornitura_boccacci,4072,99.9,19.00,EUR,IT,Sant Angelo Romano,2026-01-23T16:37:12.000Z
batch_20260710_090257,iuid_00ec9ef847ee4630,rolex_25_104,Rolex 25 104,1,v1,EBAY_DE,2026-07-10T09:03:15+00:00,v1|388774754466|0,Cristal Glass RLX 104 Para Pieza De Recambios 25MM,15.00,EUR,Nuevo con etiquetas,1000,FIXED_PRICE,https://www.ebay.de/itm/388774754466?_skw=Rolex+25+104&hash=item5a84c7f8a2:g:9b0AAeSwdwxoiftO,https://i.ebayimg.com/images/g/9b0AAeSwdwxoiftO/s-l225.jpg,eldesguacedelrelojero,10487,99.2,9.00,EUR,ES,Málaga,2025-07-30T11:00:57.000Z
batch_20260710_090257,iuid_00ec9ef847ee4630,rolex_25_104,Rolex 25 104,1,v1,EBAY_DE,2026-07-10T09:03:15+00:00,v1|187372100252|0,"ROLEX Oysterdate Plexiglas 25-104, Originalglas / ROLEX Oysterdate Plexy Gl",170.00,EUR,Nuovo con etichette,1000,FIXED_PRICE,https://www.ebay.de/itm/187372100252?_skw=Rolex+25+104&hash=item2ba03f5a9c:g:0vcAAeSw8n9oX-ma,https://i.ebayimg.com/images/g/0vcAAeSw8n9oX-ma/s-l225.jpg,watchparts-italy,3446,99.5,13.00,EUR,IT,Nocera Inferiore,2025-06-28T13:06:39.000Z
batch_20260710_090257,iuid_00ec9ef847ee4630,rolex_25_104,Rolex 25 104,1,v1,EBAY_DE,2026-07-10T09:03:15+00:00,v1|335849888109|545393481687,"Ersatzglas für ROLEX Acrylglas, watch glass for ROLEX 25-39 25-104 25-116 25-113",29.90,EUR,Neu ohne Etikett,1500,FIXED_PRICE,https://www.ebay.de/itm/335849888109?_skw=Rolex+25+104&hash=item4e3236996d:g:0J0AAOSwa01kBjeZ,https://i.ebayimg.com/images/g/0J0AAOSwa01kBjeZ/s-l225.jpg,master-watch-parts,15120,99.9,0.00,EUR,DE,Hamburg,2025-03-07T17:23:21.000Z
batch_20260710_090257,iuid_00ec9ef847ee4630,rolex_25_104,Rolex 25 104,1,v1,EBAY_DE,2026-07-10T09:03:15+00:00,v1|198441281855|497485155662,Generisch Glas Für Rolex Cyclops Kristall Multilisting Datum Acryl 18mm-33.2,19.62,EUR,Neu mit Etikett,1000,FIXED_PRICE,https://www.ebay.de/itm/198441281855?_skw=Rolex+25+104&hash=item2e3405a93f:g:TBUAAeSwFVFpFNZB,https://i.ebayimg.com/images/g/TBUAAeSwFVFpFNZB/s-l225.jpg,maddisonsofdurham,91873,99.8,11.54,EUR,GB,MIDDLESBROUGH,2026-06-20T09:44:07.000Z
batch_20260710_090257,iuid_00ec9ef847ee4630,rolex_25_104,Rolex 25 104,1,v1,EBAY_DE,2026-07-10T09:03:15+00:00,v1|198310817562|497398426740,Generisch Glas Für Rolex Cyclops Kristall Datum Linse Acryl Uhr Teile 18-33.2mm,20.23,EUR,Neu mit Etikett,1000,FIXED_PRICE,https://www.ebay.de/itm/198310817562?_skw=Rolex+25+104&hash=item2e2c3eef1a:g:lmYAAeSwOcNpnGqy,https://i.ebayimg.com/images/g/lmYAAeSwOcNpnGqy/s-l225.jpg,maddisonsofdurham,91873,99.8,11.54,EUR,GB,MIDDLESBROUGH,2026-04-25T18:06:30.000Z
batch_20260710_090257,iuid_00ec9ef847ee4630,rolex_25_104,Rolex 25 104,1,v1,EBAY_DE,2026-07-10T09:03:15+00:00,v1|116397775598|0,GENERIC Compatible 25-104 Plexy Glass for ROLEX ref. 6624 6625 6630 Refer: 66...,20.00,EUR,Gebraucht,3000,FIXED_PRICE,https://www.ebay.de/itm/116397775598?_skw=Rolex+25+104&hash=item1b19d91aee:g:pXkAAeSw1URqFDuE,https://i.ebayimg.com/images/g/pXkAAeSw1URqFDuE/s-l225.jpg,fornitura_boccacci,4072,99.9,19.00,EUR,IT,Sant Angelo Romano,2024-11-20T12:04:00.000Z
batch_20260710_090257,iuid_00ec9ef847ee4630,rolex_25_104,Rolex 25 104,1,v1,EBAY_DE,2026-07-10T09:03:15+00:00,v1|116336524620|0,GENERIC 25-104 Plexiglas kompatibel für Rolex Ref. 6624 6625 6630 Referenz: 6...,20.00,EUR,Usato,3000,FIXED_PRICE,https://www.ebay.de/itm/116336524620?_skw=Rolex+25+104&hash=item1b16327d4c:g:M2UAAeSwHNFqFDwN,https://i.ebayimg.com/images/g/M2UAAeSwHNFqFDwN/s-l225.jpg,fornitura_boccacci,4072,99.9,19.00,EUR,IT,Sant Angelo Romano,2024-09-23T14:33:35.000Z
batch_20260710_090257,iuid_00ec9ef847ee4630,rolex_25_104,Rolex 25 104,1,v1,EBAY_DE,2026-07-10T09:03:15+00:00,v1|326167898346|0,"Uhrenglas Cyclop 25,6 mm für Rolex 25-104 105 6466 6624 6625 6627 6628 6629 6630",20.99,EUR,Neu mit Etikett,1000,FIXED_PRICE,https://www.ebay.de/itm/326167898346?_skw=Rolex+25+104&hash=item4bf11f28ea:g:iP4AAOSwVTdgNu6r,https://i.ebayimg.com/images/g/iP4AAOSwVTdgNu6r/s-l225.jpg,uhrenexpert,21337,99.3,3.49,EUR,DE,Wiesbaden,2024-06-18T13:02:45.000Z
batch_20260710_090257,iuid_00ec9ef847ee4630,rolex_25_104,Rolex 25 104,1,v1,EBAY_DE,2026-07-10T09:03:15+00:00,v1|127955793502|0,ROLEX GLAS PLEXIGLAS CRYSTAL NR. 25 - 104 ORIGINAL 104 CRYSTAL NEW NEU,,,Neuf avec boîte et documents,1000,AUCTION,https://www.ebay.de/itm/127955793502?_skw=Rolex+25+104&hash=item1dcac2765e:g:5sEAAOSwQN9lK7cK,https://i.ebayimg.com/images/g/5sEAAOSwQN9lK7cK/s-l225.jpg,horloge03-2013,638,100.0,13.95,EUR,FR,Saint-Germain-des-Fossés,2026-07-03T20:13:26.000Z
batch_20260710_090257,iuid_00ec9ef847ee4630,rolex_25_104,Rolex 25 104,1,v1,EBAY_DE,2026-07-10T09:03:15+00:00,v1|186025674252|0,ROLEX Oysterdate Plexiglas 25-104 FIT Cyclope ROLEX Medium Boy Plexy,9.50,EUR,Nuovo con etichette,1000,FIXED_PRICE,https://www.ebay.de/itm/186025674252?_skw=Rolex+25+104&hash=item2b4ffe860c:g:e5gAAeSwvjRnpNC2,https://i.ebayimg.com/images/g/e5gAAeSwvjRnpNC2/s-l225.jpg,watchparts-italy,3446,99.5,13.00,EUR,IT,Nocera Inferiore,2023-08-08T08:08:03.000Z
batch_20260710_090257,iuid_00ec9ef847ee4630,rolex_25_104,Rolex 25 104,1,v1,EBAY_DE,2026-07-10T09:03:15+00:00,v1|334778560144|545301763473,Uhrglas Acryl f. Rolex Submariner Tudor Plexiglas Ersatzglas Vintage Watch Glass,25.90,EUR,Neu ohne Etikett,1500,FIXED_PRICE,https://www.ebay.de/itm/334778560144?_skw=Rolex+25+104&hash=item4df25b6e90:g:1LAAAeSwWslpSiiJ,https://i.ebayimg.com/images/g/1LAAAeSwWslpSiiJ/s-l225.jpg,master-watch-parts,15120,99.9,0.00,EUR,DE,Hamburg,2023-03-06T19:07:52.000Z
batch_20260710_090257,iuid_00ec9ef847ee4630,rolex_25_104,Rolex 25 104,1,v1,EBAY_DE,2026-07-10T09:03:15+00:00,v1|165924103125|0,Plexiglas für 25-104 Rolex Crystal Glass Uhrenglas Verre 6466 6624 6630 6824,8.90,EUR,Nuovo con etichette,1000,FIXED_PRICE,https://www.ebay.de/itm/165924103125?_skw=Rolex+25+104&hash=item26a1d8e3d5:g:p-EAAOSwnOZevRm7,https://i.ebayimg.com/images/g/p-EAAOSwnOZevRm7/s-l225.jpg,sabaec,22945,99.9,13.50,EUR,IT,Selargius,2023-02-05T16:41:18.000Z
batch_20260710_090257,iuid_00ec9ef847ee4630,rolex_25_104,Rolex 25 104,1,v1,EBAY_DE,2026-07-10T09:03:15+00:00,v1|354255285912|0,"Rolex Original Ersatzteil , Plexi Glas B-25-104-J1",139.00,EUR,Neu ohne Etikett,1500,FIXED_PRICE,https://www.ebay.de/itm/354255285912?_skw=Rolex+25+104&hash=item527b42ae98:g:h~0AAOSwjnRjEGvI,https://i.ebayimg.com/images/g/h~0AAOSwjnRjEGvI/s-l225.jpg,sandtuhr,54511,99.8,0.00,EUR,DE,Albstadt,2022-09-01T08:21:08.000Z
batch_20260710_090257,iuid_00ec9ef847ee4630,rolex_25_104,Rolex 25 104,1,v1,EBAY_DE,2026-07-10T09:03:15+00:00,v1|174929686100|0,Rolex Cristal Plex B25-104-J1 ,130.00,EUR,Nuevo con etiquetas,1000,FIXED_PRICE,https://www.ebay.de/itm/174929686100?_skw=Rolex+25+104&hash=item28ba9f2e54:g:B6EAAOSwFedhONBY,https://i.ebayimg.com/images/g/B6EAAOSwFedhONBY/s-l225.jpg,10belfast,302,100.0,10.00,EUR,ES,Hernani,2021-09-08T15:02:58.000Z
batch_20260710_090257,iuid_00ec9ef847ee4630,rolex_25_104,Rolex 25 104,1,v1,EBAY_DE,2026-07-10T09:03:15+00:00,v1|310304839595|0,KUNSTSTOFF PLEXI UHRENGLAS FÜR 31MM ROLEX MIDSIZE JUNIOR #25-104 6624 6628,16.61,EUR,New with tags,1000,FIXED_PRICE,https://www.ebay.de/itm/310304839595?_skw=Rolex+25+104&hash=item483f9c17ab:g:M5oAAeSwcIBp708M,https://i.ebayimg.com/images/g/M5oAAeSwcIBp708M/s-l225.jpg,ewatchparts,224913,99.9,6.25,EUR,US,Richmond,2011-03-17T20:20:00.000Z
batch_20260710_090257,iuid_00ec9ef847ee4630,rolex_25_104,Rolex 25 104,1,v1,EBAY_US,2026-07-10T09:03:16+00:00,v1|188622328997|0,Rolex Original Factory Sealed 25-104 Tropic Oyster Cyclops Crystal OEM NOS,99.99,USD,New with tags,1000,FIXED_PRICE,https://www.ebay.com/itm/188622328997?_skw=Rolex+25+104&hash=item2beac454a5:g:Ut8AAeSwtD9qT9nz,https://i.ebayimg.com/images/g/Ut8AAeSwtD9qT9nz/s-l225.jpg,oldtowntreasures,1446,100.0,5.99,USD,US,Washington,2026-07-09T17:31:36.000Z
batch_20260710_090257,iuid_00ec9ef847ee4630,rolex_25_104,Rolex 25 104,1,v1,EBAY_US,2026-07-10T09:03:16+00:00,v1|257584660493|558193832851,Sternkreuz Acrylic Glass For Rolex Cyclops Date Lens  Watch Parts Pick from List,26.82,USD,New with tags,1000,FIXED_PRICE,https://www.ebay.com/itm/257584660493?_skw=Rolex+25+104&hash=item3bf93e000d:g:nCMAAeSw8HVqO-ap,https://i.ebayimg.com/images/g/nCMAAeSw8HVqO-ap/s-l225.jpg,nwcs84,11750,100.0,17.77,USD,GB,HILLSBOROUGH,2026-06-24T14:14:10.000Z
batch_20260710_090257,iuid_00ec9ef847ee4630,rolex_25_104,Rolex 25 104,1,v1,EBAY_US,2026-07-10T09:03:16+00:00,v1|318478349191|0,Rolex 25-104 Crystal NOS Sealed In Bag,120.00,USD,New with tags,1000,FIXED_PRICE|BEST_OFFER,https://www.ebay.com/itm/318478349191?_skw=Rolex+25+104&hash=item4a26c9f387:g:9oYAAeSwuMZqNYtN,https://i.ebayimg.com/images/g/9oYAAeSwuMZqNYtN/s-l225.jpg,vegaspartshub,245,100.0,5.17,USD,US,Las Vegas,2026-06-19T18:33:22.000Z
batch_20260710_090257,iuid_00ec9ef847ee4630,rolex_25_104,Rolex 25 104,1,v1,EBAY_US,2026-07-10T09:03:16+00:00,v1|178213800898|0,Genuine Rolex B25-104-J1 Midsize Plexi Crystal 6466 6624 6639 6824 6827 New,139.00,USD,New with tags,1000,FIXED_PRICE|BEST_OFFER,https://www.ebay.com/itm/178213800898?_skw=Rolex+25+104&hash=item297e5ecbc2:g:4esAAeSwEHxqKzXF,https://i.ebayimg.com/images/g/4esAAeSwEHxqKzXF/s-l225.jpg,jabbarkha-0,744,100.0,2.99,USD,US,Los Angeles,2026-06-11T22:26:52.000Z
batch_20260710_090257,iuid_00ec9ef847ee4630,rolex_25_104,Rolex 25 104,1,v1,EBAY_US,2026-07-10T09:03:16+00:00,v1|800048226273|657239639068,Plastic Plexi Watch Crystals for Rolex Datejust 2pcs with Cyclops B25-104-J1,14.49,USD,New with tags,1000,FIXED_PRICE,https://www.ebay.com/itm/800048226273?_skw=Rolex+25+104&hash=itemba46971fe1:g:cyYAAeSwBtJqDseN,https://i.ebayimg.com/images/g/cyYAAeSwBtJqDseN/s-l225.jpg,indotimecrystal,114,100.0,0.00,USD,AE,,2026-05-21T09:37:02.000Z
batch_20260710_090257,iuid_00ec9ef847ee4630,rolex_25_104,Rolex 25 104,1,v1,EBAY_US,2026-07-10T09:03:16+00:00,v1|277833445543|0,Rolex Glass Plastic Plexiglass 25-104 with DATA Top Quality,43.16,USD,New with tags,1000,FIXED_PRICE,https://www.ebay.com/itm/277833445543?_skw=Rolex+25+104&hash=item40b029f0a7:g:NOQAAeSwM~Rp5uxI,https://i.ebayimg.com/images/g/NOQAAeSwM~Rp5uxI/s-l225.jpg,millerighetime_by_arriwatch,912,100.0,37.84,USD,IT,,2026-03-25T10:22:32.000Z
batch_20260710_090257,iuid_00ec9ef847ee4630,rolex_25_104,Rolex 25 104,1,v1,EBAY_US,2026-07-10T09:03:16+00:00,v1|188140702401|0,High Quality Generic Acrylic Crystal for Rolex 25-104 25-105 25.5mm,37.72,USD,New without tags,1500,FIXED_PRICE,https://www.ebay.com/itm/188140702401?_skw=Rolex+25+104&hash=item2bce0f4ac1:g:7qYAAeSw9uxpr93I,https://i.ebayimg.com/images/g/7qYAAeSw9uxpr93I/s-l225.jpg,merrickcollectables,56,100.0,18.77,USD,GB,WARRINGTON,2026-03-10T09:18:12.000Z
batch_20260710_090257,iuid_00ec9ef847ee4630,rolex_25_104,Rolex 25 104,1,v1,EBAY_US,2026-07-10T09:03:16+00:00,v1|406630293491|0,GENERIC Compatible Acrylic Crystal 25-104 For Rolex. 31mm 6466 6624 6625 6627...,26.50,USD,New with tags,1000,FIXED_PRICE,https://www.ebay.com/itm/406630293491?_skw=Rolex+25+104&hash=item5ead0ddff3:g:~I4AAeSwuMZqL~8i,https://i.ebayimg.com/images/g/~I4AAeSwuMZqL~8i/s-l225.jpg,fornitura_boccacci,4072,99.9,19.90,USD,IT,Sant Angelo Romano,2026-01-23T16:37:13.000Z
batch_20260710_090257,iuid_00ec9ef847ee4630,rolex_25_104,Rolex 25 104,1,v1,EBAY_US,2026-07-10T09:03:16+00:00,v1|187527918386|0,PLASTIC PLEXI WATCH CRYSTAL #25-104 FOR 31MM ROLEX MIDSIZE JUNIOR 6624 6628,15.95,USD,New with tags,1000,FIXED_PRICE,https://www.ebay.com/itm/187527918386?_skw=Rolex+25+104&hash=item2ba988f332:g:9hkAAOSwmHtnF8Fc,https://i.ebayimg.com/images/g/9hkAAOSwmHtnF8Fc/s-l225.jpg,watchpartsking1,10009,99.7,0.00,USD,US,Los Angeles,2025-08-29T16:39:38.000Z
batch_20260710_090257,iuid_00ec9ef847ee4630,rolex_25_104,Rolex 25 104,1,v1,EBAY_US,2026-07-10T09:03:16+00:00,v1|405966475131|0,"ACRYLIC CYCLOPS CRYSTAL FOR ROLEX OYSTER 6835, 6839   SWISS MADE 25-104",16.95,USD,New with tags,1000,FIXED_PRICE,https://www.ebay.com/itm/405966475131?_skw=Rolex+25+104&hash=item5e857ccf7b:g:tZ8AAOSwu-toTcP8,https://i.ebayimg.com/images/g/tZ8AAOSwu-toTcP8/s-l225.jpg,timeapart,1726,99.6,0.00,USD,US,Grand Island,2025-06-15T16:48:43.000Z
batch_20260710_090257,iuid_00ec9ef847ee4630,rolex_25_104,Rolex 25 104,1,v1,EBAY_US,2026-07-10T09:03:16+00:00,v1|405966475148|0,"ACRYLIC CYCLOPS CRYSTAL FOR ROLEX OYSTER 6831, 6832, 6833   SWISS MADE 25-104",16.95,USD,New with tags,1000,FIXED_PRICE,https://www.ebay.com/itm/405966475148?_skw=Rolex+25+104&hash=item5e857ccf8c:g:tZ8AAOSwu-toTcP8,https://i.ebayimg.com/images/g/tZ8AAOSwu-toTcP8/s-l225.jpg,timeapart,1726,99.6,0.00,USD,US,Grand Island,2025-06-15T16:48:43.000Z
batch_20260710_090257,iuid_00ec9ef847ee4630,rolex_25_104,Rolex 25 104,1,v1,EBAY_US,2026-07-10T09:03:16+00:00,v1|405966475124|0,ACRYLIC CYCLOPS CRYSTAL FOR ROLEX OYSTER 6827 6828 6829 6830  SWISS MADE 25-104,16.95,USD,New with tags,1000,FIXED_PRICE,https://www.ebay.com/itm/405966475124?_skw=Rolex+25+104&hash=item5e857ccf74:g:tZ8AAOSwu-toTcP8,https://i.ebayimg.com/images/g/tZ8AAOSwu-toTcP8/s-l225.jpg,timeapart,1726,99.6,0.00,USD,US,Grand Island,2025-06-15T16:48:43.000Z
batch_20260710_090257,iuid_00ec9ef847ee4630,rolex_25_104,Rolex 25 104,1,v1,EBAY_US,2026-07-10T09:03:16+00:00,v1|405966475121|0,ACRYLIC CYCLOPS CRYSTAL FOR ROLEX OYSTER 6638 6639 6824 6825  SWISS MADE 25-104,16.95,USD,New with tags,1000,FIXED_PRICE,https://www.ebay.com/itm/405966475121?_skw=Rolex+25+104&hash=item5e857ccf71:g:tZ8AAOSwu-toTcP8,https://i.ebayimg.com/images/g/tZ8AAOSwu-toTcP8/s-l225.jpg,timeapart,1726,99.6,0.00,USD,US,Grand Island,2025-06-15T16:48:43.000Z
batch_20260710_090257,iuid_00ec9ef847ee4630,rolex_25_104,Rolex 25 104,1,v1,EBAY_US,2026-07-10T09:03:16+00:00,v1|405966475128|0,ACRYLIC CYCLOPS CRYSTAL FOR ROLEX OYSTER 6632 6633 6635 6636 SWISS MADE 25-104,16.95,USD,New with tags,1000,FIXED_PRICE,https://www.ebay.com/itm/405966475128?_skw=Rolex+25+104&hash=item5e857ccf78:g:tZ8AAOSwu-toTcP8,https://i.ebayimg.com/images/g/tZ8AAOSwu-toTcP8/s-l225.jpg,timeapart,1726,99.6,0.00,USD,US,Grand Island,2025-06-15T16:48:43.000Z
batch_20260710_090257,iuid_00ec9ef847ee4630,rolex_25_104,Rolex 25 104,1,v1,EBAY_US,2026-07-10T09:03:16+00:00,v1|405966475105|0,ACRYLIC CYCLOPS CRYSTAL FOR ROLEX OYSTER 6628 6629 6630 6631 SWISS MADE 25-104,16.95,USD,New with tags,1000,FIXED_PRICE,https://www.ebay.com/itm/405966475105?_skw=Rolex+25+104&hash=item5e857ccf61:g:tZ8AAOSwu-toTcP8,https://i.ebayimg.com/images/g/tZ8AAOSwu-toTcP8/s-l225.jpg,timeapart,1726,99.6,0.00,USD,US,Grand Island,2025-06-15T16:48:43.000Z
batch_20260710_090257,iuid_00ec9ef847ee4630,rolex_25_104,Rolex 25 104,1,v1,EBAY_US,2026-07-10T09:03:16+00:00,v1|405966475103|0,ACRYLIC CYCLOPS CRYSTAL FOR ROLEX OYSTER 6466 6624 6625 6627  SWISS MADE 25-104,17.95,USD,New with tags,1000,FIXED_PRICE,https://www.ebay.com/itm/405966475103?_skw=Rolex+25+104&hash=item5e857ccf5f:g:tZ8AAOSwu-toTcP8,https://i.ebayimg.com/images/g/tZ8AAOSwu-toTcP8/s-l225.jpg,timeapart,1726,99.6,0.00,USD,US,Grand Island,2025-06-15T16:48:43.000Z
batch_20260710_090257,iuid_00ec9ef847ee4630,rolex_25_104,Rolex 25 104,1,v1,EBAY_US,2026-07-10T09:03:16+00:00,v1|127138891839|0,Genuine Rolex #25-104 Cyclop Crystal. New Old Stock.,150.00,USD,New without tags,1500,FIXED_PRICE,https://www.ebay.com/itm/127138891839?_skw=Rolex+25+104&hash=item1d9a11883f:g:jB8AAeSw-QdoNhNS,https://i.ebayimg.com/images/g/jB8AAeSw-QdoNhNS/s-l225.jpg,kdug5943,678,100.0,,,US,Nashua,2025-05-27T19:32:56.000Z
batch_20260710_090257,iuid_00ec9ef847ee4630,rolex_25_104,Rolex 25 104,1,v1,EBAY_US,2026-07-10T09:03:16+00:00,v1|267264366938|0,"New Old Stock Genuine Rolex #25-104 Cyclops Crystal, Sealed In Bag",99.99,USD,New with tags,1000,FIXED_PRICE|BEST_OFFER,https://www.ebay.com/itm/267264366938?_skw=Rolex+25+104&hash=item3e3a32995a:g:KJ4AAOSw~0RoNSNA,https://i.ebayimg.com/images/g/KJ4AAOSw~0RoNSNA/s-l225.jpg,ergragr_ta0axebm,980,100.0,,,US,San Jose,2025-05-27T02:28:41.000Z
batch_20260710_090257,iuid_00ec9ef847ee4630,rolex_25_104,Rolex 25 104,1,v1,EBAY_US,2026-07-10T09:03:16+00:00,v1|116336524606|0,GENERIC Compatible 25-104 Plexy Glass for ROLEX ref. 6624 6625 6630 Refer: 66...,21.20,USD,Pre-owned,3000,FIXED_PRICE,https://www.ebay.com/itm/116336524606?_skw=Rolex+25+104&hash=item1b16327d3e:g:wm8AAeSwgsVqFDuj,https://i.ebayimg.com/images/g/wm8AAeSwgsVqFDuj/s-l225.jpg,fornitura_boccacci,4072,99.9,19.90,USD,IT,Sant Angelo Romano,2024-09-23T14:33:32.000Z
batch_20260710_090257,iuid_00ec9ef847ee4630,rolex_25_104,Rolex 25 104,1,v1,EBAY_US,2026-07-10T09:03:16+00:00,v1|296639091230|0,"25""x104"" ROLEX Pebble Beach Concours Tour Banner Flag ALFA ROMEO 6C Zagato",1150.00,USD,Unspecified,,FIXED_PRICE|BEST_OFFER,https://www.ebay.com/itm/296639091230?_skw=Rolex+25+104&hash=item451111521e:g:9eIAAOSweFlmwi6A,https://i.ebayimg.com/images/g/9eIAAOSweFlmwi6A/s-l225.jpg,butfortheloveofcars,5550,99.8,,,US,Pebble Beach,2024-08-18T17:25:22.000Z
batch_20260710_090257,iuid_00ec9ef847ee4630,rolex_25_104,Rolex 25 104,1,v1,EBAY_US,2026-07-10T09:03:16+00:00,v1|305735877621|0,25x104” ROLEX Pebble Beach Concours Tour Banner Flag Wankaner Rolls-Royce,1150.00,USD,Unspecified,,FIXED_PRICE|BEST_OFFER,https://www.ebay.com/itm/305735877621?_skw=Rolex+25+104&hash=item472f4743f5:g:TXwAAOSwpVtmwi6E,https://i.ebayimg.com/images/g/TXwAAOSwpVtmwi6E/s-l225.jpg,butfortheloveofcars,5550,99.8,,,US,Pebble Beach,2024-08-18T17:25:26.000Z
batch_20260710_090257,iuid_00ec9ef847ee4630,rolex_25_104,Rolex 25 104,1,v1,EBAY_US,2026-07-10T09:03:16+00:00,v1|296414237194|0,Rolex Crystal 25-104  Plexi Glass Authentic BRAND-FACTORY new,95.00,USD,New with tags,1000,FIXED_PRICE,https://www.ebay.com/itm/296414237194?_skw=Rolex+25+104&hash=item4503aa520a:g:GE0AAOSwD6NmOMmn,https://i.ebayimg.com/images/g/GE0AAOSwD6NmOMmn/s-l225.jpg,vintagewatchparts24,2206,100.0,20.00,USD,AE,,2024-05-06T12:20:32.000Z
batch_20260710_090257,iuid_00ec9ef847ee4630,rolex_25_104,Rolex 25 104,1,v1,EBAY_US,2026-07-10T09:03:16+00:00,v1|126404244743|0,Rolex Plexiglass Crystal Number 25-104,151.75,USD,New without tags,1500,FIXED_PRICE,https://www.ebay.com/itm/126404244743?_skw=Rolex+25+104&hash=item1d6e47b507:g:H1wAAOSwYvRmCYMp,https://i.ebayimg.com/images/g/H1wAAOSwYvRmCYMp/s-l225.jpg,mikeswatchparts,6143,100.0,18.35,USD,CA,,2024-03-31T15:42:14.000Z
batch_20260710_090257,iuid_00ec9ef847ee4630,rolex_25_104,Rolex 25 104,1,v1,EBAY_US,2026-07-10T09:03:16+00:00,v1|126392357324|0,Rolex Plexiglass Crystal Number 25-104,169.40,USD,New without tags,1500,FIXED_PRICE,https://www.ebay.com/itm/126392357324?_skw=Rolex+25+104&hash=item1d6d9251cc:g:t3YAAOSwcmFl~vYx,https://i.ebayimg.com/images/g/t3YAAOSwcmFl~vYx/s-l225.jpg,mikeswatchparts,6143,100.0,18.35,USD,CA,,2024-03-23T15:35:59.000Z
batch_20260710_090257,iuid_00ec9ef847ee4630,rolex_25_104,Rolex 25 104,1,v1,EBAY_US,2026-07-10T09:03:16+00:00,v1|225553261366|0,New Genuine Rolex Tropic 25 104 Plexiglass Acrylic Crystal Date 25.5mm Diameter,125.00,USD,New without tags,1500,FIXED_PRICE|BEST_OFFER,https://www.ebay.com/itm/225553261366?_skw=Rolex+25+104&hash=item348405a336:g:wo8AAOSwfaxkS3ch,https://i.ebayimg.com/images/g/wo8AAOSwfaxkS3ch/s-l225.jpg,fierygems,27548,100.0,0.00,USD,US,Sunnyvale,2023-04-28T07:45:41.000Z
batch_20260710_090257,iuid_00ec9ef847ee4630,rolex_25_104,Rolex 25 104,1,v1,EBAY_US,2026-07-10T09:03:16+00:00,v1|127124395854|0,Rolex Part 25-104 Genuine Rolex Acrylic Crystal New Packaged Original Swiss Made,124.99,USD,New without tags,1500,FIXED_PRICE|BEST_OFFER,https://www.ebay.com/itm/127124395854?_skw=Rolex+25+104&hash=item1d9934574e:g:b1cAAOSwPl9j~5aw,https://i.ebayimg.com/images/g/b1cAAOSwPl9j~5aw/s-l225.jpg,watchsupplyhouse,23625,99.9,0.00,USD,US,Louisville,2025-05-20T21:15:21.000Z
batch_20260710_090257,iuid_00ec9ef847ee4630,rolex_25_104,Rolex 25 104,1,v1,EBAY_US,2026-07-10T09:03:16+00:00,v1|127124395844|0,Rolex Part 25-104 Genuine Rolex Acrylic Crystal New Packaged Original Swiss Made,169.99,USD,New without tags,1500,FIXED_PRICE|BEST_OFFER,https://www.ebay.com/itm/127124395844?_skw=Rolex+25+104&hash=item1d99345744:g:qBYAAOSwcadj~5aU,https://i.ebayimg.com/images/g/qBYAAOSwcadj~5aU/s-l225.jpg,watchsupplyhouse,23625,99.9,0.00,USD,US,Louisville,2025-05-20T21:15:21.000Z
batch_20260710_090257,iuid_00ec9ef847ee4630,rolex_25_104,Rolex 25 104,1,v1,EBAY_US,2026-07-10T09:03:16+00:00,v1|127124391762|0,Rolex Part 25-104 Genuine Rolex Acrylic Crystal New Packaged Original Swiss Made,169.99,USD,New without tags,1500,FIXED_PRICE|BEST_OFFER,https://www.ebay.com/itm/127124391762?_skw=Rolex+25+104&hash=item1d99344752:g:WcsAAOSwRo5j~5Zz,https://i.ebayimg.com/images/g/WcsAAOSwRo5j~5Zz/s-l225.jpg,watchsupplyhouse,23625,99.9,0.00,USD,US,Louisville,2025-05-20T21:12:27.000Z
batch_20260710_090257,iuid_00ec9ef847ee4630,rolex_25_104,Rolex 25 104,1,v1,EBAY_US,2026-07-10T09:03:16+00:00,v1|116611333213|0,Rolex Part 25-104 Genuine Rolex Acrylic Crystal New Packaged Original Swiss Made,124.99,USD,New without tags,1500,FIXED_PRICE|BEST_OFFER,https://www.ebay.com/itm/116611333213?_skw=Rolex+25+104&hash=item1b2693bc5d:g:onEAAOSwGJJj~3yT,https://i.ebayimg.com/images/g/onEAAOSwGJJj~3yT/s-l225.jpg,watchsupplyhouse,23625,99.9,0.00,USD,US,Louisville,2025-05-20T21:17:27.000Z
batch_20260710_090257,iuid_00ec9ef847ee4630,rolex_25_104,Rolex 25 104,1,v1,EBAY_US,2026-07-10T09:03:16+00:00,v1|297356016516|0,"Original Rolex Crystal, Swiss Made, Tudor Oyster Crystal 25-104 new",150.00,USD,New with tags,1000,FIXED_PRICE,https://www.ebay.com/itm/297356016516?_skw=Rolex+25+104&hash=item453bccbb84:g:Pe4AAOSwm7lj-P2W,https://i.ebayimg.com/images/g/Pe4AAOSwm7lj-P2W/s-l225.jpg,vintagewatchparts24,2206,100.0,20.00,USD,AE,,2025-05-29T11:08:23.000Z
batch_20260710_090257,iuid_00ec9ef847ee4630,rolex_25_104,Rolex 25 104,1,v1,EBAY_US,2026-07-10T09:03:16+00:00,v1|134432114845|0,NEW ROLEX GENUINE 25-104 TROPIC CRYSTAL date window,175.00,USD,New with tags,1000,FIXED_PRICE,https://www.ebay.com/itm/134432114845?_skw=Rolex+25+104&hash=item1f4cc7489d:g:7RQAAOSwlYNj2ZQv,https://i.ebayimg.com/images/g/7RQAAOSwlYNj2ZQv/s-l225.jpg,timelessclassicwatches,14353,99.9,8.00,USD,US,Glendora,2023-01-31T22:33:25.000Z
batch_20260710_090257,iuid_00ec9ef847ee4630,rolex_25_104,Rolex 25 104,1,v1,EBAY_US,2026-07-10T09:03:16+00:00,v1|266011129835|0,Rolex 25-104 Crystal NOS. New In Bag With Cyclops. ￼,124.00,USD,New with tags,1000,FIXED_PRICE|BEST_OFFER,https://www.ebay.com/itm/266011129835?_skw=Rolex+25+104&hash=item3def7fb7eb:g:mGIAAOSwFpxjgtLV,https://i.ebayimg.com/images/g/mGIAAOSwFpxjgtLV/s-l225.jpg,walla4667,180,100.0,,,US,Essex,2022-11-27T03:06:42.000Z
batch_20260710_090257,iuid_00ec9ef847ee4630,rolex_25_104,Rolex 25 104,1,v1,EBAY_US,2026-07-10T09:03:16+00:00,v1|353928708745|0,ROLEX ORIGINAL MEN CRYSTAL REF B25-104-J1 DATEJUST - NEW - ,60.00,USD,New without tags,1500,FIXED_PRICE,https://www.ebay.com/itm/353928708745?_skw=Rolex+25+104&hash=item5267cb8289:g:wJYAAOSwQ~tiFWVE,https://i.ebayimg.com/images/g/wJYAAOSwQ~tiFWVE/s-l225.jpg,hitecpro,4512,100.0,5.00,USD,US,Solon,2022-02-22T22:36:31.000Z
batch_20260710_090257,iuid_00ec9ef847ee4630,rolex_25_104,Rolex 25 104,1,v1,EBAY_US,2026-07-10T09:03:16+00:00,v1|144383100933|0,WATCH CRYSTAL PLASTIC (Acrylic) FOR ROLEX WATCH 25-104,19.49,USD,New with tags,1000,FIXED_PRICE,https://www.ebay.com/itm/144383100933?_skw=Rolex+25+104&hash=item219de74805:g:F1sAAOSwHd5gmai-,https://i.ebayimg.com/images/g/F1sAAOSwHd5gmai-/s-l225.jpg,watchbandsusa,24586,99.1,4.99,USD,US,New York,2022-01-23T22:20:58.000Z
batch_20260710_090257,iuid_00ec9ef847ee4630,rolex_25_104,Rolex 25 104,1,v1,EBAY_US,2026-07-10T09:03:16+00:00,v1|154808704699|0,Rolex Tudor Oyster Cyclop Glass 25-104 - New in sealed package,160.00,USD,New with tags,1000,FIXED_PRICE|BEST_OFFER,https://www.ebay.com/itm/154808704699?_skw=Rolex+25+104&hash=item240b515ebb:g:ih0AAOSwrjphzflo,https://i.ebayimg.com/images/g/ih0AAOSwrjphzflo/s-l225.jpg,zevart23,344,100.0,0.00,USD,US,Haledon,2022-01-23T21:18:54.000Z
batch_20260710_090257,iuid_00ec9ef847ee4630,rolex_25_104,Rolex 25 104,1,v1,EBAY_US,2026-07-10T09:03:16+00:00,v1|389322640739|0,Rolex Crystal b25-104-j1 BRAND NEW/ SEALED ,145.00,USD,New with tags,1000,FIXED_PRICE,https://www.ebay.com/itm/389322640739?_skw=Rolex+25+104&hash=item5aa5700d63:g:7GUAAOSwLapgnV-R,https://i.ebayimg.com/images/g/7GUAAOSwLapgnV-R/s-l225.jpg,watchpart000,3027,100.0,8.00,USD,US,Commerce Township,2025-12-02T19:37:06.000Z
batch_20260710_090257,iuid_00ec9ef847ee4630,rolex_25_104,Rolex 25 104,1,v1,EBAY_US,2026-07-10T09:03:16+00:00,v1|133649629003|0,Crystal To Fit Rolex 31mm Midsize 6624 6628 25-104 NOS,15.99,USD,New without tags,1500,FIXED_PRICE,https://www.ebay.com/itm/133649629003?_skw=Rolex+25+104&hash=item1f1e237f4b:g:sSAAAOSwXZtgEYVe,https://i.ebayimg.com/images/g/sSAAAOSwXZtgEYVe/s-l225.jpg,volunteertime,23273,100.0,3.00,USD,US,Knoxville,2021-01-27T22:48:42.000Z
batch_20260710_090257,iuid_00ec9ef847ee4630,rolex_25_104,Rolex 25 104,1,v1,EBAY_US,2026-07-10T09:03:16+00:00,v1|324161441186|0,                   ORIGINAL  ROLEX CRYSTAL  25-104,175.00,USD,New with tags,1000,FIXED_PRICE,https://www.ebay.com/itm/324161441186?_skw=Rolex+25+104&hash=item4b79870da2:g:AWEAAOSw~O1et0q1,https://i.ebayimg.com/images/g/AWEAAOSw~O1et0q1/s-l225.jpg,relojero2000,1361,98.7,0.00,USD,US,Canoga Park,2020-05-10T00:30:34.000Z
batch_20260710_090257,iuid_00ec9ef847ee4630,rolex_25_104,Rolex 25 104,1,v1,EBAY_US,2026-07-10T09:03:16+00:00,v1|254493700871|0,Rolex 25-104-j1 Crystal NOS. Blister Packaging,150.00,USD,New with tags,1000,FIXED_PRICE|BEST_OFFER,https://www.ebay.com/itm/254493700871?_skw=Rolex+25+104&hash=item3b4101b307:g:OXgAAOSws11eLd3x,https://i.ebayimg.com/images/g/OXgAAOSws11eLd3x/s-l225.jpg,watchesnstuff4u,236,100.0,0.00,USD,US,Staten Island,2020-01-26T18:45:11.000Z
batch_20260710_090257,iuid_00ec9ef847ee4630,rolex_25_104,Rolex 25 104,1,v1,EBAY_US,2026-07-10T09:03:16+00:00,v1|173851728882|472564458132,PLASTIC GENERIC CRYSTALS FOR ROLEX WATCHES   MULTIPLE SIZES AVAILABLE ,12.00,USD,New without tags,1500,FIXED_PRICE,https://www.ebay.com/itm/173851728882?_skw=Rolex+25+104&hash=item287a5edbf2:g:waUAAOSwa~FZixX1,https://i.ebayimg.com/images/g/waUAAOSwa~FZixX1/s-l225.jpg,wman4315,2782,98.6,6.00,USD,US,Melville,2019-03-26T17:47:26.000Z
batch_20260710_090257,iuid_00ec9ef847ee4630,rolex_25_104,Rolex 25 104,1,v1,EBAY_US,2026-07-10T09:03:16+00:00,v1|232918110234|0,RLX Oysterdate Precision Mid Size 6466 Acrylic Cyclops 104 105 Glass 25.6mm,46.86,USD,New with tags,1000,FIXED_PRICE,https://www.ebay.com/itm/232918110234?_skw=Rolex+25+104&hash=item363b00501a:g:~K0AAOSwv-ZaAf-E,https://i.ebayimg.com/images/g/~K0AAOSwv-ZaAf-E/s-l225.jpg,leicester182,4421,100.0,22.73,USD,GB,AYLESBURY,2018-09-06T09:24:59.000Z
batch_20260710_090257,iuid_00ec9ef847ee4630,rolex_25_104,Rolex 25 104,1,v1,EBAY_US,2026-07-10T09:03:16+00:00,v1|123300572660|423702233419,Generic Crystal Multi Listing For Rolex Cyclops Glasses Date Lens Acrylic,26.80,USD,New with tags,1000,FIXED_PRICE,https://www.ebay.com/itm/123300572660?_skw=Rolex+25+104&hash=item1cb5496df4:g:oX4AAOSweApbbCL6,https://i.ebayimg.com/images/g/oX4AAOSweApbbCL6/s-l225.jpg,watchfan700uk,38552,99.7,16.09,USD,GB,KILMARNOCK,2018-08-09T11:27:06.000Z
batch_20260710_090257,iuid_00ec9ef847ee4630,rolex_25_104,Rolex 25 104,1,v1,EBAY_US,2026-07-10T09:03:16+00:00,v1|273188848931|0,Swiss Made Plastic Plexi Watch Crystal for Rolex Watches 25-104 fits 6624 & More,19.95,USD,New with tags,1000,FIXED_PRICE,https://www.ebay.com/itm/273188848931?_skw=Rolex+25+104&hash=item3f9b530523:g:9XgAAOSw3jVoPh2H,https://i.ebayimg.com/images/g/9XgAAOSw3jVoPh2H/s-l225.jpg,watchpartsdepot,18765,99.9,4.50,USD,US,Los Angeles,2018-05-01T19:20:21.000Z
batch_20260710_090257,iuid_00ec9ef847ee4630,rolex_25_104,Rolex 25 104,1,v1,EBAY_US,2026-07-10T09:03:16+00:00,v1|171093826884|0,ROLEX FACTORY NEW SEALED MEDIUM DATE CYCLOPE CRYSTAL 25 104,335.00,USD,New with tags,1000,FIXED_PRICE,https://www.ebay.com/itm/171093826884?_skw=Rolex+25+104&hash=item27d5fc9d44:g:fAYAAOxyDLZR~B-W,https://i.ebayimg.com/images/g/fAYAAOxyDLZR~B-W/s-l225.jpg,1000rolexparts,1413,100.0,45.00,USD,US,Burlingame,2013-08-02T21:10:27.000Z
batch_20260710_090257,iuid_00ec9ef847ee4630,rolex_25_104,Rolex 25 104,1,v1,EBAY_US,2026-07-10T09:03:16+00:00,v1|310304839641|0,3 PLASTIC PLEXI  WATCH CRYSTAL FOR 31MM ROLEX DATEJUST MIDSIZE 25-104 DATE 6466,39.95,USD,New with tags,1000,FIXED_PRICE,https://www.ebay.com/itm/310304839641?_skw=Rolex+25+104&hash=item483f9c17d9:g:jbQAAeSwCy1p715D,https://i.ebayimg.com/images/g/jbQAAeSwCy1p715D/s-l225.jpg,ewatchparts,224913,99.9,0.00,USD,US,Richmond,2011-03-17T20:20:03.000Z
batch_20260710_090257,iuid_013b99fe18c84481,rolex_2230_305,Rolex 2230 305,1,v1,EBAY_DE,2026-07-10T09:03:17+00:00,v1|227230229673|0,Rolex 2230-305 Neu NEW Blister X1 Stück Spule 2230 2235 Ratchet Wheel,108.90,EUR,Nuovo con etichette,1000,FIXED_PRICE|BEST_OFFER,https://www.ebay.de/itm/227230229673?_skw=Rolex+2230+305&hash=item34e7fa24a9:g:~LwAAeSwcqdqSFFr,https://i.ebayimg.com/images/g/~LwAAeSwcqdqSFFr/s-l225.jpg,*rarecollections,1382,100.0,29.00,EUR,IT,,2026-02-24T09:14:44.000Z
batch_20260710_090257,iuid_013b99fe18c84481,rolex_2230_305,Rolex 2230 305,1,v1,EBAY_DE,2026-07-10T09:03:17+00:00,v1|306752572557|0,"Rolex Original 2230, 2235, 305 Ratchet Wheel Genuine New Old Stock Sealed",72.92,EUR,Neu mit Etikett,1000,FIXED_PRICE,https://www.ebay.de/itm/306752572557?_skw=Rolex+2230+305&hash=item476be0cc8d:g:PfkAAOSwOnFmiBlI,https://i.ebayimg.com/images/g/PfkAAOSwOnFmiBlI/s-l225.jpg,369watchpartsltd,664,100.0,38.47,EUR,GB,,2026-02-05T20:41:46.000Z
batch_20260710_090257,iuid_013b99fe18c84481,rolex_2230_305,Rolex 2230 305,1,v1,EBAY_DE,2026-07-10T09:03:17+00:00,v1|227181741435|0,Rolex 2230-305 Neuwertig Rocchetto 2230 2235 Ratchet Wheel,55.00,EUR,Usato,3000,FIXED_PRICE|BEST_OFFER,https://www.ebay.de/itm/227181741435?_skw=Rolex+2230+305&hash=item34e516457b:g:JXQAAeSwf1dqMTzl,https://i.ebayimg.com/images/g/JXQAAeSwf1dqMTzl/s-l225.jpg,*rarecollections,1382,100.0,29.00,EUR,IT,,2026-01-20T10:03:35.000Z
batch_20260710_090257,iuid_013b99fe18c84481,rolex_2230_305,Rolex 2230 305,1,v1,EBAY_DE,2026-07-10T09:03:17+00:00,v1|377231871501|0,Rolex 2230-305-Y1 Aufzugsrad Rachet-Welle Kal. 2230 2235 Gold,52.75,EUR,Gebraucht,3000,FIXED_PRICE|BEST_OFFER,https://www.ebay.de/itm/377231871501?_skw=Rolex+2230+305&hash=item57d4c58e0d:g:vFsAAOSwmRpkOSuy,https://i.ebayimg.com/images/g/vFsAAOSwmRpkOSuy/s-l225.jpg,rolex_parts_brabus,261,98.8,14.90,EUR,IT,,2026-06-03T21:54:02.000Z
batch_20260710_090257,iuid_013b99fe18c84481,rolex_2230_305,Rolex 2230 305,1,v1,EBAY_DE,2026-07-10T09:03:17+00:00,v1|205567245607|0,Rolex 2230/2235 Ref.305,40.00,EUR,Neu ohne Etikett,1500,FIXED_PRICE,https://www.ebay.de/itm/205567245607?_skw=Rolex+2230+305&hash=item2fdcc33d27:g:e1kAAeSwOIhoUTz0,https://i.ebayimg.com/images/g/e1kAAeSwOIhoUTz0/s-l225.jpg,combattiamolacrisi,8898,100.0,15.00,EUR,IT,Roseto Degli Abruzzi,2025-06-17T10:03:18.000Z
batch_20260710_090257,iuid_013b99fe18c84481,rolex_2230_305,Rolex 2230 305,1,v1,EBAY_DE,2026-07-10T09:03:17+00:00,v1|116397614554|0,"ROLEX 2230 Ratchet Wheel Cod. 305 Calib: 2230, 2235 (EXCELLENT STATE)",48.00,EUR,Gebraucht,3000,FIXED_PRICE,https://www.ebay.de/itm/116397614554?_skw=Rolex+2230+305&hash=item1b19d6a5da:g:tDMAAeSwgolowA1~,https://i.ebayimg.com/images/g/tDMAAeSwgolowA1~/s-l225.jpg,fornitura_boccacci,4072,99.9,19.00,EUR,IT,Sant Angelo Romano,2024-11-20T08:39:31.000Z
batch_20260710_090257,iuid_013b99fe18c84481,rolex_2230_305,Rolex 2230 305,1,v1,EBAY_DE,2026-07-10T09:03:17+00:00,v1|176235857206|0,"ROLEX Original Swiss Ratchet Wheel 2230-305, For Rolex 2230, Part No 305.",59.60,EUR,Neu mit Etikett,1000,FIXED_PRICE,https://www.ebay.de/itm/176235857206?_skw=Rolex+2230+305&hash=item290879c536:g:EiYAAOSwSXNlycEJ,https://i.ebayimg.com/images/g/EiYAAOSwSXNlycEJ/s-l225.jpg,your.guys.in.cairo,719,100.0,17.75,EUR,EG,,2024-02-12T07:23:59.000Z
batch_20260710_090257,iuid_013b99fe18c84481,rolex_2230_305,Rolex 2230 305,1,v1,EBAY_DE,2026-07-10T09:03:17+00:00,v1|176230050444|0,Rolex 2230-305 - Rochet,60.00,EUR,Nuovo con etichette,1000,FIXED_PRICE,https://www.ebay.de/itm/176230050444?_skw=Rolex+2230+305&hash=item2908212a8c:g:ZZwAAOSw5cVlxQeS,https://i.ebayimg.com/images/g/ZZwAAOSw5cVlxQeS/s-l225.jpg,refanoro79,242,100.0,20.00,EUR,IT,Pordenone,2024-02-08T16:58:04.000Z
batch_20260710_090257,iuid_013b99fe18c84481,rolex_2230_305,Rolex 2230 305,1,v1,EBAY_DE,2026-07-10T09:03:17+00:00,v1|115917192292|0,"ROLEX 2230 Spule oder Laderolle Cod. 305 Kaliber: 2230, 2235 (SEHR GUTER ST...",48.00,EUR,Usato,3000,FIXED_PRICE,https://www.ebay.de/itm/115917192292?_skw=Rolex+2230+305&hash=item1afd33fc64:g:-3AAAeSwACxowA3q,https://i.ebayimg.com/images/g/-3AAAeSwACxowA3q/s-l225.jpg,fornitura_boccacci,4072,99.9,19.00,EUR,IT,Sant Angelo Romano,2023-09-16T11:52:24.000Z
batch_20260710_090257,iuid_013b99fe18c84481,rolex_2230_305,Rolex 2230 305,1,v1,EBAY_DE,2026-07-10T09:03:17+00:00,v1|295829956299|0,ROLEX Sperrrad cal 2230 2235 part 305 RATCHET WHEEL rochet original,49.00,EUR,Gebraucht,3000,FIXED_PRICE,https://www.ebay.de/itm/295829956299?_skw=Rolex+2230+305&hash=item44e0d6e6cb:g:BwgAAOSw7QRkunUF,https://i.ebayimg.com/images/g/BwgAAOSw7QRkunUF/s-l225.jpg,luxini_hamburg,3972,100.0,7.00,EUR,DE,Hamburg,2023-07-21T12:10:46.000Z
batch_20260710_090257,iuid_013b99fe18c84481,rolex_2230_305,Rolex 2230 305,1,v1,EBAY_DE,2026-07-10T09:03:17+00:00,v1|354657680633|0,Rolex Ersatzteil Kal. 2230-305 Sperrrad,49.00,EUR,Neu ohne Etikett,1500,FIXED_PRICE,https://www.ebay.de/itm/354657680633?_skw=Rolex+2230+305&hash=item52933ebcf9:g:13sAAOSwkvRnPwMD,https://i.ebayimg.com/images/g/13sAAOSwkvRnPwMD/s-l225.jpg,sandtuhr,54511,99.8,0.00,EUR,DE,Albstadt,2023-03-18T15:52:40.000Z
batch_20260710_090257,iuid_013b99fe18c84481,rolex_2230_305,Rolex 2230 305,1,v1,EBAY_DE,2026-07-10T09:03:17+00:00,v1|144643305796|443885290859,Ersatzteile Rolex 2230-2235 Original Original - Ricambi Originali,75.00,EUR,Nuovo con etichette,1000,FIXED_PRICE,https://www.ebay.de/itm/144643305796?_skw=Rolex+2230+305&hash=item21ad69b144:g:FjIAAOSwsIJizV2e,https://i.ebayimg.com/images/g/FjIAAOSwsIJizV2e/s-l225.jpg,afadsrl,2100,100.0,30.00,EUR,IT,Verona,2022-07-12T11:42:40.000Z
batch_20260710_090257,iuid_013b99fe18c84481,rolex_2230_305,Rolex 2230 305,1,v1,EBAY_DE,2026-07-10T09:03:17+00:00,v1|254953128115|0,Rolex Original Kaliber 2230-305 Spule Neu,60.00,EUR,Nuovo senza etichette,1500,FIXED_PRICE,https://www.ebay.de/itm/254953128115?_skw=Rolex+2230+305&hash=item3b5c6400b3:g:REwAAOSwGYZfq7cv,https://i.ebayimg.com/images/g/REwAAOSwGYZfq7cv/s-l225.jpg,pasquale9359,123,100.0,25.00,EUR,IT,Salerno,2021-04-23T12:06:43.000Z
batch_20260710_090257,iuid_013b99fe18c84481,rolex_2230_305,Rolex 2230 305,1,v1,EBAY_DE,2026-07-10T09:03:17+00:00,v1|193948704500|494140048057,Rolex 2230 Zubehör/Teile 100% Original/Original,40.00,EUR,Occasion,3000,FIXED_PRICE,https://www.ebay.de/itm/193948704500?_skw=Rolex+2230+305&hash=item2d283e5ef4:g:MbkAAOSwzUpgSlNk,https://i.ebayimg.com/images/g/MbkAAOSwzUpgSlNk/s-l225.jpg,captain-corsica,949,100.0,0.00,EUR,FR,Besançon,2021-03-11T17:23:46.000Z
batch_20260710_090257,iuid_013b99fe18c84481,rolex_2230_305,Rolex 2230 305,1,v1,EBAY_US,2026-07-10T09:03:17+00:00,v1|178251994947|0,GENUINE Authentic Rolex 2230 2235 305 Ratchet Wheel New Factory Sealed,49.99,USD,New without tags,1500,FIXED_PRICE,https://www.ebay.com/itm/178251994947?_skw=Rolex+2230+305&hash=item2980a59743:g:vrMAAeSw2RNqOYtF,https://i.ebayimg.com/images/g/vrMAAeSw2RNqOYtF/s-l225.jpg,oc_watch_collection,6275,99.7,0.00,USD,US,Fountain Valley,2026-06-24T17:23:28.000Z
batch_20260710_090257,iuid_013b99fe18c84481,rolex_2230_305,Rolex 2230 305,1,v1,EBAY_US,2026-07-10T09:03:17+00:00,v1|137091223780|0,"ROLEX 2230 305 ratchet wheel NEW/SEALED for watch repair, original sealed",60.00,USD,New with tags,1000,FIXED_PRICE,https://www.ebay.com/itm/137091223780?_skw=Rolex+2230+305&hash=item1feb4610e4:g:G5kAAeSwdW5ppy9N,https://i.ebayimg.com/images/g/G5kAAeSwdW5ppy9N/s-l225.jpg,timelessclassicwatches,14353,99.9,6.00,USD,US,Glendora,2026-03-03T19:02:32.000Z
batch_20260710_090257,iuid_013b99fe18c84481,rolex_2230_305,Rolex 2230 305,1,v1,EBAY_US,2026-07-10T09:03:17+00:00,v1|227230229675|0,Rolex 2230-305 New Blister X1 Piece X1 Piece Ratchet Wheel 2230 2235,125.77,USD,New with tags,1000,FIXED_PRICE|BEST_OFFER,https://www.ebay.com/itm/227230229675?_skw=Rolex+2230+305&hash=item34e7fa24ab:g:wegAAeSwb~BqSBaR,https://i.ebayimg.com/images/g/wegAAeSwb~BqSBaR/s-l225.jpg,*rarecollections,1382,100.0,55.00,USD,IT,,2026-02-24T09:14:44.000Z
batch_20260710_090257,iuid_013b99fe18c84481,rolex_2230_305,Rolex 2230 305,1,v1,EBAY_US,2026-07-10T09:03:17+00:00,v1|306752582263|0,"Rolex Original 2230, 2235, 305 Ratchet Wheel Genuine New Old Stock Sealed",70.09,USD,New with tags,1000,FIXED_PRICE,https://www.ebay.com/itm/306752582263?_skw=Rolex+2230+305&hash=item476be0f277:g:PfkAAOSwOnFmiBlI,https://i.ebayimg.com/images/g/PfkAAOSwOnFmiBlI/s-l225.jpg,369watchpartsltd,664,100.0,37.56,USD,GB,,2026-02-05T20:51:46.000Z
batch_20260710_090257,iuid_013b99fe18c84481,rolex_2230_305,Rolex 2230 305,1,v1,EBAY_US,2026-07-10T09:03:17+00:00,v1|297969695729|0,Genuine Rolex 2230 305 Caliber Ratchet Wheel  for Watch Movement Part #305,40.00,USD,Pre-owned,3000,FIXED_PRICE|BEST_OFFER,https://www.ebay.com/itm/297969695729?_skw=Rolex+2230+305&hash=item456060bbf1:g:k6oAAOSwBtpnft1x,https://i.ebayimg.com/images/g/k6oAAOSwBtpnft1x/s-l225.jpg,fierygems,27548,100.0,0.00,USD,US,Sunnyvale,2026-01-26T03:51:07.000Z
batch_20260710_090257,iuid_013b99fe18c84481,rolex_2230_305,Rolex 2230 305,1,v1,EBAY_US,2026-07-10T09:03:17+00:00,v1|227181741444|0,Rolex 2230-305 Excellent Condition Ratchet Wheel 2230 2235,63.35,USD,Pre-owned,3000,FIXED_PRICE,https://www.ebay.com/itm/227181741444?_skw=Rolex+2230+305&hash=item34e5164584:g:p70AAeSwt81qMT2r,https://i.ebayimg.com/images/g/p70AAeSwt81qMT2r/s-l225.jpg,*rarecollections,1382,100.0,55.00,USD,IT,,2026-01-20T10:03:36.000Z
batch_20260710_090257,iuid_013b99fe18c84481,rolex_2230_305,Rolex 2230 305,1,v1,EBAY_US,2026-07-10T09:03:17+00:00,v1|277491736759|0,GENUINE Authentic Rolex 2230 2235 305 Ratchet Wheel New Factory Sealed,55.00,USD,New with tags,1000,FIXED_PRICE,https://www.ebay.com/itm/277491736759?_skw=Rolex+2230+305&hash=item409bcbe0b7:g:WvYAAeSw6GdpDi2I,https://i.ebayimg.com/images/g/WvYAAeSw6GdpDi2I/s-l225.jpg,rojamalex,3849,100.0,0.00,USD,US,New York,2025-11-07T17:34:51.000Z
batch_20260710_090257,iuid_013b99fe18c84481,rolex_2230_305,Rolex 2230 305,1,v1,EBAY_US,2026-07-10T09:03:17+00:00,v1|157209040211|0,Rolex Genuine Rachet Wheel For Rolex Cal 2230 2235 Part 305 New In Packing,83.29,USD,New with tags,1000,FIXED_PRICE|BEST_OFFER,https://www.ebay.com/itm/157209040211?_skw=Rolex+2230+305&hash=item249a639553:g:MXEAAeSwFI1oispW,https://i.ebayimg.com/images/g/MXEAAeSwFI1oispW/s-l225.jpg,watches.watchparts,1546,99.5,17.35,USD,AU,Wheelers Hill,2025-07-31T01:45:22.000Z
batch_20260710_090257,iuid_013b99fe18c84481,rolex_2230_305,Rolex 2230 305,1,v1,EBAY_US,2026-07-10T09:03:17+00:00,v1|167562885320|0,Ratchet Wheel Fits Rolex 2230 2235 Replacement for part 305,29.00,USD,New without tags,1500,FIXED_PRICE,https://www.ebay.com/itm/167562885320?_skw=Rolex+2230+305&hash=item270386b8c8:g:i34AAOSwvuZkEkGH,https://i.ebayimg.com/images/g/i34AAOSwvuZkEkGH/s-l225.jpg,watchpartusa,44097,99.8,0.00,USD,US,Reseda,2025-06-04T23:12:17.000Z
batch_20260710_090257,iuid_013b99fe18c84481,rolex_2230_305,Rolex 2230 305,1,v1,EBAY_US,2026-07-10T09:03:17+00:00,v1|365089129034|0,"Rolex 2230, 2235-305 Ratchet Wheel Part 305 Original. Brand New Sealed",60.00,USD,New without tags,1500,FIXED_PRICE,https://www.ebay.com/itm/365089129034?_skw=Rolex+2230+305&hash=item550102024a:g:EaoAAOSwCnNmzYeN,https://i.ebayimg.com/images/g/EaoAAOSwCnNmzYeN/s-l225.jpg,watchessentials,56,100.0,15.00,USD,IN,Mahalakshmipuram Layout SO,2024-08-27T09:02:21.000Z
batch_20260710_090257,iuid_013b99fe18c84481,rolex_2230_305,Rolex 2230 305,1,v1,EBAY_US,2026-07-10T09:03:17+00:00,v1|256587960392|0,Genuine Rolex Caliber 2230 Ratchet Wheel B2230-305-Y1 New Sealed In Package,53.00,USD,New with tags,1000,FIXED_PRICE,https://www.ebay.com/itm/256587960392?_skw=Rolex+2230+305&hash=item3bbdd59048:g:UewAAOSwHb5mqZSo,https://i.ebayimg.com/images/g/UewAAOSwHb5mqZSo/s-l225.jpg,sgawatch.jewelry,475,91.7,10.25,USD,US,Los Angeles,2024-07-31T01:39:25.000Z
batch_20260710_090257,iuid_013b99fe18c84481,rolex_2230_305,Rolex 2230 305,1,v1,EBAY_US,2026-07-10T09:03:17+00:00,v1|305657693455|0,"Rolex Original 2230, 2235, 305 Ratchet Wheel Genuine New Old Stock Sealed",67.04,USD,New with tags,1000,FIXED_PRICE,https://www.ebay.com/itm/305657693455?_skw=Rolex+2230+305&hash=item472a9e450f:g:PfkAAOSwOnFmiBlI,https://i.ebayimg.com/images/g/PfkAAOSwOnFmiBlI/s-l225.jpg,369watchpartsltd,664,100.0,37.54,USD,GB,,2024-07-05T16:04:20.000Z
batch_20260710_090257,iuid_013b99fe18c84481,rolex_2230_305,Rolex 2230 305,1,v1,EBAY_US,2026-07-10T09:03:17+00:00,v1|377229252445|0,Rolex 2230-305-Y1 Ratchet Wheel Cal. 2230 2235,60.14,USD,Pre-owned,3000,FIXED_PRICE|BEST_OFFER,https://www.ebay.com/itm/377229252445?_skw=Rolex+2230+305&hash=item57d49d975d:g:vFsAAOSwmRpkOSuy,https://i.ebayimg.com/images/g/vFsAAOSwmRpkOSuy/s-l225.jpg,rolex_parts_brabus,261,98.8,34.95,USD,IT,,2026-06-02T21:10:17.000Z
batch_20260710_090257,iuid_013b99fe18c84481,rolex_2230_305,Rolex 2230 305,1,v1,EBAY_US,2026-07-10T09:03:17+00:00,v1|226187467183|0,"Genuine Rolex 2235 2230-305 Ratchet Wheel, New Factory Sealed",74.00,USD,New with tags,1000,FIXED_PRICE,https://www.ebay.com/itm/226187467183?_skw=Rolex+2230+305&hash=item34a9d2d9af:g:zmgAAOSwi9hnfGY~,https://i.ebayimg.com/images/g/zmgAAOSwi9hnfGY~/s-l225.jpg,only-genuine-parts,3708,100.0,0.00,USD,US,Los Angeles,2024-06-10T23:38:33.000Z
batch_20260710_090257,iuid_013b99fe18c84481,rolex_2230_305,Rolex 2230 305,1,v1,EBAY_US,2026-07-10T09:03:17+00:00,v1|116131441071|0,"ROLEX 2230 Ratchet Wheel Cod. 305 Calib: 2230, 2235 (EXCELLENT STATE)",50.88,USD,Pre-owned,3000,FIXED_PRICE,https://www.ebay.com/itm/116131441071?_skw=Rolex+2230+305&hash=item1b09f929af:g:uPYAAeSws1ZowA0D,https://i.ebayimg.com/images/g/uPYAAeSws1ZowA0D/s-l225.jpg,fornitura_boccacci,4072,99.9,19.90,USD,IT,Sant Angelo Romano,2024-04-04T11:52:51.000Z
batch_20260710_090257,iuid_013b99fe18c84481,rolex_2230_305,Rolex 2230 305,1,v1,EBAY_US,2026-07-10T09:03:17+00:00,v1|285713896869|0,"Rolex Swiss Original Ratchet Wheel 2230-305, For Rolex Movement 2230, Part 305",58.99,USD,New with tags,1000,FIXED_PRICE,https://www.ebay.com/itm/285713896869?_skw=Rolex+2230+305&hash=item4285e015a5:g:qWMAAOSwx5Nl01Ea,https://i.ebayimg.com/images/g/qWMAAOSwx5Nl01Ea/s-l225.jpg,touch.time,57,100.0,27.00,USD,AE,,2024-02-19T13:04:30.000Z
batch_20260710_090257,iuid_013b99fe18c84481,rolex_2230_305,Rolex 2230 305,1,v1,EBAY_US,2026-07-10T09:03:17+00:00,v1|235428419005|0,"ROLEX Swiss Ratchet Wheel 2230-305, For Rolex Movement 2230, Part 305.",55.00,USD,New with tags,1000,FIXED_PRICE,https://www.ebay.com/itm/235428419005?_skw=Rolex+2230+305&hash=item36d0a095bd:g:xnsAAOSwAaRlyc6M,https://i.ebayimg.com/images/g/xnsAAOSwAaRlyc6M/s-l225.jpg,makram224662,4337,99.6,35.00,USD,EG,,2024-02-12T07:57:48.000Z
batch_20260710_090257,iuid_013b99fe18c84481,rolex_2230_305,Rolex 2230 305,1,v1,EBAY_US,2026-07-10T09:03:17+00:00,v1|176235835893|0,"ROLEX Original Swiss Ratchet Wheel 2230-305, For Rolex 2230, Part No 305.",57.98,USD,New with tags,1000,FIXED_PRICE,https://www.ebay.com/itm/176235835893?_skw=Rolex+2230+305&hash=item29087971f5:g:EiYAAOSwSXNlycEJ,https://i.ebayimg.com/images/g/EiYAAOSwSXNlycEJ/s-l225.jpg,your.guys.in.cairo,719,100.0,31.00,USD,EG,,2024-02-12T07:02:25.000Z
batch_20260710_090257,iuid_013b99fe18c84481,rolex_2230_305,Rolex 2230 305,1,v1,EBAY_US,2026-07-10T09:03:17+00:00,v1|295772520065|0,Rolex 2230 & 2235 Part 305 Ratchet Wheel NEW Genuine,76.35,USD,New without tags,1500,FIXED_PRICE,https://www.ebay.com/itm/295772520065?_skw=Rolex+2230+305&hash=item44dd6a7e81:g:y-sAAOSw-wtkkpGT,https://i.ebayimg.com/images/g/y-sAAOSw-wtkkpGT/s-l225.jpg,ajhorological,3565,99.8,17.35,USD,AU,Scoresby,2023-06-21T05:59:41.000Z
batch_20260710_090257,iuid_013b99fe18c84481,rolex_2230_305,Rolex 2230 305,1,v1,EBAY_US,2026-07-10T09:03:17+00:00,v1|166103849724|467182053804,High Quality Watch parts to fit Rolex 2230 Movements,29.95,USD,New with tags,1000,FIXED_PRICE,https://www.ebay.com/itm/166103849724?_skw=Rolex+2230+305&hash=item26ac8f9afc:g:TO4AAOSwU8FoQNGe,https://i.ebayimg.com/images/g/TO4AAOSwU8FoQNGe/s-l225.jpg,watchpartusa,44097,99.8,0.00,USD,US,Reseda,2023-05-17T22:38:12.000Z
batch_20260710_090257,iuid_013b99fe18c84481,rolex_2230_305,Rolex 2230 305,1,v1,EBAY_US,2026-07-10T09:03:17+00:00,v1|165983935445|0,2230 2235 305 Ratchet Wheel Fits Rolex Swiss Made Genuine New Open Stock,45.00,USD,New without tags,1500,FIXED_PRICE,https://www.ebay.com/itm/165983935445?_skw=Rolex+2230+305&hash=item26a569dbd5:g:i34AAOSwvuZkEkGH,https://i.ebayimg.com/images/g/i34AAOSwvuZkEkGH/s-l225.jpg,watchpartusa,44097,99.8,0.00,USD,US,Reseda,2023-03-15T22:07:11.000Z
batch_20260710_090257,iuid_013b99fe18c84481,rolex_2230_305,Rolex 2230 305,1,v1,EBAY_US,2026-07-10T09:03:17+00:00,v1|255613787187|0,ROLEX 2230-305 RATCHET WHEEL,40.00,USD,New without tags,1500,FIXED_PRICE|BEST_OFFER,https://www.ebay.com/itm/255613787187?_skw=Rolex+2230+305&hash=item3b83c4dc33:g:FXAAAOSwkq1iwuy2,https://i.ebayimg.com/images/g/FXAAAOSwkq1iwuy2/s-l225.jpg,kunerdudi,403,0.0,20.00,USD,IL,,2022-07-04T13:37:41.000Z
batch_20260710_090257,iuid_013b99fe18c84481,rolex_2230_305,Rolex 2230 305,1,v1,EBAY_US,2026-07-10T09:03:17+00:00,v1|275123690186|0,Original  genuine Rolex Ratchet Wheel CAL.2230 part 305,53.63,USD,Used,3000,FIXED_PRICE|BEST_OFFER,https://www.ebay.com/itm/275123690186?_skw=Rolex+2230+305&hash=item400ea65aca:g:bTEAAOSwaKVl23Eh,https://i.ebayimg.com/images/g/bTEAAOSwaKVl23Eh/s-l225.jpg,spikmac_0,1279,99.1,16.09,USD,GB,LONDON,2022-01-19T06:18:34.000Z
batch_20260710_090257,iuid_013b99fe18c84481,rolex_2230_305,Rolex 2230 305,1,v1,EBAY_US,2026-07-10T09:03:17+00:00,v1|133516845889|0,Original sealed genuine Rolex Ratchet Wheel CAL.2230 part 305,99.22,USD,New with tags,1000,FIXED_PRICE|BEST_OFFER,https://www.ebay.com/itm/133516845889?_skw=Rolex+2230+305&hash=item1f16396341:g:ECEAAOSwcjdfW6uL,https://i.ebayimg.com/images/g/ECEAAOSwcjdfW6uL/s-l225.jpg,swisstime1,406,100.0,26.82,USD,GB,LONDON,2020-09-11T16:55:25.000Z
batch_20260710_090257,iuid_013b99fe18c84481,rolex_2230_305,Rolex 2230 305,1,v1,EBAY_US,2026-07-10T09:03:17+00:00,v1|313159697186|0,"Rolex Caliber:2235 2230-305 Ratchet Wheel, Swiss Made Genuine New Sealed Package",59.00,USD,New with tags,1000,FIXED_PRICE,https://www.ebay.com/itm/313159697186?_skw=Rolex+2230+305&hash=item48e9c5c322:g:R4AAAOSwXR1iG9-Q,https://i.ebayimg.com/images/g/R4AAAOSwXR1iG9-Q/s-l225.jpg,dchu-86,487,100.0,,,US,Bayside,2020-07-24T20:27:27.000Z
batch_20260710_090257,iuid_013b99fe18c84481,rolex_2230_305,Rolex 2230 305,1,v1,EBAY_US,2026-07-10T09:03:17+00:00,v1|123738683555|0,Genuine Original Rolex 2230 Ratchet Wheel Part Number 305,65.99,USD,New with tags,1000,FIXED_PRICE|BEST_OFFER,https://www.ebay.com/itm/123738683555?_skw=Rolex+2230+305&hash=item1ccf6678a3:g:VLYAAOSwl-BZt1OG,https://i.ebayimg.com/images/g/VLYAAOSwl-BZt1OG/s-l225.jpg,watchman408,15982,99.8,0.00,USD,US,Copperopolis,2019-04-17T16:56:50.000Z
batch_20260710_090257,iuid_013b99fe18c84481,rolex_2230_305,Rolex 2230 305,1,v1,EBAY_US,2026-07-10T09:03:17+00:00,v1|305922946089|0,Rolex Caliber 2230 305 Ratchet Wheel Genuine Watch Parts,49.00,USD,New without tags,1500,FIXED_PRICE|BEST_OFFER,https://www.ebay.com/itm/305922946089?_skw=Rolex+2230+305&hash=item473a6db429:g:6IIAAOSwPp5dH6dE,https://i.ebayimg.com/images/g/6IIAAOSwPp5dH6dE/s-l225.jpg,swisswatchpart,2119,99.5,0.00,USD,US,Novato,2024-11-21T00:10:52.000Z
batch_20260710_090257,iuid_013b99fe18c84481,rolex_2230_305,Rolex 2230 305,1,v1,EBAY_US,2026-07-10T09:03:17+00:00,v1|172342156748|0,"Rolex 2230 305 Ratchet Wheel, Swiss Made Genuine",45.00,USD,New without tags,1500,FIXED_PRICE,https://www.ebay.com/itm/172342156748?_skw=Rolex+2230+305&hash=item2820649dcc:g:4BIAAOSwRQlXfX9M,https://i.ebayimg.com/images/g/4BIAAOSwRQlXfX9M/s-l225.jpg,timeoutwatchparts,882,100.0,0.00,USD,US,Glendora,2016-09-14T17:59:30.000Z
batch_20260710_090257,iuid_0191338de8a94692,rolex_1240_7551,Rolex 1240,4,v1,EBAY_DE,2026-07-10T09:03:22+00:00,v1|366504411653|0,Rolex Oyster Perpetual 31mm Candy Pink Damenuhr 277200 M1240,13584.86,EUR,Gebraucht - Gut,3000,FIXED_PRICE,https://www.ebay.de/itm/366504411653?_skw=Rolex+1240&hash=item55555d8205:g:wAQAAeSwav5qPeb3,https://i.ebayimg.com/images/g/wAQAAeSwav5qPeb3/s-l225.jpg,tony.store_jp,3648,99.5,0.00,EUR,JP,,2026-06-26T04:14:18.000Z
batch_20260710_090257,iuid_0191338de8a94692,rolex_1240_7551,Rolex 1240,4,v1,EBAY_DE,2026-07-10T09:03:22+00:00,v1|406864206051|0,Rolex 1220 (1225-1240) Unruh nur.,340.00,EUR,Occasion,3000,FIXED_PRICE,https://www.ebay.de/itm/406864206051?_skw=Rolex+1240&hash=item5ebaff18e3:g:kroAAeSwzp1p4jkG,https://i.ebayimg.com/images/g/kroAAeSwzp1p4jkG/s-l225.jpg,subtinnio,110,100.0,35.00,EUR,FR,Issy-les-Moulineaux,2026-04-17T13:47:49.000Z
batch_20260710_090257,iuid_0191338de8a94692,rolex_1240_7551,Rolex 1240,4,v1,EBAY_DE,2026-07-10T09:03:22+00:00,v1|227230179716|0,Rolex 2130-340 Neu NEW Blister X1 Third Wheel Stück 1240 2130 2135 Third Wheel,68.20,EUR,Nuovo con etichette,1000,FIXED_PRICE|BEST_OFFER,https://www.ebay.de/itm/227230179716?_skw=Rolex+1240&hash=item34e7f96184:g:q-QAAeSwUypqRRyq,https://i.ebayimg.com/images/g/q-QAAeSwUypqRRyq/s-l225.jpg,*rarecollections,1382,100.0,29.00,EUR,IT,,2026-02-24T08:09:15.000Z
batch_20260710_090257,iuid_0191338de8a94692,rolex_1240_7551,Rolex 1240,4,v1,EBAY_DE,2026-07-10T09:03:22+00:00,v1|227219987447|0,Rolex 1240 150 Neu NEW Blister X1 Stück Zifferblattschraube Screw dial,31.90,EUR,Nuovo con etichette,1000,FIXED_PRICE|BEST_OFFER,https://www.ebay.de/itm/227219987447?_skw=Rolex+1240&hash=item34e75ddbf7:g:8rIAAeSw1tJqRSAN,https://i.ebayimg.com/images/g/8rIAAeSw1tJqRSAN/s-l225.jpg,*rarecollections,1382,100.0,29.00,EUR,IT,,2026-02-16T21:27:18.000Z
batch_20260710_090257,iuid_0191338de8a94692,rolex_1240_7551,Rolex 1240,4,v1,EBAY_DE,2026-07-10T09:03:22+00:00,v1|227219987055|0,Rolex 1240 5503 Neu NEW Blister X1 Stück Flanschschraube Screw Bridle,31.90,EUR,Nuovo con etichette,1000,FIXED_PRICE|BEST_OFFER,https://www.ebay.de/itm/227219987055?_skw=Rolex+1240&hash=item34e75dda6f:g:GCcAAeSwltBqRSDe,https://i.ebayimg.com/images/g/GCcAAeSwltBqRSDe/s-l225.jpg,*rarecollections,1382,100.0,29.00,EUR,IT,,2026-02-16T21:27:07.000Z
batch_20260710_090257,iuid_0191338de8a94692,rolex_1240_7551,Rolex 1240,4,v1,EBAY_DE,2026-07-10T09:03:22+00:00,v1|227219986140|0,Rolex 1240 7505-1 Neu NEW Blister X1 Stück Unruh Einstellschraube,31.90,EUR,Nuovo con etichette,1000,FIXED_PRICE|BEST_OFFER,https://www.ebay.de/itm/227219986140?_skw=Rolex+1240&hash=item34e75dd6dc:g:HJQAAeSwJY1qRSFN,https://i.ebayimg.com/images/g/HJQAAeSwJY1qRSFN/s-l225.jpg,*rarecollections,1382,100.0,29.00,EUR,IT,,2026-02-16T21:26:27.000Z
batch_20260710_090257,iuid_0191338de8a94692,rolex_1240_7551,Rolex 1240,4,v1,EBAY_DE,2026-07-10T09:03:22+00:00,v1|227219984498|0,Rolex 1240-110 Neu NEW Blister X1 Stück Krone Rad Kern Schraube,31.90,EUR,Nuovo con etichette,1000,FIXED_PRICE|BEST_OFFER,https://www.ebay.de/itm/227219984498?_skw=Rolex+1240&hash=item34e75dd072:g:~34AAeSwAQ1qRSIn,https://i.ebayimg.com/images/g/~34AAeSwAQ1qRSIn/s-l225.jpg,*rarecollections,1382,100.0,29.00,EUR,IT,,2026-02-16T21:26:02.000Z
batch_20260710_090257,iuid_0191338de8a94692,rolex_1240_7551,Rolex 1240,4,v1,EBAY_DE,2026-07-10T09:03:22+00:00,v1|227219983683|0,Rolex 1240-340 Neu NEW Blister X1 Stück Schraube 1240 2130 Screw,20.90,EUR,Nuovo con etichette,1000,FIXED_PRICE|BEST_OFFER,https://www.ebay.de/itm/227219983683?_skw=Rolex+1240&hash=item34e75dcd43:g:EWkAAeSwEZtqRSPM,https://i.ebayimg.com/images/g/EWkAAeSwEZtqRSPM/s-l225.jpg,*rarecollections,1382,100.0,29.00,EUR,IT,,2026-02-16T21:25:45.000Z
batch_20260710_090257,iuid_0191338de8a94692,rolex_1240_7551,Rolex 1240,4,v1,EBAY_DE,2026-07-10T09:03:22+00:00,v1|227216717548|0,Rolex 2135-360 Neu NEW Blister X1 Stück Sekundenrad 1240 2130 2135,108.90,EUR,Nuovo con etichette,1000,FIXED_PRICE|BEST_OFFER,https://www.ebay.de/itm/227216717548?_skw=Rolex+1240&hash=item34e72bf6ec:g:FVkAAeSwtTNqSFS9,https://i.ebayimg.com/images/g/FVkAAeSwtTNqSFS9/s-l225.jpg,*rarecollections,1382,100.0,29.00,EUR,IT,,2026-02-14T09:50:12.000Z
batch_20260710_090257,iuid_0191338de8a94692,rolex_1240_7551,Rolex 1240,4,v1,EBAY_DE,2026-07-10T09:03:22+00:00,v1|227196820182|0,Rolex 1240-340 Neu NEW Blister X1 Stück Schraube Tiretto 1240 2130 Screw Setting,31.90,EUR,Nuovo con etichette,1000,FIXED_PRICE|BEST_OFFER,https://www.ebay.de/itm/227196820182?_skw=Rolex+1240&hash=item34e5fc5ad6:g:DhcAAeSwpNxqRSPl,https://i.ebayimg.com/images/g/DhcAAeSwpNxqRSPl/s-l225.jpg,*rarecollections,1382,100.0,29.00,EUR,IT,,2026-01-31T16:28:03.000Z
batch_20260710_090257,iuid_0191338de8a94692,rolex_1240_7551,Rolex 1240,4,v1,EBAY_DE,2026-07-10T09:03:22+00:00,v1|227196795276|0,Rolex 2130-311 Neu NEW Blister X1 Stück Lauffeder Normalkraft 1240,163.90,EUR,Nuovo con etichette,1000,FIXED_PRICE|BEST_OFFER,https://www.ebay.de/itm/227196795276?_skw=Rolex+1240&hash=item34e5fbf98c:i:227196795276,,*rarecollections,1382,100.0,29.00,EUR,IT,,2026-01-31T16:01:55.000Z
batch_20260710_090257,iuid_0191338de8a94692,rolex_1240_7551,Rolex 1240,4,v1,EBAY_DE,2026-07-10T09:03:22+00:00,v1|227186992491|0,Rolex 2130-105 Wie Neu Laufbrücke 1240 2130 2135 Barrel Bridge,207.90,EUR,Usato,3000,FIXED_PRICE|BEST_OFFER,https://www.ebay.de/itm/227186992491?_skw=Rolex+1240&hash=item34e566656b:g:V1wAAeSw~fxqMTD5,https://i.ebayimg.com/images/g/V1wAAeSw~fxqMTD5/s-l225.jpg,*rarecollections,1382,100.0,29.00,EUR,IT,,2026-01-24T10:09:46.000Z
batch_20260710_090257,iuid_0191338de8a94692,rolex_1240_7551,Rolex 1240,4,v1,EBAY_DE,2026-07-10T09:03:22+00:00,v1|227184714301|0,Rolex 1240-110 Neu NEW Blister X1 Stück Schraube Feder-Kupplung Sekundenrad 1240,49.50,EUR,Nuovo con etichette,1000,FIXED_PRICE|BEST_OFFER,https://www.ebay.de/itm/227184714301?_skw=Rolex+1240&hash=item34e543a23d:g:qmEAAeSw77hqM~IT,https://i.ebayimg.com/images/g/qmEAAeSw77hqM~IT/s-l225.jpg,*rarecollections,1382,100.0,29.00,EUR,IT,,2026-01-22T15:58:17.000Z
batch_20260710_090257,iuid_0191338de8a94692,rolex_1240_7551,Rolex 1240,4,v1,EBAY_DE,2026-07-10T09:03:22+00:00,v1|227184706078|0,Rolex 1240-201 Neu NEW Blister X1 Stück Schraube für Dial 1240 2130 Screw,49.50,EUR,Nuovo con etichette,1000,FIXED_PRICE|BEST_OFFER,https://www.ebay.de/itm/227184706078?_skw=Rolex+1240&hash=item34e543821e:g:58AAAeSwplVqM~Ld,https://i.ebayimg.com/images/g/58AAAeSwplVqM~Ld/s-l225.jpg,*rarecollections,1382,100.0,29.00,EUR,IT,,2026-01-22T15:48:28.000Z
batch_20260710_090257,iuid_0191338de8a94692,rolex_1240_7551,Rolex 1240,4,v1,EBAY_DE,2026-07-10T09:03:22+00:00,v1|227184701508|0,Rolex 1240-335 Neu NEW Blister X1 Stück Schraube Brücke Waage/Fass/Ruotik 1240,24.20,EUR,Nuovo con etichette,1000,FIXED_PRICE|BEST_OFFER,https://www.ebay.de/itm/227184701508?_skw=Rolex+1240&hash=item34e5437044:g:8doAAeSwf55qM~Pz,https://i.ebayimg.com/images/g/8doAAeSwf55qM~Pz/s-l225.jpg,*rarecollections,1382,100.0,29.00,EUR,IT,,2026-01-22T15:41:43.000Z
batch_20260710_090257,iuid_0191338de8a94692,rolex_1240_7551,Rolex 1240,4,v1,EBAY_DE,2026-07-10T09:03:22+00:00,v1|267429864093|0,Rolex Cal 1240 Barrel Bridge Part 1240-7492 Genuine Original,53.30,EUR,Gebraucht,3000,FIXED_PRICE,https://www.ebay.de/itm/267429864093?_skw=Rolex+1240&hash=item3e440fe29d:g:g8sAAOSwzA9gPHsJ,https://i.ebayimg.com/images/g/g8sAAOSwzA9gPHsJ/s-l225.jpg,luxurylegend,872,100.0,20.53,EUR,IN,,2025-10-08T07:39:24.000Z
batch_20260710_090257,iuid_0191338de8a94692,rolex_1240_7551,Rolex 1240,4,v1,EBAY_DE,2026-07-10T09:03:22+00:00,v1|126031672209|0,ULTRA RARE ROLEX CAL 1240 - 165 GEHÄUSEKLEMME SCHRAUBE ERSATZTEILE ORIGINAL,80.00,EUR,Usato - Buono,3000,FIXED_PRICE|BEST_OFFER,https://www.ebay.de/itm/126031672209?_skw=Rolex+1240&hash=item1d5812b391:g:37UAAOSw1u5kw933,https://i.ebayimg.com/images/g/37UAAOSw1u5kw933/s-l225.jpg,sales-watch-parts,440,100.0,15.00,EUR,IT,Castiglion Fiorentino,2023-07-28T15:28:21.000Z
batch_20260710_090257,iuid_0191338de8a94692,rolex_1240_7551,Rolex 1240,4,v1,EBAY_DE,2026-07-10T09:03:22+00:00,v1|126031669005|0,ULTRA RARE ROLEX 1240 - 150 GEHÄUSEKLEMME - ZAUM ERSATZTEILE ORIGINAL,80.00,EUR,Usato - Buono,3000,FIXED_PRICE|BEST_OFFER,https://www.ebay.de/itm/126031669005?_skw=Rolex+1240&hash=item1d5812a70d:g:0NEAAOSw~jRkw93b,https://i.ebayimg.com/images/g/0NEAAOSw~jRkw93b/s-l225.jpg,sales-watch-parts,440,100.0,15.00,EUR,IT,Castiglion Fiorentino,2023-07-28T15:25:22.000Z
batch_20260710_090257,iuid_0191338de8a94692,rolex_1240_7551,Rolex 1240,4,v1,EBAY_DE,2026-07-10T09:03:22+00:00,v1|404187256391|0,ONE NEW Original Rolex part number 1240-7932  Shock Absorber for Balance,50.00,EUR,Nuevo sin etiquetas,1500,FIXED_PRICE,https://www.ebay.de/itm/404187256391?_skw=Rolex+1240&hash=item5e1b701647:g:0nIAAOSwXGVkAiVa,https://i.ebayimg.com/images/g/0nIAAOSwXGVkAiVa/s-l225.jpg,17jewelswatches,255,97.0,20.00,EUR,ES,Boo,2023-03-03T16:51:45.000Z
batch_20260710_090257,iuid_0191338de8a94692,rolex_1240_7551,Rolex Cal 1240 7551,2,v1,EBAY_US,2026-07-10T09:03:23+00:00,v1|133516833030|0,Original sealed genuine Rolex Sliding pinion CAL.1240 part 7551,134.08,USD,New with tags,1000,FIXED_PRICE|BEST_OFFER,https://www.ebay.com/itm/133516833030?_skw=Rolex+Cal+1240+7551&hash=item1f16393106:g:l94AAOSwVRBfW6Lm,https://i.ebayimg.com/images/g/l94AAOSwVRBfW6Lm/s-l225.jpg,swisstime1,406,100.0,26.82,USD,GB,LONDON,2020-09-11T16:24:44.000Z
batch_20260710_090257,iuid_0191338de8a94692,rolex_1240_7551,Rolex 1240,4,v1,EBAY_US,2026-07-10T09:03:25+00:00,v1|366504315631|0,Rolex Oyster Perpetual 31mm Candy Pink Ladies Watch 277200 M1240,14913.31,USD,Pre-owned - Good,3000,FIXED_PRICE|BEST_OFFER,https://www.ebay.com/itm/366504315631?_skw=Rolex+1240&hash=item55555c0aef:g:wAQAAeSwav5qPeb3,https://i.ebayimg.com/images/g/wAQAAeSwav5qPeb3/s-l225.jpg,tony.store_jp,3648,99.5,0.00,USD,JP,,2026-06-26T02:38:52.000Z
batch_20260710_090257,iuid_0191338de8a94692,rolex_1240_7551,Rolex 1240,4,v1,EBAY_US,2026-07-10T09:03:25+00:00,v1|257581001907|0,Rolex 1240 # 165 Case Clamp Screw Genuine Made New X1 From Pack,40.22,USD,New with tags,1000,FIXED_PRICE,https://www.ebay.com/itm/257581001907?_skw=Rolex+1240&hash=item3bf9062cb3:g:3DIAAeSw2hxqOWAX,https://i.ebayimg.com/images/g/3DIAAeSw2hxqOWAX/s-l225.jpg,nwcs84,11750,100.0,17.77,USD,GB,HILLSBOROUGH,2026-06-22T16:18:15.000Z
batch_20260710_090257,iuid_0191338de8a94692,rolex_1240_7551,Rolex 1240,4,v1,EBAY_US,2026-07-10T09:03:25+00:00,v1|147384282593|0,Rolex 1908 52509 39mm White Gold Black Wristwatch #UW1240,26320.24,USD,Pre-owned - Good,3000,FIXED_PRICE,https://www.ebay.com/itm/147384282593?_skw=Rolex+1240&hash=item2250c9ade1:g:t7oAAeSwUMpqNHAO,https://i.ebayimg.com/images/g/t7oAAeSwUMpqNHAO/s-l225.jpg,minico_01,11727,99.0,0.00,USD,JP,,2026-06-18T22:22:08.000Z
batch_20260710_090257,iuid_0191338de8a94692,rolex_1240_7551,Rolex 1240,4,v1,EBAY_US,2026-07-10T09:03:25+00:00,v1|147373969067|0,Rolex Datejust 69173G Stainless Steel / Yellow Gold 26mm Champagne Dial #DW1240,8553.72,USD,Pre-owned - Good,3000,FIXED_PRICE,https://www.ebay.com/itm/147373969067?_skw=Rolex+1240&hash=item22502c4eab:g:uLkAAeSwCeVqLveC,https://i.ebayimg.com/images/g/uLkAAeSwCeVqLveC/s-l225.jpg,minico_01,11727,99.0,0.00,USD,JP,,2026-06-14T18:45:33.000Z
batch_20260710_090257,iuid_0191338de8a94692,rolex_1240_7551,Rolex 1240,4,v1,EBAY_US,2026-07-10T09:03:25+00:00,v1|157919421887|0,NOS GENUINE ROLEX Screw # 7555 FOR CAL 1210 1215 1220 1225 1240,25.00,USD,New without tags,1500,FIXED_PRICE|BEST_OFFER,https://www.ebay.com/itm/157919421887?_skw=Rolex+1240&hash=item24c4bb25bf:g:2k4AAeSw-7BqCkl1,https://i.ebayimg.com/images/g/2k4AAeSw-7BqCkl1/s-l225.jpg,boostaholic247,2293,100.0,0.00,USD,US,Franconia,2026-05-17T23:04:30.000Z
batch_20260710_090257,iuid_0191338de8a94692,rolex_1240_7551,Rolex 1240,4,v1,EBAY_US,2026-07-10T09:03:25+00:00,v1|157919420531|0,NOS GENUINE ROLEX Screw # 7573 FOR CAL 1210 1215 1220 1225 1240,25.00,USD,New without tags,1500,FIXED_PRICE|BEST_OFFER,https://www.ebay.com/itm/157919420531?_skw=Rolex+1240&hash=item24c4bb2073:g:-CgAAeSwWz1qCkjV,https://i.ebayimg.com/images/g/-CgAAeSwWz1qCkjV/s-l225.jpg,boostaholic247,2293,100.0,0.00,USD,US,Franconia,2026-05-17T23:01:53.000Z
batch_20260710_090257,iuid_0191338de8a94692,rolex_1240_7551,Rolex 1240,4,v1,EBAY_US,2026-07-10T09:03:25+00:00,v1|157919414608|0,NOS GENUINE ROLEX Jewel # 7513 FOR CAL 1210 1215 1220 1225 1240,25.00,USD,New without tags,1500,FIXED_PRICE|BEST_OFFER,https://www.ebay.com/itm/157919414608?_skw=Rolex+1240&hash=item24c4bb0950:g:hYgAAeSw5-9qCkdx,https://i.ebayimg.com/images/g/hYgAAeSw5-9qCkdx/s-l225.jpg,boostaholic247,2293,100.0,0.00,USD,US,Franconia,2026-05-17T22:55:54.000Z
batch_20260710_090257,iuid_0191338de8a94692,rolex_1240_7551,Rolex 1240,4,v1,EBAY_US,2026-07-10T09:03:25+00:00,v1|157919414004|0,NOS GENUINE ROLEX Jewel # 7514 FOR CAL 1210 1215 1220 1225 1240,25.00,USD,New without tags,1500,FIXED_PRICE|BEST_OFFER,https://www.ebay.com/itm/157919414004?_skw=Rolex+1240&hash=item24c4bb06f4:g:j5MAAeSw3YRqCkcL,https://i.ebayimg.com/images/g/j5MAAeSw3YRqCkcL/s-l225.jpg,boostaholic247,2293,100.0,0.00,USD,US,Franconia,2026-05-17T22:54:49.000Z
batch_20260710_090257,iuid_0191338de8a94692,rolex_1240_7551,Rolex 1240,4,v1,EBAY_US,2026-07-10T09:03:25+00:00,v1|157919412919|0,NOS GENUINE ROLEX  Wheel # 7567 FOR CAL 1210 1215 1220 1225 1240,40.00,USD,New without tags,1500,FIXED_PRICE|BEST_OFFER,https://www.ebay.com/itm/157919412919?_skw=Rolex+1240&hash=item24c4bb02b7:g:CN0AAeSwFG1qCka9,https://i.ebayimg.com/images/g/CN0AAeSwFG1qCka9/s-l225.jpg,boostaholic247,2293,100.0,0.00,USD,US,Franconia,2026-05-17T22:53:26.000Z
batch_20260710_090257,iuid_0191338de8a94692,rolex_1240_7551,Rolex 1240,4,v1,EBAY_US,2026-07-10T09:03:25+00:00,v1|157919410684|0,NOS GENUINE ROLEX  Click # 7558 FOR CAL 1210 1215 1220 1225 1240,75.00,USD,New with tags,1000,FIXED_PRICE|BEST_OFFER,https://www.ebay.com/itm/157919410684?_skw=Rolex+1240&hash=item24c4baf9fc:g:OYwAAeSwGTpqCkZX,https://i.ebayimg.com/images/g/OYwAAeSwGTpqCkZX/s-l225.jpg,boostaholic247,2293,100.0,0.00,USD,US,Franconia,2026-05-17T22:51:26.000Z
batch_20260710_090257,iuid_0191338de8a94692,rolex_1240_7551,Rolex 1240,4,v1,EBAY_US,2026-07-10T09:03:25+00:00,v1|157919385102|0,NOS GENUINE ROLEX  CROWN WHEEL # 7552 FOR CAL 1210 1215 1220 1225 1240,60.00,USD,New without tags,1500,FIXED_PRICE|BEST_OFFER,https://www.ebay.com/itm/157919385102?_skw=Rolex+1240&hash=item24c4ba960e:g:VSUAAeSwhIJqCkT3,https://i.ebayimg.com/images/g/VSUAAeSwhIJqCkT3/s-l225.jpg,boostaholic247,2293,100.0,0.00,USD,US,Franconia,2026-05-17T22:47:02.000Z
batch_20260710_090257,iuid_0191338de8a94692,rolex_1240_7551,Rolex 1240,4,v1,EBAY_US,2026-07-10T09:03:25+00:00,v1|227230179723|0,Rolex 2130-340 New Blister X1 Piece X1 Piece Third Wheel 1240 2130 2135,78.55,USD,New with tags,1000,FIXED_PRICE|BEST_OFFER,https://www.ebay.com/itm/227230179723?_skw=Rolex+1240&hash=item34e7f9618b:g:nuYAAeSw2hxqMVPv,https://i.ebayimg.com/images/g/nuYAAeSw2hxqMVPv/s-l225.jpg,*rarecollections,1382,100.0,55.00,USD,IT,,2026-02-24T08:09:17.000Z
batch_20260710_090257,iuid_0191338de8a94692,rolex_1240_7551,Rolex 1240,4,v1,EBAY_US,2026-07-10T09:03:25+00:00,v1|227230179579|0,Rolex 2130-335 New Blister X1 Piece X1 Piece Minute Pinion with cannon 1240 2130,145.70,USD,New with tags,1000,FIXED_PRICE|BEST_OFFER,https://www.ebay.com/itm/227230179579?_skw=Rolex+1240&hash=item34e7f960fb:g:J0EAAeSwyeRqSAbQ,https://i.ebayimg.com/images/g/J0EAAeSwyeRqSAbQ/s-l225.jpg,*rarecollections,1382,100.0,55.00,USD,IT,,2026-02-24T08:09:06.000Z
batch_20260710_090257,iuid_0191338de8a94692,rolex_1240_7551,Rolex 1240,4,v1,EBAY_US,2026-07-10T09:03:25+00:00,v1|227219987460|0,Rolex 1240 150 New Blister X1 Piece X1 Piece Screw for dial,36.74,USD,New with tags,1000,FIXED_PRICE|BEST_OFFER,https://www.ebay.com/itm/227219987460?_skw=Rolex+1240&hash=item34e75ddc04:g:Y4AAAeSwQERqM~B1,https://i.ebayimg.com/images/g/Y4AAAeSwQERqM~B1/s-l225.jpg,*rarecollections,1382,100.0,55.00,USD,IT,,2026-02-16T21:27:18.000Z
batch_20260710_090257,iuid_0191338de8a94692,rolex_1240_7551,Rolex 1240,4,v1,EBAY_US,2026-07-10T09:03:25+00:00,v1|227219987053|0,Rolex 1240 5503 New Blister X1 Piece X1 Piece Screw for Bridle,36.74,USD,New with tags,1000,FIXED_PRICE|BEST_OFFER,https://www.ebay.com/itm/227219987053?_skw=Rolex+1240&hash=item34e75dda6d:g:XjEAAeSwWtdqM~GZ,https://i.ebayimg.com/images/g/XjEAAeSwWtdqM~GZ/s-l225.jpg,*rarecollections,1382,100.0,55.00,USD,IT,,2026-02-16T21:27:07.000Z
batch_20260710_090257,iuid_0191338de8a94692,rolex_1240_7551,Rolex 1240,4,v1,EBAY_US,2026-07-10T09:03:25+00:00,v1|227219986169|0,Rolex 1240 7505-1 New Blister X1 Piece X1 Piece Screw for regulating the balance,36.74,USD,New with tags,1000,FIXED_PRICE|BEST_OFFER,https://www.ebay.com/itm/227219986169?_skw=Rolex+1240&hash=item34e75dd6f9:g:fxUAAeSwGN5qM~Gl,https://i.ebayimg.com/images/g/fxUAAeSwGN5qM~Gl/s-l225.jpg,*rarecollections,1382,100.0,55.00,USD,IT,,2026-02-16T21:26:29.000Z
batch_20260710_090257,iuid_0191338de8a94692,rolex_1240_7551,Rolex 1240,4,v1,EBAY_US,2026-07-10T09:03:25+00:00,v1|227219984533|0,Rolex 1240-110 New Blister X1 Piece X1 Piece Screw for crown wheel core 1240 213,36.74,USD,New with tags,1000,FIXED_PRICE|BEST_OFFER,https://www.ebay.com/itm/227219984533?_skw=Rolex+1240&hash=item34e75dd095:g:ef8AAeSwnudqM~MX,https://i.ebayimg.com/images/g/ef8AAeSwnudqM~MX/s-l225.jpg,*rarecollections,1382,100.0,55.00,USD,IT,,2026-02-16T21:26:03.000Z
batch_20260710_090257,iuid_0191338de8a94692,rolex_1240_7551,Rolex 1240,4,v1,EBAY_US,2026-07-10T09:03:25+00:00,v1|227219983718|0,Rolex 1240-340 New Blister X1 Piece X1 Piece Screw 1240 2130,24.07,USD,New with tags,1000,FIXED_PRICE|BEST_OFFER,https://www.ebay.com/itm/227219983718?_skw=Rolex+1240&hash=item34e75dcd66:g:-T8AAeSw0Q9qOjdd,https://i.ebayimg.com/images/g/-T8AAeSw0Q9qOjdd/s-l225.jpg,*rarecollections,1382,100.0,55.00,USD,IT,,2026-02-16T21:25:46.000Z
batch_20260710_090257,iuid_0191338de8a94692,rolex_1240_7551,Rolex 1240,4,v1,EBAY_US,2026-07-10T09:03:25+00:00,v1|227216717586|0,Rolex 2135-360 New Blister X1 Piece X1 Piece Second Wheel 1240 2130 2135,125.77,USD,New with tags,1000,FIXED_PRICE|BEST_OFFER,https://www.ebay.com/itm/227216717586?_skw=Rolex+1240&hash=item34e72bf712:g:wcAAAeSw5ehqSBlg,https://i.ebayimg.com/images/g/wcAAAeSw5ehqSBlg/s-l225.jpg,*rarecollections,1382,100.0,55.00,USD,IT,,2026-02-14T09:50:18.000Z
batch_20260710_090257,iuid_0191338de8a94692,rolex_1240_7551,Rolex 1240,4,v1,EBAY_US,2026-07-10T09:03:25+00:00,v1|157666916872|0,Rolex 1210 1215 1220 1225 1240 Barrel Bridge Crown Wheel Core Ratchet 7552 7553,119.00,USD,Pre-owned,3000,FIXED_PRICE|BEST_OFFER,https://www.ebay.com/itm/157666916872?_skw=Rolex+1240&hash=item24b5ae3a08:g:TxQAAeSwWaZph5M6,https://i.ebayimg.com/images/g/TxQAAeSwWaZph5M6/s-l225.jpg,boostaholic247,2293,100.0,0.00,USD,US,Franconia,2026-02-07T19:34:05.000Z
batch_20260710_090257,iuid_0191338de8a94692,rolex_1240_7551,Rolex 1240,4,v1,EBAY_US,2026-07-10T09:03:25+00:00,v1|157666819280|0,Rolex 1220 1225 1240 Train Wheel Bridge Great Shape 7493,145.00,USD,Pre-owned,3000,FIXED_PRICE,https://www.ebay.com/itm/157666819280?_skw=Rolex+1240&hash=item24b5acbcd0:g:Cr4AAeSwvh5ph4~d,https://i.ebayimg.com/images/g/Cr4AAeSwvh5ph4~d/s-l225.jpg,boostaholic247,2293,100.0,0.00,USD,US,Franconia,2026-02-07T19:19:32.000Z
batch_20260710_090257,iuid_0191338de8a94692,rolex_1240_7551,Rolex 1240,4,v1,EBAY_US,2026-07-10T09:03:25+00:00,v1|157666812137|0,Rolex 1220 1225 1240 Balance Bridge Complete Excellent Shape 7632 7633 Regulator,125.00,USD,Pre-owned,3000,FIXED_PRICE,https://www.ebay.com/itm/157666812137?_skw=Rolex+1240&hash=item24b5aca0e9:g:NRMAAeSw22Rph47J,https://i.ebayimg.com/images/g/NRMAAeSw22Rph47J/s-l225.jpg,boostaholic247,2293,100.0,0.00,USD,US,Franconia,2026-02-07T19:15:31.000Z
batch_20260710_090257,iuid_0191338de8a94692,rolex_1240_7551,Rolex 1240,4,v1,EBAY_US,2026-07-10T09:03:25+00:00,v1|227196820188|0,Rolex 1240-340 New Blister X1 Piece X1 Piece Screw for setting lever 1240 2130,36.74,USD,New with tags,1000,FIXED_PRICE|BEST_OFFER,https://www.ebay.com/itm/227196820188?_skw=Rolex+1240&hash=item34e5fc5adc:g:D18AAeSwIxJqM~QM,https://i.ebayimg.com/images/g/D18AAeSwIxJqM~QM/s-l225.jpg,*rarecollections,1382,100.0,55.00,USD,IT,,2026-01-31T16:28:03.000Z
batch_20260710_090257,iuid_0191338de8a94692,rolex_1240_7551,Rolex 1240,4,v1,EBAY_US,2026-07-10T09:03:25+00:00,v1|227196795285|0,Rolex 2130-311 New Blister X1 Piece X1 Piece Mainspring Strenght Standard 1240 2,188.78,USD,New with tags,1000,FIXED_PRICE|BEST_OFFER,https://www.ebay.com/itm/227196795285?_skw=Rolex+1240&hash=item34e5fbf995:i:227196795285,,*rarecollections,1382,100.0,55.00,USD,IT,,2026-01-31T16:01:58.000Z
batch_20260710_090257,iuid_0191338de8a94692,rolex_1240_7551,Rolex 1240,4,v1,EBAY_US,2026-07-10T09:03:25+00:00,v1|227186992503|0,Rolex 2130-105 Excellent Condition Barrel Bridge 1240 2130 2135,239.46,USD,Pre-owned,3000,FIXED_PRICE,https://www.ebay.com/itm/227186992503?_skw=Rolex+1240&hash=item34e5666577:g:n80AAeSwKXpqM9TX,https://i.ebayimg.com/images/g/n80AAeSwKXpqM9TX/s-l225.jpg,*rarecollections,1382,100.0,55.00,USD,IT,,2026-01-24T10:09:46.000Z
batch_20260710_090257,iuid_0191338de8a94692,rolex_1240_7551,Rolex 1240,4,v1,EBAY_US,2026-07-10T09:03:25+00:00,v1|227184711767|0,Rolex 1240-110 New Blister X1 Piece X1 Piece Screw for second pinion friction sp,57.01,USD,New with tags,1000,FIXED_PRICE,https://www.ebay.com/itm/227184711767?_skw=Rolex+1240&hash=item34e5439857:g:jUwAAeSwHk1qM~LO,https://i.ebayimg.com/images/g/jUwAAeSwHk1qM~LO/s-l225.jpg,*rarecollections,1382,100.0,55.00,USD,IT,,2026-01-22T15:53:58.000Z
batch_20260710_090257,iuid_0191338de8a94692,rolex_1240_7551,Rolex 1240,4,v1,EBAY_US,2026-07-10T09:03:25+00:00,v1|227184706077|0,Rolex 1240-201 New Blister X1 Piece X1 Piece Screw for dial 1240 2130,57.01,USD,New with tags,1000,FIXED_PRICE,https://www.ebay.com/itm/227184706077?_skw=Rolex+1240&hash=item34e543821d:g:dEAAAeSwdi1qM~Lf,https://i.ebayimg.com/images/g/dEAAAeSwdi1qM~Lf/s-l225.jpg,*rarecollections,1382,100.0,55.00,USD,IT,,2026-01-22T15:48:29.000Z
batch_20260710_090257,iuid_0191338de8a94692,rolex_1240_7551,Rolex 1240,4,v1,EBAY_US,2026-07-10T09:03:25+00:00,v1|227183441510|0,Rolex 1240-335 New Blister X1 Piece X1 Piece Screw for barrel bridge train 1240,27.87,USD,New with tags,1000,FIXED_PRICE,https://www.ebay.com/itm/227183441510?_skw=Rolex+1240&hash=item34e5303666:g:rgQAAeSwcRJqM~OP,https://i.ebayimg.com/images/g/rgQAAeSwcRJqM~OP/s-l225.jpg,*rarecollections,1382,100.0,55.00,USD,IT,,2026-01-21T17:06:12.000Z
batch_20260710_090257,iuid_0191338de8a94692,rolex_1240_7551,Rolex 1240,4,v1,EBAY_US,2026-07-10T09:03:25+00:00,v1|306598027489|0,"Benrus CZ 401/60 WINDING STEM BestFit 200/326F, 0.90, 11.0mm, FEF 270 Read List!",10.99,USD,New without tags,1500,FIXED_PRICE,https://www.ebay.com/itm/306598027489?_skw=Rolex+1240&hash=item4762aaa0e1:g:1rsAAeSwd29pFIxc,https://i.ebayimg.com/images/g/1rsAAeSwd29pFIxc/s-l225.jpg,1dcflipper,3877,100.0,5.99,USD,US,Washington,2025-11-12T13:32:13.000Z
batch_20260710_090257,iuid_0191338de8a94692,rolex_1240_7551,Rolex 1240,4,v1,EBAY_US,2026-07-10T09:03:25+00:00,v1|306589233379|0,"FEF 270 401/146 WINDING STEM BestFit 200/326F, 0.90, 10.3mm Rolex 374 Read List!",10.99,USD,New without tags,1500,FIXED_PRICE,https://www.ebay.com/itm/306589233379?_skw=Rolex+1240&hash=item47622470e3:g:G-8AAeSwtQhpG3nR,https://i.ebayimg.com/images/g/G-8AAeSwtQhpG3nR/s-l225.jpg,1dcflipper,3877,100.0,5.99,USD,US,Washington,2025-11-07T13:17:26.000Z
batch_20260710_090257,iuid_0191338de8a94692,rolex_1240_7551,Rolex 1240,4,v1,EBAY_US,2026-07-10T09:03:25+00:00,v1|306589207654|0,"FEF 370 401/144 WINDING STEM BestFit 200/326F, 0.90, 11.8mm Read List!",10.99,USD,New without tags,1500,FIXED_PRICE,https://www.ebay.com/itm/306589207654?_skw=Rolex+1240&hash=item4762240c66:g:qbEAAeSwLRFpG3oV,https://i.ebayimg.com/images/g/qbEAAeSwLRFpG3oV/s-l225.jpg,1dcflipper,3877,100.0,5.99,USD,US,Washington,2025-11-07T13:06:29.000Z
batch_20260710_090257,iuid_0191338de8a94692,rolex_1240_7551,Rolex 1240,4,v1,EBAY_US,2026-07-10T09:03:25+00:00,v1|157384512793|0,Rolex 1240 Cellini Small Seconds movement with hands  ,2637.58,USD,New with tags,1000,FIXED_PRICE|BEST_OFFER,https://www.ebay.com/itm/157384512793?_skw=Rolex+1240&hash=item24a4d91519:g:7LgAAeSwZp9o6x98,https://i.ebayimg.com/images/g/7LgAAeSwZp9o6x98/s-l225.jpg,seadweller7,474,100.0,,,AU,Schofields,2025-10-12T03:25:17.000Z
batch_20260710_090257,iuid_0191338de8a94692,rolex_1240_7551,Rolex 1240,4,v1,EBAY_US,2026-07-10T09:03:25+00:00,v1|146811027307|0,Rolex 1240-335 Center Wheel With Cannon Pinion Genuine New Factory Sealed,175.00,USD,New with tags,1000,FIXED_PRICE,https://www.ebay.com/itm/146811027307?_skw=Rolex+1240&hash=item222e9e7f6b:g:k-kAAeSwL3douHbS,https://i.ebayimg.com/images/g/k-kAAeSwL3douHbS/s-l225.jpg,timelessclassicwatches,14353,99.9,9.00,USD,US,Glendora,2025-09-03T17:12:22.000Z
batch_20260710_090257,iuid_0191338de8a94692,rolex_1240_7551,Rolex 1240,4,v1,EBAY_US,2026-07-10T09:03:25+00:00,v1|146543939430|0,Brand New Rolex 1240 7932 In Setting for Balance Upper/Lower Sealed Pkg w/5 PCs,235.00,USD,New with tags,1000,FIXED_PRICE,https://www.ebay.com/itm/146543939430?_skw=Rolex+1240&hash=item221eb30f66:g:Be0AAOSw1ttoC7nU,https://i.ebayimg.com/images/g/Be0AAOSw1ttoC7nU/s-l225.jpg,timelessclassicwatches,14353,99.9,11.00,USD,US,Glendora,2025-04-25T16:40:06.000Z
batch_20260710_090257,iuid_0191338de8a94692,rolex_1240_7551,Rolex 1240,4,v1,EBAY_US,2026-07-10T09:03:25+00:00,v1|176936981166|0,Authentic ROLEX Datejust 36mm 16013 16233 - Gold Diamond DIAL [Damage] - OC#1240,315.00,USD,Pre-owned,3000,FIXED_PRICE|BEST_OFFER,https://www.ebay.com/itm/176936981166?_skw=Rolex+1240&hash=item29324412ae:g:lwIAAeSweBhn2wq6,https://i.ebayimg.com/images/g/lwIAAeSweBhn2wq6/s-l225.jpg,oc_watch_collection,6275,99.7,6.95,USD,US,Westminster,2025-03-19T19:31:15.000Z
batch_20260710_090257,iuid_0191338de8a94692,rolex_1240_7551,Rolex 1240,4,v1,EBAY_US,2026-07-10T09:03:25+00:00,v1|226159346606|0,Genuine Rolex Cal. 1210 1215 1220 1225 1240 Part #7621 Escape Wheel Sealed,145.00,USD,New with tags,1000,FIXED_PRICE,https://www.ebay.com/itm/226159346606?_skw=Rolex+1240&hash=item34a825c3ae:g:hqsAAOSw3stmT5BV,https://i.ebayimg.com/images/g/hqsAAOSw3stmT5BV/s-l225.jpg,only-genuine-parts,3708,100.0,0.00,USD,US,Los Angeles,2024-05-23T18:54:04.000Z
batch_20260710_090257,iuid_0191338de8a94692,rolex_1240_7551,Rolex 1240,4,v1,EBAY_US,2026-07-10T09:03:25+00:00,v1|166690439199|466339195946,for Rolex Submariner Royal Watch Skin Watch Protection Film,109.99,USD,New with tags,1000,FIXED_PRICE,https://www.ebay.com/itm/166690439199?_skw=Rolex+1240&hash=item26cf86401f:g:k2kAAOSwFHdmDlES,https://i.ebayimg.com/images/g/k2kAAOSwFHdmDlES/s-l225.jpg,royaltrend,326,99.6,0.00,USD,US,Los Angeles,2024-04-04T07:20:32.000Z
batch_20260710_090257,iuid_01996e42d1c045b9,rolex_3130_3135_31_2,Rolex 3130,4,v1,EBAY_DE,2026-07-10T09:03:29+00:00,v1|147425032573|0,ROLEX Brücke 3130-130 - Ladegerätebrücke Kal. 3130,83.00,EUR,Usato,3000,FIXED_PRICE|BEST_OFFER,https://www.ebay.de/itm/147425032573?_skw=Rolex+3130&hash=item225337797d:g:M1EAAeSwq0dqTnu4,https://i.ebayimg.com/images/g/M1EAAeSwq0dqTnu4/s-l225.jpg,aderaldo_time,1,100.0,19.00,EUR,IT,Savona,2026-07-10T07:30:02.000Z
batch_20260710_090257,iuid_01996e42d1c045b9,rolex_3130_3135_31_2,Rolex 3130,4,v1,EBAY_DE,2026-07-10T09:03:29+00:00,v1|227423396148|0,Rolex 3135-645 Wie Neu Datumskorrektur 3135 3130 3156 3175 3185,49.50,EUR,Usato,3000,FIXED_PRICE|BEST_OFFER,https://www.ebay.de/itm/227423396148?_skw=Rolex+3130&hash=item34f37da134:g:3YgAAeSwlelqTzKw,https://i.ebayimg.com/images/g/3YgAAeSwlelqTzKw/s-l225.jpg,*rarecollections,1382,100.0,29.00,EUR,IT,,2026-07-09T05:30:20.000Z
batch_20260710_090257,iuid_01996e42d1c045b9,rolex_3130_3135_31_2,Rolex 3130,4,v1,EBAY_DE,2026-07-10T09:03:29+00:00,v1|227423390424|0,Rolex 3135-5625 Wie Neu Datumsradschraube 3135 3130 3155 3156,20.90,EUR,Usato,3000,FIXED_PRICE|BEST_OFFER,https://www.ebay.de/itm/227423390424?_skw=Rolex+3130&hash=item34f37d8ad8:g:tUwAAeSw0VlqTzA~,https://i.ebayimg.com/images/g/tUwAAeSw0VlqTzA~/s-l225.jpg,*rarecollections,1382,100.0,29.00,EUR,IT,,2026-07-09T05:21:07.000Z
batch_20260710_090257,iuid_01996e42d1c045b9,rolex_3130_3135_31_2,Rolex 3130,4,v1,EBAY_DE,2026-07-10T09:03:29+00:00,v1|227423385533|0,Rolex 3135-410 Neuwertig Hemmungsrad 3135 3130 3155 3156 3175 3185,74.80,EUR,Usato,3000,FIXED_PRICE|BEST_OFFER,https://www.ebay.de/itm/227423385533?_skw=Rolex+3130&hash=item34f37d77bd:g:qmIAAeSwyk1qTy6k,https://i.ebayimg.com/images/g/qmIAAeSwyk1qTy6k/s-l225.jpg,*rarecollections,1382,100.0,29.00,EUR,IT,,2026-07-09T05:12:19.000Z
batch_20260710_090257,iuid_01996e42d1c045b9,rolex_3130_3135_31_2,Rolex 3130,4,v1,EBAY_DE,2026-07-10T09:03:29+00:00,v1|398153508928|0,Rolex Air King 3-6-9 Blue Dial Stahl Automatik Herrenuhr Ref 114210 Papiere 2011,5850.00,EUR,Gebraucht - Hervorragend,2990,FIXED_PRICE|BEST_OFFER,https://www.ebay.de/itm/398153508928?_skw=Rolex+3130&hash=item5cb3cc6840:g:CI0AAeSw18BqTjK9,https://i.ebayimg.com/images/g/CI0AAeSw18BqTjK9/s-l225.jpg,zeitauktion,34655,99.7,0.00,EUR,DE,,2026-07-08T11:18:27.000Z
batch_20260710_090257,iuid_01996e42d1c045b9,rolex_3130_3135_31_2,Rolex 3130,4,v1,EBAY_DE,2026-07-10T09:03:29+00:00,v1|117289539906|0,ROLEX 3130 Cod. 236 Cover Mechanism Calib: 3130 (EXCELLENT STATE),50.00,EUR,Gebraucht,3000,FIXED_PRICE,https://www.ebay.de/itm/117289539906?_skw=Rolex+3130&hash=item1b4f005942:g:Z50AAeSwoAxqTReS,https://i.ebayimg.com/images/g/Z50AAeSwoAxqTReS/s-l225.jpg,fornitura_boccacci,4072,99.9,19.00,EUR,IT,Sant Angelo Romano,2026-07-07T15:10:19.000Z
batch_20260710_090257,iuid_01996e42d1c045b9,rolex_3130_3135_31_2,Rolex 3130,4,v1,EBAY_DE,2026-07-10T09:03:29+00:00,v1|117289539667|0,ROLEX 3130 Cod. 236 Abdeckung-Mechanismus montiert Kaliber: 3130 (TOP ZUSTAND),50.00,EUR,Usato,3000,FIXED_PRICE,https://www.ebay.de/itm/117289539667?_skw=Rolex+3130&hash=item1b4f005853:g:cFEAAeSwoZlqTRfD,https://i.ebayimg.com/images/g/cFEAAeSwoZlqTRfD/s-l225.jpg,fornitura_boccacci,4072,99.9,19.00,EUR,IT,Sant Angelo Romano,2026-07-07T15:10:10.000Z
batch_20260710_090257,iuid_01996e42d1c045b9,rolex_3130_3135_31_2,Rolex 3130,4,v1,EBAY_DE,2026-07-10T09:03:29+00:00,v1|336676682455|0,Rolex Explorer 36 Black Dial Oyster Stahl Automatik Ref. 114270 Papiere 2004,6350.00,EUR,Gebraucht - Hervorragend,2990,FIXED_PRICE|BEST_OFFER,https://www.ebay.de/itm/336676682455?_skw=Rolex+3130&hash=item4e637e7ad7:g:lx0AAeSw40VqTP5E,https://i.ebayimg.com/images/g/lx0AAeSw40VqTP5E/s-l225.jpg,zeitauktion,34655,99.7,0.00,EUR,DE,,2026-07-07T13:23:20.000Z
batch_20260710_090257,iuid_01996e42d1c045b9,rolex_3130_3135_31_2,Rolex 3130,4,v1,EBAY_DE,2026-07-10T09:03:29+00:00,v1|236920091607|0,Rolex Submariner no Date Ref.114060 Bj.2019 Full Set wie Neu Vintage,10516.00,EUR,Gebraucht - Gut,3000,FIXED_PRICE,https://www.ebay.de/itm/236920091607?_skw=Rolex+3130&hash=item372989b3d7:g:LZgAAeSwb~BqS2rq,https://i.ebayimg.com/images/g/LZgAAeSwb~BqS2rq/s-l225.jpg,juwelierhaeffner,9547,100.0,30.00,EUR,DE,Stuttgart,2026-07-06T08:40:23.000Z
batch_20260710_090257,iuid_01996e42d1c045b9,rolex_3130_3135_31_2,Rolex 3130,4,v1,EBAY_DE,2026-07-10T09:03:29+00:00,v1|398135752543|0,Rolex Submariner No Date Oyster Stahl Automatik Herrenuhr Ref. 14060M B&P 2012,10450.00,EUR,Gebraucht - Hervorragend,2990,FIXED_PRICE|BEST_OFFER,https://www.ebay.de/itm/398135752543?_skw=Rolex+3130&hash=item5cb2bd775f:g:iYUAAeSwTixqR77d,https://i.ebayimg.com/images/g/iYUAAeSwTixqR77d/s-l225.jpg,zeitauktion,34655,99.7,0.00,EUR,DE,,2026-07-03T13:50:30.000Z
batch_20260710_090257,iuid_01996e42d1c045b9,rolex_3130_3135_31_2,Rolex 3130,4,v1,EBAY_DE,2026-07-10T09:03:29+00:00,v1|336665928955|0,Rolex Air King 34 Salmon Dial 369 Stahl Weissgold Automatik Ref. 114234 V-Serie,5850.00,EUR,Gebraucht - Gut,3000,FIXED_PRICE|BEST_OFFER,https://www.ebay.de/itm/336665928955?_skw=Rolex+3130&hash=item4e62da64fb:g:8kgAAeSwEWtqUDAE,https://i.ebayimg.com/images/g/8kgAAeSwEWtqUDAE/s-l225.jpg,zeitauktion,34655,99.7,0.00,EUR,DE,,2026-07-01T15:11:06.000Z
batch_20260710_090257,iuid_01996e42d1c045b9,rolex_3130_3135_31_2,Rolex 3130,4,v1,EBAY_DE,2026-07-10T09:03:29+00:00,v1|336662116688|0,Rolex Submariner No Date Stahl Automatik Herrenuhr Ref. 114060,9250.00,EUR,Gebraucht - Hervorragend,2990,FIXED_PRICE|BEST_OFFER,https://www.ebay.de/itm/336662116688?_skw=Rolex+3130&hash=item4e62a03950:g:0PUAAeSw1w5qTY3e,https://i.ebayimg.com/images/g/0PUAAeSw1w5qTY3e/s-l225.jpg,zeitauktion,34655,99.7,0.00,EUR,DE,,2026-06-29T07:59:32.000Z
batch_20260710_090257,iuid_01996e42d1c045b9,rolex_3130_3135_31_2,Rolex 3130,4,v1,EBAY_DE,2026-07-10T09:03:29+00:00,v1|336662018814|0,Rolex Air King 34 Automatik Edelstahl Herrenuhr Oyster Perpetual Ref. 114210,6050.00,EUR,Gebraucht - Hervorragend,2990,FIXED_PRICE|BEST_OFFER,https://www.ebay.de/itm/336662018814?_skw=Rolex+3130&hash=item4e629ebafe:g:VxMAAeSwSVtqTY2z,https://i.ebayimg.com/images/g/VxMAAeSwSVtqTY2z/s-l225.jpg,zeitauktion,34655,99.7,0.00,EUR,DE,,2026-06-29T06:48:24.000Z
batch_20260710_090257,iuid_01996e42d1c045b9,rolex_3130_3135_31_2,Rolex 3130,4,v1,EBAY_DE,2026-07-10T09:03:29+00:00,v1|198457655770|0,Rolex Cal.3130/3135 Ref.305 Wie Foto,38.00,EUR,Usato,3000,FIXED_PRICE,https://www.ebay.de/itm/198457655770?_skw=Rolex+3130&hash=item2e34ff81da:g:RLAAAeSwdqBqP6jZ,https://i.ebayimg.com/images/g/RLAAAeSwdqBqP6jZ/s-l225.jpg,combattiamolacrisi,8898,100.0,18.00,EUR,IT,Roseto Degli Abruzzi,2026-06-27T10:42:37.000Z
batch_20260710_090257,iuid_01996e42d1c045b9,rolex_3130_3135_31_2,Rolex 3130,4,v1,EBAY_DE,2026-07-10T09:03:29+00:00,v1|236897766603|0,Rolex Submariner no Date Ref.114060 Bj.2019 Full Set sehr gut Vintage,10414.00,EUR,Gebraucht - Gut,3000,FIXED_PRICE,https://www.ebay.de/itm/236897766603?_skw=Rolex+3130&hash=item3728350ccb:g:DtUAAeSwrHNqRjsw,https://i.ebayimg.com/images/g/DtUAAeSwrHNqRjsw/s-l225.jpg,juwelierhaeffner,9547,100.0,30.00,EUR,DE,Stuttgart,2026-06-25T11:03:07.000Z
batch_20260710_090257,iuid_01996e42d1c045b9,rolex_3130_3135_31_2,Rolex 3130,4,v1,EBAY_DE,2026-07-10T09:03:29+00:00,v1|188554516787|0,"Rolex Air-King Ref. 14000, Box u. Papiere von 2001, ungetragen!",6000.00,EUR,Vom Verkäufer generalüberholt,2500,FIXED_PRICE,https://www.ebay.de/itm/188554516787?_skw=Rolex+3130&hash=item2be6b99933:g:VlAAAeSwuMZqO7yD,https://i.ebayimg.com/images/g/VlAAAeSwuMZqO7yD/s-l225.jpg,juwelier-maisenbacher,708,100.0,0.00,EUR,DE,,2026-06-24T11:12:15.000Z
batch_20260710_090257,iuid_01996e42d1c045b9,rolex_3130_3135_31_2,Rolex 3130,4,v1,EBAY_DE,2026-07-10T09:03:29+00:00,v1|366500318801|0,Rolex Oyster Air King 114210 Cal 3130 Orange Arabic Dial Overhauled,7699.23,EUR,Gebraucht - Gut,3000,FIXED_PRICE,https://www.ebay.de/itm/366500318801?_skw=Rolex+3130&hash=item55551f0e51:g:GeAAAeSwHKFqO1JD,https://i.ebayimg.com/images/g/GeAAAeSwHKFqO1JD/s-l225.jpg,tony.store_jp,3648,99.5,0.00,EUR,JP,,2026-06-24T06:03:28.000Z
batch_20260710_090257,iuid_01996e42d1c045b9,rolex_3130_3135_31_2,Rolex 3130,4,v1,EBAY_DE,2026-07-10T09:03:29+00:00,v1|407019636329|0,"ROLEX 3135 Überweisung Cod. 3135-250 Kaliber: 3130, 3135, 3136, 3155, 3156, 3175, 31...",30.00,EUR,Usato,3000,FIXED_PRICE,https://www.ebay.de/itm/407019636329?_skw=Rolex+3130&hash=item5ec442c669:g:7K8AAeSwQJpqOUKi,https://i.ebayimg.com/images/g/7K8AAeSwQJpqOUKi/s-l225.jpg,fornitura_boccacci,4072,99.9,19.00,EUR,IT,Sant Angelo Romano,2026-06-22T14:01:02.000Z
batch_20260710_090257,iuid_01996e42d1c045b9,rolex_3130_3135_31_2,Rolex 3130,4,v1,EBAY_DE,2026-07-10T09:03:29+00:00,v1|117262890238|0,"ROLEX 3135 Setting Wheel Cod. 3135-250 Calib: 3130, 3135, 3136, 3155, 3156, 3...",30.00,EUR,Gebraucht,3000,FIXED_PRICE,https://www.ebay.de/itm/117262890238?_skw=Rolex+3130&hash=item1b4d69b4fe:g:nQUAAeSw2hxqOT7X,https://i.ebayimg.com/images/g/nQUAAeSw2hxqOT7X/s-l225.jpg,fornitura_boccacci,4072,99.9,19.00,EUR,IT,Sant Angelo Romano,2026-06-22T13:45:30.000Z
batch_20260710_090257,iuid_01996e42d1c045b9,rolex_3130_3135_31_2,Rolex 3130,4,v1,EBAY_DE,2026-07-10T09:03:29+00:00,v1|188546203540|0,Black Air King 14000 Cal. Zifferblatt 3000 - 3130,249.00,EUR,Nuovo senza etichette,1500,FIXED_PRICE|BEST_OFFER,https://www.ebay.de/itm/188546203540?_skw=Rolex+3130&hash=item2be63abf94:g:SVAAAeSwkDBqOTuc,https://i.ebayimg.com/images/g/SVAAAeSwkDBqOTuc/s-l225.jpg,debswatch,36,100.0,30.00,EUR,IT,Roma,2026-06-23T13:42:10.000Z
batch_20260710_090257,iuid_01996e42d1c045b9,rolex_3130_3135_31_2,Rolex 3130,4,v1,EBAY_DE,2026-07-10T09:03:29+00:00,v1|188537742633|0,Zifferblatt Zifferblatt Mickey Mickey Mouse Air King 14000 Cal. 3000 - 3130,249.00,EUR,Nuovo senza etichette,1500,FIXED_PRICE|BEST_OFFER,https://www.ebay.de/itm/188537742633?_skw=Rolex+3130&hash=item2be5b9a529:g:yFYAAeSw9AZqNpX7,https://i.ebayimg.com/images/g/yFYAAeSw9AZqNpX7/s-l225.jpg,debswatch,36,100.0,30.00,EUR,IT,Roma,2026-06-20T13:31:01.000Z
batch_20260710_090257,iuid_01996e42d1c045b9,rolex_3130_3135_31_2,Rolex 3130,4,v1,EBAY_DE,2026-07-10T09:03:29+00:00,v1|188537721859|0,Zifferblatt Zifferblatt MOP WHITE Air King 14000 Cal. 3000 - 3130,249.00,EUR,Nuovo senza etichette,1500,FIXED_PRICE|BEST_OFFER,https://www.ebay.de/itm/188537721859?_skw=Rolex+3130&hash=item2be5b95403:g:GIQAAeSwsv9qNpVv,https://i.ebayimg.com/images/g/GIQAAeSwsv9qNpVv/s-l225.jpg,debswatch,36,100.0,30.00,EUR,IT,Roma,2026-06-20T13:29:03.000Z
batch_20260710_090257,iuid_01996e42d1c045b9,rolex_3130_3135_31_2,Rolex 3130,4,v1,EBAY_DE,2026-07-10T09:03:29+00:00,v1|287406160761|0,ROLEX 3130-315 LAUF,160.00,EUR,Neuf avec étiquettes,1000,FIXED_PRICE|BEST_OFFER,https://www.ebay.de/itm/287406160761?_skw=Rolex+3130&hash=item42eabdfb79:g:GLEAAeSwOgVqNa-I,https://i.ebayimg.com/images/g/GLEAAeSwOgVqNa-I/s-l225.jpg,jean-gtom-0,5,100.0,15.00,EUR,FR,Le Pontet,2026-06-20T21:09:18.000Z
batch_20260710_090257,iuid_01996e42d1c045b9,rolex_3130_3135_31_2,Rolex 3130,4,v1,EBAY_DE,2026-07-10T09:03:29+00:00,v1|336645582705|0,Rolex Oyster Perpetual 34 White Grape Dial Stahl Automatik Ref. 114200 B&P 2018,6350.00,EUR,Gebraucht - Hervorragend,2990,FIXED_PRICE|BEST_OFFER,https://www.ebay.de/itm/336645582705?_skw=Rolex+3130&hash=item4e61a3ef71:g:ly8AAeSwDoNqQlTI,https://i.ebayimg.com/images/g/ly8AAeSwDoNqQlTI/s-l225.jpg,zeitauktion,34655,99.7,0.00,EUR,DE,,2026-06-18T14:16:17.000Z
batch_20260710_090257,iuid_01996e42d1c045b9,rolex_3130_3135_31_2,Rolex 3130,4,v1,EBAY_DE,2026-07-10T09:03:29+00:00,v1|336635541983|0,Rolex Air King 34 Black Diamond Dial Edeltahl Automatik Medium Size Ref. 114200,5550.00,EUR,Gebraucht - Hervorragend,2990,FIXED_PRICE|BEST_OFFER,https://www.ebay.de/itm/336635541983?_skw=Rolex+3130&hash=item4e610ab9df:g:kgYAAeSwyehqQlN-,https://i.ebayimg.com/images/g/kgYAAeSwyehqQlN-/s-l225.jpg,zeitauktion,34655,99.7,0.00,EUR,DE,,2026-06-12T10:26:09.000Z
batch_20260710_090257,iuid_01996e42d1c045b9,rolex_3130_3135_31_2,Rolex 3130,4,v1,EBAY_DE,2026-07-10T09:03:29+00:00,v1|298355393632|0,Rolex Submariner no Date Ref.14060M 2006 Box&Beschreibung sehr gut Vintage,9638.00,EUR,Gebraucht - Gut,3000,FIXED_PRICE,https://www.ebay.de/itm/298355393632?_skw=Rolex+3130&hash=item45775e0460:g:cNwAAeSw6YdqFZ93,https://i.ebayimg.com/images/g/cNwAAeSw6YdqFZ93/s-l225.jpg,juwelierhaeffner,9547,100.0,30.00,EUR,DE,Stuttgart,2026-05-26T13:25:11.000Z
batch_20260710_090257,iuid_01996e42d1c045b9,rolex_3130_3135_31_2,Rolex 3130,4,v1,EBAY_DE,2026-07-10T09:03:29+00:00,v1|227353945890|0,Rolex 3135-16200 Wie Neu Datumsscheibe Weiß 3135 3130 3155 3156 3175 3185,203.50,EUR,Usato,3000,FIXED_PRICE|BEST_OFFER,https://www.ebay.de/itm/227353945890?_skw=Rolex+3130&hash=item34ef59e722:g:fsYAAeSw7UVqROBZ,https://i.ebayimg.com/images/g/fsYAAeSw7UVqROBZ/s-l225.jpg,*rarecollections,1382,100.0,29.00,EUR,IT,,2026-05-22T08:47:26.000Z
batch_20260710_090257,iuid_01996e42d1c045b9,rolex_3130_3135_31_2,Rolex 3130,4,v1,EBAY_DE,2026-07-10T09:03:29+00:00,v1|227353943281|0,Guter Zustand Rolex 3135-140 gebraucht Hochbrücke der Automatik 3135 3130 3155,130.90,EUR,Usato,3000,FIXED_PRICE|BEST_OFFER,https://www.ebay.de/itm/227353943281?_skw=Rolex+3130&hash=item34ef59dcf1:g:LikAAeSwFc5qRScq,https://i.ebayimg.com/images/g/LikAAeSwFc5qRScq/s-l225.jpg,*rarecollections,1382,100.0,29.00,EUR,IT,,2026-05-22T08:43:28.000Z
batch_20260710_090257,iuid_01996e42d1c045b9,rolex_3130_3135_31_2,Rolex 3130,4,v1,EBAY_DE,2026-07-10T09:03:29+00:00,v1|227352822742|0,Rolex 3135-115 Wie Neue Ankerbrücke 3135 3130 3155 3156 3175 3185,151.80,EUR,Usato,3000,FIXED_PRICE|BEST_OFFER,https://www.ebay.de/itm/227352822742?_skw=Rolex+3130&hash=item34ef48c3d6:g:-ycAAeSwIDZqRQVM,https://i.ebayimg.com/images/g/-ycAAeSwIDZqRQVM/s-l225.jpg,*rarecollections,1382,100.0,29.00,EUR,IT,,2026-05-21T14:18:54.000Z
batch_20260710_090257,iuid_01996e42d1c045b9,rolex_3130_3135_31_2,Rolex 3130,4,v1,EBAY_DE,2026-07-10T09:03:29+00:00,v1|227352802444|0,Rolex 3135-5452 Wie Neu Spiral Flanschschraube 3135 3130 3155 3156,42.90,EUR,Usato,3000,FIXED_PRICE|BEST_OFFER,https://www.ebay.de/itm/227352802444?_skw=Rolex+3130&hash=item34ef48748c:g:46cAAeSwjKBqRSDS,https://i.ebayimg.com/images/g/46cAAeSwjKBqRSDS/s-l225.jpg,*rarecollections,1382,100.0,29.00,EUR,IT,,2026-05-21T14:07:23.000Z
batch_20260710_090257,iuid_01996e42d1c045b9,rolex_3130_3135_31_2,Rolex 3130,4,v1,EBAY_DE,2026-07-10T09:03:29+00:00,v1|227352799107|0,Rolex 3135-5213 Neuwertig Schraube Mittelkranzrad 3135 3130 3155 3156,14.30,EUR,Usato,3000,FIXED_PRICE|BEST_OFFER,https://www.ebay.de/itm/227352799107?_skw=Rolex+3130&hash=item34ef486783:g:I-sAAeSwQ~FqRSOQ,https://i.ebayimg.com/images/g/I-sAAeSwQ~FqRSOQ/s-l225.jpg,*rarecollections,1382,100.0,29.00,EUR,IT,,2026-05-21T14:05:32.000Z
batch_20260710_090257,iuid_01996e42d1c045b9,rolex_3130_3135_31_2,Rolex 3130,4,v1,EBAY_DE,2026-07-10T09:03:29+00:00,v1|227352796603|0,Rolex 3135-5210 Wie Neu Radkrone und Spule Schraube 3135 3130,14.30,EUR,Usato,3000,FIXED_PRICE|BEST_OFFER,https://www.ebay.de/itm/227352796603?_skw=Rolex+3130&hash=item34ef485dbb:g:9xMAAeSwB1xqRSFZ,https://i.ebayimg.com/images/g/9xMAAeSwB1xqRSFZ/s-l225.jpg,*rarecollections,1382,100.0,29.00,EUR,IT,,2026-05-21T14:04:03.000Z
batch_20260710_090257,iuid_01996e42d1c045b9,rolex_3130_3135_31_2,Rolex 3130,4,v1,EBAY_DE,2026-07-10T09:03:29+00:00,v1|227352793668|0,Rolex 3135-5115 Neuwertig Schraube 3135 3130 3155 3156 3175 3185 Screw,14.30,EUR,Usato,3000,FIXED_PRICE|BEST_OFFER,https://www.ebay.de/itm/227352793668?_skw=Rolex+3130&hash=item34ef485244:g:LCUAAeSwhtJqRSC1,https://i.ebayimg.com/images/g/LCUAAeSwhtJqRSC1/s-l225.jpg,*rarecollections,1382,100.0,29.00,EUR,IT,,2026-05-21T14:02:26.000Z
batch_20260710_090257,iuid_01996e42d1c045b9,rolex_3130_3135_31_2,Rolex 3130,4,v1,EBAY_DE,2026-07-10T09:03:29+00:00,v1|227351624376|0,Rolex 3135-600 Wie Neu Datumsanzeigeplatte 3135 3130 3175 Indicator,121.00,EUR,Usato,3000,FIXED_PRICE|BEST_OFFER,https://www.ebay.de/itm/227351624376?_skw=Rolex+3130&hash=item34ef367ab8:g:UNoAAeSwUD9qRPyy,https://i.ebayimg.com/images/g/UNoAAeSwUD9qRPyy/s-l225.jpg,*rarecollections,1382,100.0,29.00,EUR,IT,,2026-05-20T16:49:38.000Z
batch_20260710_090257,iuid_01996e42d1c045b9,rolex_3130_3135_31_2,Rolex 3130,4,v1,EBAY_DE,2026-07-10T09:03:29+00:00,v1|227351616996|0,Rolex 3135-110 Wie Neue Radbahnbrücke 3135 3130 3155 3175,218.90,EUR,Usato,3000,FIXED_PRICE|BEST_OFFER,https://www.ebay.de/itm/227351616996?_skw=Rolex+3130&hash=item34ef365de4:g:ApsAAeSwoS9qRQXR,https://i.ebayimg.com/images/g/ApsAAeSwoS9qRQXR/s-l225.jpg,*rarecollections,1382,100.0,29.00,EUR,IT,,2026-05-20T16:43:46.000Z
batch_20260710_090257,iuid_01996e42d1c045b9,rolex_3130_3135_31_2,Rolex 3130,4,v1,EBAY_DE,2026-07-10T09:03:29+00:00,v1|227351615223|0,Rolex 3135 Datum komplett rot wie neu Anzeige 3130,339.90,EUR,Usato,3000,FIXED_PRICE|BEST_OFFER,https://www.ebay.de/itm/227351615223?_skw=Rolex+3130&hash=item34ef3656f7:g:QIoAAeSw23FqRSVr,https://i.ebayimg.com/images/g/QIoAAeSw23FqRSVr/s-l225.jpg,*rarecollections,1382,100.0,29.00,EUR,IT,,2026-05-20T16:41:06.000Z
batch_20260710_090257,iuid_01996e42d1c045b9,rolex_3130_3135_31_2,Rolex 3130,4,v1,EBAY_DE,2026-07-10T09:03:29+00:00,v1|227351589652|0,Rolex 3135-310 Wie Neu Lauf 3135 3130 3155 3156 3175 3185 Barrel,101.20,EUR,Usato,3000,FIXED_PRICE|BEST_OFFER,https://www.ebay.de/itm/227351589652?_skw=Rolex+3130&hash=item34ef35f314:g:1N4AAeSwhnRqROY4,https://i.ebayimg.com/images/g/1N4AAeSwhnRqROY4/s-l225.jpg,*rarecollections,1382,100.0,29.00,EUR,IT,,2026-05-20T16:15:52.000Z
batch_20260710_090257,iuid_01996e42d1c045b9,rolex_3130_3135_31_2,Rolex 3130,4,v1,EBAY_DE,2026-07-10T09:03:29+00:00,v1|227351584635|0,Rolex 3135-120 Neuwertig Unruhbrücke 3135 3130 3155 3175 3185 Balance,757.90,EUR,Usato,3000,FIXED_PRICE|BEST_OFFER,https://www.ebay.de/itm/227351584635?_skw=Rolex+3130&hash=item34ef35df7b:g:5GUAAeSwFM9qRQOd,https://i.ebayimg.com/images/g/5GUAAeSwFM9qRQOd/s-l225.jpg,*rarecollections,1382,100.0,29.00,EUR,IT,,2026-05-20T16:13:07.000Z
batch_20260710_090257,iuid_01996e42d1c045b9,rolex_3130_3135_31_2,Rolex 3130,4,v1,EBAY_DE,2026-07-10T09:03:29+00:00,v1|227351576979|0,Rolex 3135-118 Neuwertig Unruhschutz 3135 3130 3155 3156 3175 3185,107.80,EUR,Usato,3000,FIXED_PRICE|BEST_OFFER,https://www.ebay.de/itm/227351576979?_skw=Rolex+3130&hash=item34ef35c193:g:EoEAAeSwcIlqRQb0,https://i.ebayimg.com/images/g/EoEAAeSwcIlqRQb0/s-l225.jpg,*rarecollections,1382,100.0,29.00,EUR,IT,,2026-05-20T16:08:30.000Z
batch_20260710_090257,iuid_01996e42d1c045b9,rolex_3130_3135_31_2,Rolex 3130,4,v1,EBAY_DE,2026-07-10T09:03:29+00:00,v1|227351534410|0,Rolex 3130-230 Wie Neu Auslöser Einstellhebel 3130 Setting Lever,141.90,EUR,Usato,3000,FIXED_PRICE|BEST_OFFER,https://www.ebay.de/itm/227351534410?_skw=Rolex+3130&hash=item34ef351b4a:g:J-wAAeSwa4hqRSXc,https://i.ebayimg.com/images/g/J-wAAeSwa4hqRSXc/s-l225.jpg,*rarecollections,1382,100.0,29.00,EUR,IT,,2026-05-20T15:30:53.000Z
batch_20260710_090257,iuid_01996e42d1c045b9,rolex_3130_3135_31_2,Rolex 3130,4,v1,EBAY_DE,2026-07-10T09:03:29+00:00,v1|127872070978|0, Rolex 3130-230 - Streifenauslöser Neu ORIGINAL Blister ,95.00,EUR,Nuovo senza scatola o documenti,1500,FIXED_PRICE,https://www.ebay.de/itm/127872070978?_skw=Rolex+3130&hash=item1dc5c4f542:g:6CAAAeSwK0ZoTALs,https://i.ebayimg.com/images/g/6CAAAeSwK0ZoTALs/s-l225.jpg,borr_8855,133,100.0,20.00,EUR,IT,Spilimbergo,2026-05-20T00:04:59.000Z
batch_20260710_090257,iuid_01996e42d1c045b9,rolex_3130_3135_31_2,Rolex 3130,4,v1,EBAY_DE,2026-07-10T09:03:29+00:00,v1|800035625401|0,Rolex Schwungmasse Uhr Oscillating Weight B3135-570-K1 Cal 3130 3135,100.00,EUR,Usato,3000,FIXED_PRICE|BEST_OFFER,https://www.ebay.de/itm/800035625401?_skw=Rolex+3130&hash=itemba45d6d9b9:g:iiQAAeSwEAdqCxpf,https://i.ebayimg.com/images/g/iiQAAeSwEAdqCxpf/s-l225.jpg,luxurytime.shop,2108,99.8,14.90,EUR,IT,,2026-05-18T13:01:54.000Z
batch_20260710_090257,iuid_01996e42d1c045b9,rolex_3130_3135_31_2,Rolex 3130,4,v1,EBAY_DE,2026-07-10T09:03:29+00:00,v1|206274559080|0,ORIGINAL ROLEX 3135 DATUMSSCHEIBE DATE DISC WEIß WHITE 3130 3175 white (R79),110.00,EUR,Gebraucht - Hervorragend,2990,FIXED_PRICE,https://www.ebay.de/itm/206274559080?_skw=Rolex+3130&hash=item3006ebfc68:g:gdQAAeSwuu5qBeqY,https://i.ebayimg.com/images/g/gdQAAeSwuu5qBeqY/s-l225.jpg,kian-werke,7710,100.0,6.99,EUR,DE,Hildesheim,2026-05-14T15:31:49.000Z
batch_20260710_090257,iuid_01996e42d1c045b9,rolex_3130_3135_31_2,Rolex 3130,4,v1,EBAY_DE,2026-07-10T09:03:29+00:00,v1|206274538530|0,Genuine ROLEX 3130-148 Distance Piece Pus screws Movement Caliber  Watch (R152),80.00,EUR,Gebraucht,3000,FIXED_PRICE,https://www.ebay.de/itm/206274538530?_skw=Rolex+3130&hash=item3006ebac22:g:necAAeSwqZVqBeaO,https://i.ebayimg.com/images/g/necAAeSwqZVqBeaO/s-l225.jpg,kian-werke,7710,100.0,5.00,EUR,DE,Hildesheim,2026-05-14T15:14:48.000Z
batch_20260710_090257,iuid_01996e42d1c045b9,rolex_3130_3135_31_2,Rolex 3130,4,v1,EBAY_DE,2026-07-10T09:03:29+00:00,v1|298314330343|0,Rolex Explorer I Ref.114270 2002 Full Set sehr gut Vintage,6912.00,EUR,Gebraucht - Gut,3000,FIXED_PRICE,https://www.ebay.de/itm/298314330343?_skw=Rolex+3130&hash=item4574eb70e7:g:lq8AAeSwe5RqKqP8,https://i.ebayimg.com/images/g/lq8AAeSwe5RqKqP8/s-l225.jpg,juwelierhaeffner,9547,100.0,30.00,EUR,DE,Stuttgart,2026-05-13T13:08:16.000Z
batch_20260710_090257,iuid_01996e42d1c045b9,rolex_3130_3135_31_2,Rolex 3130,4,v1,EBAY_DE,2026-07-10T09:03:29+00:00,v1|147305534295|0,Original Rolex Ladegerät Brücke für Cal. 3130-130 - Original Ersatzteil,102.00,EUR,Usato,3000,FIXED_PRICE|BEST_OFFER,https://www.ebay.de/itm/147305534295?_skw=Rolex+3130&hash=item224c181357:g:gqcAAeSw7LZqAe7x,https://i.ebayimg.com/images/g/gqcAAeSw7LZqAe7x/s-l225.jpg,aderaldo_time,1,100.0,10.00,EUR,IT,Melissa,2026-05-12T15:00:33.000Z
batch_20260710_090257,iuid_01996e42d1c045b9,rolex_3130_3135_31_2,Rolex 3130,4,v1,EBAY_DE,2026-07-10T09:03:29+00:00,v1|147304066375|0,Original Rolex Radbrücke Cod. 3135-110 - Kaliber 3130 3135 3155....,100.00,EUR,Usato,3000,FIXED_PRICE|BEST_OFFER,https://www.ebay.de/itm/147304066375?_skw=Rolex+3130&hash=item224c01ad47:g:X2gAAeSw7aZqALKN,https://i.ebayimg.com/images/g/X2gAAeSw7aZqALKN/s-l225.jpg,aderaldo_time,1,100.0,12.00,EUR,IT,Melissa,2026-05-11T16:30:16.000Z
batch_20260710_090257,iuid_01996e42d1c045b9,rolex_3130_3135_31_2,Rolex 3130,4,v1,EBAY_DE,2026-07-10T09:03:29+00:00,v1|389979099921|0,Rolex 3130 3155 3175 3185 3135-310 Komplettlauf Complete Barrel Original,49.99,EUR,Usato,3000,FIXED_PRICE|BEST_OFFER,https://www.ebay.de/itm/389979099921?_skw=Rolex+3130&hash=item5acc90d311:g:tRAAAeSw5GNp-gJx,https://i.ebayimg.com/images/g/tRAAAeSw5GNp-gJx/s-l225.jpg,only_quality_stuff_new2026,48,100.0,12.50,EUR,IT,Teramo,2026-05-05T14:46:53.000Z
batch_20260710_090257,iuid_01996e42d1c045b9,rolex_3130_3135_31_2,Rolex 3130,4,v1,EBAY_DE,2026-07-10T09:03:29+00:00,v1|389979092045|0,Rolex 3130 3155 3175 3185 3135-421 Anker Pallet Fork Original,59.99,EUR,Usato,3000,FIXED_PRICE|BEST_OFFER,https://www.ebay.de/itm/389979092045?_skw=Rolex+3130&hash=item5acc90b44d:g:ie4AAeSwTFBp-gF~,https://i.ebayimg.com/images/g/ie4AAeSwTFBp-gF~/s-l225.jpg,only_quality_stuff_new2026,48,100.0,12.50,EUR,IT,Teramo,2026-05-05T14:43:31.000Z
batch_20260710_090257,iuid_01996e42d1c045b9,rolex_3130_3135_31_2,Rolex 3130,4,v1,EBAY_DE,2026-07-10T09:03:29+00:00,v1|188351143356|0,Zifferblatt Zifferblatt Mickey Mouse Air King Ref 14000 14210 114200 Cal. 3000 - 3130,249.00,EUR,Nuovo senza etichette,1500,FIXED_PRICE|BEST_OFFER,https://www.ebay.de/itm/188351143356?_skw=Rolex+3130&hash=item2bda9a5dbc:g:6YQAAeSw9fpp-fpy,https://i.ebayimg.com/images/g/6YQAAeSw9fpp-fpy/s-l225.jpg,debswatch,36,100.0,30.00,EUR,IT,Roma,2026-05-05T14:11:44.000Z
batch_20260710_090257,iuid_01996e42d1c045b9,rolex_3130_3135_31_2,Rolex 3130,4,v1,EBAY_US,2026-07-10T09:03:33+00:00,v1|318565698257|0,Genuine Rolex 3135 3130 410 Escape Wheel for Watch Caliber Movement,12.00,USD,Pre-owned,3000,FIXED_PRICE,https://www.ebay.com/itm/318565698257?_skw=Rolex+3130&hash=item4a2bfecad1:g:TDkAAOSwe25ibAmd,https://i.ebayimg.com/images/g/TDkAAOSwe25ibAmd/s-l225.jpg,fierygems,27548,100.0,0.00,USD,US,Sunnyvale,2026-07-10T03:53:06.000Z
batch_20260710_090257,iuid_01996e42d1c045b9,rolex_3130_3135_31_2,Rolex 3130,4,v1,EBAY_US,2026-07-10T09:03:33+00:00,v1|318565696851|0,Genuine Rolex 3130 3135 305 Ratchet Wheel for Watch Caliber Movement,15.00,USD,Pre-owned,3000,FIXED_PRICE,https://www.ebay.com/itm/318565696851?_skw=Rolex+3130&hash=item4a2bfec553:g:9GoAAOSw~HhjSXgC,https://i.ebayimg.com/images/g/9GoAAOSw~HhjSXgC/s-l225.jpg,fierygems,27548,100.0,0.00,USD,US,Sunnyvale,2026-07-10T03:52:18.000Z
batch_20260710_090257,iuid_01996e42d1c045b9,rolex_3130_3135_31_2,Rolex 3130,4,v1,EBAY_US,2026-07-10T09:03:33+00:00,v1|318565695427|0,Genuine Rolex 3135 3130 421 Pallet Fork for Watch Caliber Movement,19.99,USD,Pre-owned,3000,FIXED_PRICE,https://www.ebay.com/itm/318565695427?_skw=Rolex+3130&hash=item4a2bfebfc3:g:efQAAOSwrQljTwAN,https://i.ebayimg.com/images/g/efQAAOSwrQljTwAN/s-l225.jpg,fierygems,27548,100.0,0.00,USD,US,Sunnyvale,2026-07-10T03:51:29.000Z
batch_20260710_090257,iuid_01996e42d1c045b9,rolex_3130_3135_31_2,Rolex 3130,4,v1,EBAY_US,2026-07-10T09:03:33+00:00,v1|298495141012|0,Genuine Rolex 3135 3130 421 Pallet Fork for Watch Caliber Movement,26.00,USD,Pre-owned,3000,FIXED_PRICE,https://www.ebay.com/itm/298495141012?_skw=Rolex+3130&hash=item457fb26494:g:efQAAOSwrQljTwAN,https://i.ebayimg.com/images/g/efQAAOSwrQljTwAN/s-l225.jpg,fierygems,27548,100.0,0.00,USD,US,Sunnyvale,2026-07-10T03:51:25.000Z
batch_20260710_090257,iuid_01996e42d1c045b9,rolex_3130_3135_31_2,Rolex 3130,4,v1,EBAY_US,2026-07-10T09:03:33+00:00,v1|298495140975|0,Genuine Rolex 3135 3130 421 Pallet Fork for Watch Caliber Movement,27.00,USD,Pre-owned,3000,FIXED_PRICE,https://www.ebay.com/itm/298495140975?_skw=Rolex+3130&hash=item457fb2646f:g:efQAAOSwrQljTwAN,https://i.ebayimg.com/images/g/efQAAOSwrQljTwAN/s-l225.jpg,fierygems,27548,100.0,0.00,USD,US,Sunnyvale,2026-07-10T03:51:22.000Z
batch_20260710_090257,iuid_01996e42d1c045b9,rolex_3130_3135_31_2,Rolex 3130,4,v1,EBAY_US,2026-07-10T09:03:33+00:00,v1|318563798508|0,Genuine Rolex 3135 3130 421 Pallet Fork for Watch Caliber Movement,,,Pre-owned,3000,AUCTION,https://www.ebay.com/itm/318563798508?_skw=Rolex+3130&hash=item4a2be1cdec:g:efQAAOSwrQljTwAN,https://i.ebayimg.com/images/g/efQAAOSwrQljTwAN/s-l225.jpg,fierygems,27548,100.0,0.00,USD,US,Sunnyvale,2026-07-10T01:52:01.000Z
batch_20260710_090257,iuid_01996e42d1c045b9,rolex_3130_3135_31_2,Rolex 3130,4,v1,EBAY_US,2026-07-10T09:03:33+00:00,v1|227424239294|0,Genuine Rolex 3130 3135 305 Ratchet Wheel for Watch Caliber Movement,,,Pre-owned,3000,AUCTION,https://www.ebay.com/itm/227424239294?_skw=Rolex+3130&hash=item34f38a7ebe:g:9GoAAOSw~HhjSXgC,https://i.ebayimg.com/images/g/9GoAAOSw~HhjSXgC/s-l225.jpg,fierygems,27548,100.0,0.00,USD,US,Sunnyvale,2026-07-10T01:51:01.000Z
batch_20260710_090257,iuid_01996e42d1c045b9,rolex_3130_3135_31_2,Rolex 3130,4,v1,EBAY_US,2026-07-10T09:03:33+00:00,v1|318563799544|0,Genuine Rolex 3135 3130 510 Driving Wheel for Ratchet Watch Caliber Movement,,,Pre-owned,3000,AUCTION,https://www.ebay.com/itm/318563799544?_skw=Rolex+3130&hash=item4a2be1d1f8:g:oD4AAOSwCh1gRBc1,https://i.ebayimg.com/images/g/oD4AAOSwCh1gRBc1/s-l225.jpg,fierygems,27548,100.0,0.00,USD,US,Sunnyvale,2026-07-10T01:50:01.000Z
batch_20260710_090257,iuid_01996e42d1c045b9,rolex_3130_3135_31_2,Rolex 3130,4,v1,EBAY_US,2026-07-10T09:03:33+00:00,v1|227424242193|0,Genuine Rolex 3135 3130 410 Escape Wheel for Watch Caliber Movement,,,Pre-owned,3000,AUCTION,https://www.ebay.com/itm/227424242193?_skw=Rolex+3130&hash=item34f38a8a11:g:TDkAAOSwe25ibAmd,https://i.ebayimg.com/images/g/TDkAAOSwe25ibAmd/s-l225.jpg,fierygems,27548,100.0,0.00,USD,US,Sunnyvale,2026-07-10T01:47:01.000Z
batch_20260710_090257,iuid_01996e42d1c045b9,rolex_3130_3135_31_2,Rolex 3130,4,v1,EBAY_US,2026-07-10T09:03:33+00:00,v1|398158624570|0,Rolex 114060 Submariner No Date,12875.00,USD,Pre-owned - Good,3000,FIXED_PRICE,https://www.ebay.com/itm/398158624570?_skw=Rolex+3130&hash=item5cb41a773a:g:cqEAAeSwFJVqT~sJ,https://i.ebayimg.com/images/g/cqEAAeSwFJVqT~sJ/s-l225.jpg,davidswllc,40,100.0,50.00,USD,US,,2026-07-09T19:43:25.000Z
batch_20260710_090257,iuid_01996e42d1c045b9,rolex_3130_3135_31_2,Rolex 3130,4,v1,EBAY_US,2026-07-10T09:03:33+00:00,v1|227423430101|0,Rolex 3135-639 Excellent Condition Intermediate data correct wheel 3135 3130 315,69.87,USD,Pre-owned,3000,FIXED_PRICE|BEST_OFFER,https://www.ebay.com/itm/227423430101?_skw=Rolex+3130&hash=item34f37e25d5:g:4ZYAAeSwJIRqTzYQ,https://i.ebayimg.com/images/g/4ZYAAeSwJIRqTzYQ/s-l225.jpg,*rarecollections,1382,100.0,55.00,USD,IT,,2026-07-09T05:43:56.000Z
batch_20260710_090257,iuid_01996e42d1c045b9,rolex_3130_3135_31_2,Rolex 3130,4,v1,EBAY_US,2026-07-10T09:03:33+00:00,v1|227423396123|0,Rolex 3135-645 Excellent Condition Data Correct 3135 3130 3156 3175 3185,57.01,USD,Pre-owned,3000,FIXED_PRICE|BEST_OFFER,https://www.ebay.com/itm/227423396123?_skw=Rolex+3130&hash=item34f37da11b:g:Y7QAAeSwLxdqTzKn,https://i.ebayimg.com/images/g/Y7QAAeSwLxdqTzKn/s-l225.jpg,*rarecollections,1382,100.0,55.00,USD,IT,,2026-07-09T05:30:18.000Z
batch_20260710_090257,iuid_01996e42d1c045b9,rolex_3130_3135_31_2,Rolex 3130,4,v1,EBAY_US,2026-07-10T09:03:33+00:00,v1|227423390411|0,Rolex 3135-5625 Excellent Condition Screw for Data Wheel 3135 3130 3155 3156 317,24.07,USD,Pre-owned,3000,FIXED_PRICE|BEST_OFFER,https://www.ebay.com/itm/227423390411?_skw=Rolex+3130&hash=item34f37d8acb:g:59oAAeSwaYVqTzB9,https://i.ebayimg.com/images/g/59oAAeSwaYVqTzB9/s-l225.jpg,*rarecollections,1382,100.0,55.00,USD,IT,,2026-07-09T05:21:06.000Z
batch_20260710_090257,iuid_01996e42d1c045b9,rolex_3130_3135_31_2,Rolex 3130,4,v1,EBAY_US,2026-07-10T09:03:33+00:00,v1|227423385537|0,Rolex 3135-410 Excellent Condition Escape Wheel 3135 3130 3155 3156 3175 3185,86.39,USD,Pre-owned,3000,FIXED_PRICE|BEST_OFFER,https://www.ebay.com/itm/227423385537?_skw=Rolex+3130&hash=item34f37d77c1:g:sqMAAeSw82lqTy7k,https://i.ebayimg.com/images/g/sqMAAeSw82lqTy7k/s-l225.jpg,*rarecollections,1382,100.0,55.00,USD,IT,,2026-07-09T05:12:19.000Z
batch_20260710_090257,iuid_01996e42d1c045b9,rolex_3130_3135_31_2,Rolex 3130,4,v1,EBAY_US,2026-07-10T09:03:33+00:00,v1|318559264109|0,Genuine Rolex 3135 3130 205 Sliding Pinion / Clutch Wheel for Watch Movement,,,Pre-owned,3000,AUCTION,https://www.ebay.com/itm/318559264109?_skw=Rolex+3130&hash=item4a2b9c9d6d:g:fX4AAOSwK71ilnlj,https://i.ebayimg.com/images/g/fX4AAOSwK71ilnlj/s-l225.jpg,fierygems,27548,100.0,0.00,USD,US,Sunnyvale,2026-07-09T01:59:01.000Z
batch_20260710_090257,iuid_01996e42d1c045b9,rolex_3130_3135_31_2,Rolex 3130,4,v1,EBAY_US,2026-07-10T09:03:33+00:00,v1|227422623690|0,Genuine Rolex 3130 3135 213 Caliber Intermediate Crown Wheel for Watch Movement,,,Pre-owned,3000,AUCTION,https://www.ebay.com/itm/227422623690?_skw=Rolex+3130&hash=item34f371d7ca:g:DvQAAOSw9AVngV3n,https://i.ebayimg.com/images/g/DvQAAOSw9AVngV3n/s-l225.jpg,fierygems,27548,100.0,0.00,USD,US,Sunnyvale,2026-07-09T01:57:01.000Z
batch_20260710_090257,iuid_01996e42d1c045b9,rolex_3130_3135_31_2,Rolex 3130,4,v1,EBAY_US,2026-07-10T09:03:33+00:00,v1|318559265621|0,Genuine Rolex 3130 3135 Part # 217 Yoke for Sliding Gear Watch Caliber Movement,,,Pre-owned,3000,AUCTION,https://www.ebay.com/itm/318559265621?_skw=Rolex+3130&hash=item4a2b9ca355:g:dnsAAeSwZQRpuaik,https://i.ebayimg.com/images/g/dnsAAeSwZQRpuaik/s-l225.jpg,fierygems,27548,100.0,0.00,USD,US,Sunnyvale,2026-07-09T01:56:01.000Z
batch_20260710_090257,iuid_01996e42d1c045b9,rolex_3130_3135_31_2,Rolex 3130,4,v1,EBAY_US,2026-07-10T09:03:33+00:00,v1|227422625744|0,Genuine Rolex 3135 3130 245 Balance Stop Spring for Watch Caliber Movement,,,Pre-owned,3000,AUCTION,https://www.ebay.com/itm/227422625744?_skw=Rolex+3130&hash=item34f371dfd0:g:C3UAAOSwWiNjWXsh,https://i.ebayimg.com/images/g/C3UAAOSwWiNjWXsh/s-l225.jpg,fierygems,27548,100.0,0.00,USD,US,Sunnyvale,2026-07-09T01:53:01.000Z
batch_20260710_090257,iuid_01996e42d1c045b9,rolex_3130_3135_31_2,Rolex 3130,4,v1,EBAY_US,2026-07-10T09:03:33+00:00,v1|318559267605|0,Genuine Rolex 3135 3130 260 Minute Wheel for Watch Caliber Movement,,,Pre-owned,3000,AUCTION,https://www.ebay.com/itm/318559267605?_skw=Rolex+3130&hash=item4a2b9cab15:g:45wAAOSwiRtjbWdY,https://i.ebayimg.com/images/g/45wAAOSwiRtjbWdY/s-l225.jpg,fierygems,27548,100.0,0.00,USD,US,Sunnyvale,2026-07-09T01:52:01.000Z
batch_20260710_090257,iuid_01996e42d1c045b9,rolex_3130_3135_31_2,Rolex 3130,4,v1,EBAY_US,2026-07-10T09:03:33+00:00,v1|298490878666|0,Genuine Rolex 3135 3130 340 Third Wheel for Watch Caliber Movement,,,Pre-owned,3000,AUCTION,https://www.ebay.com/itm/298490878666?_skw=Rolex+3130&hash=item457f715aca:g:VFkAAOSwQMhiau95,https://i.ebayimg.com/images/g/VFkAAOSwQMhiau95/s-l225.jpg,fierygems,27548,100.0,0.00,USD,US,Sunnyvale,2026-07-09T01:47:01.000Z
batch_20260710_090257,iuid_01996e42d1c045b9,rolex_3130_3135_31_2,Rolex 3130,4,v1,EBAY_US,2026-07-10T09:03:33+00:00,v1|227422629376|0,Genuine Rolex 3130 3135 Part # 550 Pinion for Oscillating Weight Watch Movement,,,Pre-owned,3000,AUCTION,https://www.ebay.com/itm/227422629376?_skw=Rolex+3130&hash=item34f371ee00:g:IRYAAOSwmUhnyH6d,https://i.ebayimg.com/images/g/IRYAAOSwmUhnyH6d/s-l225.jpg,fierygems,27548,100.0,0.00,USD,US,Sunnyvale,2026-07-09T01:46:01.000Z
batch_20260710_090257,iuid_01996e42d1c045b9,rolex_3130_3135_31_2,Rolex 3130,4,v1,EBAY_US,2026-07-10T09:03:33+00:00,v1|298488515374|0,Genuine Rolex 3135 3130 3155 570 Watch Oscillating Weight Rotor Caliber Movement,,,Pre-owned,3000,AUCTION,https://www.ebay.com/itm/298488515374?_skw=Rolex+3130&hash=item457f4d4b2e:g:CNgAAeSwoulqGy9Y,https://i.ebayimg.com/images/g/CNgAAeSwoulqGy9Y/s-l225.jpg,fierygems,27548,100.0,0.00,USD,US,Sunnyvale,2026-07-08T02:01:01.000Z
batch_20260710_090257,iuid_01996e42d1c045b9,rolex_3130_3135_31_2,Rolex 3130,4,v1,EBAY_US,2026-07-10T09:03:33+00:00,v1|158063723716|0,"Vintage style Rolex Silver Hands for 3000, 3130, 3135, 3235 movement Submariner",42.67,USD,New without tags,1500,FIXED_PRICE,https://www.ebay.com/itm/158063723716?_skw=Rolex+3130&hash=item24cd5504c4:g:XaUAAeSwtv9qTSfZ,https://i.ebayimg.com/images/g/XaUAAeSwtv9qTSfZ/s-l225.jpg,cre8vtv,427,100.0,,,US,Denver,2026-07-07T16:24:49.000Z
batch_20260710_090257,iuid_01996e42d1c045b9,rolex_3130_3135_31_2,Rolex 3130,4,v1,EBAY_US,2026-07-10T09:03:33+00:00,v1|407055746023|0,ROLEX 3130 Cod. 236 Cover Mechanism Calib: 3130 (EXCELLENT STATE),53.00,USD,Pre-owned,3000,FIXED_PRICE,https://www.ebay.com/itm/407055746023?_skw=Rolex+3130&hash=item5ec669c3e7:g:JBUAAeSwcK9qTRf8,https://i.ebayimg.com/images/g/JBUAAeSwcK9qTRf8/s-l225.jpg,fornitura_boccacci,4072,99.9,19.90,USD,IT,Sant Angelo Romano,2026-07-07T15:10:13.000Z
batch_20260710_090257,iuid_01996e42d1c045b9,rolex_3130_3135_31_2,Rolex 3130,4,v1,EBAY_US,2026-07-10T09:03:33+00:00,v1|318550179972|0,Genuine Rolex 3135 3130 421 Pallet Fork for Watch Caliber Movement,,,Pre-owned,3000,AUCTION,https://www.ebay.com/itm/318550179972?_skw=Rolex+3130&hash=item4a2b120084:g:efQAAOSwrQljTwAN,https://i.ebayimg.com/images/g/efQAAOSwrQljTwAN/s-l225.jpg,fierygems,27548,100.0,0.00,USD,US,Sunnyvale,2026-07-07T01:52:01.000Z
batch_20260710_090257,iuid_01996e42d1c045b9,rolex_3130_3135_31_2,Rolex 3130,4,v1,EBAY_US,2026-07-10T09:03:33+00:00,v1|298484800548|0,Genuine Rolex 3130 3135 305 Ratchet Wheel for Watch Caliber Movement,,,Pre-owned,3000,AUCTION,https://www.ebay.com/itm/298484800548?_skw=Rolex+3130&hash=item457f149c24:g:9GoAAOSw~HhjSXgC,https://i.ebayimg.com/images/g/9GoAAOSw~HhjSXgC/s-l225.jpg,fierygems,27548,100.0,0.00,USD,US,Sunnyvale,2026-07-07T01:51:01.000Z
batch_20260710_090257,iuid_01996e42d1c045b9,rolex_3130_3135_31_2,Rolex 3130,4,v1,EBAY_US,2026-07-10T09:03:33+00:00,v1|227419623364|0,Genuine Rolex 3135 3130 510 Driving Wheel for Ratchet Watch Caliber Movement,,,Pre-owned,3000,AUCTION,https://www.ebay.com/itm/227419623364?_skw=Rolex+3130&hash=item34f3440fc4:g:oD4AAOSwCh1gRBc1,https://i.ebayimg.com/images/g/oD4AAOSwCh1gRBc1/s-l225.jpg,fierygems,27548,100.0,0.00,USD,US,Sunnyvale,2026-07-07T01:50:01.000Z
batch_20260710_090257,iuid_01996e42d1c045b9,rolex_3130_3135_31_2,Rolex 3130,4,v1,EBAY_US,2026-07-10T09:03:33+00:00,v1|298484802434|0,Genuine Rolex 3135 3130 410 Escape Wheel for Watch Caliber Movement,,,Pre-owned,3000,AUCTION,https://www.ebay.com/itm/298484802434?_skw=Rolex+3130&hash=item457f14a382:g:TDkAAOSwe25ibAmd,https://i.ebayimg.com/images/g/TDkAAOSwe25ibAmd/s-l225.jpg,fierygems,27548,100.0,0.00,USD,US,Sunnyvale,2026-07-07T01:47:01.000Z
batch_20260710_090257,iuid_01996e42d1c045b9,rolex_3130_3135_31_2,Rolex 3130,4,v1,EBAY_US,2026-07-10T09:03:33+00:00,v1|318547402058|0,Genuine Rolex 3135 3130 3155 570 Watch Oscillating Weight Rotor Caliber Movement,,,Pre-owned,3000,AUCTION,https://www.ebay.com/itm/318547402058?_skw=Rolex+3130&hash=item4a2ae79d4a:g:7zEAAeSwe5lp6njm,https://i.ebayimg.com/images/g/7zEAAeSwe5lp6njm/s-l225.jpg,fierygems,27548,100.0,0.00,USD,US,Sunnyvale,2026-07-06T02:05:01.000Z
batch_20260710_090257,iuid_01996e42d1c045b9,rolex_3130_3135_31_2,Rolex 3130,4,v1,EBAY_US,2026-07-10T09:03:33+00:00,v1|188598926787|0,3135-217 Yoke Swiss Made for Rolex Cal. 3135 3130 – High Quality Part,25.00,USD,New without tags,1500,FIXED_PRICE|BEST_OFFER,https://www.ebay.com/itm/188598926787?_skw=Rolex+3130&hash=item2be95f3dc3:g:vEIAAOSwiI1oVatF,https://i.ebayimg.com/images/g/vEIAAOSwiI1oVatF/s-l225.jpg,seooe-0,0,0.0,0.00,USD,US,,2026-07-06T03:04:49.000Z
batch_20260710_090257,iuid_01996e42d1c045b9,rolex_3130_3135_31_2,Rolex 3130,4,v1,EBAY_US,2026-07-10T09:03:33+00:00,v1|188598916178|0,3135-220 Setting Lever fits Rolex 3130 3135 Movement Parts Repair Service,49.00,USD,New without tags,1500,FIXED_PRICE|BEST_OFFER,https://www.ebay.com/itm/188598916178?_skw=Rolex+3130&hash=item2be95f1452:g:dTAAAeSwqr5oeB~b,https://i.ebayimg.com/images/g/dTAAAeSwqr5oeB~b/s-l225.jpg,seooe-0,0,0.0,0.00,USD,US,,2026-07-06T02:59:54.000Z
batch_20260710_090257,iuid_01996e42d1c045b9,rolex_3130_3135_31_2,Rolex 3130,4,v1,EBAY_US,2026-07-10T09:03:33+00:00,v1|227415597855|0,New Genuine Rolex 3130 B3135 305 Y1 Ratchet Wheel for Watch Caliber Movement,,,New with tags,1000,AUCTION,https://www.ebay.com/itm/227415597855?_skw=Rolex+3130&hash=item34f306a31f:g:4EIAAOSwd2lnv1sR,https://i.ebayimg.com/images/g/4EIAAOSwd2lnv1sR/s-l225.jpg,fierygems,27548,100.0,0.00,USD,US,Sunnyvale,2026-07-04T02:04:01.000Z
batch_20260710_090257,iuid_01996e42d1c045b9,rolex_3130_3135_31_2,Rolex 3130,4,v1,EBAY_US,2026-07-10T09:03:33+00:00,v1|227414255838|0,New Genuine Rolex 3130 3135 315 Barrel with Arbor & Mainspring Watch Part Moveme,125.00,USD,New with tags,1000,FIXED_PRICE|BEST_OFFER,https://www.ebay.com/itm/227414255838?_skw=Rolex+3130&hash=item34f2f228de:g:~9QAAeSwNn5oqL-7,https://i.ebayimg.com/images/g/~9QAAeSwNn5oqL-7/s-l225.jpg,fierygems,27548,100.0,0.00,USD,US,Sunnyvale,2026-07-03T02:42:22.000Z
batch_20260710_090257,iuid_01996e42d1c045b9,rolex_3130_3135_31_2,Rolex 3130,4,v1,EBAY_US,2026-07-10T09:03:33+00:00,v1|407042623186|0,REPLACEMENT Axle Oscillating Weight 3135 568 to fit RLX Movement Caliber 3130,18.99,USD,New without tags,1500,FIXED_PRICE|BEST_OFFER,https://www.ebay.com/itm/407042623186?_skw=Rolex+3130&hash=item5ec5a186d2:g:pW0AAeSwjvNqRhh6,https://i.ebayimg.com/images/g/pW0AAeSwjvNqRhh6/s-l225.jpg,xiang00f,1047,99.6,0.00,USD,US,,2026-07-02T07:51:40.000Z
batch_20260710_090257,iuid_01996e42d1c045b9,rolex_3130_3135_31_2,Rolex 3130,4,v1,EBAY_US,2026-07-10T09:03:33+00:00,v1|358745252475|0,REPLACEMENT Axle Oscillating Weight 3135 568 to fit RLX Movement Caliber 3130,16.88,USD,New without tags,1500,FIXED_PRICE|BEST_OFFER,https://www.ebay.com/itm/358745252475?_skw=Rolex+3130&hash=item5386e2227b:g:-yYAAeSwrmRqReST,https://i.ebayimg.com/images/g/-yYAAeSwrmRqReST/s-l225.jpg,yunchaungke025,546,99.5,0.00,USD,US,,2026-07-02T04:10:08.000Z
batch_20260710_090257,iuid_01996e42d1c045b9,rolex_3130_3135_31_2,Rolex 3130,4,v1,EBAY_US,2026-07-10T09:03:33+00:00,v1|206385717655|0,REPLACEMENT Axle Oscillating Weight 3135 568 to fit RLX Movement Caliber 3130,18.99,USD,New without tags,1500,FIXED_PRICE|BEST_OFFER,https://www.ebay.com/itm/206385717655?_skw=Rolex+3130&hash=item300d8c2197:g:CjcAAeSwLfFqRN3D,https://i.ebayimg.com/images/g/CjcAAeSwLfFqRN3D/s-l225.jpg,goodboy00d,604,99.6,0.00,USD,US,,2026-07-01T09:28:54.000Z
batch_20260710_090257,iuid_01996e42d1c045b9,rolex_3130_3135_31_2,Rolex 3130,4,v1,EBAY_US,2026-07-10T09:03:33+00:00,v1|236908808510|0,Genuine Rolex 3130 3135 305 Ratchet Wheel – Original – Tested,39.00,USD,Pre-owned,3000,FIXED_PRICE|BEST_OFFER,https://www.ebay.com/itm/236908808510?_skw=Rolex+3130&hash=item3728dd893e:g:dzkAAeSwBdNqRHQR,https://i.ebayimg.com/images/g/dzkAAeSwBdNqRHQR/s-l225.jpg,mrmagoo71,569,100.0,,,US,Concord,2026-07-01T01:58:38.000Z
batch_20260710_090257,iuid_01996e42d1c045b9,rolex_3130_3135_31_2,Rolex 3130,4,v1,EBAY_US,2026-07-10T09:03:33+00:00,v1|236908804885|0,Genuine Rolex 3135 3130 510 Driving Wheel Ratchet – Original – Tested,39.00,USD,Pre-owned,3000,FIXED_PRICE|BEST_OFFER,https://www.ebay.com/itm/236908804885?_skw=Rolex+3130&hash=item3728dd7b15:g:xCYAAeSw0pRqRHNI,https://i.ebayimg.com/images/g/xCYAAeSw0pRqRHNI/s-l225.jpg,mrmagoo71,569,100.0,,,US,Concord,2026-07-01T01:55:23.000Z
batch_20260710_090257,iuid_01996e42d1c045b9,rolex_3130_3135_31_2,Rolex 3130,4,v1,EBAY_US,2026-07-10T09:03:33+00:00,v1|127949293583|0,REPLACEMENT Axle Oscillating Weight 3135 568 to fit RLX Movement Caliber 3130,17.66,USD,New without tags,1500,FIXED_PRICE|BEST_OFFER,https://www.ebay.com/itm/127949293583?_skw=Rolex+3130&hash=item1dca5f480f:g:LqAAAeSwQD1qQ5Mu,https://i.ebayimg.com/images/g/LqAAAeSwQD1qQ5Mu/s-l225.jpg,longlonglong012,445,99.6,0.00,USD,US,,2026-06-30T09:58:27.000Z
batch_20260710_090257,iuid_01996e42d1c045b9,rolex_3130_3135_31_2,Rolex 3130,4,v1,EBAY_US,2026-07-10T09:03:33+00:00,v1|318522318698|0,Rolex Main Spring 3130 3135 3155 Superior Precision Finish-Swiss Made,29.99,USD,New with tags,1000,FIXED_PRICE,https://www.ebay.com/itm/318522318698?_skw=Rolex+3130&hash=item4a2968df6a:g:WVsAAeSwpWVqPJDs,https://i.ebayimg.com/images/g/WVsAAeSwpWVqPJDs/s-l225.jpg,swisswatchofleesburg,9655,99.9,0.00,USD,US,Leesburg,2026-06-30T03:07:59.000Z
batch_20260710_090257,iuid_01996e42d1c045b9,rolex_3130_3135_31_2,Rolex 3130,4,v1,EBAY_US,2026-07-10T09:03:33+00:00,v1|236906687067|0,Rolex 3130 3135 217 Yoke for Sliding Gear Genuine Tested Working Caliber Movemen,39.99,USD,Pre-owned,3000,FIXED_PRICE|BEST_OFFER,https://www.ebay.com/itm/236906687067?_skw=Rolex+3130&hash=item3728bd2a5b:g:d14AAeSwoolqQyfI,https://i.ebayimg.com/images/g/d14AAeSwoolqQyfI/s-l225.jpg,mrmagoo71,569,100.0,,,US,Concord,2026-06-30T02:20:52.000Z
batch_20260710_090257,iuid_01996e42d1c045b9,rolex_3130_3135_31_2,Rolex 3130,4,v1,EBAY_US,2026-07-10T09:03:33+00:00,v1|236906682231|0,Rolex 3130 3135 550 Pinion for Oscillating Weight Genuine Tested Working Movemen,39.00,USD,Pre-owned,3000,FIXED_PRICE|BEST_OFFER,https://www.ebay.com/itm/236906682231?_skw=Rolex+3130&hash=item3728bd1777:g:bg4AAeSw9zVqQydA,https://i.ebayimg.com/images/g/bg4AAeSw9zVqQydA/s-l225.jpg,mrmagoo71,569,100.0,,,US,Concord,2026-06-30T02:18:23.000Z
batch_20260710_090257,iuid_01996e42d1c045b9,rolex_3130_3135_31_2,Rolex 3130,4,v1,EBAY_US,2026-07-10T09:03:33+00:00,v1|236906676469|0,Rolex 3135 3130 260 Minute Wheel Genuine Tested Working Caliber Movement Part,49.99,USD,Pre-owned,3000,FIXED_PRICE|BEST_OFFER,https://www.ebay.com/itm/236906676469?_skw=Rolex+3130&hash=item3728bd00f5:g:aeIAAeSwhyJqQyX~,https://i.ebayimg.com/images/g/aeIAAeSwhyJqQyX~/s-l225.jpg,mrmagoo71,569,100.0,,,US,Concord,2026-06-30T02:13:05.000Z
batch_20260710_090257,iuid_01996e42d1c045b9,rolex_3130_3135_31_2,Rolex 3130,4,v1,EBAY_US,2026-07-10T09:03:33+00:00,v1|236906648488|0,Rolex 3135 3130 205 Sliding Pinion Clutch Wheel Genuine Tested Working Part,49.99,USD,Pre-owned,3000,FIXED_PRICE|BEST_OFFER,https://www.ebay.com/itm/236906648488?_skw=Rolex+3130&hash=item3728bc93a8:g:XcoAAeSwXWBqQyIr,https://i.ebayimg.com/images/g/XcoAAeSwXWBqQyIr/s-l225.jpg,mrmagoo71,569,100.0,,,US,Concord,2026-06-30T01:57:21.000Z
batch_20260710_090257,iuid_01996e42d1c045b9,rolex_3130_3135_31_2,Rolex 3130,4,v1,EBAY_US,2026-07-10T09:03:33+00:00,v1|236906629067|0,Rolex 3135 3130 340 Third Wheel Genuine Tested Working Caliber Movement Part,49.99,USD,Pre-owned,3000,FIXED_PRICE|BEST_OFFER,https://www.ebay.com/itm/236906629067?_skw=Rolex+3130&hash=item3728bc47cb:g:QjkAAeSwiglqQx8O,https://i.ebayimg.com/images/g/QjkAAeSwiglqQx8O/s-l225.jpg,mrmagoo71,569,100.0,,,US,Concord,2026-06-30T01:43:47.000Z
batch_20260710_090257,iuid_0351cc71d0104710,rolex_2235_231,Rolex 2235 231,1,v1,EBAY_DE,2026-07-10T09:03:33+00:00,v1|117289479334|0,ROLEX 2235 Jumper for Setting Lever Cod. 2235-231 Calib: 2235 (EXCELLENT STATE),50.00,EUR,Gebraucht,3000,FIXED_PRICE,https://www.ebay.de/itm/117289479334?_skw=Rolex+2235+231&hash=item1b4eff6ca6:g:g3kAAeSwmbxqTQ0N,https://i.ebayimg.com/images/g/g3kAAeSwmbxqTQ0N/s-l225.jpg,fornitura_boccacci,4072,99.9,19.00,EUR,IT,Sant Angelo Romano,2026-07-07T14:25:27.000Z
batch_20260710_090257,iuid_0351cc71d0104710,rolex_2235_231,Rolex 2235 231,1,v1,EBAY_DE,2026-07-10T09:03:33+00:00,v1|117289479275|0,ROLEX 2235 Waagenabdeckung C. Rad Cod. 2235-231 eingebaut Kaliber: 2235 (OPTIM...,50.00,EUR,Usato,3000,FIXED_PRICE,https://www.ebay.de/itm/117289479275?_skw=Rolex+2235+231&hash=item1b4eff6c6b:g:4ScAAeSwJxVqTQzG,https://i.ebayimg.com/images/g/4ScAAeSwJxVqTQzG/s-l225.jpg,fornitura_boccacci,4072,99.9,19.00,EUR,IT,Sant Angelo Romano,2026-07-07T14:25:17.000Z
batch_20260710_090257,iuid_0351cc71d0104710,rolex_2235_231,Rolex 2235 231,1,v1,EBAY_DE,2026-07-10T09:03:33+00:00,v1|227201469476|0,Rolex 2235-231 Neuwertig Zugauslöser 2235 Jumper Setting Lever,101.20,EUR,Usato,3000,FIXED_PRICE|BEST_OFFER,https://www.ebay.de/itm/227201469476?_skw=Rolex+2235+231&hash=item34e6434c24:g:1YMAAeSwsyhqRRot,https://i.ebayimg.com/images/g/1YMAAeSwsyhqRRot/s-l225.jpg,*rarecollections,1382,100.0,29.00,EUR,IT,,2026-02-03T16:48:39.000Z
batch_20260710_090257,iuid_0351cc71d0104710,rolex_2235_231,Rolex 2235 231,1,v1,EBAY_DE,2026-07-10T09:03:33+00:00,v1|177580645128|0,Rolex - 2235-231 - Streifenauslöser,95.00,EUR,Nuovo senza etichette,1500,FIXED_PRICE,https://www.ebay.de/itm/177580645128?_skw=Rolex+2235+231&hash=item2958a19b08:g:Q08AAeSwEgFpGV9O,https://i.ebayimg.com/images/g/Q08AAeSwEgFpGV9O/s-l225.jpg,refanoro79,242,100.0,20.00,EUR,IT,Pordenone,2025-11-16T05:21:46.000Z
batch_20260710_090257,iuid_0351cc71d0104710,rolex_2235_231,Rolex 2235 231,1,v1,EBAY_DE,2026-07-10T09:03:33+00:00,v1|267429863022|0,Rolex 2235-231 Einstellhebel Jumper Teilenummer 231 Original,69.29,EUR,Gebraucht,3000,FIXED_PRICE,https://www.ebay.de/itm/267429863022?_skw=Rolex+2235+231&hash=item3e440fde6e:g:AS4AAOSwhIRgOfwc,https://i.ebayimg.com/images/g/AS4AAOSwhIRgOfwc/s-l225.jpg,luxurylegend,872,100.0,20.53,EUR,IN,,2025-10-08T07:37:17.000Z
batch_20260710_090257,iuid_0351cc71d0104710,rolex_2235_231,Rolex 2235 231,1,v1,EBAY_DE,2026-07-10T09:03:33+00:00,v1|267429862880|0,"Rolex 2230 2235 Teile Konvolut, Teil 614,645,625,180,183,231,260,220 Combo",251.30,EUR,Gebraucht,3000,FIXED_PRICE,https://www.ebay.de/itm/267429862880?_skw=Rolex+2235+231&hash=item3e440fdde0:g:r5MAAOSwUvBg96Lj,https://i.ebayimg.com/images/g/r5MAAOSwUvBg96Lj/s-l225.jpg,luxurylegend,872,100.0,17.25,EUR,IN,,2025-10-08T07:36:58.000Z
batch_20260710_090257,iuid_0351cc71d0104710,rolex_2235_231,Rolex 2235 231,1,v1,EBAY_DE,2026-07-10T09:03:33+00:00,v1|267429862581|0,Rolex Joch für Schieberitzel 2230 2235 - 239 Teilenummer 231 Original,37.31,EUR,Gebraucht,3000,FIXED_PRICE,https://www.ebay.de/itm/267429862581?_skw=Rolex+2235+231&hash=item3e440fdcb5:g:jrYAAOSwn6FgPHqu,https://i.ebayimg.com/images/g/jrYAAOSwn6FgPHqu/s-l225.jpg,luxurylegend,872,100.0,20.53,EUR,IN,,2025-10-08T07:36:32.000Z
batch_20260710_090257,iuid_0351cc71d0104710,rolex_2235_231,Rolex 2235 231,1,v1,EBAY_DE,2026-07-10T09:03:33+00:00,v1|116397617841|0,ROLEX 2230 Jumper for Setting Lever Cod. 2235-231 Calib: 2230 (EXCELLENT STATE),40.00,EUR,Gebraucht,3000,FIXED_PRICE,https://www.ebay.de/itm/116397617841?_skw=Rolex+2235+231&hash=item1b19d6b2b1:g:Y84AAOSwpV5nPaEe,https://i.ebayimg.com/images/g/Y84AAOSwpV5nPaEe/s-l225.jpg,fornitura_boccacci,4072,99.9,19.00,EUR,IT,Sant Angelo Romano,2024-11-20T08:42:03.000Z
batch_20260710_090257,iuid_0351cc71d0104710,rolex_2235_231,Rolex 2235 231,1,v1,EBAY_DE,2026-07-10T09:03:33+00:00,v1|256324158291|0,Original Rolex Kaliber 2230/2235-231 Winkelhebelhalter,75.00,EUR,Nuovo senza etichette,1500,FIXED_PRICE,https://www.ebay.de/itm/256324158291?_skw=Rolex+2235+231&hash=item3bae1c4353:g:VIAAAOSw2OplaFBh,https://i.ebayimg.com/images/g/VIAAAOSw2OplaFBh/s-l225.jpg,pasquale9359,123,100.0,25.00,EUR,IT,Salerno,2023-11-30T09:06:26.000Z
batch_20260710_090257,iuid_0351cc71d0104710,rolex_2235_231,Rolex 2235 231,1,v1,EBAY_DE,2026-07-10T09:03:33+00:00,v1|203160614262|0,Rolex Cal.2230/2235 Ref.231 Ersatzteil,55.00,EUR,Nuovo senza etichette,1500,FIXED_PRICE,https://www.ebay.de/itm/203160614262?_skw=Rolex+2235+231&hash=item2f4d50f576:g:P64AAOSwwSJb6~f3,https://i.ebayimg.com/images/g/P64AAOSwwSJb6~f3/s-l225.jpg,combattiamolacrisi,8898,100.0,18.00,EUR,IT,Roseto Degli Abruzzi,2020-10-30T20:26:24.000Z
batch_20260710_090257,iuid_0351cc71d0104710,rolex_2235_231,Rolex 2235 231,1,v1,EBAY_US,2026-07-10T09:03:34+00:00,v1|407055664690|0,ROLEX 2235 Jumper for Setting Lever Cod. 2235-231 Calib: 2235 (EXCELLENT STATE),53.00,USD,Pre-owned,3000,FIXED_PRICE,https://www.ebay.com/itm/407055664690?_skw=Rolex+2235+231&hash=item5ec6688632:g:crkAAeSwIo5qTQyR,https://i.ebayimg.com/images/g/crkAAeSwIo5qTQyR/s-l225.jpg,fornitura_boccacci,4072,99.9,19.90,USD,IT,Sant Angelo Romano,2026-07-07T14:25:20.000Z
batch_20260710_090257,iuid_0351cc71d0104710,rolex_2235_231,Rolex 2235 231,1,v1,EBAY_US,2026-07-10T09:03:34+00:00,v1|318552448357|0,Genuine Rolex 2235 231 Caliber Jumper for Setting Lever Watch Movement Part #231,75.00,USD,Pre-owned,3000,FIXED_PRICE|BEST_OFFER,https://www.ebay.com/itm/318552448357?_skw=Rolex+2235+231&hash=item4a2b349d65:g:D1cAAeSwKsxodVi0,https://i.ebayimg.com/images/g/D1cAAeSwKsxodVi0/s-l225.jpg,fierygems,27548,100.0,0.00,USD,US,Sunnyvale,2026-07-07T05:19:35.000Z
batch_20260710_090257,iuid_0351cc71d0104710,rolex_2235_231,Rolex 2235 231,1,v1,EBAY_US,2026-07-10T09:03:34+00:00,v1|227201469488|0,Rolex 2235-231 Excellent Condition Jumper for Setting Lever 2235,116.56,USD,Pre-owned,3000,FIXED_PRICE|BEST_OFFER,https://www.ebay.com/itm/227201469488?_skw=Rolex+2235+231&hash=item34e6434c30:g:XOsAAeSwQONqMVEd,https://i.ebayimg.com/images/g/XOsAAeSwQONqMVEd/s-l225.jpg,*rarecollections,1382,100.0,55.00,USD,IT,,2026-02-03T16:48:40.000Z
batch_20260710_090257,iuid_0351cc71d0104710,rolex_2235_231,Rolex 2235 231,1,v1,EBAY_US,2026-07-10T09:03:34+00:00,v1|389504599327|0,Rolex 2235 231 Caliber Jumper for Setting Lever Watch Movement Part #231,80.00,USD,New without tags,1500,FIXED_PRICE|BEST_OFFER,https://www.ebay.com/itm/389504599327?_skw=Rolex+2235+231&hash=item5ab048851f:g:2lwAAeSwwalpatcf,https://i.ebayimg.com/images/g/2lwAAeSwwalpatcf/s-l225.jpg,seh4539,4,100.0,25.00,USD,JO,,2026-01-17T00:30:50.000Z
batch_20260710_090257,iuid_0351cc71d0104710,rolex_2235_231,Rolex 2235 231,1,v1,EBAY_US,2026-07-10T09:03:34+00:00,v1|168077944703|0,Setting Lever Jumper fits Rolex 2235 Replacement part 231,65.00,USD,New with tags,1000,FIXED_PRICE,https://www.ebay.com/itm/168077944703?_skw=Rolex+2235+231&hash=item272239e77f:g:YXkAAeSw5UxpZZPm,https://i.ebayimg.com/images/g/YXkAAeSw5UxpZZPm/s-l225.jpg,watchpartusa,44097,99.8,0.00,USD,US,Reseda,2026-01-13T00:39:13.000Z
batch_20260710_090257,iuid_0351cc71d0104710,rolex_2235_231,Rolex 2235 231,1,v1,EBAY_US,2026-07-10T09:03:34+00:00,v1|388930446772|0,Genuine Rolex 2235 231  Setting Lever Jumper Watch Movement Part ref : 231,79.00,USD,New without tags,1500,FIXED_PRICE|BEST_OFFER,https://www.ebay.com/itm/388930446772?_skw=Rolex+2235+231&hash=item5a8e0fa5b4:g:kL8AAeSw7c5ouuzB,https://i.ebayimg.com/images/g/kL8AAeSw7c5ouuzB/s-l225.jpg,swissvintageparts,108,97.5,35.00,USD,CH,,2025-09-05T14:17:23.000Z
batch_20260710_090257,iuid_0351cc71d0104710,rolex_2235_231,Rolex 2235 231,1,v1,EBAY_US,2026-07-10T09:03:34+00:00,v1|297146938642|0,Rolex  2235 Part 231 Jumper for Setting Lever NEW Genuine,121.47,USD,New without tags,1500,FIXED_PRICE,https://www.ebay.com/itm/297146938642?_skw=Rolex+2235+231&hash=item452f567512:g:EFwAAOSwc95n4kQN,https://i.ebayimg.com/images/g/EFwAAOSwc95n4kQN/s-l225.jpg,ajhorological,3565,99.8,17.35,USD,AU,Scoresby,2025-03-25T05:52:44.000Z
batch_20260710_090257,iuid_0351cc71d0104710,rolex_2235_231,Rolex 2235 231,1,v1,EBAY_US,2026-07-10T09:03:34+00:00,v1|156266339288|0,"Rolex Caliber 2235 231 , 2235 220",250.00,USD,Pre-owned,3000,FIXED_PRICE,https://www.ebay.com/itm/156266339288?_skw=Rolex+2235+231&hash=item2462331bd8:g:GNEAAOSwdupjIZhM,https://i.ebayimg.com/images/g/GNEAAOSwdupjIZhM/s-l225.jpg,swisswatchpart2,231,98.6,0.00,USD,US,Novato,2024-06-21T07:12:53.000Z
batch_20260710_090257,iuid_0351cc71d0104710,rolex_2235_231,Rolex 2235 231,1,v1,EBAY_US,2026-07-10T09:03:34+00:00,v1|116131442830|0,ROLEX 2230 Jumper for Setting Lever Cod. 2235-231 Calib: 2230 (EXCELLENT STATE),42.40,USD,Pre-owned,3000,FIXED_PRICE,https://www.ebay.com/itm/116131442830?_skw=Rolex+2235+231&hash=item1b09f9308e:g:ipUAAOSw981nKgbO,https://i.ebayimg.com/images/g/ipUAAOSw981nKgbO/s-l225.jpg,fornitura_boccacci,4072,99.9,19.90,USD,IT,Sant Angelo Romano,2024-04-04T11:54:37.000Z
batch_20260710_090257,iuid_0351cc71d0104710,rolex_2235_231,Rolex 2235 231,1,v1,EBAY_US,2026-07-10T09:03:34+00:00,v1|275188267474|0,"Rolex Caliber 2235-231 Jumper for Setting Lever, Swiss Made Replacement Parts",76.00,USD,New with tags,1000,FIXED_PRICE,https://www.ebay.com/itm/275188267474?_skw=Rolex+2235+231&hash=item40127fb9d2:g:X~kAAOSw9UhmS9wv,https://i.ebayimg.com/images/g/X~kAAOSw9UhmS9wv/s-l225.jpg,watchpartsdepot,18765,99.9,4.50,USD,US,Los Angeles,2022-02-28T21:13:58.000Z
batch_20260710_090257,iuid_0351cc71d0104710,rolex_2235_231,Rolex 2235 231,1,v1,EBAY_US,2026-07-10T09:03:34+00:00,v1|275434906159|576070347938,Rolex Caliber 2235 Superior Swiss Made Replacement Parts for Watch Repairs,77.00,USD,New with tags,1000,FIXED_PRICE,https://www.ebay.com/itm/275434906159?_skw=Rolex+2235+231&hash=item402133222f:g:fJ8AAOSw6NxmS-Cd,https://i.ebayimg.com/images/g/fJ8AAOSw6NxmS-Cd/s-l225.jpg,watchpartsdepot,18765,99.9,4.50,USD,US,Los Angeles,2022-08-25T20:50:18.000Z
batch_20260710_090257,iuid_0351cc71d0104710,rolex_2235_231,Rolex 2235 231,1,v1,EBAY_US,2026-07-10T09:03:34+00:00,v1|265406379257|0,"Rolex 2230 2235 Parts Lot, Part 614,645,625,180,183,231,260,220 Combo",285.00,USD,Pre-owned,3000,FIXED_PRICE,https://www.ebay.com/itm/265406379257?_skw=Rolex+2235+231&hash=item3dcb73f4f9:g:r5MAAOSwUvBg96Lj,https://i.ebayimg.com/images/g/r5MAAOSwUvBg96Lj/s-l225.jpg,luxurylegend,872,100.0,26.00,USD,IN,Nandinilayout SO,2021-11-15T10:56:22.000Z
batch_20260710_090257,iuid_0351cc71d0104710,rolex_2235_231,Rolex 2235 231,1,v1,EBAY_US,2026-07-10T09:03:34+00:00,v1|265105203845|0,Rolex 2235-231 Setting Lever Jumper Part Number 231 Genuine ,64.99,USD,Pre-owned,3000,FIXED_PRICE,https://www.ebay.com/itm/265105203845?_skw=Rolex+2235+231&hash=item3db9806285:g:AS4AAOSwhIRgOfwc,https://i.ebayimg.com/images/g/AS4AAOSwhIRgOfwc/s-l225.jpg,luxurylegend,872,100.0,26.00,USD,IN,Nandinilayout SO,2021-03-29T09:03:27.000Z
batch_20260710_090257,iuid_0351cc71d0104710,rolex_2235_231,Rolex 2235 231,1,v1,EBAY_US,2026-07-10T09:03:34+00:00,v1|265071647425|0,Rolex Yoke For Sliding Pinion 2230 2235 - 239 Part Number 231 Genuine ,34.99,USD,Pre-owned,3000,FIXED_PRICE,https://www.ebay.com/itm/265071647425?_skw=Rolex+2235+231&hash=item3db7805ac1:g:jrYAAOSwn6FgPHqu,https://i.ebayimg.com/images/g/jrYAAOSwn6FgPHqu/s-l225.jpg,luxurylegend,872,100.0,26.00,USD,IN,Nandinilayout SO,2021-03-01T05:26:06.000Z
batch_20260710_090257,iuid_0351cc71d0104710,rolex_2235_231,Rolex 2235 231,1,v1,EBAY_US,2026-07-10T09:03:34+00:00,v1|224098921252|0,Genuine Rolex 2235-231 Setting Lever Jumper Excellent Condition,89.00,USD,Pre-owned,3000,FIXED_PRICE,https://www.ebay.com/itm/224098921252?_skw=Rolex+2235+231&hash=item342d562b24:g:UGEAAOSwaHhfIg7R,https://i.ebayimg.com/images/g/UGEAAOSwaHhfIg7R/s-l225.jpg,only-genuine-parts,3708,100.0,0.00,USD,US,Los Angeles,2020-07-30T00:07:44.000Z
batch_20260710_090257,iuid_0351cc71d0104710,rolex_2235_231,Rolex 2235 231,1,v1,EBAY_US,2026-07-10T09:03:34+00:00,v1|222934944384|0,Genuine Rolex 2235-231 Setting Lever Jumper With Screws,145.80,USD,Pre-owned,3000,FIXED_PRICE,https://www.ebay.com/itm/222934944384?_skw=Rolex+2235+231&hash=item33e7f54a80:g:KvkAAOSw-fNa2if9,https://i.ebayimg.com/images/g/KvkAAOSw-fNa2if9/s-l225.jpg,only-genuine-parts,3708,100.0,0.00,USD,US,Los Angeles,2018-04-20T17:49:00.000Z
